audit_id,run_id,institution_name,source_id,source_name,candidate_title,candidate_url,canonical_item_url,normalized_title,content_fingerprint,raw_date_text,publication_date,announcement_date,campaign_start_date,campaign_end_date,event_date_type,recency_basis_date,recency_basis_reason,is_active_campaign,active_campaign_reason,normalized_item_date,date_confidence,date_source,is_recent,recency_cutoff,recency_reason,development_candidate_type,is_actual_development,actual_development_reason,item_quality,saved_to_recent_items,rejected_reason,duplicate_of_recent_item_id,checked_at
RIAUD-8f0ab2a04718,RUN-20260616125051,Garanti BBVA,REG-003,Garanti BBVA Kurumsal communication / press releases,Garanti BBVA TOBFED İş Birliği,https://www.garantibbva.com.tr/content/public-website/kurumsal-iletisim/garanti-bbva-tobfed-is-birligi,https://www.garantibbva.com.tr/content/public-website/kurumsal-iletisim/garanti-bbva-tobfed-is-birligi,garanti bbva tobfed i̇ş birliği,a24aafe826c1a45ecc2760fcebb491baffc149e2dbb60dda00c3b10b859937f4,22 Mayıs 2026,,2026-05-22,,,Duyuru Tarihi,2026-05-22,Duyuru/basın tarihi bulundu; recency için kullanıldı.,False,,2026-05-22,Yüksek,announcement_date,True,2026-05-01,Kesim tarihi ve tarih güveni uygun: 2026-05-22,Kampanya,True,Kampanya veya müşteri teklifi sinyali içeriyor.,Good,True,,,2026-06-16T12:50:51.474270+00:00
RIAUD-fa5163e41b8f,RUN-20260616125051,Garanti BBVA,REG-003,Garanti BBVA Kurumsal communication / press releases,Ödeme İste API ile Tahsilatta Yeni Dönem,https://www.garantibbva.com.tr/content/public-website/kurumsal-iletisim/odeme-iste-api-ile-tahsilatta-yeni-donem,https://www.garantibbva.com.tr/content/public-website/kurumsal-iletisim/odeme-iste-api-ile-tahsilatta-yeni-donem,ödeme i̇ste api ile tahsilatta yeni dönem,68979aa86c2dbfe46a8488cda73f18c7e9e122103556c82936276a5a960b782c,21 Mayıs 2026,,2026-05-21,,,Duyuru Tarihi,2026-05-21,Duyuru/basın tarihi bulundu; recency için kullanıldı.,False,,2026-05-21,Yüksek,announcement_date,True,2026-05-01,Kesim tarihi ve tarih güveni uygun: 2026-05-21,İş Birliği,True,"İş birliği, mutabakat veya entegrasyon duyurusu içeriyor.",Good,True,,,2026-06-16T12:50:51.700048+00:00
RIAUD-5cd250cf7254,RUN-20260616125051,Garanti BBVA,REG-003,Garanti BBVA Kurumsal communication / press releases,Sorumlu Tedarik Zinciri Bağımsız Güvence ve Uyum Raporu,https://www.garantibbva.com.tr/content/public-website/kurumsal-iletisim/sorumlu-tedarik-zinciri-bagimsiz-guvence-ve-uyum-raporu,https://www.garantibbva.com.tr/content/public-website/kurumsal-iletisim/sorumlu-tedarik-zinciri-bagimsiz-guvence-ve-uyum-raporu,sorumlu tedarik zinciri bağımsız güvence ve uyum raporu,b49972bb8ecaf73f55d69eb672a16906e26c463209349c5eb9c6e7883ef94218,16 Haziran 2026,,2026-06-16,,,Duyuru Tarihi,2026-06-16,Duyuru/basın tarihi bulundu; recency için kullanıldı.,False,,2026-06-16,Yüksek,announcement_date,True,2026-05-01,Kesim tarihi ve tarih güveni uygun: 2026-06-16,Ürün / Özellik Gelişmesi,True,"Ürün, API, POS, ödeme, tahsilat veya dijital özellik gelişmesi sinyali içeriyor.",Good,True,,,2026-06-16T12:50:51.917962+00:00
RIAUD-2c42c8f4d3aa,RUN-20260616125051,Garanti BBVA,REG-003,Garanti BBVA Kurumsal communication / press releases,Kadın Girişimcilerin Finansmana Erişimi İçin Yeni Destek,https://www.garantibbva.com.tr/content/public-website/kurumsal-iletisim/kadin-girisimcilerin-finansmana-erisimi-icin-yeni-destek,https://www.garantibbva.com.tr/content/public-website/kurumsal-iletisim/kadin-girisimcilerin-finansmana-erisimi-icin-yeni-destek,kadın girişimcilerin finansmana erişimi i̇çin yeni destek,ca398f9366f29f39ff337f0c054a0da59ebd4bbf19e0699d7c2bce9604ff5993,12 Haziran 2026,,2026-06-12,,,Duyuru Tarihi,2026-06-12,Duyuru/basın tarihi bulundu; recency için kullanıldı.,False,,2026-06-12,Yüksek,announcement_date,True,2026-05-01,Kesim tarihi ve tarih güveni uygun: 2026-06-12,Kampanya,True,Kampanya veya müşteri teklifi sinyali içeriyor.,Good,True,,,2026-06-16T12:50:52.142078+00:00
RIAUD-b2691ba27a8f,RUN-20260616125051,Garanti BBVA,REG-003,Garanti BBVA Kurumsal communication / press releases,Garanti BBVA Sürdürülebilir Sendikasyon Kredisi,https://www.garantibbva.com.tr/content/public-website/kurumsal-iletisim/garanti-bbva-surdurulebilir-sendikasyon-kredisi,https://www.garantibbva.com.tr/content/public-website/kurumsal-iletisim/garanti-bbva-surdurulebilir-sendikasyon-kredisi,garanti bbva sürdürülebilir sendikasyon kredisi,ba2e94f6579fb0d0e3c8c5a22b1c4345bc0a523bc58b2926862513555837d065,11 Haziran 2026,,2026-06-11,,,Duyuru Tarihi,2026-06-11,Duyuru/basın tarihi bulundu; recency için kullanıldı.,False,,2026-06-11,Yüksek,announcement_date,True,2026-05-01,Kesim tarihi ve tarih güveni uygun: 2026-06-11,Kampanya,True,Kampanya veya müşteri teklifi sinyali içeriyor.,Good,True,,,2026-06-16T12:50:52.378077+00:00
RIAUD-240bea9a7c5b,RUN-20260616125051,Garanti BBVA,REG-003,Garanti BBVA Kurumsal communication / press releases,Global Summit of Women 2026,https://www.garantibbva.com.tr/content/public-website/kurumsal-iletisim/global-summit-of-women-2026,https://www.garantibbva.com.tr/content/public-website/kurumsal-iletisim/global-summit-of-women-2026,global summit of women 2026,82fb782bfdb26b316ea38a0c0a386ad61fdaa9412ea3fc30b9bc7e50096e1f28,8 Haziran 2026,,2026-06-08,,,Duyuru Tarihi,2026-06-08,Duyuru/basın tarihi bulundu; recency için kullanıldı.,False,,2026-06-08,Yüksek,announcement_date,True,2026-05-01,Kesim tarihi ve tarih güveni uygun: 2026-06-08,İş Birliği,True,"İş birliği, mutabakat veya entegrasyon duyurusu içeriyor.",Good,True,,,2026-06-16T12:50:52.626288+00:00
RIAUD-6aa27243c10f,RUN-20260616125051,Garanti BBVA,REG-003,Garanti BBVA Kurumsal communication / press releases,Kurumsal Hafızada 80 Yıllık Yolculuk,https://www.garantibbva.com.tr/content/public-website/kurumsal-iletisim/kurumsal-hafizada-80-yillik-yolculuk,https://www.garantibbva.com.tr/content/public-website/kurumsal-iletisim/kurumsal-hafizada-80-yillik-yolculuk,kurumsal hafızada 80 yıllık yolculuk,adce12a56e0f69638a98714d41052e9fd75aa57afd2f194baa1bc4c7960f7ffc,2 Haziran 2026,,2026-06-02,,,Duyuru Tarihi,2026-06-02,Duyuru/basın tarihi bulundu; recency için kullanıldı.,False,,2026-06-02,Yüksek,announcement_date,True,2026-05-01,Kesim tarihi ve tarih güveni uygun: 2026-06-02,Sosyal Sorumluluk / PR,False,"KOBİ stratejisine doğrudan bağlanmayan kültür, sanat veya sosyal sorumluluk PR içeriği.",Good,False,"KOBİ stratejisine doğrudan bağlanmayan kültür, sanat veya sosyal sorumluluk PR içeriği.",,2026-06-16T12:50:53.867418+00:00
RIAUD-9e94554084bf,RUN-20260616125051,Garanti BBVA,REG-003,Garanti BBVA Kurumsal communication / press releases,Garanti BBVA Leasing Sürdürülebilirlik Çerçeve Mutabakatı,https://www.garantibbva.com.tr/content/public-website/kurumsal-iletisim/garanti-bbva-leasing-surdurulebilirlik-cerceve-mutabakati,https://www.garantibbva.com.tr/content/public-website/kurumsal-iletisim/garanti-bbva-leasing-surdurulebilirlik-cerceve-mutabakati,garanti bbva leasing sürdürülebilirlik çerçeve mutabakatı,25c926204aac9f48397bdaad6bb2e98e168eb735f29027f7a51dd314a5a78332,01 Haziran 2026,,2026-06-01,,,Duyuru Tarihi,2026-06-01,Duyuru/basın tarihi bulundu; recency için kullanıldı.,False,,2026-06-01,Yüksek,announcement_date,True,2026-05-01,Kesim tarihi ve tarih güveni uygun: 2026-06-01,İş Birliği,True,"İş birliği, mutabakat veya entegrasyon duyurusu içeriyor.",Good,True,,,2026-06-16T12:50:55.735063+00:00
RIAUD-f1a589e1756d,RUN-20260616125051,Garanti BBVA,REG-003,Garanti BBVA Kurumsal communication / press releases,Salt 15 Yıldır Kültür Mirasını Geleceğe Taşıyor,https://www.garantibbva.com.tr/content/public-website/kurumsal-iletisim/salt-15-yildir-kultur-mirasini-gelecege-tasiyor,https://www.garantibbva.com.tr/content/public-website/kurumsal-iletisim/salt-15-yildir-kultur-mirasini-gelecege-tasiyor,salt 15 yıldır kültür mirasını geleceğe taşıyor,15c7b7f4495d1920ac1b218cf7bf2090cf609417dad38c067526be595271182c,22 Mayıs 2026,,2026-05-22,,,Duyuru Tarihi,2026-05-22,Duyuru/basın tarihi bulundu; recency için kullanıldı.,False,,2026-05-22,Yüksek,announcement_date,True,2026-05-01,Kesim tarihi ve tarih güveni uygun: 2026-05-22,Ürün / Özellik Gelişmesi,True,"Ürün, API, POS, ödeme, tahsilat veya dijital özellik gelişmesi sinyali içeriyor.",Good,True,,,2026-06-16T12:50:55.953666+00:00
RIAUD-ee631d86bee6,RUN-20260616125051,Garanti BBVA,REG-003,Garanti BBVA Kurumsal communication / press releases,Global Finance Türkiye’nin En İyi Bankası Ödülü,https://www.garantibbva.com.tr/content/public-website/kurumsal-iletisim/global-finance-turkiye-nin-en-iyi-bankasi-odulu-2026,https://www.garantibbva.com.tr/content/public-website/kurumsal-iletisim/global-finance-turkiye-nin-en-iyi-bankasi-odulu-2026,global finance türkiye’nin en i̇yi bankası ödülü,28d339a253acbc308a56fdf92b8e29d6c88cabf95eed0864d39397b2498a8ac6,20 Mayıs 2026,,2026-05-20,,,Duyuru Tarihi,2026-05-20,Duyuru/basın tarihi bulundu; recency için kullanıldı.,False,,2026-05-20,Yüksek,announcement_date,True,2026-05-01,Kesim tarihi ve tarih güveni uygun: 2026-05-20,Ürün / Özellik Gelişmesi,True,"Ürün, API, POS, ödeme, tahsilat veya dijital özellik gelişmesi sinyali içeriyor.",Good,True,,,2026-06-16T12:50:56.179572+00:00
RIAUD-ec6766bada89,RUN-20260616125051,Garanti BBVA,REG-003,Garanti BBVA Kurumsal communication / press releases,Türkiye 2025 İklim Değişikliği ve Doğa Raporu,https://www.garantibbva.com.tr/content/public-website/kurumsal-iletisim/dunyadaki-27-triple-a-seviyesindeki-sirketten-5i-turkiyeden,https://www.garantibbva.com.tr/content/public-website/kurumsal-iletisim/dunyadaki-27-triple-a-seviyesindeki-sirketten-5i-turkiyeden,türkiye 2025 i̇klim değişikliği ve doğa raporu,0d002b60f0954a1cc08cb08c3cd9e0e290b2849c3133af9b00b73049c66b47a8,20 Mayıs 2026,,2026-05-20,,,Duyuru Tarihi,2026-05-20,Duyuru/basın tarihi bulundu; recency için kullanıldı.,False,,2026-05-20,Yüksek,announcement_date,True,2026-05-01,Kesim tarihi ve tarih güveni uygun: 2026-05-20,Kampanya,True,Kampanya veya müşteri teklifi sinyali içeriyor.,Good,True,,,2026-06-16T12:50:56.398942+00:00
RIAUD-8fbc9b24f3e0,RUN-20260616125051,Garanti BBVA,REG-003,Garanti BBVA Kurumsal communication / press releases,Eşitlik İçin Empati,https://www.garantibbva.com.tr/content/public-website/kurumsal-iletisim/esitlik-icin-empati,https://www.garantibbva.com.tr/content/public-website/kurumsal-iletisim/esitlik-icin-empati,eşitlik i̇çin empati,7ae6234dc91b6c9b33b5dbe8081baabe1caa12381a31fe2bbf44a0aaeb2a9653,22 Mayıs 2026,,2026-05-22,,,Duyuru Tarihi,2026-05-22,Duyuru/basın tarihi bulundu; recency için kullanıldı.,False,,2026-05-22,Yüksek,announcement_date,True,2026-05-01,Kesim tarihi ve tarih güveni uygun: 2026-05-22,Kampanya,True,Kampanya veya müşteri teklifi sinyali içeriyor.,Poor,False,title_too_short,,2026-06-16T12:50:56.629835+00:00
RIAUD-92d5891c10ac,RUN-20260616125245,İş Bankası,REG-006,İş Bankası Duyurular,Kobilere Özel Avantajlı Maaş Hesabı Kampanyası | Türkiye İş Bankası,https://www.isbank.com.tr/kampanyalar/maas-anlasmasi-kampanyasi,https://www.isbank.com.tr/kampanyalar/maas-anlasmasi-kampanyasi,kobilere özel avantajlı maaş hesabı kampanyası,819b10200147aee28fed4e852c338bec684134178c5c9acb18a575c8addde53b,1 Ocak 2026,,,,2026-01-01,Kampanya Bitiş Tarihi,2026-01-01,Sadece kampanya bitiş tarihi bulundu; varsayılan recency kanıtı sayılmadı.,False,Kampanya bitiş tarihi kesim tarihinden sonra; aktif eski kampanya olabilir.,2026-01-01,Yüksek,campaign_end_date,False,2026-05-01,Sadece kampanya bitiş tarihi bulundu; yeni gelişme kanıtı değil,Kampanya,True,Kampanya veya müşteri teklifi sinyali içeriyor.,Good,False,Sadece kampanya bitiş tarihi bulundu; yeni gelişme kanıtı değil,,2026-06-16T12:52:51.264637+00:00
RIAUD-f97fd00b8276,RUN-20260616125245,İş Bankası,REG-006,İş Bankası Duyurular,Avantajlı Çalışma Koşullarıyla Anında POS İş Bankası'nda! | Türkiye İş Bankası A.Ş.,https://www.isbank.com.tr/kampanyalar/aninda-pos-kampanyasi,https://www.isbank.com.tr/kampanyalar/aninda-pos-kampanyasi,avantajlı çalışma koşullarıyla anında pos i̇ş bankası'nda!,d6db3a3b52f71f014998a82b02ef39feac59761ef4b51b5a7da3bea7171d7d3d,01 Mayıs 2026,,,,2026-05-01,Kampanya Bitiş Tarihi,2026-05-01,Sadece kampanya bitiş tarihi bulundu; varsayılan recency kanıtı sayılmadı.,True,Kampanya bitiş tarihi kesim tarihinden sonra; aktif eski kampanya olabilir.,2026-05-01,Yüksek,campaign_end_date,False,2026-05-01,Sadece kampanya bitiş tarihi bulundu; yeni gelişme kanıtı değil,Kampanya,True,Kampanya veya müşteri teklifi sinyali içeriyor.,Good,False,Sadece kampanya bitiş tarihi bulundu; yeni gelişme kanıtı değil,,2026-06-16T12:52:54.358941+00:00
RIAUD-ff01dedcda74,RUN-20260616125245,İş Bankası,REG-006,İş Bankası Duyurular,Duyurular | Türkiye İş Bankası A.Ş.,https://www.isbank.com.tr/duyurular,https://www.isbank.com.tr/duyurular,duyurular,e7f6532bf974bc752f0fabe96c2b19a0a33bc2ff64a204f20f627a4a39384835,15 Mayıs 2026,,2026-05-15,,,Duyuru Tarihi,2026-05-15,Duyuru/basın tarihi bulundu; recency için kullanıldı.,False,,2026-05-15,Yüksek,announcement_date,True,2026-05-01,Kesim tarihi ve tarih güveni uygun: 2026-05-15,İş Birliği,True,"İş birliği, mutabakat veya entegrasyon duyurusu içeriyor.",Poor,False,item_url_equals_source_url,,2026-06-16T12:52:56.434484+00:00
RIAUD-8600c95942ff,RUN-20260616125245,İş Bankası,REG-006,İş Bankası Duyurular,Haberler ve Medya | Türkiye İş Bankası,https://www.isbank.com.tr/bankamizi-taniyin/haberler-ve-medya,https://www.isbank.com.tr/bankamizi-taniyin/haberler-ve-medya,haberler ve medya,e1deb61b48d0c3ad603b72d6e545127301928417ae388e61ac27ba928c813d33,,,,,,Belirsiz,,Tarih yok; varsayılan kapıdan geçmedi.,False,,,Yok,missing,False,2026-05-01,Tarih yok; varsayılan kapıdan geçmedi,Basın Bülteni,True,Basın/haber kaynağından gelen tekil ve tarihli duyuru adayı.,Poor,False,detail_text_too_short,,2026-06-16T12:52:57.160248+00:00
RIAUD-b3cf20548173,RUN-20260616125245,İş Bankası,REG-006,İş Bankası Duyurular,buradan​,https://www.isbank.com.tr/contentmanagement/Documents/mevduat-yatirim/duyuru-2021.pdf,https://www.isbank.com.tr/contentmanagement/Documents/mevduat-yatirim/duyuru-2021.pdf,buradan​,f9eab1cc2bc432a86f3125a5c3ef43207479f06c7eb0bb1db0e721e8f4d455f1,,,,,,Belirsiz,,Tarih yok; varsayılan kapıdan geçmedi.,False,,,Yok,missing,False,2026-05-01,Tarih yok; varsayılan kapıdan geçmedi,Basın Bülteni,True,Basın/haber kaynağından gelen tekil ve tarihli duyuru adayı.,Poor,False,title_too_short,,2026-06-16T12:52:58.149491+00:00
RIAUD-baecea815d4a,RUN-20260616125245,İş Bankası,REG-006,İş Bankası Duyurular,Yeni Ticari Kredi Kartı Müşterilerimize Hoş Geldin Kampanyası | Türkiye İş Bankası,https://www.isbank.com.tr/kampanyalar/yeni-ticari-kredi-karti-musterilerimize-hos-geldin-kampanyasi,https://www.isbank.com.tr/kampanyalar/yeni-ticari-kredi-karti-musterilerimize-hos-geldin-kampanyasi,yeni ticari kredi kartı müşterilerimize hoş geldin kampanyası,510586871f26beb7e5cd6a768a6f9f0cdfb1f241372bfde45e1c897d53ec1e51,1 Nisan – 30 Haziran 2026,,,2026-04-01,2026-06-30,Kampanya Başlangıç Tarihi,2026-04-01,Kampanya başlangıç tarihi bulundu; recency için kullanıldı.,True,Recency baz tarihi eski; kampanya bitiş tarihi kesim tarihinden sonra görünüyor.,2026-04-01,Yüksek,campaign_start_date,False,2026-05-01,Kesim tarihinden eski: 2026-04-01 < 2026-05-01,Kampanya,True,Kampanya veya müşteri teklifi sinyali içeriyor.,Good,False,Kesim tarihinden eski: 2026-04-01 < 2026-05-01,,2026-06-16T12:53:03.166467+00:00
RIAUD-3d0c8f004cfa,RUN-20260616125245,İş Bankası,REG-006,İş Bankası Duyurular,Maximum’un 25.Yılına Özel Ticari Kredi Kartınız ile Yapacağınız Harcamalara MaxiPuan Fırsatı! | Türkiye İş Bankası A.Ş.,https://www.isbank.com.tr/kampanyalar/maximumun-25-yilina-ozel-ticari-kredi-kartiniz-ile-yapacaginiz-harcamalara-maxipuan,https://www.isbank.com.tr/kampanyalar/maximumun-25-yilina-ozel-ticari-kredi-kartiniz-ile-yapacaginiz-harcamalara-maxipuan,maximum’un 25.yılına özel ticari kredi kartınız ile yapacağınız harcamalara maxipuan fırsatı!,3e7d2a6fc0d322a8fad9f2da132098d5964a749d0922d203f4082d6bd40ac3ae,1 – 30 Haziran 2026,,,2026-06-01,2026-06-30,Kampanya Başlangıç Tarihi,2026-06-01,Kampanya başlangıç tarihi bulundu; recency için kullanıldı.,True,Kampanya tarih aralığı bulundu.,2026-06-01,Yüksek,campaign_start_date,True,2026-05-01,Kesim tarihi ve tarih güveni uygun: 2026-06-01,Kampanya,True,Kampanya veya müşteri teklifi sinyali içeriyor.,Good,True,,,2026-06-16T12:53:08.021442+00:00
RIAUD-2ac76a6e9192,RUN-20260616125245,İş Bankası,REG-006,İş Bankası Duyurular,Ticari Bankamatik Kartınız ile Yapacağınız Harcamalara MaxiPuan Fırsatı! | Türkiye İş Bankası A.Ş.,https://www.isbank.com.tr/kampanyalar/ticari-bankamatik-kartiniz-ile-yapacaginiz-harcamalara-maxipuan-kampanyasi,https://www.isbank.com.tr/kampanyalar/ticari-bankamatik-kartiniz-ile-yapacaginiz-harcamalara-maxipuan-kampanyasi,ticari bankamatik kartınız ile yapacağınız harcamalara maxipuan fırsatı!,2f00ba9475a68a4412125084c56d97b5988cc7406aca7fe35fd6cedaba0ed9f8,1 – 30 Haziran 2026,,,2026-06-01,2026-06-30,Kampanya Başlangıç Tarihi,2026-06-01,Kampanya başlangıç tarihi bulundu; recency için kullanıldı.,True,Kampanya tarih aralığı bulundu.,2026-06-01,Yüksek,campaign_start_date,True,2026-05-01,Kesim tarihi ve tarih güveni uygun: 2026-06-01,Kampanya,True,Kampanya veya müşteri teklifi sinyali içeriyor.,Good,True,,,2026-06-16T12:53:12.310036+00:00
RIAUD-83b2736dcd26,RUN-20260616125245,İş Bankası,REG-006,İş Bankası Duyurular,Ticari Kredi Kartları ile Yurt Dışı Harcamalara MaxiPuan Fırsatı! | Türkiye İş Bankası A.Ş.,https://www.isbank.com.tr/kampanyalar/ticari-kredi-karti-ile-yurt-disi-harcamalara-maxipuan-firsati,https://www.isbank.com.tr/kampanyalar/ticari-kredi-karti-ile-yurt-disi-harcamalara-maxipuan-firsati,ticari kredi kartları ile yurt dışı harcamalara maxipuan fırsatı!,81be8f1d4beab16e53303a35c54f6c2ed4683a4bc1e5c6c6ea4c7abfbe1b86cf,1 – 30 Haziran 2026,,,2026-06-01,2026-06-30,Kampanya Başlangıç Tarihi,2026-06-01,Kampanya başlangıç tarihi bulundu; recency için kullanıldı.,True,Kampanya tarih aralığı bulundu.,2026-06-01,Yüksek,campaign_start_date,True,2026-05-01,Kesim tarihi ve tarih güveni uygun: 2026-06-01,Kampanya,True,Kampanya veya müşteri teklifi sinyali içeriyor.,Good,True,,,2026-06-16T12:53:23.894763+00:00
RIAUD-645637861d79,RUN-20260616125245,İş Bankası,REG-006,İş Bankası Duyurular,Suya Değer Kredisi Kampanyası | Türkiye İş Bankası A.Ş.,https://www.isbank.com.tr/kampanyalar/suya-deger-kredisi,https://www.isbank.com.tr/kampanyalar/suya-deger-kredisi,suya değer kredisi kampanyası,104b823083b8d166e16feaa981bbe498d4bed74c0aaacc74c8378dbd789979c7,30.06.2026,,,,2026-06-30,Kampanya Bitiş Tarihi,2026-06-30,Sadece kampanya bitiş tarihi bulundu; varsayılan recency kanıtı sayılmadı.,True,Kampanya bitiş tarihi kesim tarihinden sonra; aktif eski kampanya olabilir.,2026-06-30,Orta,campaign_end_date,False,2026-05-01,Sadece kampanya bitiş tarihi bulundu; yeni gelişme kanıtı değil,Kampanya,True,Kampanya veya müşteri teklifi sinyali içeriyor.,Good,False,Sadece kampanya bitiş tarihi bulundu; yeni gelişme kanıtı değil,,2026-06-16T12:53:28.363364+00:00
RIAUD-977b91edb7dd,RUN-20260616125245,İş Bankası,REG-006,İş Bankası Duyurular,Paygo SP630 ECR Mobil ÖKC ve Hugin Tiger T300 Mobil ÖKC Kampanyası | Türkiye İş Bankası A.Ş.,https://www.isbank.com.tr/kampanyalar/hugin-paygo-mobil-okc-kampanyasi,https://www.isbank.com.tr/kampanyalar/hugin-paygo-mobil-okc-kampanyasi,paygo sp630 ecr mobil ökc ve hugin tiger t300 mobil ökc kampanyası,623c1d35da74ba2449420f0bdf73033ef8f148deffc9f1591b6261456ea29336,31.12.2026,,,,2026-12-31,Kampanya Bitiş Tarihi,2026-12-31,Sadece kampanya bitiş tarihi bulundu; varsayılan recency kanıtı sayılmadı.,True,Kampanya bitiş tarihi kesim tarihinden sonra; aktif eski kampanya olabilir.,2026-12-31,Orta,campaign_end_date,False,2026-05-01,Sadece kampanya bitiş tarihi bulundu; yeni gelişme kanıtı değil,Kampanya,True,Kampanya veya müşteri teklifi sinyali içeriyor.,Good,False,Sadece kampanya bitiş tarihi bulundu; yeni gelişme kanıtı değil,,2026-06-16T12:53:29.434523+00:00
RIAUD-86c33a1987e0,RUN-20260616125245,İş Bankası,REG-006,İş Bankası Duyurular,Organize Sanayi Bölgelerinde (OSB) Faaliyet Gösteren KOBİ’lerimize Yönelik Finansman Paketi | Türkiye İş Bankası A.Ş.,https://www.isbank.com.tr/kampanyalar/osb-faaliyet-gosteren-kobilerimize-yonelik-finansman-paketi,https://www.isbank.com.tr/kampanyalar/osb-faaliyet-gosteren-kobilerimize-yonelik-finansman-paketi,organize sanayi bölgelerinde (osb) faaliyet gösteren kobi̇’lerimize yönelik finansman paketi,cbb0b8e3274f628e91ecd3b2fe55b57c5c92176f8258c85e82602ca4c58a6e09,13 Haziran 2024,,,,2024-06-13,Kampanya Bitiş Tarihi,2024-06-13,Sadece kampanya bitiş tarihi bulundu; varsayılan recency kanıtı sayılmadı.,False,Kampanya bitiş tarihi kesim tarihinden sonra; aktif eski kampanya olabilir.,2024-06-13,Yüksek,campaign_end_date,False,2026-05-01,Sadece kampanya bitiş tarihi bulundu; yeni gelişme kanıtı değil,Kampanya,True,Kampanya veya müşteri teklifi sinyali içeriyor.,Good,False,Sadece kampanya bitiş tarihi bulundu; yeni gelişme kanıtı değil,,2026-06-16T12:53:30.559127+00:00
RIAUD-e42b3084b4f4,RUN-20260616125245,İş Bankası,REG-006,İş Bankası Duyurular,amazon-pazar-yeri-hak-edis-odemesi-kampanyasi | Türkiye İş Bankası A.Ş.,https://www.isbank.com.tr/kampanyalar/amazon-pazar-yeri-hak-edis-odemesi-kampanyasi,https://www.isbank.com.tr/kampanyalar/amazon-pazar-yeri-hak-edis-odemesi-kampanyasi,amazon-pazar-yeri-hak-edis-odemesi-kampanyasi,280e2ff4556391f859723675aaf46bbd31a434f8050f79234144b790ebc6a3c8,01.02.2026,,,,2026-02-01,Kampanya Bitiş Tarihi,2026-02-01,Sadece kampanya bitiş tarihi bulundu; varsayılan recency kanıtı sayılmadı.,False,Kampanya bitiş tarihi kesim tarihinden sonra; aktif eski kampanya olabilir.,2026-02-01,Yüksek,campaign_end_date,False,2026-05-01,Sadece kampanya bitiş tarihi bulundu; yeni gelişme kanıtı değil,Kampanya,True,Kampanya veya müşteri teklifi sinyali içeriyor.,Good,False,Sadece kampanya bitiş tarihi bulundu; yeni gelişme kanıtı değil,,2026-06-16T12:53:31.605275+00:00
RIAUD-dd873278e9e5,RUN-20260616125245,İş Bankası,REG-006,İş Bankası Duyurular,esnafa-3lu-kazanc-paketi | Türkiye İş Bankası A.Ş.,https://www.isbank.com.tr/kampanyalar/esnafa-3lu-kazanc-paketi,https://www.isbank.com.tr/kampanyalar/esnafa-3lu-kazanc-paketi,esnafa-3lu-kazanc-paketi,cf2f4c1e6d131cac30db6d77f3d7fc7cf67470b1640528c8d4dc5a64518b3b65,01.06.2026-30.06.2026,,,2026-06-01,2026-06-30,Kampanya Başlangıç Tarihi,2026-06-01,Kampanya başlangıç tarihi bulundu; recency için kullanıldı.,True,Kampanya tarih aralığı bulundu.,2026-06-01,Yüksek,campaign_start_date,True,2026-05-01,Kesim tarihi ve tarih güveni uygun: 2026-06-01,Kampanya,True,Kampanya veya müşteri teklifi sinyali içeriyor.,Good,True,,,2026-06-16T12:53:32.647436+00:00
RIAUD-00de47165832,RUN-20260616125245,İş Bankası,REG-006,İş Bankası Duyurular,Vergi Ödemelerinizi Taksitlendirme İmkanı | Türkiye İş Bankası A.Ş.,https://www.isbank.com.tr/kampanyalar/vergi-odemelerinizi-taksitlendirme-imkani,https://www.isbank.com.tr/kampanyalar/vergi-odemelerinizi-taksitlendirme-imkani,vergi ödemelerinizi taksitlendirme i̇mkanı,2cba852a21b7625b9320bd786dbd2e19d508b4c34e697014ac45472156f9512d,1 - 30 Haziran 2026,,,2026-06-01,2026-06-30,Kampanya Başlangıç Tarihi,2026-06-01,Kampanya başlangıç tarihi bulundu; recency için kullanıldı.,True,Kampanya tarih aralığı bulundu.,2026-06-01,Yüksek,campaign_start_date,True,2026-05-01,Kesim tarihi ve tarih güveni uygun: 2026-06-01,Kampanya,True,Kampanya veya müşteri teklifi sinyali içeriyor.,Good,True,,,2026-06-16T12:53:38.890529+00:00
RIAUD-3e4d55168f22,RUN-20260616125245,İş Bankası,REG-006,İş Bankası Duyurular,Kredim POS'ta | Türkiye İş Bankası,https://www.isbank.com.tr/kredim-pos,https://www.isbank.com.tr/kredim-pos,kredim pos'ta,93241ca409a743d0189afaf332069e3ea8b39dffcee83005997fffd2bb0cad40,,,,,,Belirsiz,,Tarih yok; varsayılan kapıdan geçmedi.,False,,,Yok,missing,False,2026-05-01,Tarih yok; varsayılan kapıdan geçmedi,İş Birliği,True,"İş birliği, mutabakat veya entegrasyon duyurusu içeriyor.",Good,False,Tarih yok; varsayılan kapıdan geçmedi,,2026-06-16T12:53:39.386248+00:00
RIAUD-63ec75ab9fd1,RUN-20260616125245,İş Bankası,REG-006,İş Bankası Duyurular,Ödemeler ve Para Transferi | Türkiye İş Bankası,https://www.isbank.com.tr/odemeler-ve-para-transferi,https://www.isbank.com.tr/odemeler-ve-para-transferi,ödemeler ve para transferi,d1af7b2496fe84e7880d66d3c5e017a38554a20cbf22b7aa8a3f58f43c8a84fa,,,,,,Belirsiz,,Tarih yok; varsayılan kapıdan geçmedi.,False,,,Yok,missing,False,2026-05-01,Tarih yok; varsayılan kapıdan geçmedi,Kampanya,True,Kampanya veya müşteri teklifi sinyali içeriyor.,Good,False,Tarih yok; varsayılan kapıdan geçmedi,,2026-06-16T12:53:39.927456+00:00
RIAUD-8685796d4527,RUN-20260616125245,İş Bankası,REG-006,İş Bankası Duyurular,Online Kredi Kartı İle Trafik Cezası Ödeme ve Sorgulama | Türkiye İş Bankası,https://www.isbank.com.tr/trafik-cezasi-tpc-odeme,https://www.isbank.com.tr/trafik-cezasi-tpc-odeme,online kredi kartı i̇le trafik cezası ödeme ve sorgulama,dbbb12d4424d47ac555cc43df81e3fb49f67f6c031e130205336a84a3d8d96cf,,,,,,Belirsiz,,Tarih yok; varsayılan kapıdan geçmedi.,False,,,Yok,missing,False,2026-05-01,Tarih yok; varsayılan kapıdan geçmedi,Ürün / Özellik Gelişmesi,True,"Ürün, API, POS, ödeme, tahsilat veya dijital özellik gelişmesi sinyali içeriyor.",Good,False,Tarih yok; varsayılan kapıdan geçmedi,,2026-06-16T12:53:40.431830+00:00
RIAUD-803a4b2aedf6,RUN-20260616125245,İş Bankası,REG-006,İş Bankası Duyurular,Tüketici Kredisi Ödeme İşlemleri | Türkiye İş Bankası,https://www.isbank.com.tr/tuketici-kredisi-odemeleri,https://www.isbank.com.tr/tuketici-kredisi-odemeleri,tüketici kredisi ödeme i̇şlemleri,3d00d092ac516820de02e63c48e64d15fa52e14fc805e467dd0f5fe964a15ede,,,,,,Belirsiz,,Tarih yok; varsayılan kapıdan geçmedi.,False,,,Yok,missing,False,2026-05-01,Tarih yok; varsayılan kapıdan geçmedi,Basın Bülteni,True,Basın/haber kaynağından gelen tekil ve tarihli duyuru adayı.,Good,False,Tarih yok; varsayılan kapıdan geçmedi,,2026-06-16T12:53:40.922165+00:00
RIAUD-06827862c31b,RUN-20260616125245,İş Bankası,REG-006,İş Bankası Duyurular,Öğrenci Harcı Ödeme - Anlaşmalı Üniversiteler | Türkiye İş Bankası,https://www.isbank.com.tr/universite-harc-odeme,https://www.isbank.com.tr/universite-harc-odeme,öğrenci harcı ödeme - anlaşmalı üniversiteler,81730c42c7f56766dd330c892cf4d1c609c6d3aad5debaaec840b8f70f965f46,,,,,,Belirsiz,,Tarih yok; varsayılan kapıdan geçmedi.,False,,,Yok,missing,False,2026-05-01,Tarih yok; varsayılan kapıdan geçmedi,Sosyal Sorumluluk / PR,False,"KOBİ stratejisine doğrudan bağlanmayan kültür, sanat veya sosyal sorumluluk PR içeriği.",Good,False,Tarih yok; varsayılan kapıdan geçmedi,,2026-06-16T12:53:41.535151+00:00
RIAUD-56bb991b7e0a,RUN-20260616125245,İş Bankası,REG-006,İş Bankası Duyurular,Çevreye Duyarlı Ticari Krediler | Türkiye İş Bankası,https://www.isbank.com.tr/is-ticari/cevreye-duyarli-ticari-krediler,https://www.isbank.com.tr/is-ticari/cevreye-duyarli-ticari-krediler,çevreye duyarlı ticari krediler,e560ac850e20255364c99629d73a336f48268970e65af3eab94a82c81bd22a38,,,,,,Belirsiz,,Tarih yok; varsayılan kapıdan geçmedi.,False,,,Yok,missing,False,2026-05-01,Tarih yok; varsayılan kapıdan geçmedi,Kampanya,True,Kampanya veya müşteri teklifi sinyali içeriyor.,Good,False,Tarih yok; varsayılan kapıdan geçmedi,,2026-06-16T12:53:41.917701+00:00
RIAUD-353951967216,RUN-20260616125245,İş Bankası,REG-006,İş Bankası Duyurular,"Dijital, Elektronik Teminat Mektubu | Türkiye İş Bankası",https://www.isbank.com.tr/is-ticari/dijital-teminat-mektubu,https://www.isbank.com.tr/is-ticari/dijital-teminat-mektubu,"dijital, elektronik teminat mektubu",2b6b0f095a591cf19c3ec31bc3251235d21600df7dc26300f98bfd726db26864,16.10.2025,,2025-10-16,,,Duyuru Tarihi,2025-10-16,Duyuru/basın tarihi bulundu; recency için kullanıldı.,False,,2025-10-16,Yüksek,announcement_date,False,2026-05-01,Kesim tarihinden eski: 2025-10-16 < 2026-05-01,Ürün / Özellik Gelişmesi,True,"Ürün, API, POS, ödeme, tahsilat veya dijital özellik gelişmesi sinyali içeriyor.",Good,False,Kesim tarihinden eski: 2025-10-16 < 2026-05-01,,2026-06-16T12:53:42.668496+00:00
RIAUD-931fb382a62b,RUN-20260616125245,İş Bankası,REG-006,İş Bankası Duyurular,Ticari Ek Hesap | Türkiye İş Bankası A.Ş.,https://www.isbank.com.tr/is-ticari/ticari-ek-hesap,https://www.isbank.com.tr/is-ticari/ticari-ek-hesap,ticari ek hesap,c727b50108f1d357ee1021b4704f180b151f6beebdae57816bf1ac313a53c076,,,,,,Belirsiz,,Tarih yok; varsayılan kapıdan geçmedi.,False,,,Yok,missing,False,2026-05-01,Tarih yok; varsayılan kapıdan geçmedi,Kampanya,True,Kampanya veya müşteri teklifi sinyali içeriyor.,Good,False,Tarih yok; varsayılan kapıdan geçmedi,,2026-06-16T12:53:43.301874+00:00
RIAUD-b73bbd35720e,RUN-20260616125245,İş Bankası,REG-006,İş Bankası Duyurular,Ticari Kredi Faiz Hesaplama ve Başvuru | Türkiye İş Bankası A.Ş.,https://www.isbank.com.tr/is-ticari/ticari-krediler-faiz-oranlari,https://www.isbank.com.tr/is-ticari/ticari-krediler-faiz-oranlari,ticari kredi faiz hesaplama ve başvuru,63e2eea58a6c810a68a55faac18d33971b2fe29b66237cffe5c088aae866ed5a,,,,,,Belirsiz,,Tarih yok; varsayılan kapıdan geçmedi.,False,,,Yok,missing,False,2026-05-01,Tarih yok; varsayılan kapıdan geçmedi,Ürün / Özellik Gelişmesi,True,"Ürün, API, POS, ödeme, tahsilat veya dijital özellik gelişmesi sinyali içeriyor.",Good,False,Tarih yok; varsayılan kapıdan geçmedi,,2026-06-16T12:53:43.890317+00:00
RIAUD-fd1520dbb863,RUN-20260616125245,İş Bankası,REG-006,İş Bankası Duyurular,Maximum Ticari Kredi Kartı | Türkiye İş Bankası,https://www.isbank.com.tr/is-ticari/maximum-sirket-kredi-karti,https://www.isbank.com.tr/is-ticari/maximum-sirket-kredi-karti,maximum ticari kredi kartı,77beb17362528742d59ba770f2b07387f58d905c64586ecc1ad28c9c8b0ed5d4,,,,,,Belirsiz,,Tarih yok; varsayılan kapıdan geçmedi.,False,,,Yok,missing,False,2026-05-01,Tarih yok; varsayılan kapıdan geçmedi,Kampanya,True,Kampanya veya müşteri teklifi sinyali içeriyor.,Good,False,Tarih yok; varsayılan kapıdan geçmedi,,2026-06-16T12:53:44.275524+00:00
RIAUD-7fb13856c7cc,RUN-20260616125245,İş Bankası,REG-006,İş Bankası Duyurular,Maximum Business Aidatsız Kredi Kartı | Türkiye İş Bankası,https://www.isbank.com.tr/is-ticari/maximum-business-aidatsiz-kredi-karti,https://www.isbank.com.tr/is-ticari/maximum-business-aidatsiz-kredi-karti,maximum business aidatsız kredi kartı,99780502ee799a520bc0ddbbd966e9add72498d86125af06215af063969330b3,,,,,,Belirsiz,,Tarih yok; varsayılan kapıdan geçmedi.,False,,,Yok,missing,False,2026-05-01,Tarih yok; varsayılan kapıdan geçmedi,Kampanya,True,Kampanya veya müşteri teklifi sinyali içeriyor.,Good,False,Tarih yok; varsayılan kapıdan geçmedi,,2026-06-16T12:53:44.804380+00:00
RIAUD-d06c9077b186,RUN-20260616125245,İş Bankası,REG-006,İş Bankası Duyurular,Maximum Business Turizm Kart | Türkiye İş Bankası,https://www.isbank.com.tr/is-ticari/turizm-kart,https://www.isbank.com.tr/is-ticari/turizm-kart,maximum business turizm kart,da10af66d06d0ebc4351781e358f7d1523b8ca5005001777e143af3600d27473,,,,,,Belirsiz,,Tarih yok; varsayılan kapıdan geçmedi.,False,,,Yok,missing,False,2026-05-01,Tarih yok; varsayılan kapıdan geçmedi,Kampanya,True,Kampanya veya müşteri teklifi sinyali içeriyor.,Good,False,Tarih yok; varsayılan kapıdan geçmedi,,2026-06-16T12:53:45.351008+00:00
RIAUD-ddacbc9c6950,RUN-20260616125245,İş Bankası,REG-006,İş Bankası Duyurular,Maximum TEMA Şirket Kredi Kartı | Türkiye İş Bankası,https://www.isbank.com.tr/is-ticari/maximum-tema-sirket-kredi-karti,https://www.isbank.com.tr/is-ticari/maximum-tema-sirket-kredi-karti,maximum tema şirket kredi kartı,a9bb151f3bdd62dd1964728bedd1f34cf92fba90fa53002eb34ad6cb73b34189,,,,,,Belirsiz,,Tarih yok; varsayılan kapıdan geçmedi.,False,,,Yok,missing,False,2026-05-01,Tarih yok; varsayılan kapıdan geçmedi,Kampanya,True,Kampanya veya müşteri teklifi sinyali içeriyor.,Good,False,Tarih yok; varsayılan kapıdan geçmedi,,2026-06-16T12:53:45.873240+00:00
RIAUD-221d4b5dc0ee,RUN-20260616125245,İş Bankası,REG-006,İş Bankası Duyurular,Ticari Kart Ayrıcalıkları | Türkiye İş Bankası,https://www.isbank.com.tr/is-ticari/ticari-kart-ayricaliklari,https://www.isbank.com.tr/is-ticari/ticari-kart-ayricaliklari,ticari kart ayrıcalıkları,536a678f9b26f2a789eae0fa8c7d946acad05c540d8de76a8641dcb88e665d56,,,,,,Belirsiz,,Tarih yok; varsayılan kapıdan geçmedi.,False,,,Yok,missing,False,2026-05-01,Tarih yok; varsayılan kapıdan geçmedi,Kampanya,True,Kampanya veya müşteri teklifi sinyali içeriyor.,Good,False,Tarih yok; varsayılan kapıdan geçmedi,,2026-06-16T12:53:46.479504+00:00
RIAUD-7be747b24401,RUN-20260616125245,İş Bankası,REG-006,İş Bankası Duyurular,Dış Ticarette Finansman | Türkiye İş Bankası,https://www.isbank.com.tr/is-ticari/dis-ticarette-finansman,https://www.isbank.com.tr/is-ticari/dis-ticarette-finansman,dış ticarette finansman,98e027930752fe8534b85bac7e188ec5e086c690dc702e08094898f44ffd932d,,,,,,Belirsiz,,Tarih yok; varsayılan kapıdan geçmedi.,False,,,Yok,missing,False,2026-05-01,Tarih yok; varsayılan kapıdan geçmedi,Ürün / Özellik Gelişmesi,True,"Ürün, API, POS, ödeme, tahsilat veya dijital özellik gelişmesi sinyali içeriyor.",Good,False,Tarih yok; varsayılan kapıdan geçmedi,,2026-06-16T12:53:47.173591+00:00
RIAUD-70a42365710c,RUN-20260616125245,İş Bankası,REG-006,İş Bankası Duyurular,Dış Ticarette Sigorta | Türkiye İş Bankası,https://www.isbank.com.tr/is-ticari/dis-ticarette-sigorta,https://www.isbank.com.tr/is-ticari/dis-ticarette-sigorta,dış ticarette sigorta,0f19fa2e939c95451db5e87093239e5237db0889700f224c3f4c0d1b387c4465,,,,,,Belirsiz,,Tarih yok; varsayılan kapıdan geçmedi.,False,,,Yok,missing,False,2026-05-01,Tarih yok; varsayılan kapıdan geçmedi,Basın Bülteni,True,Basın/haber kaynağından gelen tekil ve tarihli duyuru adayı.,Poor,False,detail_text_too_short,,2026-06-16T12:53:47.785484+00:00
RIAUD-c4b3c3890cf7,RUN-20260616125245,İş Bankası,REG-006,İş Bankası Duyurular,Nakit Yönetimi Dosya Otomasyonu | Türkiye İş Bankası,https://www.isbank.com.tr/is-ticari/nakit-yonetimi-dosya-otomasyonu-uygulamasi,https://www.isbank.com.tr/is-ticari/nakit-yonetimi-dosya-otomasyonu-uygulamasi,nakit yönetimi dosya otomasyonu,b62a1bfd0450073cb7f1931bd4eaab7f75c16f9cbf5c05bcbf62d462a29fa19c,,,,,,Belirsiz,,Tarih yok; varsayılan kapıdan geçmedi.,False,,,Yok,missing,False,2026-05-01,Tarih yok; varsayılan kapıdan geçmedi,Ürün / Özellik Gelişmesi,True,"Ürün, API, POS, ödeme, tahsilat veya dijital özellik gelişmesi sinyali içeriyor.",Good,False,Tarih yok; varsayılan kapıdan geçmedi,,2026-06-16T12:53:48.400049+00:00
RIAUD-0446167e8eaf,RUN-20260616125245,İş Bankası,REG-006,İş Bankası Duyurular,Dış Ticaret Paketleri | Türkiye İş Bankası,https://www.isbank.com.tr/is-ticari/dis-ticaret-paketleri,https://www.isbank.com.tr/is-ticari/dis-ticaret-paketleri,dış ticaret paketleri,70737d60afe3a233fd38b25bfbf26d882a9d86e6a40746a0c9429dc15ac1094b,,,,,,Belirsiz,,Tarih yok; varsayılan kapıdan geçmedi.,False,,,Yok,missing,False,2026-05-01,Tarih yok; varsayılan kapıdan geçmedi,Kampanya,True,Kampanya veya müşteri teklifi sinyali içeriyor.,Good,False,Tarih yok; varsayılan kapıdan geçmedi,,2026-06-16T12:53:49.041615+00:00
RIAUD-10a3d028b108,RUN-20260616125245,İş Bankası,REG-006,İş Bankası Duyurular,İhracat Bedeli Kabul Belgesi (İBKB) İşlemleri | Türkiye İş Bankası,https://www.isbank.com.tr/is-ticari/ihracat-bedeli-kabul-belgesi-islemleri,https://www.isbank.com.tr/is-ticari/ihracat-bedeli-kabul-belgesi-islemleri,i̇hracat bedeli kabul belgesi (i̇bkb) i̇şlemleri,80149a3421148294b5ef576acdb35806ac6a617c1f9d63003b069c121ccad497,,,,,,Belirsiz,,Tarih yok; varsayılan kapıdan geçmedi.,False,,,Yok,missing,False,2026-05-01,Tarih yok; varsayılan kapıdan geçmedi,Ürün / Özellik Gelişmesi,True,"Ürün, API, POS, ödeme, tahsilat veya dijital özellik gelişmesi sinyali içeriyor.",Good,False,Tarih yok; varsayılan kapıdan geçmedi,,2026-06-16T12:53:49.715528+00:00
RIAUD-d193973caed1,RUN-20260616125245,İş Bankası,REG-006,İş Bankası Duyurular,Dış Ticaret Ürünleri | Türkiye İş Bankası A.Ş.,https://www.isbank.com.tr/is-ticari/dis-ticaret-urunleri,https://www.isbank.com.tr/is-ticari/dis-ticaret-urunleri,dış ticaret ürünleri,ba91f986ceaf5e8182ad4497d913d7d71fd15d08185144568fdebe7e311a505c,,,,,,Belirsiz,,Tarih yok; varsayılan kapıdan geçmedi.,False,,,Yok,missing,False,2026-05-01,Tarih yok; varsayılan kapıdan geçmedi,Kampanya,True,Kampanya veya müşteri teklifi sinyali içeriyor.,Good,False,Tarih yok; varsayılan kapıdan geçmedi,,2026-06-16T12:53:50.550110+00:00
RIAUD-8ba120de2390,RUN-20260616125458,Yapı Kredi,REG-012,Yapı Kredi Basın Bültenleri,"YAPI KREDİ’YE YAKLAŞIK 1,1 MİLYAR DOLARLIK SENDİKASYON KREDİSİ",https://www.yapikredi.com.tr/medium/file/yapi-krediye-yaklasik-11-milyar-dolarlik-sendikasyon-kredisi_72541/download,https://www.yapikredi.com.tr/medium/file/yapi-krediye-yaklasik-11-milyar-dolarlik-sendikasyon-kredisi_72541/download,"yapi kredi̇’ye yaklaşik 1,1 mi̇lyar dolarlik sendi̇kasyon kredi̇si̇",fa82cddfebf3f516837c6e24c4f2438ff7030ac6803fd29895361238a9d78376,04.06.2026,,2026-06-04,,,Duyuru Tarihi,2026-06-04,Duyuru/basın tarihi bulundu; recency için kullanıldı.,False,,2026-06-04,Orta,announcement_date,True,2026-05-01,Kesim tarihi ve tarih güveni uygun: 2026-06-04,İş Birliği,True,"İş birliği, mutabakat veya entegrasyon duyurusu içeriyor.",Good,True,,,2026-06-16T12:54:58.897525+00:00
RIAUD-98375cbafa2b,RUN-20260616125458,Yapı Kredi,REG-012,Yapı Kredi Basın Bültenleri,YAPI KREDİ 500 MİLYON DOLARLIK İLAVE ANA SERMAYE TAHVİL İHRACINI BAŞARIYLA TAMAMLADI,https://www.yapikredi.com.tr/medium/file/yapi-kredi-500-milyon-dolarlik-ilave-ana-sermaye-tahvil-ihracini-basariyla-tamamladi_72516/download,https://www.yapikredi.com.tr/medium/file/yapi-kredi-500-milyon-dolarlik-ilave-ana-sermaye-tahvil-ihracini-basariyla-tamamladi_72516/download,yapi kredi̇ 500 mi̇lyon dolarlik i̇lave ana sermaye tahvi̇l i̇hracini başariyla tamamladi,f0f94beb3769936eda4910d1c77db705241800cb313781ecd42534282fb14624,20.05.2026,,2026-05-20,,,Duyuru Tarihi,2026-05-20,Duyuru/basın tarihi bulundu; recency için kullanıldı.,False,,2026-05-20,Orta,announcement_date,True,2026-05-01,Kesim tarihi ve tarih güveni uygun: 2026-05-20,Ürün / Özellik Gelişmesi,True,"Ürün, API, POS, ödeme, tahsilat veya dijital özellik gelişmesi sinyali içeriyor.",Good,True,,,2026-06-16T12:54:59.266232+00:00
RIAUD-8a8e227685d3,RUN-20260616125458,Yapı Kredi,REG-012,Yapı Kredi Basın Bültenleri,"YAPI KREDİ’DEN YILIN İLK ÇEYREĞİNDE EKONOMİYE 2,8 TRİLYON TL’YE YAKLAŞAN DESTEK",https://www.yapikredi.com.tr/medium/file/yapi-krediden-yilin-ilk-ceyreginde-ekonomiye-28-trilyon-tlye-yaklasan-destek_72462/download,https://www.yapikredi.com.tr/medium/file/yapi-krediden-yilin-ilk-ceyreginde-ekonomiye-28-trilyon-tlye-yaklasan-destek_72462/download,"yapi kredi̇’den yilin i̇lk çeyreği̇nde ekonomi̇ye 2,8 tri̇lyon tl’ye yaklaşan destek",29c6096f859f85b978ae596c309da603def8a8b30b7fab4c06c5a0d8d5ce1cce,31 Mart 2026,,2026-03-31,,,Duyuru Tarihi,2026-03-31,Duyuru/basın tarihi bulundu; recency için kullanıldı.,False,,2026-03-31,Yüksek,announcement_date,False,2026-05-01,Kesim tarihinden eski: 2026-03-31 < 2026-05-01,Ürün / Özellik Gelişmesi,True,"Ürün, API, POS, ödeme, tahsilat veya dijital özellik gelişmesi sinyali içeriyor.",Good,False,Kesim tarihinden eski: 2026-03-31 < 2026-05-01,,2026-06-16T12:54:59.547250+00:00
RIAUD-e3f947a5552b,RUN-20260616125458,Yapı Kredi,REG-012,Yapı Kredi Basın Bültenleri,"YAPI KREDİ, SORUMLU YAPAY ZEKÂ İLKELERİYLE GELECEĞİN BANKACILIĞINA YÖN VERİYOR",https://www.yapikredi.com.tr/medium/file/yapay-zeka_72142/download,https://www.yapikredi.com.tr/medium/file/yapay-zeka_72142/download,"yapi kredi̇, sorumlu yapay zekâ i̇lkeleri̇yle geleceği̇n bankaciliğina yön veri̇yor",82230b5aa48787cbbd6cf57dc1768afce2da7ef6ae73d624e0a04e1a975e4f19,20.02.2026,,2026-02-20,,,Duyuru Tarihi,2026-02-20,Duyuru/basın tarihi bulundu; recency için kullanıldı.,False,,2026-02-20,Orta,announcement_date,False,2026-05-01,Kesim tarihinden eski: 2026-02-20 < 2026-05-01,Sosyal Sorumluluk / PR,False,"KOBİ stratejisine doğrudan bağlanmayan kültür, sanat veya sosyal sorumluluk PR içeriği.",Good,False,Kesim tarihinden eski: 2026-02-20 < 2026-05-01,,2026-06-16T12:54:59.790341+00:00
RIAUD-4e47aa1a3eb4,RUN-20260616125458,Yapı Kredi,REG-012,Yapı Kredi Basın Bültenleri,"YAPI KREDİ’DEN ÜLKE EKONOMİSİNE 2,6 TRİLYON TL’Yİ AŞAN KAYNAK",https://www.yapikredi.com.tr/medium/file/yapi-krediden-ulke-ekonomisine-26-trilyon-tlyi-asan-kaynak_72088/download,https://www.yapikredi.com.tr/medium/file/yapi-krediden-ulke-ekonomisine-26-trilyon-tlyi-asan-kaynak_72088/download,"yapi kredi̇’den ülke ekonomi̇si̇ne 2,6 tri̇lyon tl’yi̇ aşan kaynak",4b7a7c9af2efd7a5080a2eae08fd3cc530f29444ad422d1a07e6d5ee4ca02e7c,31 Aralık 2025,,2025-12-31,,,Duyuru Tarihi,2025-12-31,Duyuru/basın tarihi bulundu; recency için kullanıldı.,False,,2025-12-31,Yüksek,announcement_date,False,2026-05-01,Kesim tarihinden eski: 2025-12-31 < 2026-05-01,Ürün / Özellik Gelişmesi,True,"Ürün, API, POS, ödeme, tahsilat veya dijital özellik gelişmesi sinyali içeriyor.",Good,False,Kesim tarihinden eski: 2025-12-31 < 2026-05-01,,2026-06-16T12:55:00.072317+00:00
RIAUD-c36da1e7912c,RUN-20260616125458,Yapı Kredi,REG-011,Yapı Kredi KOBİ Kampanyaları,Yapı Kredi'den firmalara özel 48.000 TL değerinde hoş geldin paketi! | Kampanyalar | Yapı Kredi,https://www.yapikredi.com.tr/kampanyalar/detay/253386,https://www.yapikredi.com.tr/kampanyalar/detay/253386,yapı kredi'den firmalara özel 48.000 tl değerinde hoş geldin paketi! | kampanyalar,cb1bfa159a98d502f8b992cb592949d17f365a1ff2d549c07f3a7b3234c9e6de,16.06.2026,,,2026-06-16,,Kampanya Başlangıç Tarihi,2026-06-16,Kampanya başlangıç tarihi bulundu; recency için kullanıldı.,False,,2026-06-16,Yüksek,campaign_start_date,True,2026-05-01,Kesim tarihi ve tarih güveni uygun: 2026-06-16,Kampanya,True,Kampanya veya müşteri teklifi sinyali içeriyor.,Good,True,,,2026-06-16T12:55:00.497334+00:00
RIAUD-b110f9984ace,RUN-20260616125527,QNB Finansbank,REG-068,QNB KOBİ Ticari Kredi Kartları,İşletmeler İçin Bankacılık Çözümleri | QNB,https://www.qnb.com.tr/isim-icin,https://www.qnb.com.tr/isim-icin,i̇şletmeler i̇çin bankacılık çözümleri | qnb,21ff048b95a6eb200cb4a668848f258c6a0d163a5a1bc64220e2e51f89fcf3fb,,,,,,Belirsiz,,Tarih yok; varsayılan kapıdan geçmedi.,False,,,Yok,missing,False,2026-05-01,Tarih yok; varsayılan kapıdan geçmedi,Kampanya,True,Kampanya veya müşteri teklifi sinyali içeriyor.,Poor,False,detail_text_too_short,,2026-06-16T12:55:27.545707+00:00
RIAUD-807fef2b38b7,RUN-20260616125527,QNB Finansbank,REG-068,QNB KOBİ Ticari Kredi Kartları,KOBİ | QNB,https://www.qnb.com.tr/isim-icin/kobi,https://www.qnb.com.tr/isim-icin/kobi,kobi̇ | qnb,7dcff5dc90b37717762781121829214a3ecf820fcec3d688c4d33f87e2feb85f,,,,,,Belirsiz,,Tarih yok; varsayılan kapıdan geçmedi.,False,,,Yok,missing,False,2026-05-01,Tarih yok; varsayılan kapıdan geçmedi,Kampanya,True,Kampanya veya müşteri teklifi sinyali içeriyor.,Poor,False,title_too_short,,2026-06-16T12:55:27.896119+00:00
RIAUD-0ce5017c98a3,RUN-20260616125527,QNB Finansbank,REG-068,QNB KOBİ Ticari Kredi Kartları,Kartlar | QNB,https://www.qnb.com.tr/isim-icin/kobi/kobi-ticari-kartlar,https://www.qnb.com.tr/isim-icin/kobi/kobi-ticari-kartlar,kartlar | qnb,bf26f622a76c3665fe64b9120d0276630fd52c4654ec9668fbd255b5d6fad2f1,,,,,,Belirsiz,,Tarih yok; varsayılan kapıdan geçmedi.,False,,,Yok,missing,False,2026-05-01,Tarih yok; varsayılan kapıdan geçmedi,Kampanya,True,Kampanya veya müşteri teklifi sinyali içeriyor.,Poor,False,title_too_short,,2026-06-16T12:55:28.071808+00:00
RIAUD-08ff815eea8c,RUN-20260616125527,QNB Finansbank,REG-068,QNB KOBİ Ticari Kredi Kartları,QNB KOBİ Kredi Kartı | QNB,https://www.qnb.com.tr/qnb-kobi-kredi-karti,https://www.qnb.com.tr/qnb-kobi-kredi-karti,qnb kobi̇ kredi kartı | qnb,eb7df6d03fe4b9ddcb4e407e97f6de6bd578099467f5be0befd9ade03f26e497,,,,,,Belirsiz,,Tarih yok; varsayılan kapıdan geçmedi.,False,,,Yok,missing,False,2026-05-01,Tarih yok; varsayılan kapıdan geçmedi,Kampanya,True,Kampanya veya müşteri teklifi sinyali içeriyor.,Good,False,Tarih yok; varsayılan kapıdan geçmedi,,2026-06-16T12:55:28.247310+00:00
RIAUD-db955b571e37,RUN-20260616125527,QNB Finansbank,REG-067,QNB KOBİ Rahat,Kobiler İçin Diğer Hizmetler ve Ürünler | QNB,https://www.qnb.com.tr/kobi-diger-hizmetler-ve-urunler,https://www.qnb.com.tr/kobi-diger-hizmetler-ve-urunler,kobiler i̇çin diğer hizmetler ve ürünler | qnb,81a47e6869026212a9af96cee27980725f98573b645ad16972ef5ab2de2a1910,,,,,,Belirsiz,,Tarih yok; varsayılan kapıdan geçmedi.,False,,,Yok,missing,False,2026-05-01,Tarih yok; varsayılan kapıdan geçmedi,Kampanya,True,Kampanya veya müşteri teklifi sinyali içeriyor.,Medium,False,Tarih yok; varsayılan kapıdan geçmedi,,2026-06-16T12:55:28.525713+00:00
RIAUD-faccb2782e6a,RUN-20260616125527,QNB Finansbank,REG-067,QNB KOBİ Rahat,Kobiler İçin Mevduat Hesabı - Yatırım Ürünleri | QNB,https://www.qnb.com.tr/isim-icin/kobi/mevduat-ve-yatirim-urunleri,https://www.qnb.com.tr/isim-icin/kobi/mevduat-ve-yatirim-urunleri,kobiler i̇çin mevduat hesabı - yatırım ürünleri | qnb,683a49f511503622f61e76ebf9a7ba6c5e55f5657e9d13696996d3d451bc4785,,,,,,Belirsiz,,Tarih yok; varsayılan kapıdan geçmedi.,False,,,Yok,missing,False,2026-05-01,Tarih yok; varsayılan kapıdan geçmedi,Kampanya,True,Kampanya veya müşteri teklifi sinyali içeriyor.,Medium,False,Tarih yok; varsayılan kapıdan geçmedi,,2026-06-16T12:55:28.768611+00:00
RIAUD-c0f1c93ee2b3,RUN-20260616125527,QNB Finansbank,REG-067,QNB KOBİ Rahat,KOBİ Nakit Yönetim ve Tahsilat Ürünleri | QNB,https://www.qnb.com.tr/kobi-nakit-yonetimi-ve-tahsilat-urunleri,https://www.qnb.com.tr/kobi-nakit-yonetimi-ve-tahsilat-urunleri,kobi̇ nakit yönetim ve tahsilat ürünleri | qnb,7d520fda74d321cfdabf71424638a7832837f33bd332310baf5a0ab26bbfe0fa,,,,,,Belirsiz,,Tarih yok; varsayılan kapıdan geçmedi.,False,,,Yok,missing,False,2026-05-01,Tarih yok; varsayılan kapıdan geçmedi,Kampanya,True,Kampanya veya müşteri teklifi sinyali içeriyor.,Good,False,Tarih yok; varsayılan kapıdan geçmedi,,2026-06-16T12:55:28.945292+00:00
RIAUD-80a34f90c142,RUN-20260616125527,QNB Finansbank,REG-067,QNB KOBİ Rahat,KOBİ - Ömür Boyu Havale Ücreti Yok | QNB,https://www.qnb.com.tr/isim-icin/kobi/diger-hizmetler-ve-urunler/qnbde-omur-boyu-havale-ucreti-yok,https://www.qnb.com.tr/isim-icin/kobi/diger-hizmetler-ve-urunler/qnbde-omur-boyu-havale-ucreti-yok,kobi̇ - ömür boyu havale ücreti yok | qnb,343bc2a78d7de0ea1bf16211d1450e63671ba0795ff79bfb253730894b36eecc,30.11.2023,,,2023-11-30,,Kampanya Başlangıç Tarihi,2023-11-30,Kampanya başlangıç tarihi bulundu; recency için kullanıldı.,False,,2023-11-30,Yüksek,campaign_start_date,False,2026-05-01,Kesim tarihinden eski: 2023-11-30 < 2026-05-01,Kampanya,True,Kampanya veya müşteri teklifi sinyali içeriyor.,Good,False,Kesim tarihinden eski: 2023-11-30 < 2026-05-01,,2026-06-16T12:55:29.119097+00:00
RIAUD-89f45b76eb50,RUN-20260616125527,QNB Finansbank,REG-067,QNB KOBİ Rahat,Karekodla yapacağınız para transferleriniz anında hesabınızda! | QNB,https://www.qnb.com.tr/isim-icin/kobi/diger-hizmetler-ve-urunler/karekodla-yapacaginiz-para-transferleriniz-aninda-hesabinizda,https://www.qnb.com.tr/isim-icin/kobi/diger-hizmetler-ve-urunler/karekodla-yapacaginiz-para-transferleriniz-aninda-hesabinizda,karekodla yapacağınız para transferleriniz anında hesabınızda! | qnb,038cec81a8f33ffda26e4620be4a511a1c96b9269abfe696cee65844ffc0b379,,,,,,Belirsiz,,Tarih yok; varsayılan kapıdan geçmedi.,False,,,Yok,missing,False,2026-05-01,Tarih yok; varsayılan kapıdan geçmedi,Kampanya,True,Kampanya veya müşteri teklifi sinyali içeriyor.,Good,False,Tarih yok; varsayılan kapıdan geçmedi,,2026-06-16T12:55:29.303180+00:00
RIAUD-da3b9746aac1,RUN-20260616125527,QNB Finansbank,REG-067,QNB KOBİ Rahat,QNB'den Mali Müşavir Avantaj Seti | QNB,https://www.qnb.com.tr/isim-icin/kobi/diger-hizmetler-ve-urunler/qnbden-mali-musavir-avantaj-seti,https://www.qnb.com.tr/isim-icin/kobi/diger-hizmetler-ve-urunler/qnbden-mali-musavir-avantaj-seti,qnb'den mali müşavir avantaj seti | qnb,48eb7aebedba561f35b8afca7f3bd7f80ec133945da4fa570c44efd47c134c9a,,,,,,Belirsiz,,Tarih yok; varsayılan kapıdan geçmedi.,False,,,Yok,missing,False,2026-05-01,Tarih yok; varsayılan kapıdan geçmedi,Kampanya,True,Kampanya veya müşteri teklifi sinyali içeriyor.,Good,False,Tarih yok; varsayılan kapıdan geçmedi,,2026-06-16T12:55:29.468345+00:00
RIAUD-c7a49804288a,RUN-20260616125527,QNB Finansbank,REG-067,QNB KOBİ Rahat,Kentsel Dönüşüm / Yap - Sat | QNB,https://www.qnb.com.tr/kobi-kentsel-donusum-yap-sat,https://www.qnb.com.tr/kobi-kentsel-donusum-yap-sat,kentsel dönüşüm / yap - sat | qnb,2d61dd99c1c3e07b476637f45cdc8e87e691f4f822a99cb4d6f2cacb6aef8013,,,,,,Belirsiz,,Tarih yok; varsayılan kapıdan geçmedi.,False,,,Yok,missing,False,2026-05-01,Tarih yok; varsayılan kapıdan geçmedi,Kampanya,True,Kampanya veya müşteri teklifi sinyali içeriyor.,Good,False,Tarih yok; varsayılan kapıdan geçmedi,,2026-06-16T12:55:29.641236+00:00
RIAUD-955c1c5e8017,RUN-20260616125527,QNB Finansbank,REG-067,QNB KOBİ Rahat,Müşteri Bilgilendirme Hizmeti | QNB,https://www.qnb.com.tr/kobi-musteri-bilgilendirme-hizmeti,https://www.qnb.com.tr/kobi-musteri-bilgilendirme-hizmeti,müşteri bilgilendirme hizmeti | qnb,62c2703fc122926ed8b41091c781d789263797097925a936c599706080abaabb,,,,,,Belirsiz,,Tarih yok; varsayılan kapıdan geçmedi.,False,,,Yok,missing,False,2026-05-01,Tarih yok; varsayılan kapıdan geçmedi,Kampanya,True,Kampanya veya müşteri teklifi sinyali içeriyor.,Good,False,Tarih yok; varsayılan kapıdan geçmedi,,2026-06-16T12:55:29.937432+00:00
RIAUD-70c79529919a,RUN-20260616125527,QNB Finansbank,REG-067,QNB KOBİ Rahat,Findeks Ticari Paketleri | QNB,https://www.qnb.com.tr/isim-icin/kobi/findeks-ticari-paketleri,https://www.qnb.com.tr/isim-icin/kobi/findeks-ticari-paketleri,findeks ticari paketleri | qnb,002376c5b39a7bf9f307db09bda2ebff44b0fc43b74995a9dd28ce100611ce9d,,,,,,Belirsiz,,Tarih yok; varsayılan kapıdan geçmedi.,False,,,Yok,missing,False,2026-05-01,Tarih yok; varsayılan kapıdan geçmedi,Kampanya,True,Kampanya veya müşteri teklifi sinyali içeriyor.,Good,False,Tarih yok; varsayılan kapıdan geçmedi,,2026-06-16T12:55:30.234103+00:00
RIAUD-f405350912fb,RUN-20260616125527,QNB Finansbank,REG-067,QNB KOBİ Rahat,İşletmeler İçin Bankacılık Çözümleri | QNB,https://www.qnb.com.tr/isim-icin,https://www.qnb.com.tr/isim-icin,i̇şletmeler i̇çin bankacılık çözümleri | qnb,21ff048b95a6eb200cb4a668848f258c6a0d163a5a1bc64220e2e51f89fcf3fb,,,,,,Belirsiz,,Tarih yok; varsayılan kapıdan geçmedi.,False,,,Yok,missing,False,2026-05-01,Tarih yok; varsayılan kapıdan geçmedi,Kampanya,True,Kampanya veya müşteri teklifi sinyali içeriyor.,Poor,False,detail_text_too_short,,2026-06-16T12:55:30.420066+00:00
RIAUD-e69c3f56ff0b,RUN-20260616125527,QNB Finansbank,REG-067,QNB KOBİ Rahat,KOBİ | QNB,https://www.qnb.com.tr/isim-icin/kobi,https://www.qnb.com.tr/isim-icin/kobi,kobi̇ | qnb,7dcff5dc90b37717762781121829214a3ecf820fcec3d688c4d33f87e2feb85f,,,,,,Belirsiz,,Tarih yok; varsayılan kapıdan geçmedi.,False,,,Yok,missing,False,2026-05-01,Tarih yok; varsayılan kapıdan geçmedi,Kampanya,True,Kampanya veya müşteri teklifi sinyali içeriyor.,Poor,False,title_too_short,,2026-06-16T12:55:31.013909+00:00
RIAUD-1218ac2991ca,RUN-20260616125527,QNB Finansbank,REG-067,QNB KOBİ Rahat,Kobi Kredisi & Kobi Kredisi Hesaplama | QNB,https://www.qnb.com.tr/kobi-kredileri,https://www.qnb.com.tr/kobi-kredileri,kobi kredisi & kobi kredisi hesaplama | qnb,f5e043c2cb9f1a423ababc128bf3b0f44f01f338d8ba3629110300f8f30172e5,,,,,,Belirsiz,,Tarih yok; varsayılan kapıdan geçmedi.,False,,,Yok,missing,False,2026-05-01,Tarih yok; varsayılan kapıdan geçmedi,Statik Ürün Sayfası,False,"Statik ürün, yardım, giriş veya navigasyon içeriği gibi görünüyor.",Good,False,Tarih yok; varsayılan kapıdan geçmedi,,2026-06-16T12:55:31.334865+00:00
RIAUD-e831b0d358d7,RUN-20260616125527,QNB Finansbank,REG-067,QNB KOBİ Rahat,Esnaf Kredisi & Esnaf Kredisi Hesaplama | QNB,https://www.qnb.com.tr/isim-icin/kobi/krediler/esnaf-kredileri,https://www.qnb.com.tr/isim-icin/kobi/krediler/esnaf-kredileri,esnaf kredisi & esnaf kredisi hesaplama | qnb,eb2aa3421102013984b51cb7f8e75f9e99bd987062ae559b8b6d5f4861a02040,,,,,,Belirsiz,,Tarih yok; varsayılan kapıdan geçmedi.,False,,,Yok,missing,False,2026-05-01,Tarih yok; varsayılan kapıdan geçmedi,Statik Ürün Sayfası,False,"Statik ürün, yardım, giriş veya navigasyon içeriği gibi görünüyor.",Good,False,Tarih yok; varsayılan kapıdan geçmedi,,2026-06-16T12:55:31.658937+00:00
RIAUD-a72c8a9843f0,RUN-20260616125527,QNB Finansbank,REG-067,QNB KOBİ Rahat,Kobi POS Çözümleri | QNB,https://www.qnb.com.tr/isim-icin/kobi/kobi-pos-cozumleri,https://www.qnb.com.tr/isim-icin/kobi/kobi-pos-cozumleri,kobi pos çözümleri | qnb,b2a52c411997ebfeabd7eca73445bd87184f24bda86fe279ad8887cb77a99f00,,,,,,Belirsiz,,Tarih yok; varsayılan kapıdan geçmedi.,False,,,Yok,missing,False,2026-05-01,Tarih yok; varsayılan kapıdan geçmedi,Kampanya,True,Kampanya veya müşteri teklifi sinyali içeriyor.,Medium,False,Tarih yok; varsayılan kapıdan geçmedi,,2026-06-16T12:55:31.939664+00:00
RIAUD-040ded92ebab,RUN-20260616125527,QNB Finansbank,REG-067,QNB KOBİ Rahat,Kartlar | QNB,https://www.qnb.com.tr/isim-icin/kobi/kobi-ticari-kartlar,https://www.qnb.com.tr/isim-icin/kobi/kobi-ticari-kartlar,kartlar | qnb,bf26f622a76c3665fe64b9120d0276630fd52c4654ec9668fbd255b5d6fad2f1,,,,,,Belirsiz,,Tarih yok; varsayılan kapıdan geçmedi.,False,,,Yok,missing,False,2026-05-01,Tarih yok; varsayılan kapıdan geçmedi,Kampanya,True,Kampanya veya müşteri teklifi sinyali içeriyor.,Poor,False,title_too_short,,2026-06-16T12:55:32.129269+00:00
RIAUD-0d2f044807b1,RUN-20260616125527,QNB Finansbank,REG-067,QNB KOBİ Rahat,Kazananlar Kulübü | QNB,https://www.qnb.com.tr/isim-icin/kobi/kazananlar-kulubu,https://www.qnb.com.tr/isim-icin/kobi/kazananlar-kulubu,kazananlar kulübü | qnb,c290176bdbc30d4ad394c28ee403568fde00bc92a04eb9b41988b0804c323ddd,,,,,,Belirsiz,,Tarih yok; varsayılan kapıdan geçmedi.,False,,,Yok,missing,False,2026-05-01,Tarih yok; varsayılan kapıdan geçmedi,Kampanya,True,Kampanya veya müşteri teklifi sinyali içeriyor.,Good,False,Tarih yok; varsayılan kapıdan geçmedi,,2026-06-16T12:55:32.304210+00:00
RIAUD-74e847e83143,RUN-20260616125527,QNB Finansbank,REG-067,QNB KOBİ Rahat,QNB KOBİ Sigortaları,https://www.qnb.com.tr/kobi-sigortalar,https://www.qnb.com.tr/kobi-sigortalar,qnb kobi̇ sigortaları,d24304b541002879e37fb24183982e801ef21087614a1f146787b2a2330208aa,,,,,,Belirsiz,,Tarih yok; varsayılan kapıdan geçmedi.,False,,,Yok,missing,False,2026-05-01,Tarih yok; varsayılan kapıdan geçmedi,Kampanya,True,Kampanya veya müşteri teklifi sinyali içeriyor.,Good,False,Tarih yok; varsayılan kapıdan geçmedi,,2026-06-16T12:55:32.613654+00:00
RIAUD-d9371987cfec,RUN-20260616125527,QNB Finansbank,REG-067,QNB KOBİ Rahat,KOBİ'ler için Leasıng ve Factoring Çözümleri | QNB,https://www.qnb.com.tr/kobi-leasing-and-faktoring,https://www.qnb.com.tr/kobi-leasing-and-faktoring,kobi̇'ler için leasıng ve factoring çözümleri | qnb,eb7afe403e7050fb09a0e2a9e677d8cb78776a6e3e21bf8a36b6743520a7ef97,,,,,,Belirsiz,,Tarih yok; varsayılan kapıdan geçmedi.,False,,,Yok,missing,False,2026-05-01,Tarih yok; varsayılan kapıdan geçmedi,Kampanya,True,Kampanya veya müşteri teklifi sinyali içeriyor.,Good,False,Tarih yok; varsayılan kapıdan geçmedi,,2026-06-16T12:55:32.786445+00:00
RIAUD-4f9373f56c21,RUN-20260616125527,QNB Finansbank,REG-066,QNB KOBİ Kredileri,İhtiyaca Özel KOBİ Kredileri | QNB,https://www.qnb.com.tr/kobi-ihtiyac-kredileri,https://www.qnb.com.tr/kobi-ihtiyac-kredileri,i̇htiyaca özel kobi̇ kredileri | qnb,213e20a04ff139f67e811c7e71c0ba0aad897ba355046a75d98aebe794ad6b87,,,,,,Belirsiz,,Tarih yok; varsayılan kapıdan geçmedi.,False,,,Yok,missing,False,2026-05-01,Tarih yok; varsayılan kapıdan geçmedi,Kampanya,True,Kampanya veya müşteri teklifi sinyali içeriyor.,Medium,False,Tarih yok; varsayılan kapıdan geçmedi,,2026-06-16T12:55:32.985683+00:00
RIAUD-f036a1b8fd79,RUN-20260616125527,QNB Finansbank,REG-066,QNB KOBİ Kredileri,KOBİlere Özel Yeşil Dönüşüm Kredisi | QNB,https://www.qnb.com.tr/isim-icin/kobi/krediler/yesili-arttikca-faizi-dusen-kredi,https://www.qnb.com.tr/isim-icin/kobi/krediler/yesili-arttikca-faizi-dusen-kredi,kobi̇lere özel yeşil dönüşüm kredisi | qnb,d7653cbd25787b24f1853995549cf3ed41c2f9244d56cca6ccbd7144a26aac02,,,,,,Belirsiz,,Tarih yok; varsayılan kapıdan geçmedi.,False,,,Yok,missing,False,2026-05-01,Tarih yok; varsayılan kapıdan geçmedi,Kampanya,True,Kampanya veya müşteri teklifi sinyali içeriyor.,Good,False,Tarih yok; varsayılan kapıdan geçmedi,,2026-06-16T12:55:33.163945+00:00
RIAUD-809106a7e1a5,RUN-20260616125527,QNB Finansbank,REG-066,QNB KOBİ Kredileri,İşletmeler İçin Bankacılık Çözümleri | QNB,https://www.qnb.com.tr/isim-icin,https://www.qnb.com.tr/isim-icin,i̇şletmeler i̇çin bankacılık çözümleri | qnb,21ff048b95a6eb200cb4a668848f258c6a0d163a5a1bc64220e2e51f89fcf3fb,,,,,,Belirsiz,,Tarih yok; varsayılan kapıdan geçmedi.,False,,,Yok,missing,False,2026-05-01,Tarih yok; varsayılan kapıdan geçmedi,Kampanya,True,Kampanya veya müşteri teklifi sinyali içeriyor.,Poor,False,detail_text_too_short,,2026-06-16T12:55:33.340068+00:00
RIAUD-ddf74d119f0b,RUN-20260616125527,QNB Finansbank,REG-066,QNB KOBİ Kredileri,KOBİ | QNB,https://www.qnb.com.tr/isim-icin/kobi,https://www.qnb.com.tr/isim-icin/kobi,kobi̇ | qnb,7dcff5dc90b37717762781121829214a3ecf820fcec3d688c4d33f87e2feb85f,,,,,,Belirsiz,,Tarih yok; varsayılan kapıdan geçmedi.,False,,,Yok,missing,False,2026-05-01,Tarih yok; varsayılan kapıdan geçmedi,Kampanya,True,Kampanya veya müşteri teklifi sinyali içeriyor.,Poor,False,title_too_short,,2026-06-16T12:55:33.645907+00:00
RIAUD-cb599bc3d3ca,RUN-20260616125527,QNB Finansbank,REG-066,QNB KOBİ Kredileri,KOBİ'lere İnternetten Kredi | QNB,https://www.qnb.com.tr/kobilere-mobil-ve-internetten-kredi,https://www.qnb.com.tr/kobilere-mobil-ve-internetten-kredi,kobi̇'lere i̇nternetten kredi | qnb,5dd11760dc3744ad9a679dae5a1835b2128e52407beb40f4ac53f03768682c03,,,,,,Belirsiz,,Tarih yok; varsayılan kapıdan geçmedi.,False,,,Yok,missing,False,2026-05-01,Tarih yok; varsayılan kapıdan geçmedi,Kampanya,True,Kampanya veya müşteri teklifi sinyali içeriyor.,Good,False,Tarih yok; varsayılan kapıdan geçmedi,,2026-06-16T12:55:33.813288+00:00
RIAUD-1025b6f9b90a,RUN-20260616125527,QNB Finansbank,REG-066,QNB KOBİ Kredileri,İpotekli Taksitli Kredi - Teminatlı - 72 Ay Vadeli | QNB,https://www.qnb.com.tr/ipotek-teminatli-taksitli-kobi-ticari-kredi,https://www.qnb.com.tr/ipotek-teminatli-taksitli-kobi-ticari-kredi,i̇potekli taksitli kredi - teminatlı - 72 ay vadeli | qnb,eb204150f6a808c77a9ae82c699d427bc1abfed0ea71f420ff4a4c14d7fc7187,,,,,,Belirsiz,,Tarih yok; varsayılan kapıdan geçmedi.,False,,,Yok,missing,False,2026-05-01,Tarih yok; varsayılan kapıdan geçmedi,Kampanya,True,Kampanya veya müşteri teklifi sinyali içeriyor.,Good,False,Tarih yok; varsayılan kapıdan geçmedi,,2026-06-16T12:55:34.428302+00:00
RIAUD-22c91d748ee5,RUN-20260616125527,QNB Finansbank,REG-066,QNB KOBİ Kredileri,Diğer Krediler | QNB,https://www.qnb.com.tr/isim-icin/kobi/krediler/kobi-destek-kredileri/diger-krediler,https://www.qnb.com.tr/isim-icin/kobi/krediler/kobi-destek-kredileri/diger-krediler,diğer krediler | qnb,8e3bcf792ce395ac7d67941d700417a0033cf95ec23f6e6305ee3fbbc639d106,,,,,,Belirsiz,,Tarih yok; varsayılan kapıdan geçmedi.,False,,,Yok,missing,False,2026-05-01,Tarih yok; varsayılan kapıdan geçmedi,Kampanya,True,Kampanya veya müşteri teklifi sinyali içeriyor.,Good,False,Tarih yok; varsayılan kapıdan geçmedi,,2026-06-16T12:55:34.576268+00:00
RIAUD-61a27634466f,RUN-20260616125527,QNB Finansbank,REG-066,QNB KOBİ Kredileri,Nakdi KOBİ Destek Kredileri | QNB,https://www.qnb.com.tr/kobi-nakdi-krediler,https://www.qnb.com.tr/kobi-nakdi-krediler,nakdi kobi̇ destek kredileri | qnb,38fe1c0acc0c58aefef9ce7f55ccaf1fcb1ff6b254a00cdaa859c363ff2611ef,,,,,,Belirsiz,,Tarih yok; varsayılan kapıdan geçmedi.,False,,,Yok,missing,False,2026-05-01,Tarih yok; varsayılan kapıdan geçmedi,Kampanya,True,Kampanya veya müşteri teklifi sinyali içeriyor.,Good,False,Tarih yok; varsayılan kapıdan geçmedi,,2026-06-16T12:55:34.745500+00:00
RIAUD-54eee1a1bfb4,RUN-20260616125527,QNB Finansbank,REG-066,QNB KOBİ Kredileri,Gayrinakdi KOBİ Destek Kredileri | QNB,https://www.qnb.com.tr/kobi-gayrinakdi-krediler,https://www.qnb.com.tr/kobi-gayrinakdi-krediler,gayrinakdi kobi̇ destek kredileri | qnb,b4bac3d0333e923ebee16d03a635d150c66aa407927402cb8cd50b7a90bc7b6f,,,,,,Belirsiz,,Tarih yok; varsayılan kapıdan geçmedi.,False,,,Yok,missing,False,2026-05-01,Tarih yok; varsayılan kapıdan geçmedi,Kampanya,True,Kampanya veya müşteri teklifi sinyali içeriyor.,Good,False,Tarih yok; varsayılan kapıdan geçmedi,,2026-06-16T12:55:34.907861+00:00
RIAUD-78c3593c03a0,RUN-20260616125527,QNB Finansbank,REG-066,QNB KOBİ Kredileri,KOBİNakit Hesap | QNB,https://www.qnb.com.tr/isim-icin/kobi/krediler/kobinakit-hesap,https://www.qnb.com.tr/isim-icin/kobi/krediler/kobinakit-hesap,kobi̇nakit hesap | qnb,29a2eda4ad579147feb588d1d2e592c06532a2922b14d6a7add2ce8c3063d6e8,,,,,,Belirsiz,,Tarih yok; varsayılan kapıdan geçmedi.,False,,,Yok,missing,False,2026-05-01,Tarih yok; varsayılan kapıdan geçmedi,Kampanya,True,Kampanya veya müşteri teklifi sinyali içeriyor.,Good,False,Tarih yok; varsayılan kapıdan geçmedi,,2026-06-16T12:55:35.080245+00:00
RIAUD-72ef08aea07f,RUN-20260616125527,QNB Finansbank,REG-066,QNB KOBİ Kredileri,Mavi Kredi Programı | QNB,https://www.qnb.com.tr/isim-icin/kobi/krediler/mavi-kredi-programi,https://www.qnb.com.tr/isim-icin/kobi/krediler/mavi-kredi-programi,mavi kredi programı | qnb,834dec42500777ffb8488f39869672061647fefd0662e062a97c38a40cd92c6b,,,,,,Belirsiz,,Tarih yok; varsayılan kapıdan geçmedi.,False,,,Yok,missing,False,2026-05-01,Tarih yok; varsayılan kapıdan geçmedi,Kampanya,True,Kampanya veya müşteri teklifi sinyali içeriyor.,Good,False,Tarih yok; varsayılan kapıdan geçmedi,,2026-06-16T12:55:35.252655+00:00
RIAUD-4696607ce538,RUN-20260616125527,QNB Finansbank,REG-066,QNB KOBİ Kredileri,Esnaf Kredisi & Esnaf Kredisi Hesaplama | QNB,https://www.qnb.com.tr/isim-icin/kobi/krediler/esnaf-kredileri,https://www.qnb.com.tr/isim-icin/kobi/krediler/esnaf-kredileri,esnaf kredisi & esnaf kredisi hesaplama | qnb,eb2aa3421102013984b51cb7f8e75f9e99bd987062ae559b8b6d5f4861a02040,,,,,,Belirsiz,,Tarih yok; varsayılan kapıdan geçmedi.,False,,,Yok,missing,False,2026-05-01,Tarih yok; varsayılan kapıdan geçmedi,Statik Ürün Sayfası,False,"Statik ürün, yardım, giriş veya navigasyon içeriği gibi görünüyor.",Good,False,Tarih yok; varsayılan kapıdan geçmedi,,2026-06-16T12:55:35.422900+00:00
RIAUD-7a2bb2f69abd,RUN-20260616125527,QNB Finansbank,REG-065,QNB Yazar Kasa POS,KOBİ Kampanyaları | QNB,https://www.qnb.com.tr/kampanyalar/kobi-kampanyalari,https://www.qnb.com.tr/kampanyalar/kobi-kampanyalari,kobi̇ kampanyaları | qnb,af30b1020adff5b1f34c390163096d1847f7f66c98ef9adf46ed4aadc8a094dd,,,,,,Belirsiz,,Tarih yok; varsayılan kapıdan geçmedi.,False,,,Yok,missing,False,2026-05-01,Tarih yok; varsayılan kapıdan geçmedi,Kampanya,True,Kampanya veya müşteri teklifi sinyali içeriyor.,Medium,False,Tarih yok; varsayılan kapıdan geçmedi,,2026-06-16T12:55:35.595679+00:00
RIAUD-1e3150d98b2d,RUN-20260616125527,QNB Finansbank,REG-065,QNB Yazar Kasa POS,Kobiler İçin Mevduat Hesabı - Yatırım Ürünleri | QNB,https://www.qnb.com.tr/isim-icin/kobi/mevduat-ve-yatirim-urunleri,https://www.qnb.com.tr/isim-icin/kobi/mevduat-ve-yatirim-urunleri,kobiler i̇çin mevduat hesabı - yatırım ürünleri | qnb,683a49f511503622f61e76ebf9a7ba6c5e55f5657e9d13696996d3d451bc4785,,,,,,Belirsiz,,Tarih yok; varsayılan kapıdan geçmedi.,False,,,Yok,missing,False,2026-05-01,Tarih yok; varsayılan kapıdan geçmedi,Kampanya,True,Kampanya veya müşteri teklifi sinyali içeriyor.,Medium,False,Tarih yok; varsayılan kapıdan geçmedi,,2026-06-16T12:55:35.959410+00:00
RIAUD-35a5e7821283,RUN-20260616125527,QNB Finansbank,REG-065,QNB Yazar Kasa POS,Link POS & Sanal POS Üye İşyeri Giriş Ekranı | QNB,https://www.qnb.com.tr/isim-icin/kobi/kobi-pos-cozumleri/link-pos-and-sanal-pos-uye-isyeri-giris-ekrani,https://www.qnb.com.tr/isim-icin/kobi/kobi-pos-cozumleri/link-pos-and-sanal-pos-uye-isyeri-giris-ekrani,link pos & sanal pos üye i̇şyeri giriş ekranı | qnb,a2ac38e4a19bd66f88cc18e049b9ac2e8c3471391f0a02eaedaf7b0c36fd7667,,,,,,Belirsiz,,Tarih yok; varsayılan kapıdan geçmedi.,False,,,Yok,missing,False,2026-05-01,Tarih yok; varsayılan kapıdan geçmedi,Statik Ürün Sayfası,False,"Statik ürün, yardım, giriş veya navigasyon içeriği gibi görünüyor.",Medium,False,Tarih yok; varsayılan kapıdan geçmedi,,2026-06-16T12:55:36.274237+00:00
RIAUD-6eee0b6e86f6,RUN-20260616125527,QNB Finansbank,REG-065,QNB Yazar Kasa POS,POS Başvurusu Şimdi QNB Mobil’de | QNB,https://www.qnb.com.tr/isim-icin/kobi/kobi-pos-cozumleri/pos-basvurusu-qnb-mobilde,https://www.qnb.com.tr/isim-icin/kobi/kobi-pos-cozumleri/pos-basvurusu-qnb-mobilde,pos başvurusu şimdi qnb mobil’de | qnb,c857437d16ebb003123db8d6abcd9c319a95df295472b002b256941f081e648a,,,,,,Belirsiz,,Tarih yok; varsayılan kapıdan geçmedi.,False,,,Yok,missing,False,2026-05-01,Tarih yok; varsayılan kapıdan geçmedi,Kampanya,True,Kampanya veya müşteri teklifi sinyali içeriyor.,Good,False,Tarih yok; varsayılan kapıdan geçmedi,,2026-06-16T12:55:36.451595+00:00
RIAUD-f88fb3e340c0,RUN-20260616125527,QNB Finansbank,REG-065,QNB Yazar Kasa POS,Karekod (QR Kod) ile Ödeme Alma | QNB,https://www.qnb.com.tr/isim-icin/kobi/kobi-pos-cozumleri/pos-qr-kod,https://www.qnb.com.tr/isim-icin/kobi/kobi-pos-cozumleri/pos-qr-kod,karekod (qr kod) ile ödeme alma | qnb,e6663ddf4f4db2ac28aac85388d9a755310b7f562400c4234cff76cc836158d2,,,,,,Belirsiz,,Tarih yok; varsayılan kapıdan geçmedi.,False,,,Yok,missing,False,2026-05-01,Tarih yok; varsayılan kapıdan geçmedi,Kampanya,True,Kampanya veya müşteri teklifi sinyali içeriyor.,Good,False,Tarih yok; varsayılan kapıdan geçmedi,,2026-06-16T12:55:36.739447+00:00
RIAUD-2525e379f4ff,RUN-20260616125527,QNB Finansbank,REG-065,QNB Yazar Kasa POS,Düzenli Tahsilat Kolay | QNB,https://www.qnb.com.tr/isim-icin/kobi/kobi-pos-cozumleri/tahsilat-kolay,https://www.qnb.com.tr/isim-icin/kobi/kobi-pos-cozumleri/tahsilat-kolay,düzenli tahsilat kolay | qnb,c422122e1d4d89a44ef74438b02fcfc4e41482f6ca956956d6638d14b58799fa,,,,,,Belirsiz,,Tarih yok; varsayılan kapıdan geçmedi.,False,,,Yok,missing,False,2026-05-01,Tarih yok; varsayılan kapıdan geçmedi,Kampanya,True,Kampanya veya müşteri teklifi sinyali içeriyor.,Good,False,Tarih yok; varsayılan kapıdan geçmedi,,2026-06-16T12:55:37.079074+00:00
RIAUD-54ba08fd387c,RUN-20260616125527,QNB Finansbank,REG-065,QNB Yazar Kasa POS,KOBİ Nakit Yönetim ve Tahsilat Ürünleri | QNB,https://www.qnb.com.tr/kobi-nakit-yonetimi-ve-tahsilat-urunleri,https://www.qnb.com.tr/kobi-nakit-yonetimi-ve-tahsilat-urunleri,kobi̇ nakit yönetim ve tahsilat ürünleri | qnb,7d520fda74d321cfdabf71424638a7832837f33bd332310baf5a0ab26bbfe0fa,,,,,,Belirsiz,,Tarih yok; varsayılan kapıdan geçmedi.,False,,,Yok,missing,False,2026-05-01,Tarih yok; varsayılan kapıdan geçmedi,Kampanya,True,Kampanya veya müşteri teklifi sinyali içeriyor.,Good,False,Tarih yok; varsayılan kapıdan geçmedi,,2026-06-16T12:55:37.380636+00:00
RIAUD-7e875c9658ad,RUN-20260616125527,QNB Finansbank,REG-065,QNB Yazar Kasa POS,Kobiler İçin Diğer Hizmetler ve Ürünler | QNB,https://www.qnb.com.tr/kobi-diger-hizmetler-ve-urunler,https://www.qnb.com.tr/kobi-diger-hizmetler-ve-urunler,kobiler i̇çin diğer hizmetler ve ürünler | qnb,81a47e6869026212a9af96cee27980725f98573b645ad16972ef5ab2de2a1910,,,,,,Belirsiz,,Tarih yok; varsayılan kapıdan geçmedi.,False,,,Yok,missing,False,2026-05-01,Tarih yok; varsayılan kapıdan geçmedi,Kampanya,True,Kampanya veya müşteri teklifi sinyali içeriyor.,Medium,False,Tarih yok; varsayılan kapıdan geçmedi,,2026-06-16T12:55:37.744390+00:00
RIAUD-56cfc85a1afa,RUN-20260616125527,QNB Finansbank,REG-065,QNB Yazar Kasa POS,Findeks Ticari Paketleri | QNB,https://www.qnb.com.tr/isim-icin/kobi/findeks-ticari-paketleri,https://www.qnb.com.tr/isim-icin/kobi/findeks-ticari-paketleri,findeks ticari paketleri | qnb,002376c5b39a7bf9f307db09bda2ebff44b0fc43b74995a9dd28ce100611ce9d,,,,,,Belirsiz,,Tarih yok; varsayılan kapıdan geçmedi.,False,,,Yok,missing,False,2026-05-01,Tarih yok; varsayılan kapıdan geçmedi,Kampanya,True,Kampanya veya müşteri teklifi sinyali içeriyor.,Good,False,Tarih yok; varsayılan kapıdan geçmedi,,2026-06-16T12:55:37.906185+00:00
RIAUD-8db452d7ac77,RUN-20260616125527,QNB Finansbank,REG-065,QNB Yazar Kasa POS,İşletmeler İçin Bankacılık Çözümleri | QNB,https://www.qnb.com.tr/isim-icin,https://www.qnb.com.tr/isim-icin,i̇şletmeler i̇çin bankacılık çözümleri | qnb,21ff048b95a6eb200cb4a668848f258c6a0d163a5a1bc64220e2e51f89fcf3fb,,,,,,Belirsiz,,Tarih yok; varsayılan kapıdan geçmedi.,False,,,Yok,missing,False,2026-05-01,Tarih yok; varsayılan kapıdan geçmedi,Kampanya,True,Kampanya veya müşteri teklifi sinyali içeriyor.,Poor,False,detail_text_too_short,,2026-06-16T12:55:38.438273+00:00
RIAUD-3e250b3db3e4,RUN-20260616125527,QNB Finansbank,REG-065,QNB Yazar Kasa POS,KOBİ | QNB,https://www.qnb.com.tr/isim-icin/kobi,https://www.qnb.com.tr/isim-icin/kobi,kobi̇ | qnb,7dcff5dc90b37717762781121829214a3ecf820fcec3d688c4d33f87e2feb85f,,,,,,Belirsiz,,Tarih yok; varsayılan kapıdan geçmedi.,False,,,Yok,missing,False,2026-05-01,Tarih yok; varsayılan kapıdan geçmedi,Kampanya,True,Kampanya veya müşteri teklifi sinyali içeriyor.,Poor,False,title_too_short,,2026-06-16T12:55:38.720611+00:00
RIAUD-1bd58772df2d,RUN-20260616125527,QNB Finansbank,REG-065,QNB Yazar Kasa POS,Kobi POS Çözümleri | QNB,https://www.qnb.com.tr/isim-icin/kobi/kobi-pos-cozumleri,https://www.qnb.com.tr/isim-icin/kobi/kobi-pos-cozumleri,kobi pos çözümleri | qnb,b2a52c411997ebfeabd7eca73445bd87184f24bda86fe279ad8887cb77a99f00,,,,,,Belirsiz,,Tarih yok; varsayılan kapıdan geçmedi.,False,,,Yok,missing,False,2026-05-01,Tarih yok; varsayılan kapıdan geçmedi,Kampanya,True,Kampanya veya müşteri teklifi sinyali içeriyor.,Medium,False,Tarih yok; varsayılan kapıdan geçmedi,,2026-06-16T12:55:39.029563+00:00
RIAUD-d61e0996cc88,RUN-20260616125527,QNB Finansbank,REG-065,QNB Yazar Kasa POS,Yazarkasa POS | QNB,https://www.qnb.com.tr/isim-icin/kobi/kobi-pos-cozumleri/yazar-kasa-pos#hemen-basvur,https://www.qnb.com.tr/isim-icin/kobi/kobi-pos-cozumleri/yazar-kasa-pos,yazarkasa pos | qnb,cba7c8bab59409b18e109bed06c77e2e31fd77d796fcd461c5ae1da74e1788ed,,,,,,Belirsiz,,Tarih yok; varsayılan kapıdan geçmedi.,False,,,Yok,missing,False,2026-05-01,Tarih yok; varsayılan kapıdan geçmedi,Kampanya,True,Kampanya veya müşteri teklifi sinyali içeriyor.,Poor,False,title_too_short,,2026-06-16T12:55:39.209509+00:00
RIAUD-da72faaca26e,RUN-20260616125527,QNB Finansbank,REG-065,QNB Yazar Kasa POS,Kobi Kredisi & Kobi Kredisi Hesaplama | QNB,https://www.qnb.com.tr/kobi-kredileri,https://www.qnb.com.tr/kobi-kredileri,kobi kredisi & kobi kredisi hesaplama | qnb,f5e043c2cb9f1a423ababc128bf3b0f44f01f338d8ba3629110300f8f30172e5,,,,,,Belirsiz,,Tarih yok; varsayılan kapıdan geçmedi.,False,,,Yok,missing,False,2026-05-01,Tarih yok; varsayılan kapıdan geçmedi,Statik Ürün Sayfası,False,"Statik ürün, yardım, giriş veya navigasyon içeriği gibi görünüyor.",Good,False,Tarih yok; varsayılan kapıdan geçmedi,,2026-06-16T12:55:39.437621+00:00
RIAUD-4084b8e3c86f,RUN-20260616125527,QNB Finansbank,REG-065,QNB Yazar Kasa POS,Esnaf Kredisi & Esnaf Kredisi Hesaplama | QNB,https://www.qnb.com.tr/isim-icin/kobi/krediler/esnaf-kredileri,https://www.qnb.com.tr/isim-icin/kobi/krediler/esnaf-kredileri,esnaf kredisi & esnaf kredisi hesaplama | qnb,eb2aa3421102013984b51cb7f8e75f9e99bd987062ae559b8b6d5f4861a02040,,,,,,Belirsiz,,Tarih yok; varsayılan kapıdan geçmedi.,False,,,Yok,missing,False,2026-05-01,Tarih yok; varsayılan kapıdan geçmedi,Statik Ürün Sayfası,False,"Statik ürün, yardım, giriş veya navigasyon içeriği gibi görünüyor.",Good,False,Tarih yok; varsayılan kapıdan geçmedi,,2026-06-16T12:55:39.626175+00:00
RIAUD-0eb0f1382ef3,RUN-20260616125527,QNB Finansbank,REG-065,QNB Yazar Kasa POS,POS Cihazı Başvurusu | QNB,https://www.qnb.com.tr/isim-icin/kobi/kobi-pos-cozumleri/pos,https://www.qnb.com.tr/isim-icin/kobi/kobi-pos-cozumleri/pos,pos cihazı başvurusu | qnb,f07fd23719a94d17f98a35eed6b0a770a37a85b6d068f385d4354e49dde9e18b,,,,,,Belirsiz,,Tarih yok; varsayılan kapıdan geçmedi.,False,,,Yok,missing,False,2026-05-01,Tarih yok; varsayılan kapıdan geçmedi,Kampanya,True,Kampanya veya müşteri teklifi sinyali içeriyor.,Good,False,Tarih yok; varsayılan kapıdan geçmedi,,2026-06-16T12:55:39.822164+00:00
RIAUD-bcddab6d72da,RUN-20260616125527,QNB Finansbank,REG-065,QNB Yazar Kasa POS,LinkPOS | QNB,https://www.qnb.com.tr/linkpos,https://www.qnb.com.tr/linkpos,linkpos | qnb,f365028ce901fda6b7d66176441931aa1e183263431027326fd32320ebe38d5d,,,,,,Belirsiz,,Tarih yok; varsayılan kapıdan geçmedi.,False,,,Yok,missing,False,2026-05-01,Tarih yok; varsayılan kapıdan geçmedi,Kampanya,True,Kampanya veya müşteri teklifi sinyali içeriyor.,Poor,False,title_too_short,,2026-06-16T12:55:39.999443+00:00
RIAUD-932e60250815,RUN-20260616125527,QNB Finansbank,REG-065,QNB Yazar Kasa POS,Sanal POS Başvuru | QNB,https://www.qnb.com.tr/sanal-pos,https://www.qnb.com.tr/sanal-pos,sanal pos başvuru | qnb,27ecea26b58692c0a78696e86899bdbdc5b30480fb9e1b562b84bb6fe03d4431,,,,,,Belirsiz,,Tarih yok; varsayılan kapıdan geçmedi.,False,,,Yok,missing,False,2026-05-01,Tarih yok; varsayılan kapıdan geçmedi,Kampanya,True,Kampanya veya müşteri teklifi sinyali içeriyor.,Good,False,Tarih yok; varsayılan kapıdan geçmedi,,2026-06-16T12:55:40.210369+00:00
RIAUD-fa3dd23ca95c,RUN-20260616125527,QNB Finansbank,REG-065,QNB Yazar Kasa POS,CepPOS | QNB,https://www.qnb.com.tr/isim-icin/kobi/kobi-pos-cozumleri/ceppos,https://www.qnb.com.tr/isim-icin/kobi/kobi-pos-cozumleri/ceppos,ceppos | qnb,19deb2829b90602f1b70a9bc8046a984b65d1ca270ce0803edc1feb7adaa85e8,,,,,,Belirsiz,,Tarih yok; varsayılan kapıdan geçmedi.,False,,,Yok,missing,False,2026-05-01,Tarih yok; varsayılan kapıdan geçmedi,Kampanya,True,Kampanya veya müşteri teklifi sinyali içeriyor.,Poor,False,title_too_short,,2026-06-16T12:55:40.401473+00:00
RIAUD-6d704d9bf060,RUN-20260616125527,QNB Finansbank,REG-065,QNB Yazar Kasa POS,Mobil POS | QNB,https://www.qnb.com.tr/isim-icin/kobi/kobi-pos-cozumleri/mobil-pos,https://www.qnb.com.tr/isim-icin/kobi/kobi-pos-cozumleri/mobil-pos,mobil pos | qnb,74196b2d10358079ac6cd399701245ee6e44975bd0440082e3cbb68c8ff14832,,,,,,Belirsiz,,Tarih yok; varsayılan kapıdan geçmedi.,False,,,Yok,missing,False,2026-05-01,Tarih yok; varsayılan kapıdan geçmedi,Kampanya,True,Kampanya veya müşteri teklifi sinyali içeriyor.,Poor,False,title_too_short,,2026-06-16T12:55:40.579539+00:00
RIAUD-ff2f03b3f7d6,RUN-20260616125527,QNB Finansbank,REG-065,QNB Yazar Kasa POS,Temassız POS | QNB,https://www.qnb.com.tr/isim-icin/kobi/kobi-pos-cozumleri/temassiz-taksitli-pos,https://www.qnb.com.tr/isim-icin/kobi/kobi-pos-cozumleri/temassiz-taksitli-pos,temassız pos | qnb,d035dc9bcc58620e8b80b324595cae4aa7a54a4ed29360407b388df3d28a046d,,,,,,Belirsiz,,Tarih yok; varsayılan kapıdan geçmedi.,False,,,Yok,missing,False,2026-05-01,Tarih yok; varsayılan kapıdan geçmedi,Kampanya,True,Kampanya veya müşteri teklifi sinyali içeriyor.,Poor,False,title_too_short,,2026-06-16T12:55:40.761705+00:00
RIAUD-bde00f735c2a,RUN-20260616125527,QNB Finansbank,REG-065,QNB Yazar Kasa POS,POS Kılavuzu | QNB,https://www.qnb.com.tr/isim-icin/kobi/kobi-pos-cozumleri/pos-kilavuzu,https://www.qnb.com.tr/isim-icin/kobi/kobi-pos-cozumleri/pos-kilavuzu,pos kılavuzu | qnb,7a70c61e5b1f4c9e6a0a31681eb1ffe11bb6b55808eac7ab24b1512dae7e6547,,,,,,Belirsiz,,Tarih yok; varsayılan kapıdan geçmedi.,False,,,Yok,missing,False,2026-05-01,Tarih yok; varsayılan kapıdan geçmedi,Kampanya,True,Kampanya veya müşteri teklifi sinyali içeriyor.,Poor,False,title_too_short,,2026-06-16T12:55:40.976724+00:00
RIAUD-f3db51964dfd,RUN-20260616125527,QNB Finansbank,REG-065,QNB Yazar Kasa POS,Dijital Slip | QNB,https://www.qnb.com.tr/isim-icin/kobi/kobi-pos-cozumleri/dijital-slip,https://www.qnb.com.tr/isim-icin/kobi/kobi-pos-cozumleri/dijital-slip,dijital slip | qnb,0f9f2149d51b79443597117998586a984e64bb7d7358c52a1fee031352c2c921,,,,,,Belirsiz,,Tarih yok; varsayılan kapıdan geçmedi.,False,,,Yok,missing,False,2026-05-01,Tarih yok; varsayılan kapıdan geçmedi,Kampanya,True,Kampanya veya müşteri teklifi sinyali içeriyor.,Poor,False,title_too_short,,2026-06-16T12:55:41.152603+00:00
RIAUD-68f3003e1ad0,RUN-20260616125527,QNB Finansbank,REG-065,QNB Yazar Kasa POS,Kartlar | QNB,https://www.qnb.com.tr/isim-icin/kobi/kobi-ticari-kartlar,https://www.qnb.com.tr/isim-icin/kobi/kobi-ticari-kartlar,kartlar | qnb,bf26f622a76c3665fe64b9120d0276630fd52c4654ec9668fbd255b5d6fad2f1,,,,,,Belirsiz,,Tarih yok; varsayılan kapıdan geçmedi.,False,,,Yok,missing,False,2026-05-01,Tarih yok; varsayılan kapıdan geçmedi,Kampanya,True,Kampanya veya müşteri teklifi sinyali içeriyor.,Poor,False,title_too_short,,2026-06-16T12:55:41.322983+00:00
RIAUD-d354c122d521,RUN-20260616125527,QNB Finansbank,REG-065,QNB Yazar Kasa POS,Kazananlar Kulübü | QNB,https://www.qnb.com.tr/isim-icin/kobi/kazananlar-kulubu,https://www.qnb.com.tr/isim-icin/kobi/kazananlar-kulubu,kazananlar kulübü | qnb,c290176bdbc30d4ad394c28ee403568fde00bc92a04eb9b41988b0804c323ddd,,,,,,Belirsiz,,Tarih yok; varsayılan kapıdan geçmedi.,False,,,Yok,missing,False,2026-05-01,Tarih yok; varsayılan kapıdan geçmedi,Kampanya,True,Kampanya veya müşteri teklifi sinyali içeriyor.,Good,False,Tarih yok; varsayılan kapıdan geçmedi,,2026-06-16T12:55:41.659975+00:00
RIAUD-1070f9ce3315,RUN-20260616125527,QNB Finansbank,REG-065,QNB Yazar Kasa POS,QNB KOBİ Sigortaları,https://www.qnb.com.tr/kobi-sigortalar,https://www.qnb.com.tr/kobi-sigortalar,qnb kobi̇ sigortaları,d24304b541002879e37fb24183982e801ef21087614a1f146787b2a2330208aa,,,,,,Belirsiz,,Tarih yok; varsayılan kapıdan geçmedi.,False,,,Yok,missing,False,2026-05-01,Tarih yok; varsayılan kapıdan geçmedi,Kampanya,True,Kampanya veya müşteri teklifi sinyali içeriyor.,Good,False,Tarih yok; varsayılan kapıdan geçmedi,,2026-06-16T12:55:42.096511+00:00
RIAUD-a9a787d004c9,RUN-20260616125527,QNB Finansbank,REG-065,QNB Yazar Kasa POS,KOBİ'ler için Leasıng ve Factoring Çözümleri | QNB,https://www.qnb.com.tr/kobi-leasing-and-faktoring,https://www.qnb.com.tr/kobi-leasing-and-faktoring,kobi̇'ler için leasıng ve factoring çözümleri | qnb,eb7afe403e7050fb09a0e2a9e677d8cb78776a6e3e21bf8a36b6743520a7ef97,,,,,,Belirsiz,,Tarih yok; varsayılan kapıdan geçmedi.,False,,,Yok,missing,False,2026-05-01,Tarih yok; varsayılan kapıdan geçmedi,Kampanya,True,Kampanya veya müşteri teklifi sinyali içeriyor.,Good,False,Tarih yok; varsayılan kapıdan geçmedi,,2026-06-16T12:55:42.427819+00:00
RIAUD-439746cbdf07,RUN-20260616125527,QNB Finansbank,REG-064,QNB POS,KOBİ Kampanyaları | QNB,https://www.qnb.com.tr/kampanyalar/kobi-kampanyalari,https://www.qnb.com.tr/kampanyalar/kobi-kampanyalari,kobi̇ kampanyaları | qnb,af30b1020adff5b1f34c390163096d1847f7f66c98ef9adf46ed4aadc8a094dd,,,,,,Belirsiz,,Tarih yok; varsayılan kapıdan geçmedi.,False,,,Yok,missing,False,2026-05-01,Tarih yok; varsayılan kapıdan geçmedi,Kampanya,True,Kampanya veya müşteri teklifi sinyali içeriyor.,Medium,False,Tarih yok; varsayılan kapıdan geçmedi,,2026-06-16T12:55:42.760517+00:00
RIAUD-be43fe292a48,RUN-20260616125527,QNB Finansbank,REG-064,QNB POS,Düzenli Tahsilat Kolay | QNB,https://www.qnb.com.tr/isim-icin/kobi/kobi-pos-cozumleri/tahsilat-kolay,https://www.qnb.com.tr/isim-icin/kobi/kobi-pos-cozumleri/tahsilat-kolay,düzenli tahsilat kolay | qnb,c422122e1d4d89a44ef74438b02fcfc4e41482f6ca956956d6638d14b58799fa,,,,,,Belirsiz,,Tarih yok; varsayılan kapıdan geçmedi.,False,,,Yok,missing,False,2026-05-01,Tarih yok; varsayılan kapıdan geçmedi,Kampanya,True,Kampanya veya müşteri teklifi sinyali içeriyor.,Good,False,Tarih yok; varsayılan kapıdan geçmedi,,2026-06-16T12:55:43.117717+00:00
RIAUD-49611765b3fb,RUN-20260616125527,QNB Finansbank,REG-064,QNB POS,Kobiler İçin Mevduat Hesabı - Yatırım Ürünleri | QNB,https://www.qnb.com.tr/isim-icin/kobi/mevduat-ve-yatirim-urunleri,https://www.qnb.com.tr/isim-icin/kobi/mevduat-ve-yatirim-urunleri,kobiler i̇çin mevduat hesabı - yatırım ürünleri | qnb,683a49f511503622f61e76ebf9a7ba6c5e55f5657e9d13696996d3d451bc4785,,,,,,Belirsiz,,Tarih yok; varsayılan kapıdan geçmedi.,False,,,Yok,missing,False,2026-05-01,Tarih yok; varsayılan kapıdan geçmedi,Kampanya,True,Kampanya veya müşteri teklifi sinyali içeriyor.,Medium,False,Tarih yok; varsayılan kapıdan geçmedi,,2026-06-16T12:55:43.554056+00:00
RIAUD-33b8f84c0751,RUN-20260616125527,QNB Finansbank,REG-064,QNB POS,Link POS & Sanal POS Üye İşyeri Giriş Ekranı | QNB,https://www.qnb.com.tr/isim-icin/kobi/kobi-pos-cozumleri/link-pos-and-sanal-pos-uye-isyeri-giris-ekrani,https://www.qnb.com.tr/isim-icin/kobi/kobi-pos-cozumleri/link-pos-and-sanal-pos-uye-isyeri-giris-ekrani,link pos & sanal pos üye i̇şyeri giriş ekranı | qnb,a2ac38e4a19bd66f88cc18e049b9ac2e8c3471391f0a02eaedaf7b0c36fd7667,,,,,,Belirsiz,,Tarih yok; varsayılan kapıdan geçmedi.,False,,,Yok,missing,False,2026-05-01,Tarih yok; varsayılan kapıdan geçmedi,Statik Ürün Sayfası,False,"Statik ürün, yardım, giriş veya navigasyon içeriği gibi görünüyor.",Medium,False,Tarih yok; varsayılan kapıdan geçmedi,,2026-06-16T12:55:43.715722+00:00
RIAUD-1ba9db150f07,RUN-20260616125527,QNB Finansbank,REG-064,QNB POS,POS Başvurusu Şimdi QNB Mobil’de | QNB,https://www.qnb.com.tr/isim-icin/kobi/kobi-pos-cozumleri/pos-basvurusu-qnb-mobilde,https://www.qnb.com.tr/isim-icin/kobi/kobi-pos-cozumleri/pos-basvurusu-qnb-mobilde,pos başvurusu şimdi qnb mobil’de | qnb,c857437d16ebb003123db8d6abcd9c319a95df295472b002b256941f081e648a,,,,,,Belirsiz,,Tarih yok; varsayılan kapıdan geçmedi.,False,,,Yok,missing,False,2026-05-01,Tarih yok; varsayılan kapıdan geçmedi,Kampanya,True,Kampanya veya müşteri teklifi sinyali içeriyor.,Good,False,Tarih yok; varsayılan kapıdan geçmedi,,2026-06-16T12:55:43.878544+00:00
RIAUD-5fdcb442ecfb,RUN-20260616125527,QNB Finansbank,REG-064,QNB POS,Karekod (QR Kod) ile Ödeme Alma | QNB,https://www.qnb.com.tr/isim-icin/kobi/kobi-pos-cozumleri/pos-qr-kod,https://www.qnb.com.tr/isim-icin/kobi/kobi-pos-cozumleri/pos-qr-kod,karekod (qr kod) ile ödeme alma | qnb,e6663ddf4f4db2ac28aac85388d9a755310b7f562400c4234cff76cc836158d2,,,,,,Belirsiz,,Tarih yok; varsayılan kapıdan geçmedi.,False,,,Yok,missing,False,2026-05-01,Tarih yok; varsayılan kapıdan geçmedi,Kampanya,True,Kampanya veya müşteri teklifi sinyali içeriyor.,Good,False,Tarih yok; varsayılan kapıdan geçmedi,,2026-06-16T12:55:44.035128+00:00
RIAUD-5fc58b20490c,RUN-20260616125527,QNB Finansbank,REG-064,QNB POS,KOBİ Nakit Yönetim ve Tahsilat Ürünleri | QNB,https://www.qnb.com.tr/kobi-nakit-yonetimi-ve-tahsilat-urunleri,https://www.qnb.com.tr/kobi-nakit-yonetimi-ve-tahsilat-urunleri,kobi̇ nakit yönetim ve tahsilat ürünleri | qnb,7d520fda74d321cfdabf71424638a7832837f33bd332310baf5a0ab26bbfe0fa,,,,,,Belirsiz,,Tarih yok; varsayılan kapıdan geçmedi.,False,,,Yok,missing,False,2026-05-01,Tarih yok; varsayılan kapıdan geçmedi,Kampanya,True,Kampanya veya müşteri teklifi sinyali içeriyor.,Good,False,Tarih yok; varsayılan kapıdan geçmedi,,2026-06-16T12:55:44.191078+00:00
RIAUD-f88f41b3360b,RUN-20260616125527,QNB Finansbank,REG-064,QNB POS,Kobiler İçin Diğer Hizmetler ve Ürünler | QNB,https://www.qnb.com.tr/kobi-diger-hizmetler-ve-urunler,https://www.qnb.com.tr/kobi-diger-hizmetler-ve-urunler,kobiler i̇çin diğer hizmetler ve ürünler | qnb,81a47e6869026212a9af96cee27980725f98573b645ad16972ef5ab2de2a1910,,,,,,Belirsiz,,Tarih yok; varsayılan kapıdan geçmedi.,False,,,Yok,missing,False,2026-05-01,Tarih yok; varsayılan kapıdan geçmedi,Kampanya,True,Kampanya veya müşteri teklifi sinyali içeriyor.,Medium,False,Tarih yok; varsayılan kapıdan geçmedi,,2026-06-16T12:55:44.442730+00:00
RIAUD-05d9f73919d4,RUN-20260616125527,QNB Finansbank,REG-064,QNB POS,Findeks Ticari Paketleri | QNB,https://www.qnb.com.tr/isim-icin/kobi/findeks-ticari-paketleri,https://www.qnb.com.tr/isim-icin/kobi/findeks-ticari-paketleri,findeks ticari paketleri | qnb,002376c5b39a7bf9f307db09bda2ebff44b0fc43b74995a9dd28ce100611ce9d,,,,,,Belirsiz,,Tarih yok; varsayılan kapıdan geçmedi.,False,,,Yok,missing,False,2026-05-01,Tarih yok; varsayılan kapıdan geçmedi,Kampanya,True,Kampanya veya müşteri teklifi sinyali içeriyor.,Good,False,Tarih yok; varsayılan kapıdan geçmedi,,2026-06-16T12:55:44.610360+00:00
RIAUD-1beccbf6b78c,RUN-20260616125527,QNB Finansbank,REG-064,QNB POS,İşletmeler İçin Bankacılık Çözümleri | QNB,https://www.qnb.com.tr/isim-icin,https://www.qnb.com.tr/isim-icin,i̇şletmeler i̇çin bankacılık çözümleri | qnb,21ff048b95a6eb200cb4a668848f258c6a0d163a5a1bc64220e2e51f89fcf3fb,,,,,,Belirsiz,,Tarih yok; varsayılan kapıdan geçmedi.,False,,,Yok,missing,False,2026-05-01,Tarih yok; varsayılan kapıdan geçmedi,Kampanya,True,Kampanya veya müşteri teklifi sinyali içeriyor.,Poor,False,detail_text_too_short,,2026-06-16T12:55:44.779651+00:00
RIAUD-cbc0b85edeab,RUN-20260616125527,QNB Finansbank,REG-064,QNB POS,KOBİ | QNB,https://www.qnb.com.tr/isim-icin/kobi,https://www.qnb.com.tr/isim-icin/kobi,kobi̇ | qnb,7dcff5dc90b37717762781121829214a3ecf820fcec3d688c4d33f87e2feb85f,,,,,,Belirsiz,,Tarih yok; varsayılan kapıdan geçmedi.,False,,,Yok,missing,False,2026-05-01,Tarih yok; varsayılan kapıdan geçmedi,Kampanya,True,Kampanya veya müşteri teklifi sinyali içeriyor.,Poor,False,title_too_short,,2026-06-16T12:55:45.061779+00:00
RIAUD-3150376fc691,RUN-20260616125527,QNB Finansbank,REG-064,QNB POS,Kobi POS Çözümleri | QNB,https://www.qnb.com.tr/isim-icin/kobi/kobi-pos-cozumleri,https://www.qnb.com.tr/isim-icin/kobi/kobi-pos-cozumleri,kobi pos çözümleri | qnb,b2a52c411997ebfeabd7eca73445bd87184f24bda86fe279ad8887cb77a99f00,,,,,,Belirsiz,,Tarih yok; varsayılan kapıdan geçmedi.,False,,,Yok,missing,False,2026-05-01,Tarih yok; varsayılan kapıdan geçmedi,Kampanya,True,Kampanya veya müşteri teklifi sinyali içeriyor.,Medium,False,Tarih yok; varsayılan kapıdan geçmedi,,2026-06-16T12:55:45.346877+00:00
RIAUD-6d9e1ab702cd,RUN-20260616125527,QNB Finansbank,REG-064,QNB POS,Yazarkasa POS | QNB,https://www.qnb.com.tr/isim-icin/kobi/kobi-pos-cozumleri/yazar-kasa-pos,https://www.qnb.com.tr/isim-icin/kobi/kobi-pos-cozumleri/yazar-kasa-pos,yazarkasa pos | qnb,cba7c8bab59409b18e109bed06c77e2e31fd77d796fcd461c5ae1da74e1788ed,,,,,,Belirsiz,,Tarih yok; varsayılan kapıdan geçmedi.,False,,,Yok,missing,False,2026-05-01,Tarih yok; varsayılan kapıdan geçmedi,Kampanya,True,Kampanya veya müşteri teklifi sinyali içeriyor.,Poor,False,title_too_short,,2026-06-16T12:55:45.732133+00:00
RIAUD-8c7a31004d43,RUN-20260616125527,QNB Finansbank,REG-064,QNB POS,Mobil POS | QNB,https://www.qnb.com.tr/isim-icin/kobi/kobi-pos-cozumleri/mobil-pos,https://www.qnb.com.tr/isim-icin/kobi/kobi-pos-cozumleri/mobil-pos,mobil pos | qnb,74196b2d10358079ac6cd399701245ee6e44975bd0440082e3cbb68c8ff14832,,,,,,Belirsiz,,Tarih yok; varsayılan kapıdan geçmedi.,False,,,Yok,missing,False,2026-05-01,Tarih yok; varsayılan kapıdan geçmedi,Kampanya,True,Kampanya veya müşteri teklifi sinyali içeriyor.,Poor,False,title_too_short,,2026-06-16T12:55:45.903048+00:00
RIAUD-43bafa3519e7,RUN-20260616125527,QNB Finansbank,REG-064,QNB POS,Kobi Kredisi & Kobi Kredisi Hesaplama | QNB,https://www.qnb.com.tr/kobi-kredileri,https://www.qnb.com.tr/kobi-kredileri,kobi kredisi & kobi kredisi hesaplama | qnb,f5e043c2cb9f1a423ababc128bf3b0f44f01f338d8ba3629110300f8f30172e5,,,,,,Belirsiz,,Tarih yok; varsayılan kapıdan geçmedi.,False,,,Yok,missing,False,2026-05-01,Tarih yok; varsayılan kapıdan geçmedi,Statik Ürün Sayfası,False,"Statik ürün, yardım, giriş veya navigasyon içeriği gibi görünüyor.",Good,False,Tarih yok; varsayılan kapıdan geçmedi,,2026-06-16T12:55:46.142484+00:00
RIAUD-f49222bbde88,RUN-20260616125527,QNB Finansbank,REG-064,QNB POS,Esnaf Kredisi & Esnaf Kredisi Hesaplama | QNB,https://www.qnb.com.tr/isim-icin/kobi/krediler/esnaf-kredileri,https://www.qnb.com.tr/isim-icin/kobi/krediler/esnaf-kredileri,esnaf kredisi & esnaf kredisi hesaplama | qnb,eb2aa3421102013984b51cb7f8e75f9e99bd987062ae559b8b6d5f4861a02040,,,,,,Belirsiz,,Tarih yok; varsayılan kapıdan geçmedi.,False,,,Yok,missing,False,2026-05-01,Tarih yok; varsayılan kapıdan geçmedi,Statik Ürün Sayfası,False,"Statik ürün, yardım, giriş veya navigasyon içeriği gibi görünüyor.",Good,False,Tarih yok; varsayılan kapıdan geçmedi,,2026-06-16T12:55:46.332218+00:00
RIAUD-beec710889bd,RUN-20260616125527,QNB Finansbank,REG-064,QNB POS,LinkPOS | QNB,https://www.qnb.com.tr/linkpos,https://www.qnb.com.tr/linkpos,linkpos | qnb,f365028ce901fda6b7d66176441931aa1e183263431027326fd32320ebe38d5d,,,,,,Belirsiz,,Tarih yok; varsayılan kapıdan geçmedi.,False,,,Yok,missing,False,2026-05-01,Tarih yok; varsayılan kapıdan geçmedi,Kampanya,True,Kampanya veya müşteri teklifi sinyali içeriyor.,Poor,False,title_too_short,,2026-06-16T12:55:46.513174+00:00
RIAUD-4ca87e029caf,RUN-20260616125527,QNB Finansbank,REG-064,QNB POS,Sanal POS Başvuru | QNB,https://www.qnb.com.tr/sanal-pos,https://www.qnb.com.tr/sanal-pos,sanal pos başvuru | qnb,27ecea26b58692c0a78696e86899bdbdc5b30480fb9e1b562b84bb6fe03d4431,,,,,,Belirsiz,,Tarih yok; varsayılan kapıdan geçmedi.,False,,,Yok,missing,False,2026-05-01,Tarih yok; varsayılan kapıdan geçmedi,Kampanya,True,Kampanya veya müşteri teklifi sinyali içeriyor.,Good,False,Tarih yok; varsayılan kapıdan geçmedi,,2026-06-16T12:55:46.695304+00:00
RIAUD-7897d98c93d3,RUN-20260616125527,QNB Finansbank,REG-064,QNB POS,CepPOS | QNB,https://www.qnb.com.tr/isim-icin/kobi/kobi-pos-cozumleri/ceppos,https://www.qnb.com.tr/isim-icin/kobi/kobi-pos-cozumleri/ceppos,ceppos | qnb,19deb2829b90602f1b70a9bc8046a984b65d1ca270ce0803edc1feb7adaa85e8,,,,,,Belirsiz,,Tarih yok; varsayılan kapıdan geçmedi.,False,,,Yok,missing,False,2026-05-01,Tarih yok; varsayılan kapıdan geçmedi,Kampanya,True,Kampanya veya müşteri teklifi sinyali içeriyor.,Poor,False,title_too_short,,2026-06-16T12:55:46.885965+00:00
RIAUD-ffadf328771c,RUN-20260616125527,QNB Finansbank,REG-064,QNB POS,Temassız POS | QNB,https://www.qnb.com.tr/isim-icin/kobi/kobi-pos-cozumleri/temassiz-taksitli-pos,https://www.qnb.com.tr/isim-icin/kobi/kobi-pos-cozumleri/temassiz-taksitli-pos,temassız pos | qnb,d035dc9bcc58620e8b80b324595cae4aa7a54a4ed29360407b388df3d28a046d,,,,,,Belirsiz,,Tarih yok; varsayılan kapıdan geçmedi.,False,,,Yok,missing,False,2026-05-01,Tarih yok; varsayılan kapıdan geçmedi,Kampanya,True,Kampanya veya müşteri teklifi sinyali içeriyor.,Poor,False,title_too_short,,2026-06-16T12:55:47.052583+00:00
RIAUD-a1ecc98bb7d3,RUN-20260616125527,QNB Finansbank,REG-064,QNB POS,POS Kılavuzu | QNB,https://www.qnb.com.tr/isim-icin/kobi/kobi-pos-cozumleri/pos-kilavuzu,https://www.qnb.com.tr/isim-icin/kobi/kobi-pos-cozumleri/pos-kilavuzu,pos kılavuzu | qnb,7a70c61e5b1f4c9e6a0a31681eb1ffe11bb6b55808eac7ab24b1512dae7e6547,,,,,,Belirsiz,,Tarih yok; varsayılan kapıdan geçmedi.,False,,,Yok,missing,False,2026-05-01,Tarih yok; varsayılan kapıdan geçmedi,Kampanya,True,Kampanya veya müşteri teklifi sinyali içeriyor.,Poor,False,title_too_short,,2026-06-16T12:55:47.243417+00:00
RIAUD-22559f246390,RUN-20260616125527,QNB Finansbank,REG-064,QNB POS,Dijital Slip | QNB,https://www.qnb.com.tr/isim-icin/kobi/kobi-pos-cozumleri/dijital-slip,https://www.qnb.com.tr/isim-icin/kobi/kobi-pos-cozumleri/dijital-slip,dijital slip | qnb,0f9f2149d51b79443597117998586a984e64bb7d7358c52a1fee031352c2c921,,,,,,Belirsiz,,Tarih yok; varsayılan kapıdan geçmedi.,False,,,Yok,missing,False,2026-05-01,Tarih yok; varsayılan kapıdan geçmedi,Kampanya,True,Kampanya veya müşteri teklifi sinyali içeriyor.,Poor,False,title_too_short,,2026-06-16T12:55:47.406641+00:00
RIAUD-e5b4c752330a,RUN-20260616125527,QNB Finansbank,REG-064,QNB POS,Kartlar | QNB,https://www.qnb.com.tr/isim-icin/kobi/kobi-ticari-kartlar,https://www.qnb.com.tr/isim-icin/kobi/kobi-ticari-kartlar,kartlar | qnb,bf26f622a76c3665fe64b9120d0276630fd52c4654ec9668fbd255b5d6fad2f1,,,,,,Belirsiz,,Tarih yok; varsayılan kapıdan geçmedi.,False,,,Yok,missing,False,2026-05-01,Tarih yok; varsayılan kapıdan geçmedi,Kampanya,True,Kampanya veya müşteri teklifi sinyali içeriyor.,Poor,False,title_too_short,,2026-06-16T12:55:47.580234+00:00
RIAUD-b6f42da922b5,RUN-20260616125527,QNB Finansbank,REG-064,QNB POS,Kazananlar Kulübü | QNB,https://www.qnb.com.tr/isim-icin/kobi/kazananlar-kulubu,https://www.qnb.com.tr/isim-icin/kobi/kazananlar-kulubu,kazananlar kulübü | qnb,c290176bdbc30d4ad394c28ee403568fde00bc92a04eb9b41988b0804c323ddd,,,,,,Belirsiz,,Tarih yok; varsayılan kapıdan geçmedi.,False,,,Yok,missing,False,2026-05-01,Tarih yok; varsayılan kapıdan geçmedi,Kampanya,True,Kampanya veya müşteri teklifi sinyali içeriyor.,Good,False,Tarih yok; varsayılan kapıdan geçmedi,,2026-06-16T12:55:47.861992+00:00
RIAUD-fd7b1c32bf28,RUN-20260616125527,QNB Finansbank,REG-064,QNB POS,QNB KOBİ Sigortaları,https://www.qnb.com.tr/kobi-sigortalar,https://www.qnb.com.tr/kobi-sigortalar,qnb kobi̇ sigortaları,d24304b541002879e37fb24183982e801ef21087614a1f146787b2a2330208aa,,,,,,Belirsiz,,Tarih yok; varsayılan kapıdan geçmedi.,False,,,Yok,missing,False,2026-05-01,Tarih yok; varsayılan kapıdan geçmedi,Kampanya,True,Kampanya veya müşteri teklifi sinyali içeriyor.,Good,False,Tarih yok; varsayılan kapıdan geçmedi,,2026-06-16T12:55:48.160576+00:00
RIAUD-327501b366a2,RUN-20260616125527,QNB Finansbank,REG-064,QNB POS,KOBİ'ler için Leasıng ve Factoring Çözümleri | QNB,https://www.qnb.com.tr/kobi-leasing-and-faktoring,https://www.qnb.com.tr/kobi-leasing-and-faktoring,kobi̇'ler için leasıng ve factoring çözümleri | qnb,eb7afe403e7050fb09a0e2a9e677d8cb78776a6e3e21bf8a36b6743520a7ef97,,,,,,Belirsiz,,Tarih yok; varsayılan kapıdan geçmedi.,False,,,Yok,missing,False,2026-05-01,Tarih yok; varsayılan kapıdan geçmedi,Kampanya,True,Kampanya veya müşteri teklifi sinyali içeriyor.,Good,False,Tarih yok; varsayılan kapıdan geçmedi,,2026-06-16T12:55:48.488038+00:00
RIAUD-30edef11cfcd,RUN-20260616125527,QNB Finansbank,REG-063,QNB KOBİ POS Çözümleri,KOBİ Kampanyaları | QNB,https://www.qnb.com.tr/kampanyalar/kobi-kampanyalari,https://www.qnb.com.tr/kampanyalar/kobi-kampanyalari,kobi̇ kampanyaları | qnb,af30b1020adff5b1f34c390163096d1847f7f66c98ef9adf46ed4aadc8a094dd,,,,,,Belirsiz,,Tarih yok; varsayılan kapıdan geçmedi.,False,,,Yok,missing,False,2026-05-01,Tarih yok; varsayılan kapıdan geçmedi,Kampanya,True,Kampanya veya müşteri teklifi sinyali içeriyor.,Medium,False,Tarih yok; varsayılan kapıdan geçmedi,,2026-06-16T12:55:48.782598+00:00
RIAUD-fa4570985065,RUN-20260616125527,QNB Finansbank,REG-063,QNB KOBİ POS Çözümleri,Link POS & Sanal POS Üye İşyeri Giriş Ekranı | QNB,https://www.qnb.com.tr/isim-icin/kobi/kobi-pos-cozumleri/link-pos-and-sanal-pos-uye-isyeri-giris-ekrani,https://www.qnb.com.tr/isim-icin/kobi/kobi-pos-cozumleri/link-pos-and-sanal-pos-uye-isyeri-giris-ekrani,link pos & sanal pos üye i̇şyeri giriş ekranı | qnb,a2ac38e4a19bd66f88cc18e049b9ac2e8c3471391f0a02eaedaf7b0c36fd7667,,,,,,Belirsiz,,Tarih yok; varsayılan kapıdan geçmedi.,False,,,Yok,missing,False,2026-05-01,Tarih yok; varsayılan kapıdan geçmedi,Statik Ürün Sayfası,False,"Statik ürün, yardım, giriş veya navigasyon içeriği gibi görünüyor.",Medium,False,Tarih yok; varsayılan kapıdan geçmedi,,2026-06-16T12:55:48.957986+00:00
RIAUD-5b97fe41baed,RUN-20260616125527,QNB Finansbank,REG-063,QNB KOBİ POS Çözümleri,POS Başvurusu Şimdi QNB Mobil’de | QNB,https://www.qnb.com.tr/isim-icin/kobi/kobi-pos-cozumleri/pos-basvurusu-qnb-mobilde,https://www.qnb.com.tr/isim-icin/kobi/kobi-pos-cozumleri/pos-basvurusu-qnb-mobilde,pos başvurusu şimdi qnb mobil’de | qnb,c857437d16ebb003123db8d6abcd9c319a95df295472b002b256941f081e648a,,,,,,Belirsiz,,Tarih yok; varsayılan kapıdan geçmedi.,False,,,Yok,missing,False,2026-05-01,Tarih yok; varsayılan kapıdan geçmedi,Kampanya,True,Kampanya veya müşteri teklifi sinyali içeriyor.,Good,False,Tarih yok; varsayılan kapıdan geçmedi,,2026-06-16T12:55:49.237458+00:00
RIAUD-b21afc9f937c,RUN-20260616125527,QNB Finansbank,REG-063,QNB KOBİ POS Çözümleri,Karekod (QR Kod) ile Ödeme Alma | QNB,https://www.qnb.com.tr/isim-icin/kobi/kobi-pos-cozumleri/pos-qr-kod,https://www.qnb.com.tr/isim-icin/kobi/kobi-pos-cozumleri/pos-qr-kod,karekod (qr kod) ile ödeme alma | qnb,e6663ddf4f4db2ac28aac85388d9a755310b7f562400c4234cff76cc836158d2,,,,,,Belirsiz,,Tarih yok; varsayılan kapıdan geçmedi.,False,,,Yok,missing,False,2026-05-01,Tarih yok; varsayılan kapıdan geçmedi,Kampanya,True,Kampanya veya müşteri teklifi sinyali içeriyor.,Good,False,Tarih yok; varsayılan kapıdan geçmedi,,2026-06-16T12:55:49.414899+00:00
RIAUD-c81840deccbf,RUN-20260616125527,QNB Finansbank,REG-063,QNB KOBİ POS Çözümleri,Düzenli Tahsilat Kolay | QNB,https://www.qnb.com.tr/isim-icin/kobi/kobi-pos-cozumleri/tahsilat-kolay,https://www.qnb.com.tr/isim-icin/kobi/kobi-pos-cozumleri/tahsilat-kolay,düzenli tahsilat kolay | qnb,c422122e1d4d89a44ef74438b02fcfc4e41482f6ca956956d6638d14b58799fa,,,,,,Belirsiz,,Tarih yok; varsayılan kapıdan geçmedi.,False,,,Yok,missing,False,2026-05-01,Tarih yok; varsayılan kapıdan geçmedi,Kampanya,True,Kampanya veya müşteri teklifi sinyali içeriyor.,Good,False,Tarih yok; varsayılan kapıdan geçmedi,,2026-06-16T12:55:49.614990+00:00
RIAUD-bc43b2cd2f16,RUN-20260616125527,QNB Finansbank,REG-063,QNB KOBİ POS Çözümleri,İşletmeler İçin Bankacılık Çözümleri | QNB,https://www.qnb.com.tr/isim-icin,https://www.qnb.com.tr/isim-icin,i̇şletmeler i̇çin bankacılık çözümleri | qnb,21ff048b95a6eb200cb4a668848f258c6a0d163a5a1bc64220e2e51f89fcf3fb,,,,,,Belirsiz,,Tarih yok; varsayılan kapıdan geçmedi.,False,,,Yok,missing,False,2026-05-01,Tarih yok; varsayılan kapıdan geçmedi,Kampanya,True,Kampanya veya müşteri teklifi sinyali içeriyor.,Poor,False,detail_text_too_short,,2026-06-16T12:55:49.802410+00:00
RIAUD-e86e0dcd031b,RUN-20260616125527,QNB Finansbank,REG-063,QNB KOBİ POS Çözümleri,KOBİ | QNB,https://www.qnb.com.tr/isim-icin/kobi,https://www.qnb.com.tr/isim-icin/kobi,kobi̇ | qnb,7dcff5dc90b37717762781121829214a3ecf820fcec3d688c4d33f87e2feb85f,,,,,,Belirsiz,,Tarih yok; varsayılan kapıdan geçmedi.,False,,,Yok,missing,False,2026-05-01,Tarih yok; varsayılan kapıdan geçmedi,Kampanya,True,Kampanya veya müşteri teklifi sinyali içeriyor.,Poor,False,title_too_short,,2026-06-16T12:55:50.117025+00:00
RIAUD-a0957c214d30,RUN-20260616125527,QNB Finansbank,REG-063,QNB KOBİ POS Çözümleri,POS Cihazı Başvurusu | QNB,https://www.qnb.com.tr/isim-icin/kobi/kobi-pos-cozumleri/pos,https://www.qnb.com.tr/isim-icin/kobi/kobi-pos-cozumleri/pos,pos cihazı başvurusu | qnb,f07fd23719a94d17f98a35eed6b0a770a37a85b6d068f385d4354e49dde9e18b,,,,,,Belirsiz,,Tarih yok; varsayılan kapıdan geçmedi.,False,,,Yok,missing,False,2026-05-01,Tarih yok; varsayılan kapıdan geçmedi,Kampanya,True,Kampanya veya müşteri teklifi sinyali içeriyor.,Good,False,Tarih yok; varsayılan kapıdan geçmedi,,2026-06-16T12:55:50.302650+00:00
RIAUD-7f34ea6441ec,RUN-20260616125527,QNB Finansbank,REG-063,QNB KOBİ POS Çözümleri,Yazarkasa POS | QNB,https://www.qnb.com.tr/isim-icin/kobi/kobi-pos-cozumleri/yazar-kasa-pos,https://www.qnb.com.tr/isim-icin/kobi/kobi-pos-cozumleri/yazar-kasa-pos,yazarkasa pos | qnb,cba7c8bab59409b18e109bed06c77e2e31fd77d796fcd461c5ae1da74e1788ed,,,,,,Belirsiz,,Tarih yok; varsayılan kapıdan geçmedi.,False,,,Yok,missing,False,2026-05-01,Tarih yok; varsayılan kapıdan geçmedi,Kampanya,True,Kampanya veya müşteri teklifi sinyali içeriyor.,Poor,False,title_too_short,,2026-06-16T12:55:50.508246+00:00
RIAUD-418fa7be2d36,RUN-20260616125527,QNB Finansbank,REG-063,QNB KOBİ POS Çözümleri,LinkPOS | QNB,https://www.qnb.com.tr/linkpos,https://www.qnb.com.tr/linkpos,linkpos | qnb,f365028ce901fda6b7d66176441931aa1e183263431027326fd32320ebe38d5d,,,,,,Belirsiz,,Tarih yok; varsayılan kapıdan geçmedi.,False,,,Yok,missing,False,2026-05-01,Tarih yok; varsayılan kapıdan geçmedi,Kampanya,True,Kampanya veya müşteri teklifi sinyali içeriyor.,Poor,False,title_too_short,,2026-06-16T12:55:50.693850+00:00
RIAUD-7ab16b6076cc,RUN-20260616125527,QNB Finansbank,REG-063,QNB KOBİ POS Çözümleri,Sanal POS Başvuru | QNB,https://www.qnb.com.tr/sanal-pos,https://www.qnb.com.tr/sanal-pos,sanal pos başvuru | qnb,27ecea26b58692c0a78696e86899bdbdc5b30480fb9e1b562b84bb6fe03d4431,,,,,,Belirsiz,,Tarih yok; varsayılan kapıdan geçmedi.,False,,,Yok,missing,False,2026-05-01,Tarih yok; varsayılan kapıdan geçmedi,Kampanya,True,Kampanya veya müşteri teklifi sinyali içeriyor.,Good,False,Tarih yok; varsayılan kapıdan geçmedi,,2026-06-16T12:55:50.871668+00:00
RIAUD-9d4d263e945d,RUN-20260616125527,QNB Finansbank,REG-063,QNB KOBİ POS Çözümleri,CepPOS | QNB,https://www.qnb.com.tr/isim-icin/kobi/kobi-pos-cozumleri/ceppos,https://www.qnb.com.tr/isim-icin/kobi/kobi-pos-cozumleri/ceppos,ceppos | qnb,19deb2829b90602f1b70a9bc8046a984b65d1ca270ce0803edc1feb7adaa85e8,,,,,,Belirsiz,,Tarih yok; varsayılan kapıdan geçmedi.,False,,,Yok,missing,False,2026-05-01,Tarih yok; varsayılan kapıdan geçmedi,Kampanya,True,Kampanya veya müşteri teklifi sinyali içeriyor.,Poor,False,title_too_short,,2026-06-16T12:55:51.089363+00:00
RIAUD-b3ce15916dba,RUN-20260616125527,QNB Finansbank,REG-063,QNB KOBİ POS Çözümleri,CepPOS | QNB,https://www.qnb.com.tr/isim-icin/kobi/kobi-pos-cozumleri/ceppos#pos_basvuru,https://www.qnb.com.tr/isim-icin/kobi/kobi-pos-cozumleri/ceppos,ceppos | qnb,19deb2829b90602f1b70a9bc8046a984b65d1ca270ce0803edc1feb7adaa85e8,,,,,,Belirsiz,,Tarih yok; varsayılan kapıdan geçmedi.,False,,,Yok,missing,False,2026-05-01,Tarih yok; varsayılan kapıdan geçmedi,Kampanya,True,Kampanya veya müşteri teklifi sinyali içeriyor.,Poor,False,title_too_short,,2026-06-16T12:55:51.289553+00:00
RIAUD-16f9c2b38971,RUN-20260616125527,QNB Finansbank,REG-063,QNB KOBİ POS Çözümleri,Mobil POS | QNB,https://www.qnb.com.tr/isim-icin/kobi/kobi-pos-cozumleri/mobil-pos,https://www.qnb.com.tr/isim-icin/kobi/kobi-pos-cozumleri/mobil-pos,mobil pos | qnb,74196b2d10358079ac6cd399701245ee6e44975bd0440082e3cbb68c8ff14832,,,,,,Belirsiz,,Tarih yok; varsayılan kapıdan geçmedi.,False,,,Yok,missing,False,2026-05-01,Tarih yok; varsayılan kapıdan geçmedi,Kampanya,True,Kampanya veya müşteri teklifi sinyali içeriyor.,Poor,False,title_too_short,,2026-06-16T12:55:51.454307+00:00
RIAUD-5298f5e91f27,RUN-20260616125527,QNB Finansbank,REG-063,QNB KOBİ POS Çözümleri,Temassız POS | QNB,https://www.qnb.com.tr/isim-icin/kobi/kobi-pos-cozumleri/temassiz-taksitli-pos,https://www.qnb.com.tr/isim-icin/kobi/kobi-pos-cozumleri/temassiz-taksitli-pos,temassız pos | qnb,d035dc9bcc58620e8b80b324595cae4aa7a54a4ed29360407b388df3d28a046d,,,,,,Belirsiz,,Tarih yok; varsayılan kapıdan geçmedi.,False,,,Yok,missing,False,2026-05-01,Tarih yok; varsayılan kapıdan geçmedi,Kampanya,True,Kampanya veya müşteri teklifi sinyali içeriyor.,Poor,False,title_too_short,,2026-06-16T12:55:51.626160+00:00
RIAUD-00a8dddf103e,RUN-20260616125527,QNB Finansbank,REG-063,QNB KOBİ POS Çözümleri,POS Kılavuzu | QNB,https://www.qnb.com.tr/isim-icin/kobi/kobi-pos-cozumleri/pos-kilavuzu,https://www.qnb.com.tr/isim-icin/kobi/kobi-pos-cozumleri/pos-kilavuzu,pos kılavuzu | qnb,7a70c61e5b1f4c9e6a0a31681eb1ffe11bb6b55808eac7ab24b1512dae7e6547,,,,,,Belirsiz,,Tarih yok; varsayılan kapıdan geçmedi.,False,,,Yok,missing,False,2026-05-01,Tarih yok; varsayılan kapıdan geçmedi,Kampanya,True,Kampanya veya müşteri teklifi sinyali içeriyor.,Poor,False,title_too_short,,2026-06-16T12:55:51.806163+00:00
RIAUD-dfbc32b4e71b,RUN-20260616125527,QNB Finansbank,REG-063,QNB KOBİ POS Çözümleri,Dijital Slip | QNB,https://www.qnb.com.tr/isim-icin/kobi/kobi-pos-cozumleri/dijital-slip,https://www.qnb.com.tr/isim-icin/kobi/kobi-pos-cozumleri/dijital-slip,dijital slip | qnb,0f9f2149d51b79443597117998586a984e64bb7d7358c52a1fee031352c2c921,,,,,,Belirsiz,,Tarih yok; varsayılan kapıdan geçmedi.,False,,,Yok,missing,False,2026-05-01,Tarih yok; varsayılan kapıdan geçmedi,Kampanya,True,Kampanya veya müşteri teklifi sinyali içeriyor.,Poor,False,title_too_short,,2026-06-16T12:55:52.115381+00:00
RIAUD-48b096d9d754,RUN-20260616125527,QNB Finansbank,REG-062,QNB Card KOBİ Ticari Kredi Kartı Kampanyaları,Dijital Kanallarımız Üzerinden İlk Kez Ticari Kredi Kartı Alan Müşterilerimize Her Yerde 3 Taksit Fırsatı! | QNB Kredi Kartı,https://www.qnbcard.com.tr/kartlar/ticari-kartlar/qnb-kobi-ticari-kredi-karti/qnb-kobi-ticari-kredi-karti-kampanyalari/dijital-kanallarimiz-uzerinden-ilk-kez-ticari-kredi-karti-alan-musterilerimize-her-yerde-3-taksit-firsati,https://www.qnbcard.com.tr/kartlar/ticari-kartlar/qnb-kobi-ticari-kredi-karti/qnb-kobi-ticari-kredi-karti-kampanyalari/dijital-kanallarimiz-uzerinden-ilk-kez-ticari-kredi-karti-alan-musterilerimize-her-yerde-3-taksit-firsati,dijital kanallarımız üzerinden i̇lk kez ticari kredi kartı alan müşterilerimize her yerde 3 taksit fırsatı! | qnb kredi kartı,dc9bef03f3eb956ad458d71508ae02184398f6e0590d2008d8a4e4939151d0c4,30 Haziran 2026,,,,2026-06-30,Kampanya Bitiş Tarihi,2026-06-30,Sadece kampanya bitiş tarihi bulundu; varsayılan recency kanıtı sayılmadı.,True,Kampanya bitiş tarihi kesim tarihinden sonra; aktif eski kampanya olabilir.,2026-06-30,Yüksek,campaign_end_date,False,2026-05-01,Sadece kampanya bitiş tarihi bulundu; yeni gelişme kanıtı değil,Kampanya,True,Kampanya veya müşteri teklifi sinyali içeriyor.,Good,False,Sadece kampanya bitiş tarihi bulundu; yeni gelişme kanıtı değil,,2026-06-16T12:55:52.356805+00:00
RIAUD-8b095bc8bc32,RUN-20260616125527,QNB Finansbank,REG-062,QNB Card KOBİ Ticari Kredi Kartı Kampanyaları,Dijital Kanallarımız Üzerinden İlk Kez Ticari Kredi Kartı Alan Müşterilerimiz İlk Yıl Ticari Kart Yıllık Üyelik Ücreti Ödemiyor! | QNB Kredi Kartı,https://www.qnbcard.com.tr/kartlar/ticari-kartlar/qnb-kobi-ticari-kredi-karti/qnb-kobi-ticari-kredi-karti-kampanyalari/dijital-kanallarimiz-uzerinden-ilk-kez-ticari-kredi-karti-alan-musterilerimiz-ilk-yil-ticari-kart-yillik-uyelik-ucreti-odemiyor,https://www.qnbcard.com.tr/kartlar/ticari-kartlar/qnb-kobi-ticari-kredi-karti/qnb-kobi-ticari-kredi-karti-kampanyalari/dijital-kanallarimiz-uzerinden-ilk-kez-ticari-kredi-karti-alan-musterilerimiz-ilk-yil-ticari-kart-yillik-uyelik-ucreti-odemiyor,dijital kanallarımız üzerinden i̇lk kez ticari kredi kartı alan müşterilerimiz i̇lk yıl ticari kart yıllık üyelik ücreti ödemiyor! | qnb kredi kartı,8b36cd9102ddb3054db30f16cf8018cdf57b3bd56423fdc07837a1e7546fbdd0,30 Haziran 2026,,,,2026-06-30,Kampanya Bitiş Tarihi,2026-06-30,Sadece kampanya bitiş tarihi bulundu; varsayılan recency kanıtı sayılmadı.,True,Kampanya bitiş tarihi kesim tarihinden sonra; aktif eski kampanya olabilir.,2026-06-30,Yüksek,campaign_end_date,False,2026-05-01,Sadece kampanya bitiş tarihi bulundu; yeni gelişme kanıtı değil,Kampanya,True,Kampanya veya müşteri teklifi sinyali içeriyor.,Good,False,Sadece kampanya bitiş tarihi bulundu; yeni gelişme kanıtı değil,,2026-06-16T12:55:52.699964+00:00
RIAUD-0c01026baa56,RUN-20260616125527,QNB Finansbank,REG-062,QNB Card KOBİ Ticari Kredi Kartı Kampanyaları,Mastercard X Galataport Otopark 1TL Kampanyası | QNB Kredi Kartı,https://www.qnbcard.com.tr/kartlar/ticari-kartlar/qnb-kobi-ticari-kredi-karti/qnb-kobi-ticari-kredi-karti-kampanyalari/mastercard-x-galataport-otopark-1tl-kampanyasi,https://www.qnbcard.com.tr/kartlar/ticari-kartlar/qnb-kobi-ticari-kredi-karti/qnb-kobi-ticari-kredi-karti-kampanyalari/mastercard-x-galataport-otopark-1tl-kampanyasi,mastercard x galataport otopark 1tl kampanyası | qnb kredi kartı,dd722abee5e6b755f240f6a76047b6657750aa40d5f3717b0c82b928faa587ab,13 Kasım 2025 – 30 Haziran 2026,,,2025-11-13,2026-06-30,Kampanya Başlangıç Tarihi,2025-11-13,Kampanya başlangıç tarihi bulundu; recency için kullanıldı.,True,Recency baz tarihi eski; kampanya bitiş tarihi kesim tarihinden sonra görünüyor.,2025-11-13,Yüksek,campaign_start_date,False,2026-05-01,Kesim tarihinden eski: 2025-11-13 < 2026-05-01,Kampanya,True,Kampanya veya müşteri teklifi sinyali içeriyor.,Good,False,Kesim tarihinden eski: 2025-11-13 < 2026-05-01,,2026-06-16T12:55:53.044152+00:00
RIAUD-047a3a2d6bf4,RUN-20260616125527,QNB Finansbank,REG-062,QNB Card KOBİ Ticari Kredi Kartı Kampanyaları,Workinton Sanal Ofis Pratik Paket’te %50 İndirim Fırsatı! | QNB Kredi Kartı,https://www.qnbcard.com.tr/kartlar/ticari-kartlar/qnb-kobi-ticari-kredi-karti/qnb-kobi-ticari-kredi-karti-kampanyalari/workinton-sanal-ofis-pratik-pakette-50-indirim-firsati,https://www.qnbcard.com.tr/kartlar/ticari-kartlar/qnb-kobi-ticari-kredi-karti/qnb-kobi-ticari-kredi-karti-kampanyalari/workinton-sanal-ofis-pratik-pakette-50-indirim-firsati,workinton sanal ofis pratik paket’te %50 i̇ndirim fırsatı! | qnb kredi kartı,3071169a2e637ebd01e6cd0a0b46e85501bd3344ff4e045d3394cfefe4582b62,25.05.2026 – 01.07.2026,,,2026-05-25,2026-07-01,Kampanya Başlangıç Tarihi,2026-05-25,Kampanya başlangıç tarihi bulundu; recency için kullanıldı.,True,Kampanya tarih aralığı bulundu.,2026-05-25,Yüksek,campaign_start_date,True,2026-05-01,Kesim tarihi ve tarih güveni uygun: 2026-05-25,Kampanya,True,Kampanya veya müşteri teklifi sinyali içeriyor.,Good,True,,,2026-06-16T12:55:53.359739+00:00
RIAUD-932ff5121832,RUN-20260616125527,QNB Finansbank,REG-062,QNB Card KOBİ Ticari Kredi Kartı Kampanyaları,Silver Logolu Mastercard Sahiplerine Özel Sabiha Gökçen İç Hatlar Terminali'nde Geçerli Ücretsiz Hızlı Geçiş! | QNB Kredi Kartı,https://www.qnbcard.com.tr/kartlar/ticari-kartlar/qnb-kobi-ticari-kredi-karti/qnb-kobi-ticari-kredi-karti-kampanyalari/silver-logolu-mastercard-sahiplerine-ozel-sabiha-gokcen-ic-hatlar-terminalinde-gecerli-ucretsiz-hizli-gecis,https://www.qnbcard.com.tr/kartlar/ticari-kartlar/qnb-kobi-ticari-kredi-karti/qnb-kobi-ticari-kredi-karti-kampanyalari/silver-logolu-mastercard-sahiplerine-ozel-sabiha-gokcen-ic-hatlar-terminalinde-gecerli-ucretsiz-hizli-gecis,silver logolu mastercard sahiplerine özel sabiha gökçen i̇ç hatlar terminali'nde geçerli ücretsiz hızlı geçiş! | qnb kredi kartı,36c25b8d4d3faaca72a3235dfd8d7aabe52188bf3f0967012de0390eb5bfd07b,31 Aralık 2026,,,,2026-12-31,Kampanya Bitiş Tarihi,2026-12-31,Sadece kampanya bitiş tarihi bulundu; varsayılan recency kanıtı sayılmadı.,True,Kampanya bitiş tarihi kesim tarihinden sonra; aktif eski kampanya olabilir.,2026-12-31,Yüksek,campaign_end_date,False,2026-05-01,Sadece kampanya bitiş tarihi bulundu; yeni gelişme kanıtı değil,Kampanya,True,Kampanya veya müşteri teklifi sinyali içeriyor.,Good,False,Sadece kampanya bitiş tarihi bulundu; yeni gelişme kanıtı değil,,2026-06-16T12:55:53.689395+00:00
RIAUD-e2499d95d651,RUN-20260616125527,QNB Finansbank,REG-062,QNB Card KOBİ Ticari Kredi Kartı Kampanyaları,Folio AI üyeliklerinde %25 indirim! | QNB Kredi Kartı,https://www.qnbcard.com.tr/kartlar/ticari-kartlar/qnb-kobi-ticari-kredi-karti/qnb-kobi-ticari-kredi-karti-kampanyalari/folio-ai-uyeliklerinde-25-indirim,https://www.qnbcard.com.tr/kartlar/ticari-kartlar/qnb-kobi-ticari-kredi-karti/qnb-kobi-ticari-kredi-karti-kampanyalari/folio-ai-uyeliklerinde-25-indirim,folio ai üyeliklerinde %25 indirim! | qnb kredi kartı,74cdce3945bc520a3d105c1827da37c82b023ce8cb9c37e7922c9684ab381ed4,01.06.2026 - 01.07.2026,,,2026-06-01,2026-07-01,Kampanya Başlangıç Tarihi,2026-06-01,Kampanya başlangıç tarihi bulundu; recency için kullanıldı.,True,Kampanya tarih aralığı bulundu.,2026-06-01,Yüksek,campaign_start_date,True,2026-05-01,Kesim tarihi ve tarih güveni uygun: 2026-06-01,Kampanya,True,Kampanya veya müşteri teklifi sinyali içeriyor.,Good,True,,,2026-06-16T12:55:54.035220+00:00
RIAUD-94081a072a5e,RUN-20260616125527,QNB Finansbank,REG-062,QNB Card KOBİ Ticari Kredi Kartı Kampanyaları,Silver Logolu Mastercard Sahiplerine Özel Sabiha Gökçen Dış Hatlar Terminali'nde Geçerli Ücretsiz Hızlı Geçiş! | QNB Kredi Kartı,https://www.qnbcard.com.tr/kartlar/ticari-kartlar/qnb-kobi-ticari-kredi-karti/qnb-kobi-ticari-kredi-karti-kampanyalari/silver-logolu-mastercard-sahiplerine-ozel-sabiha-gokcen-dis-hatlar-terminalinde-gecerli-ucretsiz-hizli-gecis,https://www.qnbcard.com.tr/kartlar/ticari-kartlar/qnb-kobi-ticari-kredi-karti/qnb-kobi-ticari-kredi-karti-kampanyalari/silver-logolu-mastercard-sahiplerine-ozel-sabiha-gokcen-dis-hatlar-terminalinde-gecerli-ucretsiz-hizli-gecis,silver logolu mastercard sahiplerine özel sabiha gökçen dış hatlar terminali'nde geçerli ücretsiz hızlı geçiş! | qnb kredi kartı,d1669cc174d8349a5a4e6d9a3cca49f4b90aa7b1bb6804c715f299ab16171100,31 Aralık 2026,,,,2026-12-31,Kampanya Bitiş Tarihi,2026-12-31,Sadece kampanya bitiş tarihi bulundu; varsayılan recency kanıtı sayılmadı.,True,Kampanya bitiş tarihi kesim tarihinden sonra; aktif eski kampanya olabilir.,2026-12-31,Yüksek,campaign_end_date,False,2026-05-01,Sadece kampanya bitiş tarihi bulundu; yeni gelişme kanıtı değil,Kampanya,True,Kampanya veya müşteri teklifi sinyali içeriyor.,Good,False,Sadece kampanya bitiş tarihi bulundu; yeni gelişme kanıtı değil,,2026-06-16T12:55:54.208875+00:00
RIAUD-e08114663533,RUN-20260622120028,Visa,REG-070,Visa Global Newsroom,"Visa Announces New AI, Stablecoin and Token Innovations to Power Intelligent, Programmable Commerce at Visa Payments Forum",https://usa.visa.com/about-visa/newsroom/press-releases.releaseId.22491.html,https://usa.visa.com/about-visa/newsroom/press-releases.releaseId.22491.html,"visa announces new ai, stablecoin and token innovations to power intelligent, programmable commerce at visa payments forum",bb6a8d085848138a0c241bd26dcd2cfe9baf1c4d3dfea0b5de859fa4302ce367,,,,,,Belirsiz,,Tarih yok; varsayılan kapıdan geçmedi.,False,,,Yok,missing,False,2026-05-01,Tarih yok; varsayılan kapıdan geçmedi,Basın Bülteni,True,Basın/haber kaynağından gelen tekil ve tarihli duyuru adayı.,Medium,False,Tarih yok; varsayılan kapıdan geçmedi,,2026-06-22T12:00:28.623333+00:00
RIAUD-719ed5ac705a,RUN-20260622120028,Visa,REG-070,Visa Global Newsroom,Visa Partners with OpenAI to Power the Next Generation of AI Commerce,https://usa.visa.com/about-visa/newsroom/press-releases.releaseId.22496.html,https://usa.visa.com/about-visa/newsroom/press-releases.releaseId.22496.html,visa partners with openai to power the next generation of ai commerce,9d065e6d1b033dc6376d80238a239dc841096c373a1ad889e76efeec9caf6fd4,,,,,,Belirsiz,,Tarih yok; varsayılan kapıdan geçmedi.,False,,,Yok,missing,False,2026-05-01,Tarih yok; varsayılan kapıdan geçmedi,İş Birliği,True,"İş birliği, mutabakat veya entegrasyon duyurusu içeriyor.",Medium,False,Tarih yok; varsayılan kapıdan geçmedi,,2026-06-22T12:00:28.624632+00:00
RIAUD-41b94575c20d,RUN-20260622120028,Visa,REG-070,Visa Global Newsroom,Visa and Brale Explore Private Stablecoin Settlement for Institutional Payments,https://usa.visa.com/about-visa/newsroom/press-releases.releaseId.22481.html,https://usa.visa.com/about-visa/newsroom/press-releases.releaseId.22481.html,visa and brale explore private stablecoin settlement for institutional payments,00f5414b43ee909131d0b1da04665a8c7cfdeb43337dd3d7255ea1a79fb3e33b,,,,,,Belirsiz,,Tarih yok; varsayılan kapıdan geçmedi.,False,,,Yok,missing,False,2026-05-01,Tarih yok; varsayılan kapıdan geçmedi,Basın Bülteni,True,Basın/haber kaynağından gelen tekil ve tarihli duyuru adayı.,Medium,False,Tarih yok; varsayılan kapıdan geçmedi,,2026-06-22T12:00:28.625963+00:00
RIAUD-5f383f3a82ac,RUN-20260622120028,Visa,REG-070,Visa Global Newsroom,Visa Expands Commercial Solutions Hub with Integration of Visa Accounts Receivable Manager,https://usa.visa.com/about-visa/newsroom/press-releases.releaseId.22471.html,https://usa.visa.com/about-visa/newsroom/press-releases.releaseId.22471.html,visa expands commercial solutions hub with integration of visa accounts receivable manager,d730ba125edd33eeeed7c2cf2201f41dc7dcc9768294fe1029f1173315d8cdee,,,,,,Belirsiz,,Tarih yok; varsayılan kapıdan geçmedi.,False,,,Yok,missing,False,2026-05-01,Tarih yok; varsayılan kapıdan geçmedi,Basın Bülteni,True,Basın/haber kaynağından gelen tekil ve tarihli duyuru adayı.,Medium,False,Tarih yok; varsayılan kapıdan geçmedi,,2026-06-22T12:00:28.627454+00:00
RIAUD-fcb5935f5b77,RUN-20260622120028,Visa,REG-070,Visa Global Newsroom,Men in Blazers Media Network and Visa Team Up to Launch Fan-Powered City Guides Celebrating Soccer Culture and Local Small Businesses,https://usa.visa.com/about-visa/newsroom/press-releases.releaseId.22461.html,https://usa.visa.com/about-visa/newsroom/press-releases.releaseId.22461.html,men in blazers media network and visa team up to launch fan-powered city guides celebrating soccer culture and local small businesses,bf2d00fe3acd99e2496c3ed4e4bab462b07c3947bdea0847218402006550b942,,,,,,Belirsiz,,Tarih yok; varsayılan kapıdan geçmedi.,False,,,Yok,missing,False,2026-05-01,Tarih yok; varsayılan kapıdan geçmedi,Basın Bülteni,True,Basın/haber kaynağından gelen tekil ve tarihli duyuru adayı.,Medium,False,Tarih yok; varsayılan kapıdan geçmedi,,2026-06-22T12:00:28.628832+00:00
RIAUD-b65f931aca35,RUN-20260622120028,Visa,REG-070,Visa Global Newsroom,Visa and Jason Sudeikis Turn the Simplest Goal in Football Into the Biggest Fan Moments at the FIFA World Cup 2026™,https://usa.visa.com/about-visa/newsroom/press-releases.releaseId.22441.html,https://usa.visa.com/about-visa/newsroom/press-releases.releaseId.22441.html,visa and jason sudeikis turn the simplest goal in football into the biggest fan moments at the fifa world cup 2026™,76e53f888b9b1f5734084b7bfce350ecc9a44cd46ed3dba6dac56180679a7144,,,,,,Belirsiz,,Tarih yok; varsayılan kapıdan geçmedi.,False,,,Yok,missing,False,2026-05-01,Tarih yok; varsayılan kapıdan geçmedi,Basın Bülteni,True,Basın/haber kaynağından gelen tekil ve tarihli duyuru adayı.,Medium,False,Tarih yok; varsayılan kapıdan geçmedi,,2026-06-22T12:00:28.630161+00:00
RIAUD-fa5e6613cbb1,RUN-20260622120028,Visa,REG-070,Visa Global Newsroom,"Your Card, Your Security. Tap: A Safer Way to Verify Identity — Visa, Keyno, and Fidelity Bank (Bahamas) Lead the Transformation",https://usa.visa.com/about-visa/newsroom/press-releases.releaseId.22406.html,https://usa.visa.com/about-visa/newsroom/press-releases.releaseId.22406.html,"your card, your security. tap: a safer way to verify identity — visa, keyno, and fidelity bank (bahamas) lead the transformation",97c7bbeda5162483d47980b9e06a61d4e63f007097f2ddbb0421f7696e0eb4a5,,,,,,Belirsiz,,Tarih yok; varsayılan kapıdan geçmedi.,False,,,Yok,missing,False,2026-05-01,Tarih yok; varsayılan kapıdan geçmedi,Basın Bülteni,True,Basın/haber kaynağından gelen tekil ve tarihli duyuru adayı.,Medium,False,Tarih yok; varsayılan kapıdan geçmedi,,2026-06-22T12:00:28.631533+00:00
RIAUD-ce6eb8ba5e13,RUN-20260622120028,Visa,REG-070,Visa Global Newsroom,Visa Announces Expiration and Results of Exchange Offer for Class B-1 and Class B-2 Common Stock,https://usa.visa.com/about-visa/newsroom/press-releases.releaseId.22386.html,https://usa.visa.com/about-visa/newsroom/press-releases.releaseId.22386.html,visa announces expiration and results of exchange offer for class b-1 and class b-2 common stock,cd4a120f1390f07f81e74afb553cad5e8616d00417d52dbc3105f5f301a04c07,,,,,,Belirsiz,,Tarih yok; varsayılan kapıdan geçmedi.,False,,,Yok,missing,False,2026-05-01,Tarih yok; varsayılan kapıdan geçmedi,Basın Bülteni,True,Basın/haber kaynağından gelen tekil ve tarihli duyuru adayı.,Medium,False,Tarih yok; varsayılan kapıdan geçmedi,,2026-06-22T12:00:28.632900+00:00
RIAUD-eccf2fb2aaa2,RUN-20260622120028,Visa,REG-070,Visa Global Newsroom,Visa to Participate in Upcoming Investor Conferences,https://usa.visa.com/about-visa/newsroom/press-releases.releaseId.22376.html,https://usa.visa.com/about-visa/newsroom/press-releases.releaseId.22376.html,visa to participate in upcoming investor conferences,061dba97c50153c77d0fdb882fe9cfb583adf46a2e8326c9300a33a303de89eb,,,,,,Belirsiz,,Tarih yok; varsayılan kapıdan geçmedi.,False,,,Yok,missing,False,2026-05-01,Tarih yok; varsayılan kapıdan geçmedi,Basın Bülteni,True,Basın/haber kaynağından gelen tekil ve tarihli duyuru adayı.,Medium,False,Tarih yok; varsayılan kapıdan geçmedi,,2026-06-22T12:00:28.634199+00:00
RIAUD-3c8608f241c3,RUN-20260622120028,Visa,REG-070,Visa Global Newsroom,See all press releases,https://usa.visa.com/about-visa/newsroom/press-releases-listing.html,https://usa.visa.com/about-visa/newsroom/press-releases-listing.html,see all press releases,3a610450cec6b647c39e30a3b79878232e417a694607ca034a22e4fd85a4cad0,,,,,,Belirsiz,,Tarih yok; varsayılan kapıdan geçmedi.,False,,,Yok,missing,False,2026-05-01,Tarih yok; varsayılan kapıdan geçmedi,Basın Bülteni,True,Basın/haber kaynağından gelen tekil ve tarihli duyuru adayı.,Medium,False,Tarih yok; varsayılan kapıdan geçmedi,,2026-06-22T12:00:28.635457+00:00
RIAUD-8de37a5cc852,RUN-20260622120138,Visa,REG-070,Visa Global Newsroom,"Visa Announces New AI, Stablecoin and Token Innovations to Power Intelligent, Programmable Commerce at Visa Payments Forum | Visa",https://usa.visa.com/about-visa/newsroom/press-releases.releaseId.22491.html,https://usa.visa.com/about-visa/newsroom/press-releases.releaseId.22491.html,"visa announces new ai, stablecoin and token innovations to power intelligent, programmable commerce at visa payments forum | visa",9c00f8d85b749f257f580282335fee346003b236709473d6988c38f182da6f86,6/10/2026,,2026-10-06,,,Duyuru Tarihi,2026-10-06,Duyuru/basın tarihi bulundu; recency için kullanıldı.,False,,2026-10-06,Yüksek,announcement_date,True,2026-05-01,Kesim tarihi ve tarih güveni uygun: 2026-10-06,İş Birliği,True,"İş birliği, mutabakat veya entegrasyon duyurusu içeriyor.",Good,True,,,2026-06-22T12:01:40.806126+00:00
RIAUD-6a325fc6ff06,RUN-20260622120138,Visa,REG-070,Visa Global Newsroom,Visa Partners with OpenAI to Power the Next Generation of AI Commerce | Visa,https://usa.visa.com/about-visa/newsroom/press-releases.releaseId.22496.html,https://usa.visa.com/about-visa/newsroom/press-releases.releaseId.22496.html,visa partners with openai to power the next generation of ai commerce | visa,aea741aa77c40ad08afdf4df8cb9558d4024bfc851e3a7083dd9c296282af9b8,6/10/2026,,2026-10-06,,,Duyuru Tarihi,2026-10-06,Duyuru/basın tarihi bulundu; recency için kullanıldı.,False,,2026-10-06,Yüksek,announcement_date,True,2026-05-01,Kesim tarihi ve tarih güveni uygun: 2026-10-06,İş Birliği,True,"İş birliği, mutabakat veya entegrasyon duyurusu içeriyor.",Good,True,,,2026-06-22T12:01:43.353280+00:00
RIAUD-a83c7a91f468,RUN-20260622120138,Visa,REG-070,Visa Global Newsroom,Visa and Brale Explore Private Stablecoin Settlement for Institutional Payments | Visa,https://usa.visa.com/about-visa/newsroom/press-releases.releaseId.22481.html,https://usa.visa.com/about-visa/newsroom/press-releases.releaseId.22481.html,visa and brale explore private stablecoin settlement for institutional payments | visa,079b566d18abc765bda9792e8ddd1bcd657f4d56470a0867c1320c505668e68d,6/04/2026,,2026-04-06,,,Duyuru Tarihi,2026-04-06,Duyuru/basın tarihi bulundu; recency için kullanıldı.,False,,2026-04-06,Yüksek,announcement_date,False,2026-05-01,Kesim tarihinden eski: 2026-04-06 < 2026-05-01,Ürün / Özellik Gelişmesi,True,"Ürün, API, POS, ödeme, tahsilat veya dijital özellik gelişmesi sinyali içeriyor.",Good,False,Kesim tarihinden eski: 2026-04-06 < 2026-05-01,,2026-06-22T12:01:46.153063+00:00
RIAUD-4cdcfa377f79,RUN-20260622120138,Visa,REG-070,Visa Global Newsroom,Visa Expands Commercial Solutions Hub with Integration of Visa Accounts Receivable Manager | Visa,https://usa.visa.com/about-visa/newsroom/press-releases.releaseId.22471.html,https://usa.visa.com/about-visa/newsroom/press-releases.releaseId.22471.html,visa expands commercial solutions hub with integration of visa accounts receivable manager | visa,b324455ac2b21e6fe4585e8c1273224e54618221f321cc52d478de5b7ee12296,,,,,,Belirsiz,,Tarih yok; varsayılan kapıdan geçmedi.,False,,,Yok,missing,False,2026-05-01,Tarih yok; varsayılan kapıdan geçmedi,İş Birliği,True,"İş birliği, mutabakat veya entegrasyon duyurusu içeriyor.",Good,False,Tarih yok; varsayılan kapıdan geçmedi,,2026-06-22T12:01:48.488147+00:00
RIAUD-0fd45682fb7a,RUN-20260622120138,Visa,REG-070,Visa Global Newsroom,Men in Blazers Media Network and Visa Team Up to Launch Fan-Powered City Guides Celebrating Soccer Culture and Local Small Businesses | Visa,https://usa.visa.com/about-visa/newsroom/press-releases.releaseId.22461.html,https://usa.visa.com/about-visa/newsroom/press-releases.releaseId.22461.html,men in blazers media network and visa team up to launch fan-powered city guides celebrating soccer culture and local small businesses | visa,2eafa1d99cfee09bcd35daa4208cb8c9c2f489ed47de518d5d9c187c2dce4045,,,,,,Belirsiz,,Tarih yok; varsayılan kapıdan geçmedi.,False,,,Yok,missing,False,2026-05-01,Tarih yok; varsayılan kapıdan geçmedi,İş Birliği,True,"İş birliği, mutabakat veya entegrasyon duyurusu içeriyor.",Good,False,Tarih yok; varsayılan kapıdan geçmedi,,2026-06-22T12:01:50.189139+00:00
RIAUD-4d0753bca7c3,RUN-20260622120138,Visa,REG-070,Visa Global Newsroom,Visa and Jason Sudeikis Turn the Simplest Goal in Football Into the Biggest Fan Moments at the FIFA World Cup 2026™ | Visa,https://usa.visa.com/about-visa/newsroom/press-releases.releaseId.22441.html,https://usa.visa.com/about-visa/newsroom/press-releases.releaseId.22441.html,visa and jason sudeikis turn the simplest goal in football into the biggest fan moments at the fifa world cup 2026™ | visa,f1b39fd2cb998fb601118f2051581d521c731d317bc23a4cd1c83c64e285f1c3,,,,,,Belirsiz,,Tarih yok; varsayılan kapıdan geçmedi.,False,,,Yok,missing,False,2026-05-01,Tarih yok; varsayılan kapıdan geçmedi,İş Birliği,True,"İş birliği, mutabakat veya entegrasyon duyurusu içeriyor.",Good,False,Tarih yok; varsayılan kapıdan geçmedi,,2026-06-22T12:01:51.978216+00:00
RIAUD-600ad6724fda,RUN-20260622120138,Visa,REG-070,Visa Global Newsroom,"Your Card, Your Security. Tap: A Safer Way to Verify Identity — Visa, Keyno, and Fidelity Bank (Bahamas) Lead the Transformation | Visa",https://usa.visa.com/about-visa/newsroom/press-releases.releaseId.22406.html,https://usa.visa.com/about-visa/newsroom/press-releases.releaseId.22406.html,"your card, your security. tap: a safer way to verify identity — visa, keyno, and fidelity bank (bahamas) lead the transformation | visa",a553ba782d8311adf5fead62d208cf5900f0e8c304f78ab9ae3c225ed1766db5,5/11/2026,,2026-11-05,,,Duyuru Tarihi,2026-11-05,Duyuru/basın tarihi bulundu; recency için kullanıldı.,False,,2026-11-05,Yüksek,announcement_date,True,2026-05-01,Kesim tarihi ve tarih güveni uygun: 2026-11-05,İş Birliği,True,"İş birliği, mutabakat veya entegrasyon duyurusu içeriyor.",Good,True,,,2026-06-22T12:01:55.012351+00:00
RIAUD-f57055b54ff5,RUN-20260622120138,Visa,REG-070,Visa Global Newsroom,Visa Announces Expiration and Results of Exchange Offer for Class B-1 and Class B-2 Common Stock | Visa,https://usa.visa.com/about-visa/newsroom/press-releases.releaseId.22386.html,https://usa.visa.com/about-visa/newsroom/press-releases.releaseId.22386.html,visa announces expiration and results of exchange offer for class b-1 and class b-2 common stock | visa,688260a0cac41c4eb2305f9f683141298655eb1f56a71a148533923f93547ba9,5/11/2026,,2026-11-05,,,Duyuru Tarihi,2026-11-05,Duyuru/basın tarihi bulundu; recency için kullanıldı.,False,,2026-11-05,Yüksek,announcement_date,True,2026-05-01,Kesim tarihi ve tarih güveni uygun: 2026-11-05,Ürün / Özellik Gelişmesi,True,"Ürün, API, POS, ödeme, tahsilat veya dijital özellik gelişmesi sinyali içeriyor.",Good,True,,,2026-06-22T12:01:56.709505+00:00
RIAUD-bc086afe643a,RUN-20260622120138,Visa,REG-070,Visa Global Newsroom,Visa to Participate in Upcoming Investor Conferences | Visa,https://usa.visa.com/about-visa/newsroom/press-releases.releaseId.22376.html,https://usa.visa.com/about-visa/newsroom/press-releases.releaseId.22376.html,visa to participate in upcoming investor conferences | visa,70c3aaf696ad5d61e74a31991c5fb5c0ab59fb151c7069b6230bf4e335399cca,5/05/2026,,2026-05-05,,,Duyuru Tarihi,2026-05-05,Duyuru/basın tarihi bulundu; recency için kullanıldı.,False,,2026-05-05,Yüksek,announcement_date,True,2026-05-01,Kesim tarihi ve tarih güveni uygun: 2026-05-05,Basın Bülteni,True,Basın/haber kaynağından gelen tekil ve tarihli duyuru adayı.,Good,True,,,2026-06-22T12:01:58.346871+00:00
RIAUD-7ac5b3735193,RUN-20260622120138,Visa,REG-070,Visa Global Newsroom,Press Releases Listing | Visa,https://usa.visa.com/about-visa/newsroom/press-releases-listing.html,https://usa.visa.com/about-visa/newsroom/press-releases-listing.html,press releases listing | visa,b6fbd637c623b28ee10b2abcc801ca8be8e1fd96099613bf5bbddecdc16fe27f,10/06/2026,,2026-06-10,,,Duyuru Tarihi,2026-06-10,Duyuru/basın tarihi bulundu; recency için kullanıldı.,False,,2026-06-10,Yüksek,announcement_date,True,2026-05-01,Kesim tarihi ve tarih güveni uygun: 2026-06-10,İş Birliği,True,"İş birliği, mutabakat veya entegrasyon duyurusu içeriyor.",Good,True,,,2026-06-22T12:01:59.902881+00:00
RIAUD-9760f9c30107,RUN-20260622120545,Visa,REG-070,Visa Global Newsroom,"Visa Announces New AI, Stablecoin and Token Innovations to Power Intelligent, Programmable Commerce at Visa Payments Forum | Visa",https://usa.visa.com/about-visa/newsroom/press-releases.releaseId.22491.html,https://usa.visa.com/about-visa/newsroom/press-releases.releaseId.22491.html,"visa announces new ai, stablecoin and token innovations to power intelligent, programmable commerce at visa payments forum | visa",9c00f8d85b749f257f580282335fee346003b236709473d6988c38f182da6f86,6/10/2026,,2026-06-10,,,Duyuru Tarihi,2026-06-10,Duyuru/basın tarihi bulundu; recency için kullanıldı.,False,,2026-06-10,Yüksek,visa_us_press_date,True,2026-05-01,Kesim tarihi ve tarih güveni uygun: 2026-06-10,İş Birliği,True,"İş birliği, mutabakat veya entegrasyon duyurusu içeriyor.",Good,True,,,2026-06-22T12:05:47.546665+00:00
RIAUD-e14102ce9bf0,RUN-20260622120545,Visa,REG-070,Visa Global Newsroom,Visa Partners with OpenAI to Power the Next Generation of AI Commerce | Visa,https://usa.visa.com/about-visa/newsroom/press-releases.releaseId.22496.html,https://usa.visa.com/about-visa/newsroom/press-releases.releaseId.22496.html,visa partners with openai to power the next generation of ai commerce | visa,aea741aa77c40ad08afdf4df8cb9558d4024bfc851e3a7083dd9c296282af9b8,6/10/2026,,2026-06-10,,,Duyuru Tarihi,2026-06-10,Duyuru/basın tarihi bulundu; recency için kullanıldı.,False,,2026-06-10,Yüksek,visa_us_press_date,True,2026-05-01,Kesim tarihi ve tarih güveni uygun: 2026-06-10,İş Birliği,True,"İş birliği, mutabakat veya entegrasyon duyurusu içeriyor.",Good,True,,,2026-06-22T12:05:49.626307+00:00
RIAUD-0b4b9ca94f75,RUN-20260622120545,Visa,REG-070,Visa Global Newsroom,Visa and Brale Explore Private Stablecoin Settlement for Institutional Payments | Visa,https://usa.visa.com/about-visa/newsroom/press-releases.releaseId.22481.html,https://usa.visa.com/about-visa/newsroom/press-releases.releaseId.22481.html,visa and brale explore private stablecoin settlement for institutional payments | visa,079b566d18abc765bda9792e8ddd1bcd657f4d56470a0867c1320c505668e68d,6/04/2026,,2026-06-04,,,Duyuru Tarihi,2026-06-04,Duyuru/basın tarihi bulundu; recency için kullanıldı.,False,,2026-06-04,Yüksek,visa_us_press_date,True,2026-05-01,Kesim tarihi ve tarih güveni uygun: 2026-06-04,Ürün / Özellik Gelişmesi,True,"Ürün, API, POS, ödeme, tahsilat veya dijital özellik gelişmesi sinyali içeriyor.",Good,True,,,2026-06-22T12:05:51.791515+00:00
RIAUD-20c1aa70c69a,RUN-20260622120545,Visa,REG-070,Visa Global Newsroom,Visa Expands Commercial Solutions Hub with Integration of Visa Accounts Receivable Manager | Visa,https://usa.visa.com/about-visa/newsroom/press-releases.releaseId.22471.html,https://usa.visa.com/about-visa/newsroom/press-releases.releaseId.22471.html,visa expands commercial solutions hub with integration of visa accounts receivable manager | visa,b324455ac2b21e6fe4585e8c1273224e54618221f321cc52d478de5b7ee12296,5/27/2026,,2026-05-27,,,Duyuru Tarihi,2026-05-27,Duyuru/basın tarihi bulundu; recency için kullanıldı.,False,,2026-05-27,Yüksek,visa_us_press_date,True,2026-05-01,Kesim tarihi ve tarih güveni uygun: 2026-05-27,İş Birliği,True,"İş birliği, mutabakat veya entegrasyon duyurusu içeriyor.",Good,True,,,2026-06-22T12:05:53.576730+00:00
RIAUD-54677550f064,RUN-20260622120545,Visa,REG-070,Visa Global Newsroom,"Your Card, Your Security. Tap: A Safer Way to Verify Identity — Visa, Keyno, and Fidelity Bank (Bahamas) Lead the Transformation | Visa",https://usa.visa.com/about-visa/newsroom/press-releases.releaseId.22406.html,https://usa.visa.com/about-visa/newsroom/press-releases.releaseId.22406.html,"your card, your security. tap: a safer way to verify identity — visa, keyno, and fidelity bank (bahamas) lead the transformation | visa",a553ba782d8311adf5fead62d208cf5900f0e8c304f78ab9ae3c225ed1766db5,5/11/2026,,2026-05-11,,,Duyuru Tarihi,2026-05-11,Duyuru/basın tarihi bulundu; recency için kullanıldı.,False,,2026-05-11,Yüksek,visa_us_press_date,True,2026-05-01,Kesim tarihi ve tarih güveni uygun: 2026-05-11,İş Birliği,True,"İş birliği, mutabakat veya entegrasyon duyurusu içeriyor.",Good,True,,,2026-06-22T12:05:55.090199+00:00
RIAUD-12fdccaa39ec,RUN-20260622120722,Visa,REG-070,Visa Global Newsroom,"Visa Announces New AI, Stablecoin and Token Innovations to Power Intelligent, Programmable Commerce at Visa Payments Forum | Visa",https://usa.visa.com/about-visa/newsroom/press-releases.releaseId.22491.html,https://usa.visa.com/about-visa/newsroom/press-releases.releaseId.22491.html,"visa announces new ai, stablecoin and token innovations to power intelligent, programmable commerce at visa payments forum | visa",9c00f8d85b749f257f580282335fee346003b236709473d6988c38f182da6f86,6/10/2026,,2026-06-10,,,Duyuru Tarihi,2026-06-10,Duyuru/basın tarihi bulundu; recency için kullanıldı.,False,,2026-06-10,Yüksek,visa_us_press_date,True,2026-05-01,Kesim tarihi ve tarih güveni uygun: 2026-06-10,İş Birliği,True,"İş birliği, mutabakat veya entegrasyon duyurusu içeriyor.",Good,True,,,2026-06-22T12:07:28.139380+00:00
RIAUD-a9605f6d8846,RUN-20260622120722,Visa,REG-070,Visa Global Newsroom,Visa Partners with OpenAI to Power the Next Generation of AI Commerce | Visa,https://usa.visa.com/about-visa/newsroom/press-releases.releaseId.22496.html,https://usa.visa.com/about-visa/newsroom/press-releases.releaseId.22496.html,visa partners with openai to power the next generation of ai commerce | visa,aea741aa77c40ad08afdf4df8cb9558d4024bfc851e3a7083dd9c296282af9b8,6/10/2026,,2026-06-10,,,Duyuru Tarihi,2026-06-10,Duyuru/basın tarihi bulundu; recency için kullanıldı.,False,,2026-06-10,Yüksek,visa_us_press_date,True,2026-05-01,Kesim tarihi ve tarih güveni uygun: 2026-06-10,İş Birliği,True,"İş birliği, mutabakat veya entegrasyon duyurusu içeriyor.",Good,True,,,2026-06-22T12:07:29.525906+00:00
RIAUD-3d4e54fb5d3d,RUN-20260622120722,Visa,REG-070,Visa Global Newsroom,Visa and Brale Explore Private Stablecoin Settlement for Institutional Payments | Visa,https://usa.visa.com/about-visa/newsroom/press-releases.releaseId.22481.html,https://usa.visa.com/about-visa/newsroom/press-releases.releaseId.22481.html,visa and brale explore private stablecoin settlement for institutional payments | visa,079b566d18abc765bda9792e8ddd1bcd657f4d56470a0867c1320c505668e68d,6/04/2026,,2026-06-04,,,Duyuru Tarihi,2026-06-04,Duyuru/basın tarihi bulundu; recency için kullanıldı.,False,,2026-06-04,Yüksek,visa_us_press_date,True,2026-05-01,Kesim tarihi ve tarih güveni uygun: 2026-06-04,Ürün / Özellik Gelişmesi,True,"Ürün, API, POS, ödeme, tahsilat veya dijital özellik gelişmesi sinyali içeriyor.",Good,True,,,2026-06-22T12:07:31.671392+00:00
RIAUD-e5c37600ecf5,RUN-20260622120722,Visa,REG-070,Visa Global Newsroom,Visa Expands Commercial Solutions Hub with Integration of Visa Accounts Receivable Manager | Visa,https://usa.visa.com/about-visa/newsroom/press-releases.releaseId.22471.html,https://usa.visa.com/about-visa/newsroom/press-releases.releaseId.22471.html,visa expands commercial solutions hub with integration of visa accounts receivable manager | visa,b324455ac2b21e6fe4585e8c1273224e54618221f321cc52d478de5b7ee12296,5/27/2026,,2026-05-27,,,Duyuru Tarihi,2026-05-27,Duyuru/basın tarihi bulundu; recency için kullanıldı.,False,,2026-05-27,Yüksek,visa_us_press_date,True,2026-05-01,Kesim tarihi ve tarih güveni uygun: 2026-05-27,İş Birliği,True,"İş birliği, mutabakat veya entegrasyon duyurusu içeriyor.",Good,True,,,2026-06-22T12:07:34.611690+00:00
RIAUD-9fa9982424f1,RUN-20260622120722,Visa,REG-070,Visa Global Newsroom,"Your Card, Your Security. Tap: A Safer Way to Verify Identity — Visa, Keyno, and Fidelity Bank (Bahamas) Lead the Transformation | Visa",https://usa.visa.com/about-visa/newsroom/press-releases.releaseId.22406.html,https://usa.visa.com/about-visa/newsroom/press-releases.releaseId.22406.html,"your card, your security. tap: a safer way to verify identity — visa, keyno, and fidelity bank (bahamas) lead the transformation | visa",a553ba782d8311adf5fead62d208cf5900f0e8c304f78ab9ae3c225ed1766db5,5/11/2026,,2026-05-11,,,Duyuru Tarihi,2026-05-11,Duyuru/basın tarihi bulundu; recency için kullanıldı.,False,,2026-05-11,Yüksek,visa_us_press_date,True,2026-05-01,Kesim tarihi ve tarih güveni uygun: 2026-05-11,İş Birliği,True,"İş birliği, mutabakat veya entegrasyon duyurusu içeriyor.",Good,True,,,2026-06-22T12:07:37.015004+00:00
RIAUD-db4e3f6501e1,RUN-20260624131427,Garanti BBVA,REG-003,Garanti BBVA Kurumsal communication / press releases,Garanti BBVA TOBFED İş Birliği,https://www.garantibbva.com.tr/content/public-website/kurumsal-iletisim/garanti-bbva-tobfed-is-birligi,https://www.garantibbva.com.tr/content/public-website/kurumsal-iletisim/garanti-bbva-tobfed-is-birligi,garanti bbva tobfed i̇ş birliği,a24aafe826c1a45ecc2760fcebb491baffc149e2dbb60dda00c3b10b859937f4,22 Mayıs 2026,,2026-05-22,,,Duyuru Tarihi,2026-05-22,Duyuru/basın tarihi bulundu; recency için kullanıldı.,False,,2026-05-22,Yüksek,announcement_date,True,2026-05-10,Kesim tarihi ve tarih güveni uygun: 2026-05-22,Kampanya,True,Kampanya veya müşteri teklifi sinyali içeriyor.,Good,False,duplicate_canonical_item_url,RI-69b5a4d8b3c2,2026-06-24T13:14:29.223792+00:00
RIAUD-15440ed8171d,RUN-20260624131427,Garanti BBVA,REG-003,Garanti BBVA Kurumsal communication / press releases,Ödeme İste API ile Tahsilatta Yeni Dönem,https://www.garantibbva.com.tr/content/public-website/kurumsal-iletisim/odeme-iste-api-ile-tahsilatta-yeni-donem,https://www.garantibbva.com.tr/content/public-website/kurumsal-iletisim/odeme-iste-api-ile-tahsilatta-yeni-donem,ödeme i̇ste api ile tahsilatta yeni dönem,68979aa86c2dbfe46a8488cda73f18c7e9e122103556c82936276a5a960b782c,21 Mayıs 2026,,2026-05-21,,,Duyuru Tarihi,2026-05-21,Duyuru/basın tarihi bulundu; recency için kullanıldı.,False,,2026-05-21,Yüksek,announcement_date,True,2026-05-10,Kesim tarihi ve tarih güveni uygun: 2026-05-21,İş Birliği,True,"İş birliği, mutabakat veya entegrasyon duyurusu içeriyor.",Good,False,duplicate_canonical_item_url,RI-c8641a4c3026,2026-06-24T13:14:30.055375+00:00
RIAUD-b1edbeb60825,RUN-20260624131427,Garanti BBVA,REG-003,Garanti BBVA Kurumsal communication / press releases,Garanti BBVA Sürdürülebilirlik Koordinasyonu,https://www.garantibbva.com.tr/content/public-website/kurumsal-iletisim/garanti-bbva-surdurulebilirlik-koordinasyonu,https://www.garantibbva.com.tr/content/public-website/kurumsal-iletisim/garanti-bbva-surdurulebilirlik-koordinasyonu,garanti bbva sürdürülebilirlik koordinasyonu,571e94b381392fa365b33a3d0da34883b48fdd6e11f1ce4c2324905100ce4ceb,17 Haziran 2026,,2026-06-17,,,Duyuru Tarihi,2026-06-17,Duyuru/basın tarihi bulundu; recency için kullanıldı.,False,,2026-06-17,Yüksek,announcement_date,True,2026-05-10,Kesim tarihi ve tarih güveni uygun: 2026-06-17,Ürün / Özellik Gelişmesi,True,"Ürün, API, POS, ödeme, tahsilat veya dijital özellik gelişmesi sinyali içeriyor.",Good,True,,,2026-06-24T13:14:30.615850+00:00
RIAUD-e3706547e534,RUN-20260624131427,Garanti BBVA,REG-003,Garanti BBVA Kurumsal communication / press releases,Sorumlu Tedarik Zinciri Bağımsız Güvence ve Uyum Raporu,https://www.garantibbva.com.tr/content/public-website/kurumsal-iletisim/sorumlu-tedarik-zinciri-bagimsiz-guvence-ve-uyum-raporu,https://www.garantibbva.com.tr/content/public-website/kurumsal-iletisim/sorumlu-tedarik-zinciri-bagimsiz-guvence-ve-uyum-raporu,sorumlu tedarik zinciri bağımsız güvence ve uyum raporu,b49972bb8ecaf73f55d69eb672a16906e26c463209349c5eb9c6e7883ef94218,16 Haziran 2026,,2026-06-16,,,Duyuru Tarihi,2026-06-16,Duyuru/basın tarihi bulundu; recency için kullanıldı.,False,,2026-06-16,Yüksek,announcement_date,True,2026-05-10,Kesim tarihi ve tarih güveni uygun: 2026-06-16,Ürün / Özellik Gelişmesi,True,"Ürün, API, POS, ödeme, tahsilat veya dijital özellik gelişmesi sinyali içeriyor.",Good,False,duplicate_canonical_item_url,RI-b9524814913f,2026-06-24T13:14:31.282224+00:00
RIAUD-3b502ef0eaa0,RUN-20260624131427,Garanti BBVA,REG-003,Garanti BBVA Kurumsal communication / press releases,Kadın Girişimcilerin Finansmana Erişimi İçin Yeni Destek,https://www.garantibbva.com.tr/content/public-website/kurumsal-iletisim/kadin-girisimcilerin-finansmana-erisimi-icin-yeni-destek,https://www.garantibbva.com.tr/content/public-website/kurumsal-iletisim/kadin-girisimcilerin-finansmana-erisimi-icin-yeni-destek,kadın girişimcilerin finansmana erişimi i̇çin yeni destek,ca398f9366f29f39ff337f0c054a0da59ebd4bbf19e0699d7c2bce9604ff5993,12 Haziran 2026,,2026-06-12,,,Duyuru Tarihi,2026-06-12,Duyuru/basın tarihi bulundu; recency için kullanıldı.,False,,2026-06-12,Yüksek,announcement_date,True,2026-05-10,Kesim tarihi ve tarih güveni uygun: 2026-06-12,Kampanya,True,Kampanya veya müşteri teklifi sinyali içeriyor.,Good,False,duplicate_canonical_item_url,RI-a1196981f113,2026-06-24T13:14:31.980967+00:00
RIAUD-a1825717681a,RUN-20260624131427,Garanti BBVA,REG-003,Garanti BBVA Kurumsal communication / press releases,Garanti BBVA Sürdürülebilir Sendikasyon Kredisi,https://www.garantibbva.com.tr/content/public-website/kurumsal-iletisim/garanti-bbva-surdurulebilir-sendikasyon-kredisi,https://www.garantibbva.com.tr/content/public-website/kurumsal-iletisim/garanti-bbva-surdurulebilir-sendikasyon-kredisi,garanti bbva sürdürülebilir sendikasyon kredisi,ba2e94f6579fb0d0e3c8c5a22b1c4345bc0a523bc58b2926862513555837d065,11 Haziran 2026,,2026-06-11,,,Duyuru Tarihi,2026-06-11,Duyuru/basın tarihi bulundu; recency için kullanıldı.,False,,2026-06-11,Yüksek,announcement_date,True,2026-05-10,Kesim tarihi ve tarih güveni uygun: 2026-06-11,Kampanya,True,Kampanya veya müşteri teklifi sinyali içeriyor.,Good,False,duplicate_canonical_item_url,RI-2b0df05d9558,2026-06-24T13:14:32.537122+00:00
RIAUD-fdc9d1620c99,RUN-20260624131427,Garanti BBVA,REG-003,Garanti BBVA Kurumsal communication / press releases,Global Summit of Women 2026,https://www.garantibbva.com.tr/content/public-website/kurumsal-iletisim/global-summit-of-women-2026,https://www.garantibbva.com.tr/content/public-website/kurumsal-iletisim/global-summit-of-women-2026,global summit of women 2026,82fb782bfdb26b316ea38a0c0a386ad61fdaa9412ea3fc30b9bc7e50096e1f28,8 Haziran 2026,,2026-06-08,,,Duyuru Tarihi,2026-06-08,Duyuru/basın tarihi bulundu; recency için kullanıldı.,False,,2026-06-08,Yüksek,announcement_date,True,2026-05-10,Kesim tarihi ve tarih güveni uygun: 2026-06-08,İş Birliği,True,"İş birliği, mutabakat veya entegrasyon duyurusu içeriyor.",Good,False,duplicate_canonical_item_url,RI-f2f1685394b7,2026-06-24T13:14:33.225040+00:00
RIAUD-b95aa0d317a5,RUN-20260624131427,Garanti BBVA,REG-003,Garanti BBVA Kurumsal communication / press releases,Kurumsal Hafızada 80 Yıllık Yolculuk,https://www.garantibbva.com.tr/content/public-website/kurumsal-iletisim/kurumsal-hafizada-80-yillik-yolculuk,https://www.garantibbva.com.tr/content/public-website/kurumsal-iletisim/kurumsal-hafizada-80-yillik-yolculuk,kurumsal hafızada 80 yıllık yolculuk,adce12a56e0f69638a98714d41052e9fd75aa57afd2f194baa1bc4c7960f7ffc,2 Haziran 2026,,2026-06-02,,,Duyuru Tarihi,2026-06-02,Duyuru/basın tarihi bulundu; recency için kullanıldı.,False,,2026-06-02,Yüksek,announcement_date,True,2026-05-10,Kesim tarihi ve tarih güveni uygun: 2026-06-02,Sosyal Sorumluluk / PR,False,"KOBİ stratejisine doğrudan bağlanmayan kültür, sanat veya sosyal sorumluluk PR içeriği.",Good,False,"KOBİ stratejisine doğrudan bağlanmayan kültür, sanat veya sosyal sorumluluk PR içeriği.",,2026-06-24T13:14:33.933470+00:00
RIAUD-0b9d969095ae,RUN-20260624131427,Garanti BBVA,REG-003,Garanti BBVA Kurumsal communication / press releases,Garanti BBVA Leasing Sürdürülebilirlik Çerçeve Mutabakatı,https://www.garantibbva.com.tr/content/public-website/kurumsal-iletisim/garanti-bbva-leasing-surdurulebilirlik-cerceve-mutabakati,https://www.garantibbva.com.tr/content/public-website/kurumsal-iletisim/garanti-bbva-leasing-surdurulebilirlik-cerceve-mutabakati,garanti bbva leasing sürdürülebilirlik çerçeve mutabakatı,25c926204aac9f48397bdaad6bb2e98e168eb735f29027f7a51dd314a5a78332,01 Haziran 2026,,2026-06-01,,,Duyuru Tarihi,2026-06-01,Duyuru/basın tarihi bulundu; recency için kullanıldı.,False,,2026-06-01,Yüksek,announcement_date,True,2026-05-10,Kesim tarihi ve tarih güveni uygun: 2026-06-01,İş Birliği,True,"İş birliği, mutabakat veya entegrasyon duyurusu içeriyor.",Good,False,duplicate_canonical_item_url,RI-975507b1b15c,2026-06-24T13:14:34.989183+00:00
RIAUD-e8d4428c5feb,RUN-20260624131427,Garanti BBVA,REG-003,Garanti BBVA Kurumsal communication / press releases,Salt 15 Yıldır Kültür Mirasını Geleceğe Taşıyor,https://www.garantibbva.com.tr/content/public-website/kurumsal-iletisim/salt-15-yildir-kultur-mirasini-gelecege-tasiyor,https://www.garantibbva.com.tr/content/public-website/kurumsal-iletisim/salt-15-yildir-kultur-mirasini-gelecege-tasiyor,salt 15 yıldır kültür mirasını geleceğe taşıyor,15c7b7f4495d1920ac1b218cf7bf2090cf609417dad38c067526be595271182c,22 Mayıs 2026,,2026-05-22,,,Duyuru Tarihi,2026-05-22,Duyuru/basın tarihi bulundu; recency için kullanıldı.,False,,2026-05-22,Yüksek,announcement_date,True,2026-05-10,Kesim tarihi ve tarih güveni uygun: 2026-05-22,Ürün / Özellik Gelişmesi,True,"Ürün, API, POS, ödeme, tahsilat veya dijital özellik gelişmesi sinyali içeriyor.",Good,False,duplicate_canonical_item_url,RI-453a32b9cd67,2026-06-24T13:14:35.644473+00:00
RIAUD-1d01dfaf66b4,RUN-20260624131427,Garanti BBVA,REG-003,Garanti BBVA Kurumsal communication / press releases,Global Finance Türkiye’nin En İyi Bankası Ödülü,https://www.garantibbva.com.tr/content/public-website/kurumsal-iletisim/global-finance-turkiye-nin-en-iyi-bankasi-odulu-2026,https://www.garantibbva.com.tr/content/public-website/kurumsal-iletisim/global-finance-turkiye-nin-en-iyi-bankasi-odulu-2026,global finance türkiye’nin en i̇yi bankası ödülü,28d339a253acbc308a56fdf92b8e29d6c88cabf95eed0864d39397b2498a8ac6,20 Mayıs 2026,,2026-05-20,,,Duyuru Tarihi,2026-05-20,Duyuru/basın tarihi bulundu; recency için kullanıldı.,False,,2026-05-20,Yüksek,announcement_date,True,2026-05-10,Kesim tarihi ve tarih güveni uygun: 2026-05-20,Ürün / Özellik Gelişmesi,True,"Ürün, API, POS, ödeme, tahsilat veya dijital özellik gelişmesi sinyali içeriyor.",Good,False,duplicate_canonical_item_url,RI-4ddd18aa0015,2026-06-24T13:14:36.494587+00:00
RIAUD-05aa74cfa6ce,RUN-20260624131427,Garanti BBVA,REG-003,Garanti BBVA Kurumsal communication / press releases,Eşitlik İçin Empati,https://www.garantibbva.com.tr/content/public-website/kurumsal-iletisim/esitlik-icin-empati,https://www.garantibbva.com.tr/content/public-website/kurumsal-iletisim/esitlik-icin-empati,eşitlik i̇çin empati,7ae6234dc91b6c9b33b5dbe8081baabe1caa12381a31fe2bbf44a0aaeb2a9653,22 Mayıs 2026,,2026-05-22,,,Duyuru Tarihi,2026-05-22,Duyuru/basın tarihi bulundu; recency için kullanıldı.,False,,2026-05-22,Yüksek,announcement_date,True,2026-05-10,Kesim tarihi ve tarih güveni uygun: 2026-05-22,Kampanya,True,Kampanya veya müşteri teklifi sinyali içeriyor.,Poor,False,title_too_short,,2026-06-24T13:14:37.085914+00:00
RIAUD-6d0af57d8c06,RUN-20260624131439,İş Bankası,REG-006,İş Bankası Duyurular,Kobilere Özel Avantajlı Maaş Hesabı Kampanyası | Türkiye İş Bankası,https://www.isbank.com.tr/kampanyalar/maas-anlasmasi-kampanyasi,https://www.isbank.com.tr/kampanyalar/maas-anlasmasi-kampanyasi,kobilere özel avantajlı maaş hesabı kampanyası,819b10200147aee28fed4e852c338bec684134178c5c9acb18a575c8addde53b,1 Ocak 2026,,,,2026-01-01,Kampanya Bitiş Tarihi,2026-01-01,Sadece kampanya bitiş tarihi bulundu; varsayılan recency kanıtı sayılmadı.,False,Kampanya bitiş tarihi kesim tarihinden sonra; aktif eski kampanya olabilir.,2026-01-01,Yüksek,campaign_end_date,False,2026-05-10,Sadece kampanya bitiş tarihi bulundu; yeni gelişme kanıtı değil,Kampanya,True,Kampanya veya müşteri teklifi sinyali içeriyor.,Good,False,Sadece kampanya bitiş tarihi bulundu; yeni gelişme kanıtı değil,,2026-06-24T13:14:48.139466+00:00
RIAUD-d683c6e5395f,RUN-20260624131439,İş Bankası,REG-006,İş Bankası Duyurular,Avantajlı Çalışma Koşullarıyla Anında POS İş Bankası'nda! | Türkiye İş Bankası A.Ş.,https://www.isbank.com.tr/kampanyalar/aninda-pos-kampanyasi,https://www.isbank.com.tr/kampanyalar/aninda-pos-kampanyasi,avantajlı çalışma koşullarıyla anında pos i̇ş bankası'nda!,d6db3a3b52f71f014998a82b02ef39feac59761ef4b51b5a7da3bea7171d7d3d,01 Mayıs 2026,,,,2026-05-01,Kampanya Bitiş Tarihi,2026-05-01,Sadece kampanya bitiş tarihi bulundu; varsayılan recency kanıtı sayılmadı.,False,Kampanya bitiş tarihi kesim tarihinden sonra; aktif eski kampanya olabilir.,2026-05-01,Yüksek,campaign_end_date,False,2026-05-10,Sadece kampanya bitiş tarihi bulundu; yeni gelişme kanıtı değil,Kampanya,True,Kampanya veya müşteri teklifi sinyali içeriyor.,Good,False,Sadece kampanya bitiş tarihi bulundu; yeni gelişme kanıtı değil,,2026-06-24T13:14:53.121318+00:00
RIAUD-fb7145cd5f8a,RUN-20260624131439,İş Bankası,REG-006,İş Bankası Duyurular,Duyurular | Türkiye İş Bankası A.Ş.,https://www.isbank.com.tr/duyurular,https://www.isbank.com.tr/duyurular,duyurular,e7f6532bf974bc752f0fabe96c2b19a0a33bc2ff64a204f20f627a4a39384835,26 Haziran 2026,,2026-06-26,,,Duyuru Tarihi,2026-06-26,Duyuru/basın tarihi bulundu; recency için kullanıldı.,False,,2026-06-26,Yüksek,announcement_date,True,2026-05-10,Kesim tarihi ve tarih güveni uygun: 2026-06-26,İş Birliği,True,"İş birliği, mutabakat veya entegrasyon duyurusu içeriyor.",Poor,False,item_url_equals_source_url,,2026-06-24T13:14:54.315929+00:00
RIAUD-09054f59f498,RUN-20260624131439,İş Bankası,REG-006,İş Bankası Duyurular,Haberler ve Medya | Türkiye İş Bankası,https://www.isbank.com.tr/bankamizi-taniyin/haberler-ve-medya,https://www.isbank.com.tr/bankamizi-taniyin/haberler-ve-medya,haberler ve medya,e1deb61b48d0c3ad603b72d6e545127301928417ae388e61ac27ba928c813d33,,,,,,Belirsiz,,Tarih yok; varsayılan kapıdan geçmedi.,False,,,Yok,missing,False,2026-05-10,Tarih yok; varsayılan kapıdan geçmedi,Basın Bülteni,True,Basın/haber kaynağından gelen tekil ve tarihli duyuru adayı.,Poor,False,detail_text_too_short,,2026-06-24T13:14:55.949415+00:00
RIAUD-f991b4ebc877,RUN-20260624131439,İş Bankası,REG-006,İş Bankası Duyurular,buradan​,https://www.isbank.com.tr/contentmanagement/Documents/mevduat-yatirim/duyuru-2021.pdf,https://www.isbank.com.tr/contentmanagement/Documents/mevduat-yatirim/duyuru-2021.pdf,buradan​,f9eab1cc2bc432a86f3125a5c3ef43207479f06c7eb0bb1db0e721e8f4d455f1,,,,,,Belirsiz,,Tarih yok; varsayılan kapıdan geçmedi.,False,,,Yok,missing,False,2026-05-10,Tarih yok; varsayılan kapıdan geçmedi,Basın Bülteni,True,Basın/haber kaynağından gelen tekil ve tarihli duyuru adayı.,Poor,False,title_too_short,,2026-06-24T13:14:57.344260+00:00
RIAUD-ce506d68f8e7,RUN-20260624131439,İş Bankası,REG-006,İş Bankası Duyurular,Yeni Ticari Kredi Kartı Müşterilerimize Hoş Geldin Kampanyası | Türkiye İş Bankası,https://www.isbank.com.tr/kampanyalar/yeni-ticari-kredi-karti-musterilerimize-hos-geldin-kampanyasi,https://www.isbank.com.tr/kampanyalar/yeni-ticari-kredi-karti-musterilerimize-hos-geldin-kampanyasi,yeni ticari kredi kartı müşterilerimize hoş geldin kampanyası,510586871f26beb7e5cd6a768a6f9f0cdfb1f241372bfde45e1c897d53ec1e51,1 Nisan – 30 Haziran 2026,,,2026-04-01,2026-06-30,Kampanya Başlangıç Tarihi,2026-04-01,Kampanya başlangıç tarihi bulundu; recency için kullanıldı.,True,Recency baz tarihi eski; kampanya bitiş tarihi kesim tarihinden sonra görünüyor.,2026-04-01,Yüksek,campaign_start_date,False,2026-05-10,Kesim tarihinden eski: 2026-04-01 < 2026-05-10,Kampanya,True,Kampanya veya müşteri teklifi sinyali içeriyor.,Good,False,Kesim tarihinden eski: 2026-04-01 < 2026-05-10,,2026-06-24T13:15:01.645916+00:00
RIAUD-cc54d6f4a1a8,RUN-20260624131439,İş Bankası,REG-006,İş Bankası Duyurular,Maximum’un 25.Yılına Özel Ticari Kredi Kartınız ile Yapacağınız Harcamalara MaxiPuan Fırsatı! | Türkiye İş Bankası A.Ş.,https://www.isbank.com.tr/kampanyalar/maximumun-25-yilina-ozel-ticari-kredi-kartiniz-ile-yapacaginiz-harcamalara-maxipuan,https://www.isbank.com.tr/kampanyalar/maximumun-25-yilina-ozel-ticari-kredi-kartiniz-ile-yapacaginiz-harcamalara-maxipuan,maximum’un 25.yılına özel ticari kredi kartınız ile yapacağınız harcamalara maxipuan fırsatı!,3e7d2a6fc0d322a8fad9f2da132098d5964a749d0922d203f4082d6bd40ac3ae,1 – 30 Haziran 2026,,,2026-06-01,2026-06-30,Kampanya Başlangıç Tarihi,2026-06-01,Kampanya başlangıç tarihi bulundu; recency için kullanıldı.,True,Kampanya tarih aralığı bulundu.,2026-06-01,Yüksek,campaign_start_date,True,2026-05-10,Kesim tarihi ve tarih güveni uygun: 2026-06-01,Kampanya,True,Kampanya veya müşteri teklifi sinyali içeriyor.,Good,False,duplicate_canonical_item_url,RI-3478d5383e68,2026-06-24T13:15:05.440425+00:00
RIAUD-de7f541cbfb5,RUN-20260624131439,İş Bankası,REG-006,İş Bankası Duyurular,Ticari Bankamatik Kartınız ile Yapacağınız Harcamalara MaxiPuan Fırsatı! | Türkiye İş Bankası A.Ş.,https://www.isbank.com.tr/kampanyalar/ticari-bankamatik-kartiniz-ile-yapacaginiz-harcamalara-maxipuan-kampanyasi,https://www.isbank.com.tr/kampanyalar/ticari-bankamatik-kartiniz-ile-yapacaginiz-harcamalara-maxipuan-kampanyasi,ticari bankamatik kartınız ile yapacağınız harcamalara maxipuan fırsatı!,2f00ba9475a68a4412125084c56d97b5988cc7406aca7fe35fd6cedaba0ed9f8,1 – 30 Haziran 2026,,,2026-06-01,2026-06-30,Kampanya Başlangıç Tarihi,2026-06-01,Kampanya başlangıç tarihi bulundu; recency için kullanıldı.,True,Kampanya tarih aralığı bulundu.,2026-06-01,Yüksek,campaign_start_date,True,2026-05-10,Kesim tarihi ve tarih güveni uygun: 2026-06-01,Kampanya,True,Kampanya veya müşteri teklifi sinyali içeriyor.,Good,False,duplicate_canonical_item_url,RI-f26c47687a3a,2026-06-24T13:15:09.965761+00:00
RIAUD-6169ed9318d0,RUN-20260624131439,İş Bankası,REG-006,İş Bankası Duyurular,Ticari Kredi Kartları ile Yurt Dışı Harcamalara MaxiPuan Fırsatı! | Türkiye İş Bankası A.Ş.,https://www.isbank.com.tr/kampanyalar/ticari-kredi-karti-ile-yurt-disi-harcamalara-maxipuan-firsati,https://www.isbank.com.tr/kampanyalar/ticari-kredi-karti-ile-yurt-disi-harcamalara-maxipuan-firsati,ticari kredi kartları ile yurt dışı harcamalara maxipuan fırsatı!,81be8f1d4beab16e53303a35c54f6c2ed4683a4bc1e5c6c6ea4c7abfbe1b86cf,1 – 30 Haziran 2026,,,2026-06-01,2026-06-30,Kampanya Başlangıç Tarihi,2026-06-01,Kampanya başlangıç tarihi bulundu; recency için kullanıldı.,True,Kampanya tarih aralığı bulundu.,2026-06-01,Yüksek,campaign_start_date,True,2026-05-10,Kesim tarihi ve tarih güveni uygun: 2026-06-01,Kampanya,True,Kampanya veya müşteri teklifi sinyali içeriyor.,Good,False,duplicate_canonical_item_url,RI-4a32a729e83d,2026-06-24T13:15:17.063806+00:00
RIAUD-1e5bb7d8924a,RUN-20260624131439,İş Bankası,REG-006,İş Bankası Duyurular,Suya Değer Kredisi Kampanyası | Türkiye İş Bankası A.Ş.,https://www.isbank.com.tr/kampanyalar/suya-deger-kredisi,https://www.isbank.com.tr/kampanyalar/suya-deger-kredisi,suya değer kredisi kampanyası,104b823083b8d166e16feaa981bbe498d4bed74c0aaacc74c8378dbd789979c7,30.06.2026,,,,2026-06-30,Kampanya Bitiş Tarihi,2026-06-30,Sadece kampanya bitiş tarihi bulundu; varsayılan recency kanıtı sayılmadı.,True,Kampanya bitiş tarihi kesim tarihinden sonra; aktif eski kampanya olabilir.,2026-06-30,Orta,campaign_end_date,False,2026-05-10,Sadece kampanya bitiş tarihi bulundu; yeni gelişme kanıtı değil,Kampanya,True,Kampanya veya müşteri teklifi sinyali içeriyor.,Good,False,Sadece kampanya bitiş tarihi bulundu; yeni gelişme kanıtı değil,,2026-06-24T13:15:20.456208+00:00
RIAUD-822b2191b846,RUN-20260624131439,İş Bankası,REG-006,İş Bankası Duyurular,Paygo SP630 ECR Mobil ÖKC ve Hugin Tiger T300 Mobil ÖKC Kampanyası | Türkiye İş Bankası A.Ş.,https://www.isbank.com.tr/kampanyalar/hugin-paygo-mobil-okc-kampanyasi,https://www.isbank.com.tr/kampanyalar/hugin-paygo-mobil-okc-kampanyasi,paygo sp630 ecr mobil ökc ve hugin tiger t300 mobil ökc kampanyası,623c1d35da74ba2449420f0bdf73033ef8f148deffc9f1591b6261456ea29336,31.12.2026,,,,2026-12-31,Kampanya Bitiş Tarihi,2026-12-31,Sadece kampanya bitiş tarihi bulundu; varsayılan recency kanıtı sayılmadı.,True,Kampanya bitiş tarihi kesim tarihinden sonra; aktif eski kampanya olabilir.,2026-12-31,Orta,campaign_end_date,False,2026-05-10,Sadece kampanya bitiş tarihi bulundu; yeni gelişme kanıtı değil,Kampanya,True,Kampanya veya müşteri teklifi sinyali içeriyor.,Good,False,Sadece kampanya bitiş tarihi bulundu; yeni gelişme kanıtı değil,,2026-06-24T13:15:22.219527+00:00
RIAUD-f4264cf19fc4,RUN-20260624131439,İş Bankası,REG-006,İş Bankası Duyurular,Organize Sanayi Bölgelerinde (OSB) Faaliyet Gösteren KOBİ’lerimize Yönelik Finansman Paketi | Türkiye İş Bankası A.Ş.,https://www.isbank.com.tr/kampanyalar/osb-faaliyet-gosteren-kobilerimize-yonelik-finansman-paketi,https://www.isbank.com.tr/kampanyalar/osb-faaliyet-gosteren-kobilerimize-yonelik-finansman-paketi,organize sanayi bölgelerinde (osb) faaliyet gösteren kobi̇’lerimize yönelik finansman paketi,cbb0b8e3274f628e91ecd3b2fe55b57c5c92176f8258c85e82602ca4c58a6e09,13 Haziran 2024,,,,2024-06-13,Kampanya Bitiş Tarihi,2024-06-13,Sadece kampanya bitiş tarihi bulundu; varsayılan recency kanıtı sayılmadı.,False,Kampanya bitiş tarihi kesim tarihinden sonra; aktif eski kampanya olabilir.,2024-06-13,Yüksek,campaign_end_date,False,2026-05-10,Sadece kampanya bitiş tarihi bulundu; yeni gelişme kanıtı değil,Kampanya,True,Kampanya veya müşteri teklifi sinyali içeriyor.,Good,False,Sadece kampanya bitiş tarihi bulundu; yeni gelişme kanıtı değil,,2026-06-24T13:15:23.410341+00:00
RIAUD-8e2921ce16b6,RUN-20260624131439,İş Bankası,REG-006,İş Bankası Duyurular,amazon-pazar-yeri-hak-edis-odemesi-kampanyasi | Türkiye İş Bankası A.Ş.,https://www.isbank.com.tr/kampanyalar/amazon-pazar-yeri-hak-edis-odemesi-kampanyasi,https://www.isbank.com.tr/kampanyalar/amazon-pazar-yeri-hak-edis-odemesi-kampanyasi,amazon-pazar-yeri-hak-edis-odemesi-kampanyasi,280e2ff4556391f859723675aaf46bbd31a434f8050f79234144b790ebc6a3c8,01.02.2026,,,,2026-02-01,Kampanya Bitiş Tarihi,2026-02-01,Sadece kampanya bitiş tarihi bulundu; varsayılan recency kanıtı sayılmadı.,False,Kampanya bitiş tarihi kesim tarihinden sonra; aktif eski kampanya olabilir.,2026-02-01,Yüksek,campaign_end_date,False,2026-05-10,Sadece kampanya bitiş tarihi bulundu; yeni gelişme kanıtı değil,Kampanya,True,Kampanya veya müşteri teklifi sinyali içeriyor.,Good,False,Sadece kampanya bitiş tarihi bulundu; yeni gelişme kanıtı değil,,2026-06-24T13:15:24.923478+00:00
RIAUD-451567049cbc,RUN-20260624131439,İş Bankası,REG-006,İş Bankası Duyurular,esnafa-3lu-kazanc-paketi | Türkiye İş Bankası A.Ş.,https://www.isbank.com.tr/kampanyalar/esnafa-3lu-kazanc-paketi,https://www.isbank.com.tr/kampanyalar/esnafa-3lu-kazanc-paketi,esnafa-3lu-kazanc-paketi,cf2f4c1e6d131cac30db6d77f3d7fc7cf67470b1640528c8d4dc5a64518b3b65,01.06.2026-30.06.2026,,,2026-06-01,2026-06-30,Kampanya Başlangıç Tarihi,2026-06-01,Kampanya başlangıç tarihi bulundu; recency için kullanıldı.,True,Kampanya tarih aralığı bulundu.,2026-06-01,Yüksek,campaign_start_date,True,2026-05-10,Kesim tarihi ve tarih güveni uygun: 2026-06-01,Kampanya,True,Kampanya veya müşteri teklifi sinyali içeriyor.,Good,False,duplicate_canonical_item_url,RI-60c87040f497,2026-06-24T13:15:26.138769+00:00
RIAUD-785dc43ca349,RUN-20260624131439,İş Bankası,REG-006,İş Bankası Duyurular,Vergi Ödemelerinizi Taksitlendirme İmkanı | Türkiye İş Bankası A.Ş.,https://www.isbank.com.tr/kampanyalar/vergi-odemelerinizi-taksitlendirme-imkani,https://www.isbank.com.tr/kampanyalar/vergi-odemelerinizi-taksitlendirme-imkani,vergi ödemelerinizi taksitlendirme i̇mkanı,2cba852a21b7625b9320bd786dbd2e19d508b4c34e697014ac45472156f9512d,1 - 30 Haziran 2026,,,2026-06-01,2026-06-30,Kampanya Başlangıç Tarihi,2026-06-01,Kampanya başlangıç tarihi bulundu; recency için kullanıldı.,True,Kampanya tarih aralığı bulundu.,2026-06-01,Yüksek,campaign_start_date,True,2026-05-10,Kesim tarihi ve tarih güveni uygun: 2026-06-01,Kampanya,True,Kampanya veya müşteri teklifi sinyali içeriyor.,Good,False,duplicate_canonical_item_url,RI-f59fd7ffaf9b,2026-06-24T13:15:30.809856+00:00
RIAUD-04f36dc90082,RUN-20260624131439,İş Bankası,REG-006,İş Bankası Duyurular,Kredim POS'ta | Türkiye İş Bankası,https://www.isbank.com.tr/kredim-pos,https://www.isbank.com.tr/kredim-pos,kredim pos'ta,93241ca409a743d0189afaf332069e3ea8b39dffcee83005997fffd2bb0cad40,,,,,,Belirsiz,,Tarih yok; varsayılan kapıdan geçmedi.,False,,,Yok,missing,False,2026-05-10,Tarih yok; varsayılan kapıdan geçmedi,İş Birliği,True,"İş birliği, mutabakat veya entegrasyon duyurusu içeriyor.",Good,False,Tarih yok; varsayılan kapıdan geçmedi,,2026-06-24T13:15:31.563750+00:00
RIAUD-b9b41f5bf738,RUN-20260624131439,İş Bankası,REG-006,İş Bankası Duyurular,Ödemeler ve Para Transferi | Türkiye İş Bankası,https://www.isbank.com.tr/odemeler-ve-para-transferi,https://www.isbank.com.tr/odemeler-ve-para-transferi,ödemeler ve para transferi,d1af7b2496fe84e7880d66d3c5e017a38554a20cbf22b7aa8a3f58f43c8a84fa,,,,,,Belirsiz,,Tarih yok; varsayılan kapıdan geçmedi.,False,,,Yok,missing,False,2026-05-10,Tarih yok; varsayılan kapıdan geçmedi,Kampanya,True,Kampanya veya müşteri teklifi sinyali içeriyor.,Good,False,Tarih yok; varsayılan kapıdan geçmedi,,2026-06-24T13:15:32.682139+00:00
RIAUD-c50b8d003acf,RUN-20260624131439,İş Bankası,REG-006,İş Bankası Duyurular,Online Kredi Kartı İle Trafik Cezası Ödeme ve Sorgulama | Türkiye İş Bankası,https://www.isbank.com.tr/trafik-cezasi-tpc-odeme,https://www.isbank.com.tr/trafik-cezasi-tpc-odeme,online kredi kartı i̇le trafik cezası ödeme ve sorgulama,dbbb12d4424d47ac555cc43df81e3fb49f67f6c031e130205336a84a3d8d96cf,,,,,,Belirsiz,,Tarih yok; varsayılan kapıdan geçmedi.,False,,,Yok,missing,False,2026-05-10,Tarih yok; varsayılan kapıdan geçmedi,Ürün / Özellik Gelişmesi,True,"Ürün, API, POS, ödeme, tahsilat veya dijital özellik gelişmesi sinyali içeriyor.",Good,False,Tarih yok; varsayılan kapıdan geçmedi,,2026-06-24T13:15:33.631723+00:00
RIAUD-4108b0e67fee,RUN-20260624131439,İş Bankası,REG-006,İş Bankası Duyurular,Tüketici Kredisi Ödeme İşlemleri | Türkiye İş Bankası,https://www.isbank.com.tr/tuketici-kredisi-odemeleri,https://www.isbank.com.tr/tuketici-kredisi-odemeleri,tüketici kredisi ödeme i̇şlemleri,3d00d092ac516820de02e63c48e64d15fa52e14fc805e467dd0f5fe964a15ede,,,,,,Belirsiz,,Tarih yok; varsayılan kapıdan geçmedi.,False,,,Yok,missing,False,2026-05-10,Tarih yok; varsayılan kapıdan geçmedi,Basın Bülteni,True,Basın/haber kaynağından gelen tekil ve tarihli duyuru adayı.,Good,False,Tarih yok; varsayılan kapıdan geçmedi,,2026-06-24T13:15:34.420040+00:00
RIAUD-d65154f3b2db,RUN-20260624131439,İş Bankası,REG-006,İş Bankası Duyurular,Öğrenci Harcı Ödeme - Anlaşmalı Üniversiteler | Türkiye İş Bankası,https://www.isbank.com.tr/universite-harc-odeme,https://www.isbank.com.tr/universite-harc-odeme,öğrenci harcı ödeme - anlaşmalı üniversiteler,81730c42c7f56766dd330c892cf4d1c609c6d3aad5debaaec840b8f70f965f46,,,,,,Belirsiz,,Tarih yok; varsayılan kapıdan geçmedi.,False,,,Yok,missing,False,2026-05-10,Tarih yok; varsayılan kapıdan geçmedi,Sosyal Sorumluluk / PR,False,"KOBİ stratejisine doğrudan bağlanmayan kültür, sanat veya sosyal sorumluluk PR içeriği.",Good,False,Tarih yok; varsayılan kapıdan geçmedi,,2026-06-24T13:15:35.302278+00:00
RIAUD-da40ff9227bf,RUN-20260624131439,İş Bankası,REG-006,İş Bankası Duyurular,Çevreye Duyarlı Ticari Krediler | Türkiye İş Bankası,https://www.isbank.com.tr/is-ticari/cevreye-duyarli-ticari-krediler,https://www.isbank.com.tr/is-ticari/cevreye-duyarli-ticari-krediler,çevreye duyarlı ticari krediler,e560ac850e20255364c99629d73a336f48268970e65af3eab94a82c81bd22a38,,,,,,Belirsiz,,Tarih yok; varsayılan kapıdan geçmedi.,False,,,Yok,missing,False,2026-05-10,Tarih yok; varsayılan kapıdan geçmedi,Kampanya,True,Kampanya veya müşteri teklifi sinyali içeriyor.,Good,False,Tarih yok; varsayılan kapıdan geçmedi,,2026-06-24T13:15:36.195772+00:00
RIAUD-07aa9a99000c,RUN-20260624131439,İş Bankası,REG-006,İş Bankası Duyurular,"Dijital, Elektronik Teminat Mektubu | Türkiye İş Bankası",https://www.isbank.com.tr/is-ticari/dijital-teminat-mektubu,https://www.isbank.com.tr/is-ticari/dijital-teminat-mektubu,"dijital, elektronik teminat mektubu",2b6b0f095a591cf19c3ec31bc3251235d21600df7dc26300f98bfd726db26864,16.10.2025,,2025-10-16,,,Duyuru Tarihi,2025-10-16,Duyuru/basın tarihi bulundu; recency için kullanıldı.,False,,2025-10-16,Yüksek,announcement_date,False,2026-05-10,Kesim tarihinden eski: 2025-10-16 < 2026-05-10,Ürün / Özellik Gelişmesi,True,"Ürün, API, POS, ödeme, tahsilat veya dijital özellik gelişmesi sinyali içeriyor.",Good,False,Kesim tarihinden eski: 2025-10-16 < 2026-05-10,,2026-06-24T13:15:39.764858+00:00
RIAUD-8a7c4d6b326f,RUN-20260624131439,İş Bankası,REG-006,İş Bankası Duyurular,Ticari Ek Hesap | Türkiye İş Bankası A.Ş.,https://www.isbank.com.tr/is-ticari/ticari-ek-hesap,https://www.isbank.com.tr/is-ticari/ticari-ek-hesap,ticari ek hesap,c727b50108f1d357ee1021b4704f180b151f6beebdae57816bf1ac313a53c076,,,,,,Belirsiz,,Tarih yok; varsayılan kapıdan geçmedi.,False,,,Yok,missing,False,2026-05-10,Tarih yok; varsayılan kapıdan geçmedi,Kampanya,True,Kampanya veya müşteri teklifi sinyali içeriyor.,Good,False,Tarih yok; varsayılan kapıdan geçmedi,,2026-06-24T13:15:41.156906+00:00
RIAUD-7751c7edde6c,RUN-20260624131439,İş Bankası,REG-006,İş Bankası Duyurular,Ticari Kredi Faiz Hesaplama ve Başvuru | Türkiye İş Bankası A.Ş.,https://www.isbank.com.tr/is-ticari/ticari-krediler-faiz-oranlari,https://www.isbank.com.tr/is-ticari/ticari-krediler-faiz-oranlari,ticari kredi faiz hesaplama ve başvuru,63e2eea58a6c810a68a55faac18d33971b2fe29b66237cffe5c088aae866ed5a,,,,,,Belirsiz,,Tarih yok; varsayılan kapıdan geçmedi.,False,,,Yok,missing,False,2026-05-10,Tarih yok; varsayılan kapıdan geçmedi,Ürün / Özellik Gelişmesi,True,"Ürün, API, POS, ödeme, tahsilat veya dijital özellik gelişmesi sinyali içeriyor.",Good,False,Tarih yok; varsayılan kapıdan geçmedi,,2026-06-24T13:15:42.248061+00:00
RIAUD-5ac62b8ff922,RUN-20260624131439,İş Bankası,REG-006,İş Bankası Duyurular,Maximum Ticari Kredi Kartı | Türkiye İş Bankası,https://www.isbank.com.tr/is-ticari/maximum-sirket-kredi-karti,https://www.isbank.com.tr/is-ticari/maximum-sirket-kredi-karti,maximum ticari kredi kartı,77beb17362528742d59ba770f2b07387f58d905c64586ecc1ad28c9c8b0ed5d4,,,,,,Belirsiz,,Tarih yok; varsayılan kapıdan geçmedi.,False,,,Yok,missing,False,2026-05-10,Tarih yok; varsayılan kapıdan geçmedi,Kampanya,True,Kampanya veya müşteri teklifi sinyali içeriyor.,Good,False,Tarih yok; varsayılan kapıdan geçmedi,,2026-06-24T13:15:43.610716+00:00
RIAUD-2f8e430d4354,RUN-20260624131439,İş Bankası,REG-006,İş Bankası Duyurular,Maximum Business Aidatsız Kredi Kartı | Türkiye İş Bankası,https://www.isbank.com.tr/is-ticari/maximum-business-aidatsiz-kredi-karti,https://www.isbank.com.tr/is-ticari/maximum-business-aidatsiz-kredi-karti,maximum business aidatsız kredi kartı,99780502ee799a520bc0ddbbd966e9add72498d86125af06215af063969330b3,,,,,,Belirsiz,,Tarih yok; varsayılan kapıdan geçmedi.,False,,,Yok,missing,False,2026-05-10,Tarih yok; varsayılan kapıdan geçmedi,Kampanya,True,Kampanya veya müşteri teklifi sinyali içeriyor.,Good,False,Tarih yok; varsayılan kapıdan geçmedi,,2026-06-24T13:15:44.636548+00:00
RIAUD-34f5e6567231,RUN-20260624131439,İş Bankası,REG-006,İş Bankası Duyurular,Maximum Business Turizm Kart | Türkiye İş Bankası,https://www.isbank.com.tr/is-ticari/turizm-kart,https://www.isbank.com.tr/is-ticari/turizm-kart,maximum business turizm kart,da10af66d06d0ebc4351781e358f7d1523b8ca5005001777e143af3600d27473,,,,,,Belirsiz,,Tarih yok; varsayılan kapıdan geçmedi.,False,,,Yok,missing,False,2026-05-10,Tarih yok; varsayılan kapıdan geçmedi,Kampanya,True,Kampanya veya müşteri teklifi sinyali içeriyor.,Good,False,Tarih yok; varsayılan kapıdan geçmedi,,2026-06-24T13:15:45.407491+00:00
RIAUD-89ea2de38b04,RUN-20260624131439,İş Bankası,REG-006,İş Bankası Duyurular,Maximum TEMA Şirket Kredi Kartı | Türkiye İş Bankası,https://www.isbank.com.tr/is-ticari/maximum-tema-sirket-kredi-karti,https://www.isbank.com.tr/is-ticari/maximum-tema-sirket-kredi-karti,maximum tema şirket kredi kartı,a9bb151f3bdd62dd1964728bedd1f34cf92fba90fa53002eb34ad6cb73b34189,,,,,,Belirsiz,,Tarih yok; varsayılan kapıdan geçmedi.,False,,,Yok,missing,False,2026-05-10,Tarih yok; varsayılan kapıdan geçmedi,Kampanya,True,Kampanya veya müşteri teklifi sinyali içeriyor.,Good,False,Tarih yok; varsayılan kapıdan geçmedi,,2026-06-24T13:15:46.393573+00:00
RIAUD-5f6fa746f4fe,RUN-20260624131439,İş Bankası,REG-006,İş Bankası Duyurular,Ticari Kart Ayrıcalıkları | Türkiye İş Bankası,https://www.isbank.com.tr/is-ticari/ticari-kart-ayricaliklari,https://www.isbank.com.tr/is-ticari/ticari-kart-ayricaliklari,ticari kart ayrıcalıkları,536a678f9b26f2a789eae0fa8c7d946acad05c540d8de76a8641dcb88e665d56,,,,,,Belirsiz,,Tarih yok; varsayılan kapıdan geçmedi.,False,,,Yok,missing,False,2026-05-10,Tarih yok; varsayılan kapıdan geçmedi,Kampanya,True,Kampanya veya müşteri teklifi sinyali içeriyor.,Good,False,Tarih yok; varsayılan kapıdan geçmedi,,2026-06-24T13:15:47.201066+00:00
RIAUD-f8f5e20771af,RUN-20260624131439,İş Bankası,REG-006,İş Bankası Duyurular,Dış Ticarette Finansman | Türkiye İş Bankası,https://www.isbank.com.tr/is-ticari/dis-ticarette-finansman,https://www.isbank.com.tr/is-ticari/dis-ticarette-finansman,dış ticarette finansman,98e027930752fe8534b85bac7e188ec5e086c690dc702e08094898f44ffd932d,,,,,,Belirsiz,,Tarih yok; varsayılan kapıdan geçmedi.,False,,,Yok,missing,False,2026-05-10,Tarih yok; varsayılan kapıdan geçmedi,Ürün / Özellik Gelişmesi,True,"Ürün, API, POS, ödeme, tahsilat veya dijital özellik gelişmesi sinyali içeriyor.",Good,False,Tarih yok; varsayılan kapıdan geçmedi,,2026-06-24T13:15:48.407696+00:00
RIAUD-38e2e86d1f9b,RUN-20260624131439,İş Bankası,REG-006,İş Bankası Duyurular,Dış Ticarette Sigorta | Türkiye İş Bankası,https://www.isbank.com.tr/is-ticari/dis-ticarette-sigorta,https://www.isbank.com.tr/is-ticari/dis-ticarette-sigorta,dış ticarette sigorta,0f19fa2e939c95451db5e87093239e5237db0889700f224c3f4c0d1b387c4465,,,,,,Belirsiz,,Tarih yok; varsayılan kapıdan geçmedi.,False,,,Yok,missing,False,2026-05-10,Tarih yok; varsayılan kapıdan geçmedi,Basın Bülteni,True,Basın/haber kaynağından gelen tekil ve tarihli duyuru adayı.,Poor,False,detail_text_too_short,,2026-06-24T13:15:49.279333+00:00
RIAUD-676c33c70943,RUN-20260624131439,İş Bankası,REG-006,İş Bankası Duyurular,Nakit Yönetimi Dosya Otomasyonu | Türkiye İş Bankası,https://www.isbank.com.tr/is-ticari/nakit-yonetimi-dosya-otomasyonu-uygulamasi,https://www.isbank.com.tr/is-ticari/nakit-yonetimi-dosya-otomasyonu-uygulamasi,nakit yönetimi dosya otomasyonu,b62a1bfd0450073cb7f1931bd4eaab7f75c16f9cbf5c05bcbf62d462a29fa19c,,,,,,Belirsiz,,Tarih yok; varsayılan kapıdan geçmedi.,False,,,Yok,missing,False,2026-05-10,Tarih yok; varsayılan kapıdan geçmedi,Ürün / Özellik Gelişmesi,True,"Ürün, API, POS, ödeme, tahsilat veya dijital özellik gelişmesi sinyali içeriyor.",Good,False,Tarih yok; varsayılan kapıdan geçmedi,,2026-06-24T13:15:50.406963+00:00
RIAUD-4475ac31c282,RUN-20260624131439,İş Bankası,REG-006,İş Bankası Duyurular,Dış Ticaret Paketleri | Türkiye İş Bankası,https://www.isbank.com.tr/is-ticari/dis-ticaret-paketleri,https://www.isbank.com.tr/is-ticari/dis-ticaret-paketleri,dış ticaret paketleri,70737d60afe3a233fd38b25bfbf26d882a9d86e6a40746a0c9429dc15ac1094b,,,,,,Belirsiz,,Tarih yok; varsayılan kapıdan geçmedi.,False,,,Yok,missing,False,2026-05-10,Tarih yok; varsayılan kapıdan geçmedi,Kampanya,True,Kampanya veya müşteri teklifi sinyali içeriyor.,Good,False,Tarih yok; varsayılan kapıdan geçmedi,,2026-06-24T13:15:51.579142+00:00
RIAUD-8d5c958cab5b,RUN-20260624131439,İş Bankası,REG-006,İş Bankası Duyurular,İhracat Bedeli Kabul Belgesi (İBKB) İşlemleri | Türkiye İş Bankası,https://www.isbank.com.tr/is-ticari/ihracat-bedeli-kabul-belgesi-islemleri,https://www.isbank.com.tr/is-ticari/ihracat-bedeli-kabul-belgesi-islemleri,i̇hracat bedeli kabul belgesi (i̇bkb) i̇şlemleri,80149a3421148294b5ef576acdb35806ac6a617c1f9d63003b069c121ccad497,,,,,,Belirsiz,,Tarih yok; varsayılan kapıdan geçmedi.,False,,,Yok,missing,False,2026-05-10,Tarih yok; varsayılan kapıdan geçmedi,Ürün / Özellik Gelişmesi,True,"Ürün, API, POS, ödeme, tahsilat veya dijital özellik gelişmesi sinyali içeriyor.",Good,False,Tarih yok; varsayılan kapıdan geçmedi,,2026-06-24T13:15:52.582515+00:00
RIAUD-4da26cd2b597,RUN-20260624131439,İş Bankası,REG-006,İş Bankası Duyurular,Dış Ticaret Ürünleri | Türkiye İş Bankası A.Ş.,https://www.isbank.com.tr/is-ticari/dis-ticaret-urunleri,https://www.isbank.com.tr/is-ticari/dis-ticaret-urunleri,dış ticaret ürünleri,ba91f986ceaf5e8182ad4497d913d7d71fd15d08185144568fdebe7e311a505c,,,,,,Belirsiz,,Tarih yok; varsayılan kapıdan geçmedi.,False,,,Yok,missing,False,2026-05-10,Tarih yok; varsayılan kapıdan geçmedi,Kampanya,True,Kampanya veya müşteri teklifi sinyali içeriyor.,Good,False,Tarih yok; varsayılan kapıdan geçmedi,,2026-06-24T13:15:53.637684+00:00
RIAUD-3b7937ef1002,RUN-20260624131557,Yapı Kredi,REG-011,Yapı Kredi KOBİ Kampanyaları,1 Yıllık Robom Ön Muhasebe Programı Yapı Kredi'den Hediye! | Kampanyalar | Yapı Kredi,https://www.yapikredi.com.tr/kampanyalar/detay/256293,https://www.yapikredi.com.tr/kampanyalar/detay/256293,1 yıllık robom ön muhasebe programı yapı kredi'den hediye! | kampanyalar,9fb8f29009c678f9390d12296c8b7ae95781df7fb4718f178f9e672a070e81cf,18 Haziran-31 Temmuz 2026,,,2026-06-18,2026-07-31,Kampanya Başlangıç Tarihi,2026-06-18,Kampanya başlangıç tarihi bulundu; recency için kullanıldı.,True,Kampanya tarih aralığı bulundu.,2026-06-18,Yüksek,campaign_start_date,True,2026-05-10,Kesim tarihi ve tarih güveni uygun: 2026-06-18,Kampanya,True,Kampanya veya müşteri teklifi sinyali içeriyor.,Good,True,,,2026-06-24T13:15:58.261811+00:00
RIAUD-db6b242d0c41,RUN-20260624131557,Yapı Kredi,REG-011,Yapı Kredi KOBİ Kampanyaları,Yapı Kredi'den firmalara özel 48.000 TL değerinde hoş geldin paketi! | Kampanyalar | Yapı Kredi,https://www.yapikredi.com.tr/kampanyalar/detay/253386,https://www.yapikredi.com.tr/kampanyalar/detay/253386,yapı kredi'den firmalara özel 48.000 tl değerinde hoş geldin paketi! | kampanyalar,cb1bfa159a98d502f8b992cb592949d17f365a1ff2d549c07f3a7b3234c9e6de,24.06.2026,,,2026-06-24,,Kampanya Başlangıç Tarihi,2026-06-24,Kampanya başlangıç tarihi bulundu; recency için kullanıldı.,False,,2026-06-24,Yüksek,campaign_start_date,True,2026-05-10,Kesim tarihi ve tarih güveni uygun: 2026-06-24,Kampanya,True,Kampanya veya müşteri teklifi sinyali içeriyor.,Good,False,duplicate_canonical_item_url,RI-d446caf4eae6,2026-06-24T13:15:59.467465+00:00
RIAUD-cd5fa8262609,RUN-20260624131601,Yapı Kredi,REG-012,Yapı Kredi Basın Bültenleri,YAPI KREDİ’YE ULUSLARARASI PİYASALARDAN 700 MİLYON DOLARLIK YENİ KAYNAK,https://www.yapikredi.com.tr/medium/file/yapi-krediye-uluslararasi-piyasalardan-700-milyon-dolarlik-yeni-kaynak_72582/download,https://www.yapikredi.com.tr/medium/file/yapi-krediye-uluslararasi-piyasalardan-700-milyon-dolarlik-yeni-kaynak_72582/download,yapi kredi̇’ye uluslararasi pi̇yasalardan 700 mi̇lyon dolarlik yeni̇ kaynak,6fea592150df3962d8ec4b49ef3ccef06fd950db98cb77dda68ce8937ab8825a,18.06.2026,,2026-06-18,,,Duyuru Tarihi,2026-06-18,Duyuru/basın tarihi bulundu; recency için kullanıldı.,False,,2026-06-18,Orta,announcement_date,True,2026-05-10,Kesim tarihi ve tarih güveni uygun: 2026-06-18,Ürün / Özellik Gelişmesi,True,"Ürün, API, POS, ödeme, tahsilat veya dijital özellik gelişmesi sinyali içeriyor.",Good,True,,,2026-06-24T13:16:02.788333+00:00
RIAUD-aa2052dde814,RUN-20260624131601,Yapı Kredi,REG-012,Yapı Kredi Basın Bültenleri,"YAPI KREDİ’YE YAKLAŞIK 1,1 MİLYAR DOLARLIK SENDİKASYON KREDİSİ",https://www.yapikredi.com.tr/medium/file/yapi-krediye-yaklasik-11-milyar-dolarlik-sendikasyon-kredisi_72541/download,https://www.yapikredi.com.tr/medium/file/yapi-krediye-yaklasik-11-milyar-dolarlik-sendikasyon-kredisi_72541/download,"yapi kredi̇’ye yaklaşik 1,1 mi̇lyar dolarlik sendi̇kasyon kredi̇si̇",fa82cddfebf3f516837c6e24c4f2438ff7030ac6803fd29895361238a9d78376,04.06.2026,,2026-06-04,,,Duyuru Tarihi,2026-06-04,Duyuru/basın tarihi bulundu; recency için kullanıldı.,False,,2026-06-04,Orta,announcement_date,True,2026-05-10,Kesim tarihi ve tarih güveni uygun: 2026-06-04,İş Birliği,True,"İş birliği, mutabakat veya entegrasyon duyurusu içeriyor.",Good,False,duplicate_canonical_item_url,RI-9d02a6bbe8bc,2026-06-24T13:16:03.510826+00:00
RIAUD-2b753f0e81fa,RUN-20260624131601,Yapı Kredi,REG-012,Yapı Kredi Basın Bültenleri,YAPI KREDİ 500 MİLYON DOLARLIK İLAVE ANA SERMAYE TAHVİL İHRACINI BAŞARIYLA TAMAMLADI,https://www.yapikredi.com.tr/medium/file/yapi-kredi-500-milyon-dolarlik-ilave-ana-sermaye-tahvil-ihracini-basariyla-tamamladi_72516/download,https://www.yapikredi.com.tr/medium/file/yapi-kredi-500-milyon-dolarlik-ilave-ana-sermaye-tahvil-ihracini-basariyla-tamamladi_72516/download,yapi kredi̇ 500 mi̇lyon dolarlik i̇lave ana sermaye tahvi̇l i̇hracini başariyla tamamladi,f0f94beb3769936eda4910d1c77db705241800cb313781ecd42534282fb14624,20.05.2026,,2026-05-20,,,Duyuru Tarihi,2026-05-20,Duyuru/basın tarihi bulundu; recency için kullanıldı.,False,,2026-05-20,Orta,announcement_date,True,2026-05-10,Kesim tarihi ve tarih güveni uygun: 2026-05-20,Ürün / Özellik Gelişmesi,True,"Ürün, API, POS, ödeme, tahsilat veya dijital özellik gelişmesi sinyali içeriyor.",Good,False,duplicate_canonical_item_url,RI-afe74d89e411,2026-06-24T13:16:04.435284+00:00
RIAUD-f5a5c918bfc7,RUN-20260624131601,Yapı Kredi,REG-012,Yapı Kredi Basın Bültenleri,"YAPI KREDİ’DEN YILIN İLK ÇEYREĞİNDE EKONOMİYE 2,8 TRİLYON TL’YE YAKLAŞAN DESTEK",https://www.yapikredi.com.tr/medium/file/yapi-krediden-yilin-ilk-ceyreginde-ekonomiye-28-trilyon-tlye-yaklasan-destek_72462/download,https://www.yapikredi.com.tr/medium/file/yapi-krediden-yilin-ilk-ceyreginde-ekonomiye-28-trilyon-tlye-yaklasan-destek_72462/download,"yapi kredi̇’den yilin i̇lk çeyreği̇nde ekonomi̇ye 2,8 tri̇lyon tl’ye yaklaşan destek",29c6096f859f85b978ae596c309da603def8a8b30b7fab4c06c5a0d8d5ce1cce,31 Mart 2026,,2026-03-31,,,Duyuru Tarihi,2026-03-31,Duyuru/basın tarihi bulundu; recency için kullanıldı.,False,,2026-03-31,Yüksek,announcement_date,False,2026-05-10,Kesim tarihinden eski: 2026-03-31 < 2026-05-10,Ürün / Özellik Gelişmesi,True,"Ürün, API, POS, ödeme, tahsilat veya dijital özellik gelişmesi sinyali içeriyor.",Good,False,Kesim tarihinden eski: 2026-03-31 < 2026-05-10,,2026-06-24T13:16:05.164402+00:00
RIAUD-783fe6f9c740,RUN-20260624131601,Yapı Kredi,REG-012,Yapı Kredi Basın Bültenleri,"YAPI KREDİ, SORUMLU YAPAY ZEKÂ İLKELERİYLE GELECEĞİN BANKACILIĞINA YÖN VERİYOR",https://www.yapikredi.com.tr/medium/file/yapay-zeka_72142/download,https://www.yapikredi.com.tr/medium/file/yapay-zeka_72142/download,"yapi kredi̇, sorumlu yapay zekâ i̇lkeleri̇yle geleceği̇n bankaciliğina yön veri̇yor",82230b5aa48787cbbd6cf57dc1768afce2da7ef6ae73d624e0a04e1a975e4f19,20.02.2026,,2026-02-20,,,Duyuru Tarihi,2026-02-20,Duyuru/basın tarihi bulundu; recency için kullanıldı.,False,,2026-02-20,Orta,announcement_date,False,2026-05-10,Kesim tarihinden eski: 2026-02-20 < 2026-05-10,Sosyal Sorumluluk / PR,False,"KOBİ stratejisine doğrudan bağlanmayan kültür, sanat veya sosyal sorumluluk PR içeriği.",Good,False,Kesim tarihinden eski: 2026-02-20 < 2026-05-10,,2026-06-24T13:16:07.987500+00:00
RIAUD-12cd5257f514,RUN-20260624131601,Yapı Kredi,REG-012,Yapı Kredi Basın Bültenleri,"YAPI KREDİ’DEN ÜLKE EKONOMİSİNE 2,6 TRİLYON TL’Yİ AŞAN KAYNAK",https://www.yapikredi.com.tr/medium/file/yapi-krediden-ulke-ekonomisine-26-trilyon-tlyi-asan-kaynak_72088/download,https://www.yapikredi.com.tr/medium/file/yapi-krediden-ulke-ekonomisine-26-trilyon-tlyi-asan-kaynak_72088/download,"yapi kredi̇’den ülke ekonomi̇si̇ne 2,6 tri̇lyon tl’yi̇ aşan kaynak",4b7a7c9af2efd7a5080a2eae08fd3cc530f29444ad422d1a07e6d5ee4ca02e7c,31 Aralık 2025,,2025-12-31,,,Duyuru Tarihi,2025-12-31,Duyuru/basın tarihi bulundu; recency için kullanıldı.,False,,2025-12-31,Yüksek,announcement_date,False,2026-05-10,Kesim tarihinden eski: 2025-12-31 < 2026-05-10,Ürün / Özellik Gelişmesi,True,"Ürün, API, POS, ödeme, tahsilat veya dijital özellik gelişmesi sinyali içeriyor.",Good,False,Kesim tarihinden eski: 2025-12-31 < 2026-05-10,,2026-06-24T13:16:08.718630+00:00
RIAUD-696e13e97e5b,RUN-20260624131615,QNB Finansbank,REG-062,QNB Card KOBİ Ticari Kredi Kartı Kampanyaları,Dijital Kanallarımız Üzerinden İlk Kez Ticari Kredi Kartı Alan Müşterilerimize Her Yerde 3 Taksit Fırsatı! | QNB Kredi Kartı,https://www.qnbcard.com.tr/kartlar/ticari-kartlar/qnb-kobi-ticari-kredi-karti/qnb-kobi-ticari-kredi-karti-kampanyalari/dijital-kanallarimiz-uzerinden-ilk-kez-ticari-kredi-karti-alan-musterilerimize-her-yerde-3-taksit-firsati,https://www.qnbcard.com.tr/kartlar/ticari-kartlar/qnb-kobi-ticari-kredi-karti/qnb-kobi-ticari-kredi-karti-kampanyalari/dijital-kanallarimiz-uzerinden-ilk-kez-ticari-kredi-karti-alan-musterilerimize-her-yerde-3-taksit-firsati,dijital kanallarımız üzerinden i̇lk kez ticari kredi kartı alan müşterilerimize her yerde 3 taksit fırsatı! | qnb kredi kartı,dc9bef03f3eb956ad458d71508ae02184398f6e0590d2008d8a4e4939151d0c4,31 Temmuz 2026,,,,2026-07-31,Kampanya Bitiş Tarihi,2026-07-31,Sadece kampanya bitiş tarihi bulundu; varsayılan recency kanıtı sayılmadı.,True,Kampanya bitiş tarihi kesim tarihinden sonra; aktif eski kampanya olabilir.,2026-07-31,Yüksek,campaign_end_date,False,2026-05-10,Sadece kampanya bitiş tarihi bulundu; yeni gelişme kanıtı değil,Kampanya,True,Kampanya veya müşteri teklifi sinyali içeriyor.,Good,False,Sadece kampanya bitiş tarihi bulundu; yeni gelişme kanıtı değil,,2026-06-24T13:16:16.347006+00:00
RIAUD-96ce15e84446,RUN-20260624131615,QNB Finansbank,REG-062,QNB Card KOBİ Ticari Kredi Kartı Kampanyaları,Dijital Kanallarımız Üzerinden İlk Kez Ticari Kredi Kartı Alan Müşterilerimiz İlk Yıl Ticari Kart Yıllık Üyelik Ücreti Ödemiyor! | QNB Kredi Kartı,https://www.qnbcard.com.tr/kartlar/ticari-kartlar/qnb-kobi-ticari-kredi-karti/qnb-kobi-ticari-kredi-karti-kampanyalari/dijital-kanallarimiz-uzerinden-ilk-kez-ticari-kredi-karti-alan-musterilerimiz-ilk-yil-ticari-kart-yillik-uyelik-ucreti-odemiyor,https://www.qnbcard.com.tr/kartlar/ticari-kartlar/qnb-kobi-ticari-kredi-karti/qnb-kobi-ticari-kredi-karti-kampanyalari/dijital-kanallarimiz-uzerinden-ilk-kez-ticari-kredi-karti-alan-musterilerimiz-ilk-yil-ticari-kart-yillik-uyelik-ucreti-odemiyor,dijital kanallarımız üzerinden i̇lk kez ticari kredi kartı alan müşterilerimiz i̇lk yıl ticari kart yıllık üyelik ücreti ödemiyor! | qnb kredi kartı,8b36cd9102ddb3054db30f16cf8018cdf57b3bd56423fdc07837a1e7546fbdd0,31 Temmuz 2026,,,,2026-07-31,Kampanya Bitiş Tarihi,2026-07-31,Sadece kampanya bitiş tarihi bulundu; varsayılan recency kanıtı sayılmadı.,True,Kampanya bitiş tarihi kesim tarihinden sonra; aktif eski kampanya olabilir.,2026-07-31,Yüksek,campaign_end_date,False,2026-05-10,Sadece kampanya bitiş tarihi bulundu; yeni gelişme kanıtı değil,Kampanya,True,Kampanya veya müşteri teklifi sinyali içeriyor.,Good,False,Sadece kampanya bitiş tarihi bulundu; yeni gelişme kanıtı değil,,2026-06-24T13:16:16.917131+00:00
RIAUD-7e3dd1da9ff4,RUN-20260624131615,QNB Finansbank,REG-062,QNB Card KOBİ Ticari Kredi Kartı Kampanyaları,Mastercard X Galataport Otopark 1TL Kampanyası | QNB Kredi Kartı,https://www.qnbcard.com.tr/kartlar/ticari-kartlar/qnb-kobi-ticari-kredi-karti/qnb-kobi-ticari-kredi-karti-kampanyalari/mastercard-x-galataport-otopark-1tl-kampanyasi,https://www.qnbcard.com.tr/kartlar/ticari-kartlar/qnb-kobi-ticari-kredi-karti/qnb-kobi-ticari-kredi-karti-kampanyalari/mastercard-x-galataport-otopark-1tl-kampanyasi,mastercard x galataport otopark 1tl kampanyası | qnb kredi kartı,dd722abee5e6b755f240f6a76047b6657750aa40d5f3717b0c82b928faa587ab,13 Kasım 2025 – 30 Haziran 2026,,,2025-11-13,2026-06-30,Kampanya Başlangıç Tarihi,2025-11-13,Kampanya başlangıç tarihi bulundu; recency için kullanıldı.,True,Recency baz tarihi eski; kampanya bitiş tarihi kesim tarihinden sonra görünüyor.,2025-11-13,Yüksek,campaign_start_date,False,2026-05-10,Kesim tarihinden eski: 2025-11-13 < 2026-05-10,Kampanya,True,Kampanya veya müşteri teklifi sinyali içeriyor.,Good,False,Kesim tarihinden eski: 2025-11-13 < 2026-05-10,,2026-06-24T13:16:17.628537+00:00
RIAUD-e20ed53dc936,RUN-20260624131615,QNB Finansbank,REG-062,QNB Card KOBİ Ticari Kredi Kartı Kampanyaları,Workinton Sanal Ofis Pratik Paket’te %50 İndirim Fırsatı! | QNB Kredi Kartı,https://www.qnbcard.com.tr/kartlar/ticari-kartlar/qnb-kobi-ticari-kredi-karti/qnb-kobi-ticari-kredi-karti-kampanyalari/workinton-sanal-ofis-pratik-pakette-50-indirim-firsati,https://www.qnbcard.com.tr/kartlar/ticari-kartlar/qnb-kobi-ticari-kredi-karti/qnb-kobi-ticari-kredi-karti-kampanyalari/workinton-sanal-ofis-pratik-pakette-50-indirim-firsati,workinton sanal ofis pratik paket’te %50 i̇ndirim fırsatı! | qnb kredi kartı,3071169a2e637ebd01e6cd0a0b46e85501bd3344ff4e045d3394cfefe4582b62,25.05.2026 – 01.07.2026,,,2026-05-25,2026-07-01,Kampanya Başlangıç Tarihi,2026-05-25,Kampanya başlangıç tarihi bulundu; recency için kullanıldı.,True,Kampanya tarih aralığı bulundu.,2026-05-25,Yüksek,campaign_start_date,True,2026-05-10,Kesim tarihi ve tarih güveni uygun: 2026-05-25,Kampanya,True,Kampanya veya müşteri teklifi sinyali içeriyor.,Good,False,duplicate_canonical_item_url,RI-064031bb3d20,2026-06-24T13:16:18.745062+00:00
RIAUD-28a2394cc037,RUN-20260624131615,QNB Finansbank,REG-062,QNB Card KOBİ Ticari Kredi Kartı Kampanyaları,Silver Logolu Mastercard Sahiplerine Özel Sabiha Gökçen İç Hatlar Terminali'nde Geçerli Ücretsiz Hızlı Geçiş! | QNB Kredi Kartı,https://www.qnbcard.com.tr/kartlar/ticari-kartlar/qnb-kobi-ticari-kredi-karti/qnb-kobi-ticari-kredi-karti-kampanyalari/silver-logolu-mastercard-sahiplerine-ozel-sabiha-gokcen-ic-hatlar-terminalinde-gecerli-ucretsiz-hizli-gecis,https://www.qnbcard.com.tr/kartlar/ticari-kartlar/qnb-kobi-ticari-kredi-karti/qnb-kobi-ticari-kredi-karti-kampanyalari/silver-logolu-mastercard-sahiplerine-ozel-sabiha-gokcen-ic-hatlar-terminalinde-gecerli-ucretsiz-hizli-gecis,silver logolu mastercard sahiplerine özel sabiha gökçen i̇ç hatlar terminali'nde geçerli ücretsiz hızlı geçiş! | qnb kredi kartı,36c25b8d4d3faaca72a3235dfd8d7aabe52188bf3f0967012de0390eb5bfd07b,31 Aralık 2026,,,,2026-12-31,Kampanya Bitiş Tarihi,2026-12-31,Sadece kampanya bitiş tarihi bulundu; varsayılan recency kanıtı sayılmadı.,True,Kampanya bitiş tarihi kesim tarihinden sonra; aktif eski kampanya olabilir.,2026-12-31,Yüksek,campaign_end_date,False,2026-05-10,Sadece kampanya bitiş tarihi bulundu; yeni gelişme kanıtı değil,Kampanya,True,Kampanya veya müşteri teklifi sinyali içeriyor.,Good,False,Sadece kampanya bitiş tarihi bulundu; yeni gelişme kanıtı değil,,2026-06-24T13:16:19.225629+00:00
RIAUD-b650cf2b1978,RUN-20260624131615,QNB Finansbank,REG-062,QNB Card KOBİ Ticari Kredi Kartı Kampanyaları,Folio AI üyeliklerinde %25 indirim! | QNB Kredi Kartı,https://www.qnbcard.com.tr/kartlar/ticari-kartlar/qnb-kobi-ticari-kredi-karti/qnb-kobi-ticari-kredi-karti-kampanyalari/folio-ai-uyeliklerinde-25-indirim,https://www.qnbcard.com.tr/kartlar/ticari-kartlar/qnb-kobi-ticari-kredi-karti/qnb-kobi-ticari-kredi-karti-kampanyalari/folio-ai-uyeliklerinde-25-indirim,folio ai üyeliklerinde %25 indirim! | qnb kredi kartı,74cdce3945bc520a3d105c1827da37c82b023ce8cb9c37e7922c9684ab381ed4,01.06.2026 - 01.07.2026,,,2026-06-01,2026-07-01,Kampanya Başlangıç Tarihi,2026-06-01,Kampanya başlangıç tarihi bulundu; recency için kullanıldı.,True,Kampanya tarih aralığı bulundu.,2026-06-01,Yüksek,campaign_start_date,True,2026-05-10,Kesim tarihi ve tarih güveni uygun: 2026-06-01,Kampanya,True,Kampanya veya müşteri teklifi sinyali içeriyor.,Good,False,duplicate_canonical_item_url,RI-6764088a0677,2026-06-24T13:16:19.766474+00:00
RIAUD-9af1bbe171ca,RUN-20260624131615,QNB Finansbank,REG-062,QNB Card KOBİ Ticari Kredi Kartı Kampanyaları,Silver Logolu Mastercard Sahiplerine Özel Sabiha Gökçen Dış Hatlar Terminali'nde Geçerli Ücretsiz Hızlı Geçiş! | QNB Kredi Kartı,https://www.qnbcard.com.tr/kartlar/ticari-kartlar/qnb-kobi-ticari-kredi-karti/qnb-kobi-ticari-kredi-karti-kampanyalari/silver-logolu-mastercard-sahiplerine-ozel-sabiha-gokcen-dis-hatlar-terminalinde-gecerli-ucretsiz-hizli-gecis,https://www.qnbcard.com.tr/kartlar/ticari-kartlar/qnb-kobi-ticari-kredi-karti/qnb-kobi-ticari-kredi-karti-kampanyalari/silver-logolu-mastercard-sahiplerine-ozel-sabiha-gokcen-dis-hatlar-terminalinde-gecerli-ucretsiz-hizli-gecis,silver logolu mastercard sahiplerine özel sabiha gökçen dış hatlar terminali'nde geçerli ücretsiz hızlı geçiş! | qnb kredi kartı,d1669cc174d8349a5a4e6d9a3cca49f4b90aa7b1bb6804c715f299ab16171100,31 Aralık 2026,,,,2026-12-31,Kampanya Bitiş Tarihi,2026-12-31,Sadece kampanya bitiş tarihi bulundu; varsayılan recency kanıtı sayılmadı.,True,Kampanya bitiş tarihi kesim tarihinden sonra; aktif eski kampanya olabilir.,2026-12-31,Yüksek,campaign_end_date,False,2026-05-10,Sadece kampanya bitiş tarihi bulundu; yeni gelişme kanıtı değil,Kampanya,True,Kampanya veya müşteri teklifi sinyali içeriyor.,Good,False,Sadece kampanya bitiş tarihi bulundu; yeni gelişme kanıtı değil,,2026-06-24T13:16:20.472046+00:00
RIAUD-8c5969faa73c,RUN-20260624131615,QNB Finansbank,REG-062,QNB Card KOBİ Ticari Kredi Kartı Kampanyaları,TotalEnergies İstasyonlarında Yakıtmatik’te İndirim Kampanyası! | QNB Kredi Kartı,https://www.qnbcard.com.tr/kartlar/ticari-kartlar/qnb-kobi-ticari-kredi-karti/qnb-kobi-ticari-kredi-karti-kampanyalari/totalenergies-istasyonlarinda-yakitmatikte-indirim-kampanyasi,https://www.qnbcard.com.tr/kartlar/ticari-kartlar/qnb-kobi-ticari-kredi-karti/qnb-kobi-ticari-kredi-karti-kampanyalari/totalenergies-istasyonlarinda-yakitmatikte-indirim-kampanyasi,totalenergies i̇stasyonlarında yakıtmatik’te i̇ndirim kampanyası! | qnb kredi kartı,65b451e7ccbc8f7a5989de5d7f95e820c7bdea4353a705ec29206d673dc5bd99,10.06.2026 – 31.12.2026,,,2026-06-10,2026-12-31,Kampanya Başlangıç Tarihi,2026-06-10,Kampanya başlangıç tarihi bulundu; recency için kullanıldı.,True,Kampanya tarih aralığı bulundu.,2026-06-10,Yüksek,campaign_start_date,True,2026-05-10,Kesim tarihi ve tarih güveni uygun: 2026-06-10,Kampanya,True,Kampanya veya müşteri teklifi sinyali içeriyor.,Good,True,,,2026-06-24T13:16:20.984593+00:00
