document_id,source_id,tier,institution_id,institution_name,source_name,url,title,fetched_at,content_hash,cleaned_text_path,raw_html_path,status_code,status,change_status,error_message
DOC-REG-001-20260616125038,REG-001,Tier 1,garanti_bbva,Garanti BBVA,Garanti BBVA İşim İçin / KOBİ bankacılığı,https://www.garantibbva.com.tr/isim-icin,İşim İçin | Garanti BBVA,2026-06-16T12:50:38.356435+00:00,c6cda61a08c64fee2cd5b0ee6dae630e76f867aab2a5486b456d537e574adca4,data/raw_documents/cleaned_text/DOC-REG-001-20260616125038.txt,data/raw_documents/raw_html/DOC-REG-001-20260616125038.html,200.0,fetched,new_source,
DOC-REG-002-20260616125038,REG-002,Tier 1,garanti_bbva,Garanti BBVA,Garanti BBVA Kartlar & POS,https://www.garantibbva.com.tr/isim-icin/kartlar-pos,Kartlar/POS | Garanti BBVA,2026-06-16T12:50:38.586714+00:00,93f046fe627d00a53cc98e3c33bc882962294d55da34c305209850de44b0370c,data/raw_documents/cleaned_text/DOC-REG-002-20260616125038.txt,data/raw_documents/raw_html/DOC-REG-002-20260616125038.html,200.0,fetched,new_source,
DOC-REG-003-20260616125038,REG-003,Tier 1,garanti_bbva,Garanti BBVA,Garanti BBVA Kurumsal communication / press releases,https://www.garantibbva.com.tr/kurumsal-iletisim,Kurumsal İletişim | Garanti BBVA,2026-06-16T12:50:38.813111+00:00,59cf0b159c0d7ed94389f261056b3557b636cfa0a9ed18e60b993323eaead7f4,data/raw_documents/cleaned_text/DOC-REG-003-20260616125038.txt,data/raw_documents/raw_html/DOC-REG-003-20260616125038.html,200.0,fetched,new_source,
DOC-REG-003-20260624131426,REG-003,Tier 1,garanti_bbva,Garanti BBVA,Garanti BBVA Kurumsal communication / press releases,https://www.garantibbva.com.tr/kurumsal-iletisim,Kurumsal İletişim | Garanti BBVA,2026-06-24T13:14:26.408678+00:00,e47ca8ad4b0b0e90157214371f31e6f18717864916c7d12d4d8f45afdaf51ebb,data/raw_documents/cleaned_text/DOC-REG-003-20260624131426.txt,data/raw_documents/raw_html/DOC-REG-003-20260624131426.html,200.0,fetched,changed,
DOC-REG-003-20260624131838,REG-003,Tier 1,garanti_bbva,Garanti BBVA,Garanti BBVA Kurumsal communication / press releases,https://www.garantibbva.com.tr/kurumsal-iletisim,Kurumsal İletişim | Garanti BBVA,2026-06-24T13:18:38.937963+00:00,e47ca8ad4b0b0e90157214371f31e6f18717864916c7d12d4d8f45afdaf51ebb,data/raw_documents/cleaned_text/DOC-REG-003-20260624131838.txt,data/raw_documents/raw_html/DOC-REG-003-20260624131838.html,200.0,fetched,unchanged,
DOC-REG-003-20260624132113,REG-003,Tier 1,garanti_bbva,Garanti BBVA,Garanti BBVA Kurumsal communication / press releases,https://www.garantibbva.com.tr/kurumsal-iletisim,Kurumsal İletişim | Garanti BBVA,2026-06-24T13:21:13.034105+00:00,e47ca8ad4b0b0e90157214371f31e6f18717864916c7d12d4d8f45afdaf51ebb,data/raw_documents/cleaned_text/DOC-REG-003-20260624132113.txt,data/raw_documents/raw_html/DOC-REG-003-20260624132113.html,200.0,fetched,unchanged,
DOC-REG-003-20260624132223,REG-003,Tier 1,garanti_bbva,Garanti BBVA,Garanti BBVA Kurumsal communication / press releases,https://www.garantibbva.com.tr/kurumsal-iletisim,Kurumsal İletişim | Garanti BBVA,2026-06-24T13:22:23.747968+00:00,e47ca8ad4b0b0e90157214371f31e6f18717864916c7d12d4d8f45afdaf51ebb,data/raw_documents/cleaned_text/DOC-REG-003-20260624132223.txt,data/raw_documents/raw_html/DOC-REG-003-20260624132223.html,200.0,fetched,unchanged,
DOC-REG-003-20260624132430,REG-003,Tier 1,garanti_bbva,Garanti BBVA,Garanti BBVA Kurumsal communication / press releases,https://www.garantibbva.com.tr/kurumsal-iletisim,Kurumsal İletişim | Garanti BBVA,2026-06-24T13:24:30.760358+00:00,e47ca8ad4b0b0e90157214371f31e6f18717864916c7d12d4d8f45afdaf51ebb,data/raw_documents/cleaned_text/DOC-REG-003-20260624132430.txt,data/raw_documents/raw_html/DOC-REG-003-20260624132430.html,200.0,fetched,unchanged,
DOC-REG-003-20260629082719,REG-003,Tier 1,garanti_bbva,Garanti BBVA,Garanti BBVA Kurumsal communication / press releases,https://www.garantibbva.com.tr/kurumsal-iletisim,Kurumsal İletişim | Garanti BBVA,2026-06-29T08:27:19.843801+00:00,7c278def9edbd99570ce3e2b13831493caa1b4032541bd79405519f7c3838c4f,data/raw_documents/cleaned_text/DOC-REG-003-20260629082719.txt,data/raw_documents/raw_html/DOC-REG-003-20260629082719.html,200.0,fetched,changed,
DOC-REG-003-20260629083027,REG-003,Tier 1,garanti_bbva,Garanti BBVA,Garanti BBVA Kurumsal communication / press releases,https://www.garantibbva.com.tr/kurumsal-iletisim,Kurumsal İletişim | Garanti BBVA,2026-06-29T08:30:27.918836+00:00,7c278def9edbd99570ce3e2b13831493caa1b4032541bd79405519f7c3838c4f,data/raw_documents/cleaned_text/DOC-REG-003-20260629083027.txt,data/raw_documents/raw_html/DOC-REG-003-20260629083027.html,200.0,fetched,unchanged,
DOC-REG-003-20260629134012,REG-003,Tier 1,garanti_bbva,Garanti BBVA,Garanti BBVA Kurumsal communication / press releases,https://www.garantibbva.com.tr/kurumsal-iletisim,Kurumsal İletişim | Garanti BBVA,2026-06-29T13:40:12.053722+00:00,7c278def9edbd99570ce3e2b13831493caa1b4032541bd79405519f7c3838c4f,data/raw_documents/cleaned_text/DOC-REG-003-20260629134012.txt,data/raw_documents/raw_html/DOC-REG-003-20260629134012.html,200.0,fetched,unchanged,
DOC-REG-003-20260629134243,REG-003,Tier 1,garanti_bbva,Garanti BBVA,Garanti BBVA Kurumsal communication / press releases,https://www.garantibbva.com.tr/kurumsal-iletisim,Kurumsal İletişim | Garanti BBVA,2026-06-29T13:42:43.179314+00:00,7c278def9edbd99570ce3e2b13831493caa1b4032541bd79405519f7c3838c4f,data/raw_documents/cleaned_text/DOC-REG-003-20260629134243.txt,data/raw_documents/raw_html/DOC-REG-003-20260629134243.html,200.0,fetched,unchanged,
DOC-REG-003-20260629135241,REG-003,Tier 1,garanti_bbva,Garanti BBVA,Garanti BBVA Kurumsal communication / press releases,https://www.garantibbva.com.tr/kurumsal-iletisim,Kurumsal İletişim | Garanti BBVA,2026-06-29T13:52:41.544559+00:00,7c278def9edbd99570ce3e2b13831493caa1b4032541bd79405519f7c3838c4f,data/raw_documents/cleaned_text/DOC-REG-003-20260629135241.txt,data/raw_documents/raw_html/DOC-REG-003-20260629135241.html,200.0,fetched,unchanged,
DOC-REG-003-20260722084947,REG-003,Tier 1,garanti_bbva,Garanti BBVA,Garanti BBVA Kurumsal communication / press releases,https://www.garantibbva.com.tr/kurumsal-iletisim,Kurumsal İletişim | Garanti BBVA,2026-07-22T08:49:47.467227+00:00,7c278def9edbd99570ce3e2b13831493caa1b4032541bd79405519f7c3838c4f,data/raw_documents/cleaned_text/DOC-REG-003-20260722084947.txt,data/raw_documents/raw_html/DOC-REG-003-20260722084947.html,200.0,fetched,unchanged,
DOC-REG-003-20260722111736,REG-003,Tier 1,garanti_bbva,Garanti BBVA,Garanti BBVA Kurumsal communication / press releases,https://www.garantibbva.com.tr/kurumsal-iletisim,Kurumsal İletişim | Garanti BBVA,2026-07-22T11:17:36.031273+00:00,7c278def9edbd99570ce3e2b13831493caa1b4032541bd79405519f7c3838c4f,data/raw_documents/cleaned_text/DOC-REG-003-20260722111736.txt,data/raw_documents/raw_html/DOC-REG-003-20260722111736.html,200.0,fetched,unchanged,
DOC-REG-003-20260723070740,REG-003,Tier 1,garanti_bbva,Garanti BBVA,Garanti BBVA Kurumsal communication / press releases,https://www.garantibbva.com.tr/kurumsal-iletisim,Kurumsal İletişim | Garanti BBVA,2026-07-23T07:07:40.424676+00:00,7c278def9edbd99570ce3e2b13831493caa1b4032541bd79405519f7c3838c4f,data/raw_documents/cleaned_text/DOC-REG-003-20260723070740.txt,data/raw_documents/raw_html/DOC-REG-003-20260723070740.html,200.0,fetched,unchanged,
DOC-REG-003-20260723112208,REG-003,Tier 1,garanti_bbva,Garanti BBVA,Garanti BBVA Kurumsal communication / press releases,https://www.garantibbva.com.tr/kurumsal-iletisim,Kurumsal İletişim | Garanti BBVA,2026-07-23T11:22:08.977464+00:00,7c278def9edbd99570ce3e2b13831493caa1b4032541bd79405519f7c3838c4f,data/raw_documents/cleaned_text/DOC-REG-003-20260723112208.txt,data/raw_documents/raw_html/DOC-REG-003-20260723112208.html,200.0,fetched,unchanged,
DOC-REG-003-20260724110841,REG-003,Tier 1,garanti_bbva,Garanti BBVA,Garanti BBVA Kurumsal communication / press releases,https://www.garantibbva.com.tr/kurumsal-iletisim,Kurumsal İletişim | Garanti BBVA,2026-07-24T11:08:41.247615+00:00,7c278def9edbd99570ce3e2b13831493caa1b4032541bd79405519f7c3838c4f,data/raw_documents/cleaned_text/DOC-REG-003-20260724110841.txt,data/raw_documents/raw_html/DOC-REG-003-20260724110841.html,200.0,fetched,unchanged,
DOC-REG-003-20260725092227,REG-003,Tier 1,garanti_bbva,Garanti BBVA,Garanti BBVA Kurumsal communication / press releases,https://www.garantibbva.com.tr/kurumsal-iletisim,Kurumsal İletişim | Garanti BBVA,2026-07-25T09:22:27.685402+00:00,7c278def9edbd99570ce3e2b13831493caa1b4032541bd79405519f7c3838c4f,data/raw_documents/cleaned_text/DOC-REG-003-20260725092227.txt,data/raw_documents/raw_html/DOC-REG-003-20260725092227.html,200.0,fetched,unchanged,
DOC-REG-003-20260726101930,REG-003,Tier 1,garanti_bbva,Garanti BBVA,Garanti BBVA Kurumsal communication / press releases,https://www.garantibbva.com.tr/kurumsal-iletisim,Kurumsal İletişim | Garanti BBVA,2026-07-26T10:19:30.264050+00:00,7c278def9edbd99570ce3e2b13831493caa1b4032541bd79405519f7c3838c4f,data/raw_documents/cleaned_text/DOC-REG-003-20260726101930.txt,data/raw_documents/raw_html/DOC-REG-003-20260726101930.html,200.0,fetched,unchanged,
DOC-REG-003-20260727133157,REG-003,Tier 1,garanti_bbva,Garanti BBVA,Garanti BBVA Kurumsal communication / press releases,https://www.garantibbva.com.tr/kurumsal-iletisim,Kurumsal İletişim | Garanti BBVA,2026-07-27T13:31:57.436422+00:00,7c278def9edbd99570ce3e2b13831493caa1b4032541bd79405519f7c3838c4f,data/raw_documents/cleaned_text/DOC-REG-003-20260727133157.txt,data/raw_documents/raw_html/DOC-REG-003-20260727133157.html,200.0,fetched,unchanged,
DOC-REG-003-20260728113318,REG-003,Tier 1,garanti_bbva,Garanti BBVA,Garanti BBVA Kurumsal communication / press releases,https://www.garantibbva.com.tr/kurumsal-iletisim,Kurumsal İletişim | Garanti BBVA,2026-07-28T11:33:18.813028+00:00,7c278def9edbd99570ce3e2b13831493caa1b4032541bd79405519f7c3838c4f,data/raw_documents/cleaned_text/DOC-REG-003-20260728113318.txt,data/raw_documents/raw_html/DOC-REG-003-20260728113318.html,200.0,fetched,unchanged,
DOC-REG-004-20260616125039,REG-004,Tier 1,is_bankasi,İş Bankası,İş Bankası İş Ticari,https://www.isbank.com.tr/is-ticari,Ticari Bankacılık İşlemleri | Türkiye İş Bankası,2026-06-16T12:50:39.377661+00:00,b43707f0a2cb5789ab896aa1a2ba11de0ecdf692dedc167ff8020e9c64fa02fe,data/raw_documents/cleaned_text/DOC-REG-004-20260616125039.txt,data/raw_documents/raw_html/DOC-REG-004-20260616125039.html,200.0,fetched,new_source,
DOC-REG-005-20260616125039,REG-005,Tier 1,is_bankasi,İş Bankası,İş Bankası Sanal POS,https://www.isbank.com.tr/is-ticari/sanal-pos,Sanal POS Hizmeti | Türkiye İş Bankası A.Ş.,2026-06-16T12:50:39.870396+00:00,fb5591e99dd5ef07c4822103595b26ae3c24de59581e13523663df28e3f3bf95,data/raw_documents/cleaned_text/DOC-REG-005-20260616125039.txt,data/raw_documents/raw_html/DOC-REG-005-20260616125039.html,200.0,fetched,new_source,
DOC-REG-006-20260616125040,REG-006,Tier 1,is_bankasi,İş Bankası,İş Bankası Duyurular,https://www.isbank.com.tr/duyurular,Duyurular | Türkiye İş Bankası A.Ş.,2026-06-16T12:50:40.397700+00:00,2750303a9b1172452b898f9d38b86ecd3c7652247ec9245190a514969220eec2,data/raw_documents/cleaned_text/DOC-REG-006-20260616125040.txt,data/raw_documents/raw_html/DOC-REG-006-20260616125040.html,200.0,fetched,new_source,
DOC-REG-006-20260624131437,REG-006,Tier 1,is_bankasi,İş Bankası,İş Bankası Duyurular,https://www.isbank.com.tr/duyurular,Duyurular | Türkiye İş Bankası A.Ş.,2026-06-24T13:14:37.456647+00:00,cec94901fbdba4c7c29f7ab21318b491c46c2c3a953ca2bd6e0b46c8aaeda3da,data/raw_documents/cleaned_text/DOC-REG-006-20260624131437.txt,data/raw_documents/raw_html/DOC-REG-006-20260624131437.html,200.0,fetched,changed,
DOC-REG-006-20260624131839,REG-006,Tier 1,is_bankasi,İş Bankası,İş Bankası Duyurular,https://www.isbank.com.tr/duyurular,Duyurular | Türkiye İş Bankası A.Ş.,2026-06-24T13:18:39.850927+00:00,cec94901fbdba4c7c29f7ab21318b491c46c2c3a953ca2bd6e0b46c8aaeda3da,data/raw_documents/cleaned_text/DOC-REG-006-20260624131839.txt,data/raw_documents/raw_html/DOC-REG-006-20260624131839.html,200.0,fetched,unchanged,
DOC-REG-006-20260624132113,REG-006,Tier 1,is_bankasi,İş Bankası,İş Bankası Duyurular,https://www.isbank.com.tr/duyurular,Duyurular | Türkiye İş Bankası A.Ş.,2026-06-24T13:21:13.888808+00:00,cec94901fbdba4c7c29f7ab21318b491c46c2c3a953ca2bd6e0b46c8aaeda3da,data/raw_documents/cleaned_text/DOC-REG-006-20260624132113.txt,data/raw_documents/raw_html/DOC-REG-006-20260624132113.html,200.0,fetched,unchanged,
DOC-REG-006-20260624132224,REG-006,Tier 1,is_bankasi,İş Bankası,İş Bankası Duyurular,https://www.isbank.com.tr/duyurular,Duyurular | Türkiye İş Bankası A.Ş.,2026-06-24T13:22:24.636302+00:00,cec94901fbdba4c7c29f7ab21318b491c46c2c3a953ca2bd6e0b46c8aaeda3da,data/raw_documents/cleaned_text/DOC-REG-006-20260624132224.txt,data/raw_documents/raw_html/DOC-REG-006-20260624132224.html,200.0,fetched,unchanged,
DOC-REG-006-20260624132431,REG-006,Tier 1,is_bankasi,İş Bankası,İş Bankası Duyurular,https://www.isbank.com.tr/duyurular,Duyurular | Türkiye İş Bankası A.Ş.,2026-06-24T13:24:31.567706+00:00,cec94901fbdba4c7c29f7ab21318b491c46c2c3a953ca2bd6e0b46c8aaeda3da,data/raw_documents/cleaned_text/DOC-REG-006-20260624132431.txt,data/raw_documents/raw_html/DOC-REG-006-20260624132431.html,200.0,fetched,unchanged,
DOC-REG-006-20260629082726,REG-006,Tier 1,is_bankasi,İş Bankası,İş Bankası Duyurular,https://www.isbank.com.tr/duyurular,Duyurular | Türkiye İş Bankası A.Ş.,2026-06-29T08:27:26.611125+00:00,eb49dbabb96c96906e66eb449f5ca8c6103a793eb53e2c74e2d7bbe165a6b4fe,data/raw_documents/cleaned_text/DOC-REG-006-20260629082726.txt,data/raw_documents/raw_html/DOC-REG-006-20260629082726.html,200.0,fetched,changed,
DOC-REG-006-20260629083028,REG-006,Tier 1,is_bankasi,İş Bankası,İş Bankası Duyurular,https://www.isbank.com.tr/duyurular,Duyurular | Türkiye İş Bankası A.Ş.,2026-06-29T08:30:28.726906+00:00,eb49dbabb96c96906e66eb449f5ca8c6103a793eb53e2c74e2d7bbe165a6b4fe,data/raw_documents/cleaned_text/DOC-REG-006-20260629083028.txt,data/raw_documents/raw_html/DOC-REG-006-20260629083028.html,200.0,fetched,unchanged,
DOC-REG-006-20260629134012,REG-006,Tier 1,is_bankasi,İş Bankası,İş Bankası Duyurular,https://www.isbank.com.tr/duyurular,Duyurular | Türkiye İş Bankası A.Ş.,2026-06-29T13:40:12.843881+00:00,eb49dbabb96c96906e66eb449f5ca8c6103a793eb53e2c74e2d7bbe165a6b4fe,data/raw_documents/cleaned_text/DOC-REG-006-20260629134012.txt,data/raw_documents/raw_html/DOC-REG-006-20260629134012.html,200.0,fetched,unchanged,
DOC-REG-006-20260629134243,REG-006,Tier 1,is_bankasi,İş Bankası,İş Bankası Duyurular,https://www.isbank.com.tr/duyurular,Duyurular | Türkiye İş Bankası A.Ş.,2026-06-29T13:42:43.881202+00:00,eb49dbabb96c96906e66eb449f5ca8c6103a793eb53e2c74e2d7bbe165a6b4fe,data/raw_documents/cleaned_text/DOC-REG-006-20260629134243.txt,data/raw_documents/raw_html/DOC-REG-006-20260629134243.html,200.0,fetched,unchanged,
DOC-REG-006-20260629135242,REG-006,Tier 1,is_bankasi,İş Bankası,İş Bankası Duyurular,https://www.isbank.com.tr/duyurular,Duyurular | Türkiye İş Bankası A.Ş.,2026-06-29T13:52:42.314800+00:00,eb49dbabb96c96906e66eb449f5ca8c6103a793eb53e2c74e2d7bbe165a6b4fe,data/raw_documents/cleaned_text/DOC-REG-006-20260629135242.txt,data/raw_documents/raw_html/DOC-REG-006-20260629135242.html,200.0,fetched,unchanged,
DOC-REG-006-20260722084948,REG-006,Tier 1,is_bankasi,İş Bankası,İş Bankası Duyurular,https://www.isbank.com.tr/duyurular,Duyurular | Türkiye İş Bankası A.Ş.,2026-07-22T08:49:48.242813+00:00,32bf78999a0c4a091d41dd5af6c1e7f08e64933e3924d9bfe414ed4292448f4f,data/raw_documents/cleaned_text/DOC-REG-006-20260722084948.txt,data/raw_documents/raw_html/DOC-REG-006-20260722084948.html,200.0,fetched,changed,
DOC-REG-006-20260722111738,REG-006,Tier 1,is_bankasi,İş Bankası,İş Bankası Duyurular,https://www.isbank.com.tr/duyurular,Duyurular | Türkiye İş Bankası A.Ş.,2026-07-22T11:17:38.979744+00:00,32bf78999a0c4a091d41dd5af6c1e7f08e64933e3924d9bfe414ed4292448f4f,data/raw_documents/cleaned_text/DOC-REG-006-20260722111738.txt,data/raw_documents/raw_html/DOC-REG-006-20260722111738.html,200.0,fetched,unchanged,
DOC-REG-006-20260723070744,REG-006,Tier 1,is_bankasi,İş Bankası,İş Bankası Duyurular,https://www.isbank.com.tr/duyurular,Duyurular | Türkiye İş Bankası A.Ş.,2026-07-23T07:07:44.853192+00:00,32bf78999a0c4a091d41dd5af6c1e7f08e64933e3924d9bfe414ed4292448f4f,data/raw_documents/cleaned_text/DOC-REG-006-20260723070744.txt,data/raw_documents/raw_html/DOC-REG-006-20260723070744.html,200.0,fetched,unchanged,
DOC-REG-006-20260723112212,REG-006,Tier 1,is_bankasi,İş Bankası,İş Bankası Duyurular,https://www.isbank.com.tr/duyurular,Duyurular | Türkiye İş Bankası A.Ş.,2026-07-23T11:22:12.403647+00:00,32bf78999a0c4a091d41dd5af6c1e7f08e64933e3924d9bfe414ed4292448f4f,data/raw_documents/cleaned_text/DOC-REG-006-20260723112212.txt,data/raw_documents/raw_html/DOC-REG-006-20260723112212.html,200.0,fetched,unchanged,
DOC-REG-006-20260724110844,REG-006,Tier 1,is_bankasi,İş Bankası,İş Bankası Duyurular,https://www.isbank.com.tr/duyurular,Duyurular | Türkiye İş Bankası A.Ş.,2026-07-24T11:08:44.098183+00:00,32bf78999a0c4a091d41dd5af6c1e7f08e64933e3924d9bfe414ed4292448f4f,data/raw_documents/cleaned_text/DOC-REG-006-20260724110844.txt,data/raw_documents/raw_html/DOC-REG-006-20260724110844.html,200.0,fetched,unchanged,
DOC-REG-006-20260725092230,REG-006,Tier 1,is_bankasi,İş Bankası,İş Bankası Duyurular,https://www.isbank.com.tr/duyurular,Duyurular | Türkiye İş Bankası A.Ş.,2026-07-25T09:22:30.597621+00:00,32bf78999a0c4a091d41dd5af6c1e7f08e64933e3924d9bfe414ed4292448f4f,data/raw_documents/cleaned_text/DOC-REG-006-20260725092230.txt,data/raw_documents/raw_html/DOC-REG-006-20260725092230.html,200.0,fetched,unchanged,
DOC-REG-006-20260726101933,REG-006,Tier 1,is_bankasi,İş Bankası,İş Bankası Duyurular,https://www.isbank.com.tr/duyurular,Duyurular | Türkiye İş Bankası A.Ş.,2026-07-26T10:19:33.416636+00:00,32bf78999a0c4a091d41dd5af6c1e7f08e64933e3924d9bfe414ed4292448f4f,data/raw_documents/cleaned_text/DOC-REG-006-20260726101933.txt,data/raw_documents/raw_html/DOC-REG-006-20260726101933.html,200.0,fetched,unchanged,
DOC-REG-006-20260727133159,REG-006,Tier 1,is_bankasi,İş Bankası,İş Bankası Duyurular,https://www.isbank.com.tr/duyurular,Duyurular | Türkiye İş Bankası A.Ş.,2026-07-27T13:31:59.714623+00:00,32bf78999a0c4a091d41dd5af6c1e7f08e64933e3924d9bfe414ed4292448f4f,data/raw_documents/cleaned_text/DOC-REG-006-20260727133159.txt,data/raw_documents/raw_html/DOC-REG-006-20260727133159.html,200.0,fetched,unchanged,
DOC-REG-006-20260728113321,REG-006,Tier 1,is_bankasi,İş Bankası,İş Bankası Duyurular,https://www.isbank.com.tr/duyurular,Duyurular | Türkiye İş Bankası A.Ş.,2026-07-28T11:33:21.577705+00:00,bf5a60df9840b25a36a02758784f4d19304df60ab76cb9ccea85c520ac86cabb,data/raw_documents/cleaned_text/DOC-REG-006-20260728113321.txt,data/raw_documents/raw_html/DOC-REG-006-20260728113321.html,200.0,fetched,changed,
DOC-REG-010-20260616125042,REG-010,Tier 1,yapi_kredi,Yapı Kredi,Yapı Kredi KOBİ,https://www.yapikredi.com.tr/kobi/,KOBİ | Yapı Kredi,2026-06-16T12:50:42.957532+00:00,edf4208e371a5ef3363fbb35f2be8fb115b278b1e854d5f59321b98ee4a83cfb,data/raw_documents/cleaned_text/DOC-REG-010-20260616125042.txt,data/raw_documents/raw_html/DOC-REG-010-20260616125042.html,200.0,fetched,new_source,
DOC-REG-011-20260616125044,REG-011,Tier 1,yapi_kredi,Yapı Kredi,Yapı Kredi KOBİ Kampanyaları,https://www.yapikredi.com.tr/kampanyalar/kategori/kobi/,KOBİ | Kampanyalar | Yapı Kredi,2026-06-16T12:50:44.609301+00:00,43114881aebe9d4dfd3ab29d0aae8e2615b600938446a35287813e2e5a7b460e,data/raw_documents/cleaned_text/DOC-REG-011-20260616125044.txt,data/raw_documents/raw_html/DOC-REG-011-20260616125044.html,200.0,fetched,new_source,
DOC-REG-011-20260624131554,REG-011,Tier 1,yapi_kredi,Yapı Kredi,Yapı Kredi KOBİ Kampanyaları,https://www.yapikredi.com.tr/kampanyalar/kategori/kobi/,KOBİ | Kampanyalar | Yapı Kredi,2026-06-24T13:15:54.323818+00:00,5739cec12e2415e2b75cb820f1ec7be499affdc22556920be0bad2f9deebb227,data/raw_documents/cleaned_text/DOC-REG-011-20260624131554.txt,data/raw_documents/raw_html/DOC-REG-011-20260624131554.html,200.0,fetched,changed,
DOC-REG-011-20260624131841,REG-011,Tier 1,yapi_kredi,Yapı Kredi,Yapı Kredi KOBİ Kampanyaları,https://www.yapikredi.com.tr/kampanyalar/kategori/kobi/,KOBİ | Kampanyalar | Yapı Kredi,2026-06-24T13:18:41.159952+00:00,5739cec12e2415e2b75cb820f1ec7be499affdc22556920be0bad2f9deebb227,data/raw_documents/cleaned_text/DOC-REG-011-20260624131841.txt,data/raw_documents/raw_html/DOC-REG-011-20260624131841.html,200.0,fetched,unchanged,
DOC-REG-011-20260624132115,REG-011,Tier 1,yapi_kredi,Yapı Kredi,Yapı Kredi KOBİ Kampanyaları,https://www.yapikredi.com.tr/kampanyalar/kategori/kobi/,KOBİ | Kampanyalar | Yapı Kredi,2026-06-24T13:21:15.062511+00:00,5739cec12e2415e2b75cb820f1ec7be499affdc22556920be0bad2f9deebb227,data/raw_documents/cleaned_text/DOC-REG-011-20260624132115.txt,data/raw_documents/raw_html/DOC-REG-011-20260624132115.html,200.0,fetched,unchanged,
DOC-REG-011-20260624132225,REG-011,Tier 1,yapi_kredi,Yapı Kredi,Yapı Kredi KOBİ Kampanyaları,https://www.yapikredi.com.tr/kampanyalar/kategori/kobi/,KOBİ | Kampanyalar | Yapı Kredi,2026-06-24T13:22:25.899745+00:00,5739cec12e2415e2b75cb820f1ec7be499affdc22556920be0bad2f9deebb227,data/raw_documents/cleaned_text/DOC-REG-011-20260624132225.txt,data/raw_documents/raw_html/DOC-REG-011-20260624132225.html,200.0,fetched,unchanged,
DOC-REG-011-20260624132432,REG-011,Tier 1,yapi_kredi,Yapı Kredi,Yapı Kredi KOBİ Kampanyaları,https://www.yapikredi.com.tr/kampanyalar/kategori/kobi/,KOBİ | Kampanyalar | Yapı Kredi,2026-06-24T13:24:32.687895+00:00,5739cec12e2415e2b75cb820f1ec7be499affdc22556920be0bad2f9deebb227,data/raw_documents/cleaned_text/DOC-REG-011-20260624132432.txt,data/raw_documents/raw_html/DOC-REG-011-20260624132432.html,200.0,fetched,unchanged,
DOC-REG-011-20260629082828,REG-011,Tier 1,yapi_kredi,Yapı Kredi,Yapı Kredi KOBİ Kampanyaları,https://www.yapikredi.com.tr/kampanyalar/kategori/kobi/,KOBİ | Kampanyalar | Yapı Kredi,2026-06-29T08:28:28.161998+00:00,aebf1464cf3d443ce89e28b052c09d677d2a1ed708ad5b2cc057f0ff682a17f1,data/raw_documents/cleaned_text/DOC-REG-011-20260629082828.txt,data/raw_documents/raw_html/DOC-REG-011-20260629082828.html,200.0,fetched,changed,
DOC-REG-011-20260629083029,REG-011,Tier 1,yapi_kredi,Yapı Kredi,Yapı Kredi KOBİ Kampanyaları,https://www.yapikredi.com.tr/kampanyalar/kategori/kobi/,KOBİ | Kampanyalar | Yapı Kredi,2026-06-29T08:30:29.960288+00:00,aebf1464cf3d443ce89e28b052c09d677d2a1ed708ad5b2cc057f0ff682a17f1,data/raw_documents/cleaned_text/DOC-REG-011-20260629083029.txt,data/raw_documents/raw_html/DOC-REG-011-20260629083029.html,200.0,fetched,unchanged,
DOC-REG-011-20260629134014,REG-011,Tier 1,yapi_kredi,Yapı Kredi,Yapı Kredi KOBİ Kampanyaları,https://www.yapikredi.com.tr/kampanyalar/kategori/kobi/,KOBİ | Kampanyalar | Yapı Kredi,2026-06-29T13:40:14.029758+00:00,aebf1464cf3d443ce89e28b052c09d677d2a1ed708ad5b2cc057f0ff682a17f1,data/raw_documents/cleaned_text/DOC-REG-011-20260629134014.txt,data/raw_documents/raw_html/DOC-REG-011-20260629134014.html,200.0,fetched,unchanged,
DOC-REG-011-20260629134245,REG-011,Tier 1,yapi_kredi,Yapı Kredi,Yapı Kredi KOBİ Kampanyaları,https://www.yapikredi.com.tr/kampanyalar/kategori/kobi/,KOBİ | Kampanyalar | Yapı Kredi,2026-06-29T13:42:45.021140+00:00,aebf1464cf3d443ce89e28b052c09d677d2a1ed708ad5b2cc057f0ff682a17f1,data/raw_documents/cleaned_text/DOC-REG-011-20260629134245.txt,data/raw_documents/raw_html/DOC-REG-011-20260629134245.html,200.0,fetched,unchanged,
DOC-REG-011-20260629135243,REG-011,Tier 1,yapi_kredi,Yapı Kredi,Yapı Kredi KOBİ Kampanyaları,https://www.yapikredi.com.tr/kampanyalar/kategori/kobi/,KOBİ | Kampanyalar | Yapı Kredi,2026-06-29T13:52:43.644395+00:00,aebf1464cf3d443ce89e28b052c09d677d2a1ed708ad5b2cc057f0ff682a17f1,data/raw_documents/cleaned_text/DOC-REG-011-20260629135243.txt,data/raw_documents/raw_html/DOC-REG-011-20260629135243.html,200.0,fetched,unchanged,
DOC-REG-011-20260722085133,REG-011,Tier 1,yapi_kredi,Yapı Kredi,Yapı Kredi KOBİ Kampanyaları,https://www.yapikredi.com.tr/kampanyalar/kategori/kobi/,KOBİ | Kampanyalar | Yapı Kredi,2026-07-22T08:51:33.986758+00:00,37bec36ecc83357a231636f0ee4d8df6a4bd770159b8d8cb7a2acf9c1a824dec,data/raw_documents/cleaned_text/DOC-REG-011-20260722085133.txt,data/raw_documents/raw_html/DOC-REG-011-20260722085133.html,200.0,fetched,changed,
DOC-REG-011-20260722111742,REG-011,Tier 1,yapi_kredi,Yapı Kredi,Yapı Kredi KOBİ Kampanyaları,https://www.yapikredi.com.tr/kampanyalar/kategori/kobi/,KOBİ | Kampanyalar | Yapı Kredi,2026-07-22T11:17:42.600900+00:00,37bec36ecc83357a231636f0ee4d8df6a4bd770159b8d8cb7a2acf9c1a824dec,data/raw_documents/cleaned_text/DOC-REG-011-20260722111742.txt,data/raw_documents/raw_html/DOC-REG-011-20260722111742.html,200.0,fetched,unchanged,
DOC-REG-011-20260723070748,REG-011,Tier 1,yapi_kredi,Yapı Kredi,Yapı Kredi KOBİ Kampanyaları,https://www.yapikredi.com.tr/kampanyalar/kategori/kobi/,KOBİ | Kampanyalar | Yapı Kredi,2026-07-23T07:07:48.966398+00:00,37bec36ecc83357a231636f0ee4d8df6a4bd770159b8d8cb7a2acf9c1a824dec,data/raw_documents/cleaned_text/DOC-REG-011-20260723070748.txt,data/raw_documents/raw_html/DOC-REG-011-20260723070748.html,200.0,fetched,unchanged,
DOC-REG-011-20260723112216,REG-011,Tier 1,yapi_kredi,Yapı Kredi,Yapı Kredi KOBİ Kampanyaları,https://www.yapikredi.com.tr/kampanyalar/kategori/kobi/,KOBİ | Kampanyalar | Yapı Kredi,2026-07-23T11:22:16.812778+00:00,37bec36ecc83357a231636f0ee4d8df6a4bd770159b8d8cb7a2acf9c1a824dec,data/raw_documents/cleaned_text/DOC-REG-011-20260723112216.txt,data/raw_documents/raw_html/DOC-REG-011-20260723112216.html,200.0,fetched,unchanged,
DOC-REG-011-20260724110847,REG-011,Tier 1,yapi_kredi,Yapı Kredi,Yapı Kredi KOBİ Kampanyaları,https://www.yapikredi.com.tr/kampanyalar/kategori/kobi/,KOBİ | Kampanyalar | Yapı Kredi,2026-07-24T11:08:47.559214+00:00,37bec36ecc83357a231636f0ee4d8df6a4bd770159b8d8cb7a2acf9c1a824dec,data/raw_documents/cleaned_text/DOC-REG-011-20260724110847.txt,data/raw_documents/raw_html/DOC-REG-011-20260724110847.html,200.0,fetched,unchanged,
DOC-REG-011-20260725092234,REG-011,Tier 1,yapi_kredi,Yapı Kredi,Yapı Kredi KOBİ Kampanyaları,https://www.yapikredi.com.tr/kampanyalar/kategori/kobi/,KOBİ | Kampanyalar | Yapı Kredi,2026-07-25T09:22:34.584844+00:00,37bec36ecc83357a231636f0ee4d8df6a4bd770159b8d8cb7a2acf9c1a824dec,data/raw_documents/cleaned_text/DOC-REG-011-20260725092234.txt,data/raw_documents/raw_html/DOC-REG-011-20260725092234.html,200.0,fetched,unchanged,
DOC-REG-011-20260726101937,REG-011,Tier 1,yapi_kredi,Yapı Kredi,Yapı Kredi KOBİ Kampanyaları,https://www.yapikredi.com.tr/kampanyalar/kategori/kobi/,KOBİ | Kampanyalar | Yapı Kredi,2026-07-26T10:19:37.092788+00:00,37bec36ecc83357a231636f0ee4d8df6a4bd770159b8d8cb7a2acf9c1a824dec,data/raw_documents/cleaned_text/DOC-REG-011-20260726101937.txt,data/raw_documents/raw_html/DOC-REG-011-20260726101937.html,200.0,fetched,unchanged,
DOC-REG-011-20260727133203,REG-011,Tier 1,yapi_kredi,Yapı Kredi,Yapı Kredi KOBİ Kampanyaları,https://www.yapikredi.com.tr/kampanyalar/kategori/kobi/,KOBİ | Kampanyalar | Yapı Kredi,2026-07-27T13:32:03.845049+00:00,37bec36ecc83357a231636f0ee4d8df6a4bd770159b8d8cb7a2acf9c1a824dec,data/raw_documents/cleaned_text/DOC-REG-011-20260727133203.txt,data/raw_documents/raw_html/DOC-REG-011-20260727133203.html,200.0,fetched,unchanged,
DOC-REG-011-20260728113444,REG-011,Tier 1,yapi_kredi,Yapı Kredi,Yapı Kredi KOBİ Kampanyaları,https://www.yapikredi.com.tr/kampanyalar/kategori/kobi/,KOBİ | Kampanyalar | Yapı Kredi,2026-07-28T11:34:44.043209+00:00,37bec36ecc83357a231636f0ee4d8df6a4bd770159b8d8cb7a2acf9c1a824dec,data/raw_documents/cleaned_text/DOC-REG-011-20260728113444.txt,data/raw_documents/raw_html/DOC-REG-011-20260728113444.html,200.0,fetched,unchanged,
DOC-REG-012-20260616125045,REG-012,Tier 1,yapi_kredi,Yapı Kredi,Yapı Kredi Basın Bültenleri,https://www.yapikredi.com.tr/yapi-kredi-hakkinda/basin-bultenleri,Basın Bültenleri | Yapı Kredi Hakkında | Yapı Kredi,2026-06-16T12:50:45.206961+00:00,c12669d7a24fca75d4e4d39647d5330b08e3268c9457c84a37c5f8bf5ceaedf4,data/raw_documents/cleaned_text/DOC-REG-012-20260616125045.txt,data/raw_documents/raw_html/DOC-REG-012-20260616125045.html,200.0,fetched,new_source,
DOC-REG-012-20260624131559,REG-012,Tier 1,yapi_kredi,Yapı Kredi,Yapı Kredi Basın Bültenleri,https://www.yapikredi.com.tr/yapi-kredi-hakkinda/basin-bultenleri,Basın Bültenleri | Yapı Kredi Hakkında | Yapı Kredi,2026-06-24T13:15:59.806366+00:00,3f4eb2fd88669a81e19edd5660331358f19edcf2dc038aa01a307bb5e3f672f0,data/raw_documents/cleaned_text/DOC-REG-012-20260624131559.txt,data/raw_documents/raw_html/DOC-REG-012-20260624131559.html,200.0,fetched,changed,
DOC-REG-012-20260624131842,REG-012,Tier 1,yapi_kredi,Yapı Kredi,Yapı Kredi Basın Bültenleri,https://www.yapikredi.com.tr/yapi-kredi-hakkinda/basin-bultenleri,Basın Bültenleri | Yapı Kredi Hakkında | Yapı Kredi,2026-06-24T13:18:42.552219+00:00,3f4eb2fd88669a81e19edd5660331358f19edcf2dc038aa01a307bb5e3f672f0,data/raw_documents/cleaned_text/DOC-REG-012-20260624131842.txt,data/raw_documents/raw_html/DOC-REG-012-20260624131842.html,200.0,fetched,unchanged,
DOC-REG-012-20260624132116,REG-012,Tier 1,yapi_kredi,Yapı Kredi,Yapı Kredi Basın Bültenleri,https://www.yapikredi.com.tr/yapi-kredi-hakkinda/basin-bultenleri,Basın Bültenleri | Yapı Kredi Hakkında | Yapı Kredi,2026-06-24T13:21:16.375368+00:00,3f4eb2fd88669a81e19edd5660331358f19edcf2dc038aa01a307bb5e3f672f0,data/raw_documents/cleaned_text/DOC-REG-012-20260624132116.txt,data/raw_documents/raw_html/DOC-REG-012-20260624132116.html,200.0,fetched,unchanged,
DOC-REG-012-20260624132227,REG-012,Tier 1,yapi_kredi,Yapı Kredi,Yapı Kredi Basın Bültenleri,https://www.yapikredi.com.tr/yapi-kredi-hakkinda/basin-bultenleri,Basın Bültenleri | Yapı Kredi Hakkında | Yapı Kredi,2026-06-24T13:22:27.037607+00:00,3f4eb2fd88669a81e19edd5660331358f19edcf2dc038aa01a307bb5e3f672f0,data/raw_documents/cleaned_text/DOC-REG-012-20260624132227.txt,data/raw_documents/raw_html/DOC-REG-012-20260624132227.html,200.0,fetched,unchanged,
DOC-REG-012-20260624132433,REG-012,Tier 1,yapi_kredi,Yapı Kredi,Yapı Kredi Basın Bültenleri,https://www.yapikredi.com.tr/yapi-kredi-hakkinda/basin-bultenleri,Basın Bültenleri | Yapı Kredi Hakkında | Yapı Kredi,2026-06-24T13:24:33.736703+00:00,3f4eb2fd88669a81e19edd5660331358f19edcf2dc038aa01a307bb5e3f672f0,data/raw_documents/cleaned_text/DOC-REG-012-20260624132433.txt,data/raw_documents/raw_html/DOC-REG-012-20260624132433.html,200.0,fetched,unchanged,
DOC-REG-012-20260629082830,REG-012,Tier 1,yapi_kredi,Yapı Kredi,Yapı Kredi Basın Bültenleri,https://www.yapikredi.com.tr/yapi-kredi-hakkinda/basin-bultenleri,Basın Bültenleri | Yapı Kredi Hakkında | Yapı Kredi,2026-06-29T08:28:30.525796+00:00,3f4eb2fd88669a81e19edd5660331358f19edcf2dc038aa01a307bb5e3f672f0,data/raw_documents/cleaned_text/DOC-REG-012-20260629082830.txt,data/raw_documents/raw_html/DOC-REG-012-20260629082830.html,200.0,fetched,unchanged,
DOC-REG-012-20260629083036,REG-012,Tier 1,yapi_kredi,Yapı Kredi,Yapı Kredi Basın Bültenleri,https://www.yapikredi.com.tr/yapi-kredi-hakkinda/basin-bultenleri,Basın Bültenleri | Yapı Kredi Hakkında | Yapı Kredi,2026-06-29T08:30:36.654532+00:00,3f4eb2fd88669a81e19edd5660331358f19edcf2dc038aa01a307bb5e3f672f0,data/raw_documents/cleaned_text/DOC-REG-012-20260629083036.txt,data/raw_documents/raw_html/DOC-REG-012-20260629083036.html,200.0,fetched,unchanged,
DOC-REG-012-20260629134014,REG-012,Tier 1,yapi_kredi,Yapı Kredi,Yapı Kredi Basın Bültenleri,https://www.yapikredi.com.tr/yapi-kredi-hakkinda/basin-bultenleri,Basın Bültenleri | Yapı Kredi Hakkında | Yapı Kredi,2026-06-29T13:40:14.995199+00:00,3f4eb2fd88669a81e19edd5660331358f19edcf2dc038aa01a307bb5e3f672f0,data/raw_documents/cleaned_text/DOC-REG-012-20260629134014.txt,data/raw_documents/raw_html/DOC-REG-012-20260629134014.html,200.0,fetched,unchanged,
DOC-REG-012-20260629134245,REG-012,Tier 1,yapi_kredi,Yapı Kredi,Yapı Kredi Basın Bültenleri,https://www.yapikredi.com.tr/yapi-kredi-hakkinda/basin-bultenleri,Basın Bültenleri | Yapı Kredi Hakkında | Yapı Kredi,2026-06-29T13:42:45.988287+00:00,3f4eb2fd88669a81e19edd5660331358f19edcf2dc038aa01a307bb5e3f672f0,data/raw_documents/cleaned_text/DOC-REG-012-20260629134245.txt,data/raw_documents/raw_html/DOC-REG-012-20260629134245.html,200.0,fetched,unchanged,
DOC-REG-012-20260629135245,REG-012,Tier 1,yapi_kredi,Yapı Kredi,Yapı Kredi Basın Bültenleri,https://www.yapikredi.com.tr/yapi-kredi-hakkinda/basin-bultenleri,Basın Bültenleri | Yapı Kredi Hakkında | Yapı Kredi,2026-06-29T13:52:45.823659+00:00,3f4eb2fd88669a81e19edd5660331358f19edcf2dc038aa01a307bb5e3f672f0,data/raw_documents/cleaned_text/DOC-REG-012-20260629135245.txt,data/raw_documents/raw_html/DOC-REG-012-20260629135245.html,200.0,fetched,unchanged,
DOC-REG-012-20260722085137,REG-012,Tier 1,yapi_kredi,Yapı Kredi,Yapı Kredi Basın Bültenleri,https://www.yapikredi.com.tr/yapi-kredi-hakkinda/basin-bultenleri,Basın Bültenleri | Yapı Kredi Hakkında | Yapı Kredi,2026-07-22T08:51:37.323077+00:00,3f4eb2fd88669a81e19edd5660331358f19edcf2dc038aa01a307bb5e3f672f0,data/raw_documents/cleaned_text/DOC-REG-012-20260722085137.txt,data/raw_documents/raw_html/DOC-REG-012-20260722085137.html,200.0,fetched,unchanged,
DOC-REG-012-20260722111746,REG-012,Tier 1,yapi_kredi,Yapı Kredi,Yapı Kredi Basın Bültenleri,https://www.yapikredi.com.tr/yapi-kredi-hakkinda/basin-bultenleri,Basın Bültenleri | Yapı Kredi Hakkında | Yapı Kredi,2026-07-22T11:17:46.488076+00:00,3f4eb2fd88669a81e19edd5660331358f19edcf2dc038aa01a307bb5e3f672f0,data/raw_documents/cleaned_text/DOC-REG-012-20260722111746.txt,data/raw_documents/raw_html/DOC-REG-012-20260722111746.html,200.0,fetched,unchanged,
DOC-REG-012-20260723070753,REG-012,Tier 1,yapi_kredi,Yapı Kredi,Yapı Kredi Basın Bültenleri,https://www.yapikredi.com.tr/yapi-kredi-hakkinda/basin-bultenleri,Basın Bültenleri | Yapı Kredi Hakkında | Yapı Kredi,2026-07-23T07:07:53.603236+00:00,3f4eb2fd88669a81e19edd5660331358f19edcf2dc038aa01a307bb5e3f672f0,data/raw_documents/cleaned_text/DOC-REG-012-20260723070753.txt,data/raw_documents/raw_html/DOC-REG-012-20260723070753.html,200.0,fetched,unchanged,
DOC-REG-012-20260723112221,REG-012,Tier 1,yapi_kredi,Yapı Kredi,Yapı Kredi Basın Bültenleri,https://www.yapikredi.com.tr/yapi-kredi-hakkinda/basin-bultenleri,Basın Bültenleri | Yapı Kredi Hakkında | Yapı Kredi,2026-07-23T11:22:21.436452+00:00,3f4eb2fd88669a81e19edd5660331358f19edcf2dc038aa01a307bb5e3f672f0,data/raw_documents/cleaned_text/DOC-REG-012-20260723112221.txt,data/raw_documents/raw_html/DOC-REG-012-20260723112221.html,200.0,fetched,unchanged,
DOC-REG-012-20260724110851,REG-012,Tier 1,yapi_kredi,Yapı Kredi,Yapı Kredi Basın Bültenleri,https://www.yapikredi.com.tr/yapi-kredi-hakkinda/basin-bultenleri,Basın Bültenleri | Yapı Kredi Hakkında | Yapı Kredi,2026-07-24T11:08:51.107152+00:00,3f4eb2fd88669a81e19edd5660331358f19edcf2dc038aa01a307bb5e3f672f0,data/raw_documents/cleaned_text/DOC-REG-012-20260724110851.txt,data/raw_documents/raw_html/DOC-REG-012-20260724110851.html,200.0,fetched,unchanged,
DOC-REG-012-20260725092239,REG-012,Tier 1,yapi_kredi,Yapı Kredi,Yapı Kredi Basın Bültenleri,https://www.yapikredi.com.tr/yapi-kredi-hakkinda/basin-bultenleri,Basın Bültenleri | Yapı Kredi Hakkında | Yapı Kredi,2026-07-25T09:22:39.118338+00:00,3f4eb2fd88669a81e19edd5660331358f19edcf2dc038aa01a307bb5e3f672f0,data/raw_documents/cleaned_text/DOC-REG-012-20260725092239.txt,data/raw_documents/raw_html/DOC-REG-012-20260725092239.html,200.0,fetched,unchanged,
DOC-REG-012-20260726101941,REG-012,Tier 1,yapi_kredi,Yapı Kredi,Yapı Kredi Basın Bültenleri,https://www.yapikredi.com.tr/yapi-kredi-hakkinda/basin-bultenleri,Basın Bültenleri | Yapı Kredi Hakkında | Yapı Kredi,2026-07-26T10:19:41.709417+00:00,3f4eb2fd88669a81e19edd5660331358f19edcf2dc038aa01a307bb5e3f672f0,data/raw_documents/cleaned_text/DOC-REG-012-20260726101941.txt,data/raw_documents/raw_html/DOC-REG-012-20260726101941.html,200.0,fetched,unchanged,
DOC-REG-012-20260727133207,REG-012,Tier 1,yapi_kredi,Yapı Kredi,Yapı Kredi Basın Bültenleri,https://www.yapikredi.com.tr/yapi-kredi-hakkinda/basin-bultenleri,Basın Bültenleri | Yapı Kredi Hakkında | Yapı Kredi,2026-07-27T13:32:07.468236+00:00,3f4eb2fd88669a81e19edd5660331358f19edcf2dc038aa01a307bb5e3f672f0,data/raw_documents/cleaned_text/DOC-REG-012-20260727133207.txt,data/raw_documents/raw_html/DOC-REG-012-20260727133207.html,200.0,fetched,unchanged,
DOC-REG-012-20260728113447,REG-012,Tier 1,yapi_kredi,Yapı Kredi,Yapı Kredi Basın Bültenleri,https://www.yapikredi.com.tr/yapi-kredi-hakkinda/basin-bultenleri,Basın Bültenleri | Yapı Kredi Hakkında | Yapı Kredi,2026-07-28T11:34:47.422654+00:00,3f4eb2fd88669a81e19edd5660331358f19edcf2dc038aa01a307bb5e3f672f0,data/raw_documents/cleaned_text/DOC-REG-012-20260728113447.txt,data/raw_documents/raw_html/DOC-REG-012-20260728113447.html,200.0,fetched,unchanged,
DOC-REG-013-20260616125046,REG-013,Tier 1,qnb_finansbank,QNB Finansbank,QNB Finansbank KOBİ / KOBİ sayfası,https://www.qnbfinansbank.com/kobi,,2026-06-16T12:50:46.070437+00:00,e3b0c44298fc1c149afbf4c8996fb92427ae41e4649b934ca495991b7852b855,data/raw_documents/cleaned_text/DOC-REG-013-20260616125046.txt,data/raw_documents/raw_html/DOC-REG-013-20260616125046.html,200.0,fetched,new_source,
DOC-REG-061-20260616125046,REG-061,Tier 1,qnb_finansbank,QNB Finansbank,QNB Finansbank Kampanyalar,https://www.qnb.com.tr/kampanyalar,,2026-06-16T12:50:46.283915+00:00,,data/raw_documents/cleaned_text/DOC-REG-061-20260616125046.txt,data/raw_documents/raw_html/DOC-REG-061-20260616125046.html,,error,error,"('Connection aborted.', RemoteDisconnected('Remote end closed connection without response'))"
DOC-REG-061-20260616131922,REG-061,Tier 1,qnb_finansbank,QNB Finansbank,QNB Finansbank Kampanyalar,https://www.qnb.com.tr/kampanyalar,Tüm Kampanyalar | QNB,2026-06-16T13:19:22.863861+00:00,732291755406a25fe81c209df80df69cf63935df7415af3329dc430240fa147e,data/raw_documents/cleaned_text/DOC-REG-061-20260616131922.txt,data/raw_documents/raw_html/DOC-REG-061-20260616131922.html,200.0,fetched,new_source,
DOC-REG-061-20260624131612,REG-061,Tier 1,qnb_finansbank,QNB Finansbank,QNB Finansbank Kampanyalar,https://www.qnb.com.tr/kampanyalar,Tüm Kampanyalar | QNB,2026-06-24T13:16:12.251878+00:00,732291755406a25fe81c209df80df69cf63935df7415af3329dc430240fa147e,data/raw_documents/cleaned_text/DOC-REG-061-20260624131612.txt,data/raw_documents/raw_html/DOC-REG-061-20260624131612.html,200.0,fetched,unchanged,
DOC-REG-061-20260624131846,REG-061,Tier 1,qnb_finansbank,QNB Finansbank,QNB Finansbank Kampanyalar,https://www.qnb.com.tr/kampanyalar,Tüm Kampanyalar | QNB,2026-06-24T13:18:46.990275+00:00,732291755406a25fe81c209df80df69cf63935df7415af3329dc430240fa147e,data/raw_documents/cleaned_text/DOC-REG-061-20260624131846.txt,data/raw_documents/raw_html/DOC-REG-061-20260624131846.html,200.0,fetched,unchanged,
DOC-REG-061-20260624132120,REG-061,Tier 1,qnb_finansbank,QNB Finansbank,QNB Finansbank Kampanyalar,https://www.qnb.com.tr/kampanyalar,Tüm Kampanyalar | QNB,2026-06-24T13:21:20.238252+00:00,732291755406a25fe81c209df80df69cf63935df7415af3329dc430240fa147e,data/raw_documents/cleaned_text/DOC-REG-061-20260624132120.txt,data/raw_documents/raw_html/DOC-REG-061-20260624132120.html,200.0,fetched,unchanged,
DOC-REG-061-20260624132230,REG-061,Tier 1,qnb_finansbank,QNB Finansbank,QNB Finansbank Kampanyalar,https://www.qnb.com.tr/kampanyalar,Tüm Kampanyalar | QNB,2026-06-24T13:22:30.515177+00:00,732291755406a25fe81c209df80df69cf63935df7415af3329dc430240fa147e,data/raw_documents/cleaned_text/DOC-REG-061-20260624132230.txt,data/raw_documents/raw_html/DOC-REG-061-20260624132230.html,200.0,fetched,unchanged,
DOC-REG-061-20260624132437,REG-061,Tier 1,qnb_finansbank,QNB Finansbank,QNB Finansbank Kampanyalar,https://www.qnb.com.tr/kampanyalar,Tüm Kampanyalar | QNB,2026-06-24T13:24:37.671553+00:00,732291755406a25fe81c209df80df69cf63935df7415af3329dc430240fa147e,data/raw_documents/cleaned_text/DOC-REG-061-20260624132437.txt,data/raw_documents/raw_html/DOC-REG-061-20260624132437.html,200.0,fetched,unchanged,
DOC-REG-061-20260629082833,REG-061,Tier 1,qnb_finansbank,QNB Finansbank,QNB Finansbank Kampanyalar,https://www.qnb.com.tr/kampanyalar,Tüm Kampanyalar | QNB,2026-06-29T08:28:33.669451+00:00,732291755406a25fe81c209df80df69cf63935df7415af3329dc430240fa147e,data/raw_documents/cleaned_text/DOC-REG-061-20260629082833.txt,data/raw_documents/raw_html/DOC-REG-061-20260629082833.html,200.0,fetched,unchanged,
DOC-REG-061-20260629083041,REG-061,Tier 1,qnb_finansbank,QNB Finansbank,QNB Finansbank Kampanyalar,https://www.qnb.com.tr/kampanyalar,Tüm Kampanyalar | QNB,2026-06-29T08:30:41.425900+00:00,732291755406a25fe81c209df80df69cf63935df7415af3329dc430240fa147e,data/raw_documents/cleaned_text/DOC-REG-061-20260629083041.txt,data/raw_documents/raw_html/DOC-REG-061-20260629083041.html,200.0,fetched,unchanged,
DOC-REG-061-20260629134019,REG-061,Tier 1,qnb_finansbank,QNB Finansbank,QNB Finansbank Kampanyalar,https://www.qnb.com.tr/kampanyalar,Tüm Kampanyalar | QNB,2026-06-29T13:40:19.469161+00:00,732291755406a25fe81c209df80df69cf63935df7415af3329dc430240fa147e,data/raw_documents/cleaned_text/DOC-REG-061-20260629134019.txt,data/raw_documents/raw_html/DOC-REG-061-20260629134019.html,200.0,fetched,unchanged,
DOC-REG-061-20260629134250,REG-061,Tier 1,qnb_finansbank,QNB Finansbank,QNB Finansbank Kampanyalar,https://www.qnb.com.tr/kampanyalar,Tüm Kampanyalar | QNB,2026-06-29T13:42:50.561144+00:00,732291755406a25fe81c209df80df69cf63935df7415af3329dc430240fa147e,data/raw_documents/cleaned_text/DOC-REG-061-20260629134250.txt,data/raw_documents/raw_html/DOC-REG-061-20260629134250.html,200.0,fetched,unchanged,
DOC-REG-061-20260629135249,REG-061,Tier 1,qnb_finansbank,QNB Finansbank,QNB Finansbank Kampanyalar,https://www.qnb.com.tr/kampanyalar,Tüm Kampanyalar | QNB,2026-06-29T13:52:49.730814+00:00,732291755406a25fe81c209df80df69cf63935df7415af3329dc430240fa147e,data/raw_documents/cleaned_text/DOC-REG-061-20260629135249.txt,data/raw_documents/raw_html/DOC-REG-061-20260629135249.html,200.0,fetched,unchanged,
DOC-REG-061-20260722085144,REG-061,Tier 1,qnb_finansbank,QNB Finansbank,QNB Finansbank Kampanyalar,https://www.qnb.com.tr/kampanyalar,Tüm Kampanyalar | QNB,2026-07-22T08:51:44.349046+00:00,0fb8d1e3eaecd563fcb6bbfa6bd334b015d33e6842dd30bd2ec6337316022a25,data/raw_documents/cleaned_text/DOC-REG-061-20260722085144.txt,data/raw_documents/raw_html/DOC-REG-061-20260722085144.html,200.0,fetched,changed,
DOC-REG-061-20260722111829,REG-061,Tier 1,qnb_finansbank,QNB Finansbank,QNB Finansbank Kampanyalar,https://www.qnb.com.tr/kampanyalar,Tüm Kampanyalar | QNB,2026-07-22T11:18:29.521163+00:00,0fb8d1e3eaecd563fcb6bbfa6bd334b015d33e6842dd30bd2ec6337316022a25,data/raw_documents/cleaned_text/DOC-REG-061-20260722111829.txt,data/raw_documents/raw_html/DOC-REG-061-20260722111829.html,200.0,fetched,unchanged,
DOC-REG-061-20260723070912,REG-061,Tier 1,qnb_finansbank,QNB Finansbank,QNB Finansbank Kampanyalar,https://www.qnb.com.tr/kampanyalar,Tüm Kampanyalar | QNB,2026-07-23T07:09:12.732316+00:00,0fb8d1e3eaecd563fcb6bbfa6bd334b015d33e6842dd30bd2ec6337316022a25,data/raw_documents/cleaned_text/DOC-REG-061-20260723070912.txt,data/raw_documents/raw_html/DOC-REG-061-20260723070912.html,200.0,fetched,unchanged,
DOC-REG-061-20260723112349,REG-061,Tier 1,qnb_finansbank,QNB Finansbank,QNB Finansbank Kampanyalar,https://www.qnb.com.tr/kampanyalar,Tüm Kampanyalar | QNB,2026-07-23T11:23:49.583102+00:00,0fb8d1e3eaecd563fcb6bbfa6bd334b015d33e6842dd30bd2ec6337316022a25,data/raw_documents/cleaned_text/DOC-REG-061-20260723112349.txt,data/raw_documents/raw_html/DOC-REG-061-20260723112349.html,200.0,fetched,unchanged,
DOC-REG-061-20260724110956,REG-061,Tier 1,qnb_finansbank,QNB Finansbank,QNB Finansbank Kampanyalar,https://www.qnb.com.tr/kampanyalar,Tüm Kampanyalar | QNB,2026-07-24T11:09:56.306294+00:00,0fb8d1e3eaecd563fcb6bbfa6bd334b015d33e6842dd30bd2ec6337316022a25,data/raw_documents/cleaned_text/DOC-REG-061-20260724110956.txt,data/raw_documents/raw_html/DOC-REG-061-20260724110956.html,200.0,fetched,unchanged,
DOC-REG-061-20260725092319,REG-061,Tier 1,qnb_finansbank,QNB Finansbank,QNB Finansbank Kampanyalar,https://www.qnb.com.tr/kampanyalar,Tüm Kampanyalar | QNB,2026-07-25T09:23:19.210924+00:00,0fb8d1e3eaecd563fcb6bbfa6bd334b015d33e6842dd30bd2ec6337316022a25,data/raw_documents/cleaned_text/DOC-REG-061-20260725092319.txt,data/raw_documents/raw_html/DOC-REG-061-20260725092319.html,200.0,fetched,unchanged,
DOC-REG-061-20260726102127,REG-061,Tier 1,qnb_finansbank,QNB Finansbank,QNB Finansbank Kampanyalar,https://www.qnb.com.tr/kampanyalar,Tüm Kampanyalar | QNB,2026-07-26T10:21:27.864013+00:00,0fb8d1e3eaecd563fcb6bbfa6bd334b015d33e6842dd30bd2ec6337316022a25,data/raw_documents/cleaned_text/DOC-REG-061-20260726102127.txt,data/raw_documents/raw_html/DOC-REG-061-20260726102127.html,200.0,fetched,unchanged,
DOC-REG-061-20260727133323,REG-061,Tier 1,qnb_finansbank,QNB Finansbank,QNB Finansbank Kampanyalar,https://www.qnb.com.tr/kampanyalar,Tüm Kampanyalar | QNB,2026-07-27T13:33:23.334257+00:00,0fb8d1e3eaecd563fcb6bbfa6bd334b015d33e6842dd30bd2ec6337316022a25,data/raw_documents/cleaned_text/DOC-REG-061-20260727133323.txt,data/raw_documents/raw_html/DOC-REG-061-20260727133323.html,200.0,fetched,unchanged,
DOC-REG-061-20260728113604,REG-061,Tier 1,qnb_finansbank,QNB Finansbank,QNB Finansbank Kampanyalar,https://www.qnb.com.tr/kampanyalar,Tüm Kampanyalar | QNB,2026-07-28T11:36:04.385604+00:00,0fb8d1e3eaecd563fcb6bbfa6bd334b015d33e6842dd30bd2ec6337316022a25,data/raw_documents/cleaned_text/DOC-REG-061-20260728113604.txt,data/raw_documents/raw_html/DOC-REG-061-20260728113604.html,200.0,fetched,unchanged,
DOC-REG-062-20260616125046,REG-062,Tier 1,qnb_finansbank,QNB Finansbank,QNB Card KOBİ Ticari Kredi Kartı Kampanyaları,https://www.qnbcard.com.tr/kartlar/ticari-kartlar/qnb-kobi-ticari-kredi-karti/qnb-kobi-ticari-kredi-karti-kampanyalari,QNB KOBİ Kampanyaları | QNB Kredi Kartı,2026-06-16T12:50:46.364276+00:00,179e1dd46a18470c4b3baa1ed2874c02834210de0127ffe69ff921320ab41c5b,data/raw_documents/cleaned_text/DOC-REG-062-20260616125046.txt,data/raw_documents/raw_html/DOC-REG-062-20260616125046.html,200.0,fetched,new_source,
DOC-REG-062-20260624131613,REG-062,Tier 1,qnb_finansbank,QNB Finansbank,QNB Card KOBİ Ticari Kredi Kartı Kampanyaları,https://www.qnbcard.com.tr/kartlar/ticari-kartlar/qnb-kobi-ticari-kredi-karti/qnb-kobi-ticari-kredi-karti-kampanyalari,QNB KOBİ Kampanyaları | QNB Kredi Kartı,2026-06-24T13:16:13.703332+00:00,74ad32f6f3119808fe638d8e619c77bd2e31baf3dfe0f43b06fb6eab9e917743,data/raw_documents/cleaned_text/DOC-REG-062-20260624131613.txt,data/raw_documents/raw_html/DOC-REG-062-20260624131613.html,200.0,fetched,changed,
DOC-REG-062-20260624131848,REG-062,Tier 1,qnb_finansbank,QNB Finansbank,QNB Card KOBİ Ticari Kredi Kartı Kampanyaları,https://www.qnbcard.com.tr/kartlar/ticari-kartlar/qnb-kobi-ticari-kredi-karti/qnb-kobi-ticari-kredi-karti-kampanyalari,QNB KOBİ Kampanyaları | QNB Kredi Kartı,2026-06-24T13:18:48.111867+00:00,74ad32f6f3119808fe638d8e619c77bd2e31baf3dfe0f43b06fb6eab9e917743,data/raw_documents/cleaned_text/DOC-REG-062-20260624131848.txt,data/raw_documents/raw_html/DOC-REG-062-20260624131848.html,200.0,fetched,unchanged,
DOC-REG-062-20260624132120,REG-062,Tier 1,qnb_finansbank,QNB Finansbank,QNB Card KOBİ Ticari Kredi Kartı Kampanyaları,https://www.qnbcard.com.tr/kartlar/ticari-kartlar/qnb-kobi-ticari-kredi-karti/qnb-kobi-ticari-kredi-karti-kampanyalari,QNB KOBİ Kampanyaları | QNB Kredi Kartı,2026-06-24T13:21:20.950192+00:00,74ad32f6f3119808fe638d8e619c77bd2e31baf3dfe0f43b06fb6eab9e917743,data/raw_documents/cleaned_text/DOC-REG-062-20260624132120.txt,data/raw_documents/raw_html/DOC-REG-062-20260624132120.html,200.0,fetched,unchanged,
DOC-REG-062-20260624132231,REG-062,Tier 1,qnb_finansbank,QNB Finansbank,QNB Card KOBİ Ticari Kredi Kartı Kampanyaları,https://www.qnbcard.com.tr/kartlar/ticari-kartlar/qnb-kobi-ticari-kredi-karti/qnb-kobi-ticari-kredi-karti-kampanyalari,QNB KOBİ Kampanyaları | QNB Kredi Kartı,2026-06-24T13:22:31.301289+00:00,74ad32f6f3119808fe638d8e619c77bd2e31baf3dfe0f43b06fb6eab9e917743,data/raw_documents/cleaned_text/DOC-REG-062-20260624132231.txt,data/raw_documents/raw_html/DOC-REG-062-20260624132231.html,200.0,fetched,unchanged,
DOC-REG-062-20260624132438,REG-062,Tier 1,qnb_finansbank,QNB Finansbank,QNB Card KOBİ Ticari Kredi Kartı Kampanyaları,https://www.qnbcard.com.tr/kartlar/ticari-kartlar/qnb-kobi-ticari-kredi-karti/qnb-kobi-ticari-kredi-karti-kampanyalari,QNB KOBİ Kampanyaları | QNB Kredi Kartı,2026-06-24T13:24:38.563302+00:00,74ad32f6f3119808fe638d8e619c77bd2e31baf3dfe0f43b06fb6eab9e917743,data/raw_documents/cleaned_text/DOC-REG-062-20260624132438.txt,data/raw_documents/raw_html/DOC-REG-062-20260624132438.html,200.0,fetched,unchanged,
DOC-REG-062-20260629082834,REG-062,Tier 1,qnb_finansbank,QNB Finansbank,QNB Card KOBİ Ticari Kredi Kartı Kampanyaları,https://www.qnbcard.com.tr/kartlar/ticari-kartlar/qnb-kobi-ticari-kredi-karti/qnb-kobi-ticari-kredi-karti-kampanyalari,QNB KOBİ Kampanyaları | QNB Kredi Kartı,2026-06-29T08:28:34.844392+00:00,74ad32f6f3119808fe638d8e619c77bd2e31baf3dfe0f43b06fb6eab9e917743,data/raw_documents/cleaned_text/DOC-REG-062-20260629082834.txt,data/raw_documents/raw_html/DOC-REG-062-20260629082834.html,200.0,fetched,unchanged,
DOC-REG-062-20260629083042,REG-062,Tier 1,qnb_finansbank,QNB Finansbank,QNB Card KOBİ Ticari Kredi Kartı Kampanyaları,https://www.qnbcard.com.tr/kartlar/ticari-kartlar/qnb-kobi-ticari-kredi-karti/qnb-kobi-ticari-kredi-karti-kampanyalari,QNB KOBİ Kampanyaları | QNB Kredi Kartı,2026-06-29T08:30:42.234798+00:00,74ad32f6f3119808fe638d8e619c77bd2e31baf3dfe0f43b06fb6eab9e917743,data/raw_documents/cleaned_text/DOC-REG-062-20260629083042.txt,data/raw_documents/raw_html/DOC-REG-062-20260629083042.html,200.0,fetched,unchanged,
DOC-REG-062-20260629134020,REG-062,Tier 1,qnb_finansbank,QNB Finansbank,QNB Card KOBİ Ticari Kredi Kartı Kampanyaları,https://www.qnbcard.com.tr/kartlar/ticari-kartlar/qnb-kobi-ticari-kredi-karti/qnb-kobi-ticari-kredi-karti-kampanyalari,QNB KOBİ Kampanyaları | QNB Kredi Kartı,2026-06-29T13:40:20.151014+00:00,74ad32f6f3119808fe638d8e619c77bd2e31baf3dfe0f43b06fb6eab9e917743,data/raw_documents/cleaned_text/DOC-REG-062-20260629134020.txt,data/raw_documents/raw_html/DOC-REG-062-20260629134020.html,200.0,fetched,unchanged,
DOC-REG-062-20260629134251,REG-062,Tier 1,qnb_finansbank,QNB Finansbank,QNB Card KOBİ Ticari Kredi Kartı Kampanyaları,https://www.qnbcard.com.tr/kartlar/ticari-kartlar/qnb-kobi-ticari-kredi-karti/qnb-kobi-ticari-kredi-karti-kampanyalari,QNB KOBİ Kampanyaları | QNB Kredi Kartı,2026-06-29T13:42:51.353899+00:00,74ad32f6f3119808fe638d8e619c77bd2e31baf3dfe0f43b06fb6eab9e917743,data/raw_documents/cleaned_text/DOC-REG-062-20260629134251.txt,data/raw_documents/raw_html/DOC-REG-062-20260629134251.html,200.0,fetched,unchanged,
DOC-REG-062-20260629135250,REG-062,Tier 1,qnb_finansbank,QNB Finansbank,QNB Card KOBİ Ticari Kredi Kartı Kampanyaları,https://www.qnbcard.com.tr/kartlar/ticari-kartlar/qnb-kobi-ticari-kredi-karti/qnb-kobi-ticari-kredi-karti-kampanyalari,QNB KOBİ Kampanyaları | QNB Kredi Kartı,2026-06-29T13:52:50.416543+00:00,74ad32f6f3119808fe638d8e619c77bd2e31baf3dfe0f43b06fb6eab9e917743,data/raw_documents/cleaned_text/DOC-REG-062-20260629135250.txt,data/raw_documents/raw_html/DOC-REG-062-20260629135250.html,200.0,fetched,unchanged,
DOC-REG-062-20260722085150,REG-062,Tier 1,qnb_finansbank,QNB Finansbank,QNB Card KOBİ Ticari Kredi Kartı Kampanyaları,https://www.qnbcard.com.tr/kartlar/ticari-kartlar/qnb-kobi-ticari-kredi-karti/qnb-kobi-ticari-kredi-karti-kampanyalari,QNB KOBİ Kampanyaları | QNB Kredi Kartı,2026-07-22T08:51:50.279775+00:00,3c7e019bc082a1607450fc259149145c31afa527dc61753e3b587f383c036553,data/raw_documents/cleaned_text/DOC-REG-062-20260722085150.txt,data/raw_documents/raw_html/DOC-REG-062-20260722085150.html,200.0,fetched,changed,
DOC-REG-062-20260722111831,REG-062,Tier 1,qnb_finansbank,QNB Finansbank,QNB Card KOBİ Ticari Kredi Kartı Kampanyaları,https://www.qnbcard.com.tr/kartlar/ticari-kartlar/qnb-kobi-ticari-kredi-karti/qnb-kobi-ticari-kredi-karti-kampanyalari,QNB KOBİ Kampanyaları | QNB Kredi Kartı,2026-07-22T11:18:31.434994+00:00,3c7e019bc082a1607450fc259149145c31afa527dc61753e3b587f383c036553,data/raw_documents/cleaned_text/DOC-REG-062-20260722111831.txt,data/raw_documents/raw_html/DOC-REG-062-20260722111831.html,200.0,fetched,unchanged,
DOC-REG-062-20260723070915,REG-062,Tier 1,qnb_finansbank,QNB Finansbank,QNB Card KOBİ Ticari Kredi Kartı Kampanyaları,https://www.qnbcard.com.tr/kartlar/ticari-kartlar/qnb-kobi-ticari-kredi-karti/qnb-kobi-ticari-kredi-karti-kampanyalari,QNB KOBİ Kampanyaları | QNB Kredi Kartı,2026-07-23T07:09:15.153978+00:00,3c7e019bc082a1607450fc259149145c31afa527dc61753e3b587f383c036553,data/raw_documents/cleaned_text/DOC-REG-062-20260723070915.txt,data/raw_documents/raw_html/DOC-REG-062-20260723070915.html,200.0,fetched,unchanged,
DOC-REG-062-20260723112351,REG-062,Tier 1,qnb_finansbank,QNB Finansbank,QNB Card KOBİ Ticari Kredi Kartı Kampanyaları,https://www.qnbcard.com.tr/kartlar/ticari-kartlar/qnb-kobi-ticari-kredi-karti/qnb-kobi-ticari-kredi-karti-kampanyalari,QNB KOBİ Kampanyaları | QNB Kredi Kartı,2026-07-23T11:23:51.889184+00:00,3c7e019bc082a1607450fc259149145c31afa527dc61753e3b587f383c036553,data/raw_documents/cleaned_text/DOC-REG-062-20260723112351.txt,data/raw_documents/raw_html/DOC-REG-062-20260723112351.html,200.0,fetched,unchanged,
DOC-REG-062-20260724110958,REG-062,Tier 1,qnb_finansbank,QNB Finansbank,QNB Card KOBİ Ticari Kredi Kartı Kampanyaları,https://www.qnbcard.com.tr/kartlar/ticari-kartlar/qnb-kobi-ticari-kredi-karti/qnb-kobi-ticari-kredi-karti-kampanyalari,QNB KOBİ Kampanyaları | QNB Kredi Kartı,2026-07-24T11:09:58.212277+00:00,3c7e019bc082a1607450fc259149145c31afa527dc61753e3b587f383c036553,data/raw_documents/cleaned_text/DOC-REG-062-20260724110958.txt,data/raw_documents/raw_html/DOC-REG-062-20260724110958.html,200.0,fetched,unchanged,
DOC-REG-062-20260725092321,REG-062,Tier 1,qnb_finansbank,QNB Finansbank,QNB Card KOBİ Ticari Kredi Kartı Kampanyaları,https://www.qnbcard.com.tr/kartlar/ticari-kartlar/qnb-kobi-ticari-kredi-karti/qnb-kobi-ticari-kredi-karti-kampanyalari,QNB KOBİ Kampanyaları | QNB Kredi Kartı,2026-07-25T09:23:21.333243+00:00,3c7e019bc082a1607450fc259149145c31afa527dc61753e3b587f383c036553,data/raw_documents/cleaned_text/DOC-REG-062-20260725092321.txt,data/raw_documents/raw_html/DOC-REG-062-20260725092321.html,200.0,fetched,unchanged,
DOC-REG-062-20260726102130,REG-062,Tier 1,qnb_finansbank,QNB Finansbank,QNB Card KOBİ Ticari Kredi Kartı Kampanyaları,https://www.qnbcard.com.tr/kartlar/ticari-kartlar/qnb-kobi-ticari-kredi-karti/qnb-kobi-ticari-kredi-karti-kampanyalari,QNB KOBİ Kampanyaları | QNB Kredi Kartı,2026-07-26T10:21:30.780323+00:00,3c7e019bc082a1607450fc259149145c31afa527dc61753e3b587f383c036553,data/raw_documents/cleaned_text/DOC-REG-062-20260726102130.txt,data/raw_documents/raw_html/DOC-REG-062-20260726102130.html,200.0,fetched,unchanged,
DOC-REG-062-20260727133325,REG-062,Tier 1,qnb_finansbank,QNB Finansbank,QNB Card KOBİ Ticari Kredi Kartı Kampanyaları,https://www.qnbcard.com.tr/kartlar/ticari-kartlar/qnb-kobi-ticari-kredi-karti/qnb-kobi-ticari-kredi-karti-kampanyalari,QNB KOBİ Kampanyaları | QNB Kredi Kartı,2026-07-27T13:33:25.877321+00:00,3c7e019bc082a1607450fc259149145c31afa527dc61753e3b587f383c036553,data/raw_documents/cleaned_text/DOC-REG-062-20260727133325.txt,data/raw_documents/raw_html/DOC-REG-062-20260727133325.html,200.0,fetched,unchanged,
DOC-REG-062-20260728113606,REG-062,Tier 1,qnb_finansbank,QNB Finansbank,QNB Card KOBİ Ticari Kredi Kartı Kampanyaları,https://www.qnbcard.com.tr/kartlar/ticari-kartlar/qnb-kobi-ticari-kredi-karti/qnb-kobi-ticari-kredi-karti-kampanyalari,QNB KOBİ Kampanyaları | QNB Kredi Kartı,2026-07-28T11:36:06.174159+00:00,3c7e019bc082a1607450fc259149145c31afa527dc61753e3b587f383c036553,data/raw_documents/cleaned_text/DOC-REG-062-20260728113606.txt,data/raw_documents/raw_html/DOC-REG-062-20260728113606.html,200.0,fetched,unchanged,
DOC-REG-063-20260616125046,REG-063,Tier 1,qnb_finansbank,QNB Finansbank,QNB KOBİ POS Çözümleri,https://www.qnb.com.tr/isim-icin/kobi/kobi-pos-cozumleri,Kobi POS Çözümleri | QNB,2026-06-16T12:50:46.583554+00:00,a140d33ac2fc82c4b559e9081fac4a33a266e7629076bbc1283ffc37e01da2ab,data/raw_documents/cleaned_text/DOC-REG-063-20260616125046.txt,data/raw_documents/raw_html/DOC-REG-063-20260616125046.html,200.0,fetched,new_source,
DOC-REG-063-20260624131621,REG-063,Tier 1,qnb_finansbank,QNB Finansbank,QNB KOBİ POS Çözümleri,https://www.qnb.com.tr/isim-icin/kobi/kobi-pos-cozumleri,Kobi POS Çözümleri | QNB,2026-06-24T13:16:21.332552+00:00,a140d33ac2fc82c4b559e9081fac4a33a266e7629076bbc1283ffc37e01da2ab,data/raw_documents/cleaned_text/DOC-REG-063-20260624131621.txt,data/raw_documents/raw_html/DOC-REG-063-20260624131621.html,200.0,fetched,unchanged,
DOC-REG-063-20260624131848,REG-063,Tier 1,qnb_finansbank,QNB Finansbank,QNB KOBİ POS Çözümleri,https://www.qnb.com.tr/isim-icin/kobi/kobi-pos-cozumleri,Kobi POS Çözümleri | QNB,2026-06-24T13:18:48.980404+00:00,a140d33ac2fc82c4b559e9081fac4a33a266e7629076bbc1283ffc37e01da2ab,data/raw_documents/cleaned_text/DOC-REG-063-20260624131848.txt,data/raw_documents/raw_html/DOC-REG-063-20260624131848.html,200.0,fetched,unchanged,
DOC-REG-063-20260624132121,REG-063,Tier 1,qnb_finansbank,QNB Finansbank,QNB KOBİ POS Çözümleri,https://www.qnb.com.tr/isim-icin/kobi/kobi-pos-cozumleri,Kobi POS Çözümleri | QNB,2026-06-24T13:21:21.868334+00:00,a140d33ac2fc82c4b559e9081fac4a33a266e7629076bbc1283ffc37e01da2ab,data/raw_documents/cleaned_text/DOC-REG-063-20260624132121.txt,data/raw_documents/raw_html/DOC-REG-063-20260624132121.html,200.0,fetched,unchanged,
DOC-REG-063-20260624132232,REG-063,Tier 1,qnb_finansbank,QNB Finansbank,QNB KOBİ POS Çözümleri,https://www.qnb.com.tr/isim-icin/kobi/kobi-pos-cozumleri,Kobi POS Çözümleri | QNB,2026-06-24T13:22:32.126860+00:00,a140d33ac2fc82c4b559e9081fac4a33a266e7629076bbc1283ffc37e01da2ab,data/raw_documents/cleaned_text/DOC-REG-063-20260624132232.txt,data/raw_documents/raw_html/DOC-REG-063-20260624132232.html,200.0,fetched,unchanged,
DOC-REG-063-20260624132439,REG-063,Tier 1,qnb_finansbank,QNB Finansbank,QNB KOBİ POS Çözümleri,https://www.qnb.com.tr/isim-icin/kobi/kobi-pos-cozumleri,Kobi POS Çözümleri | QNB,2026-06-24T13:24:39.448212+00:00,a140d33ac2fc82c4b559e9081fac4a33a266e7629076bbc1283ffc37e01da2ab,data/raw_documents/cleaned_text/DOC-REG-063-20260624132439.txt,data/raw_documents/raw_html/DOC-REG-063-20260624132439.html,200.0,fetched,unchanged,
DOC-REG-063-20260629082835,REG-063,Tier 1,qnb_finansbank,QNB Finansbank,QNB KOBİ POS Çözümleri,https://www.qnb.com.tr/isim-icin/kobi/kobi-pos-cozumleri,Kobi POS Çözümleri | QNB,2026-06-29T08:28:35.701781+00:00,a140d33ac2fc82c4b559e9081fac4a33a266e7629076bbc1283ffc37e01da2ab,data/raw_documents/cleaned_text/DOC-REG-063-20260629082835.txt,data/raw_documents/raw_html/DOC-REG-063-20260629082835.html,200.0,fetched,unchanged,
DOC-REG-063-20260629083042,REG-063,Tier 1,qnb_finansbank,QNB Finansbank,QNB KOBİ POS Çözümleri,https://www.qnb.com.tr/isim-icin/kobi/kobi-pos-cozumleri,Kobi POS Çözümleri | QNB,2026-06-29T08:30:42.946482+00:00,a140d33ac2fc82c4b559e9081fac4a33a266e7629076bbc1283ffc37e01da2ab,data/raw_documents/cleaned_text/DOC-REG-063-20260629083042.txt,data/raw_documents/raw_html/DOC-REG-063-20260629083042.html,200.0,fetched,unchanged,
DOC-REG-063-20260629134021,REG-063,Tier 1,qnb_finansbank,QNB Finansbank,QNB KOBİ POS Çözümleri,https://www.qnb.com.tr/isim-icin/kobi/kobi-pos-cozumleri,Kobi POS Çözümleri | QNB,2026-06-29T13:40:21.050250+00:00,a140d33ac2fc82c4b559e9081fac4a33a266e7629076bbc1283ffc37e01da2ab,data/raw_documents/cleaned_text/DOC-REG-063-20260629134021.txt,data/raw_documents/raw_html/DOC-REG-063-20260629134021.html,200.0,fetched,unchanged,
DOC-REG-063-20260629134252,REG-063,Tier 1,qnb_finansbank,QNB Finansbank,QNB KOBİ POS Çözümleri,https://www.qnb.com.tr/isim-icin/kobi/kobi-pos-cozumleri,Kobi POS Çözümleri | QNB,2026-06-29T13:42:52.299863+00:00,a140d33ac2fc82c4b559e9081fac4a33a266e7629076bbc1283ffc37e01da2ab,data/raw_documents/cleaned_text/DOC-REG-063-20260629134252.txt,data/raw_documents/raw_html/DOC-REG-063-20260629134252.html,200.0,fetched,unchanged,
DOC-REG-063-20260629135251,REG-063,Tier 1,qnb_finansbank,QNB Finansbank,QNB KOBİ POS Çözümleri,https://www.qnb.com.tr/isim-icin/kobi/kobi-pos-cozumleri,Kobi POS Çözümleri | QNB,2026-06-29T13:52:51.122346+00:00,a140d33ac2fc82c4b559e9081fac4a33a266e7629076bbc1283ffc37e01da2ab,data/raw_documents/cleaned_text/DOC-REG-063-20260629135251.txt,data/raw_documents/raw_html/DOC-REG-063-20260629135251.html,200.0,fetched,unchanged,
DOC-REG-063-20260722085158,REG-063,Tier 1,qnb_finansbank,QNB Finansbank,QNB KOBİ POS Çözümleri,https://www.qnb.com.tr/isim-icin/kobi/kobi-pos-cozumleri,KOBİ POS Çözümleri ve POS Cihazı | QNB,2026-07-22T08:51:58.100329+00:00,cc340235f5ec13f3db5edc30c737d6841eef91bf2478b27d90d9eab011bfe9f7,data/raw_documents/cleaned_text/DOC-REG-063-20260722085158.txt,data/raw_documents/raw_html/DOC-REG-063-20260722085158.html,200.0,fetched,changed,
DOC-REG-063-20260722111833,REG-063,Tier 1,qnb_finansbank,QNB Finansbank,QNB KOBİ POS Çözümleri,https://www.qnb.com.tr/isim-icin/kobi/kobi-pos-cozumleri,KOBİ POS Çözümleri ve POS Cihazı | QNB,2026-07-22T11:18:33.388076+00:00,cc340235f5ec13f3db5edc30c737d6841eef91bf2478b27d90d9eab011bfe9f7,data/raw_documents/cleaned_text/DOC-REG-063-20260722111833.txt,data/raw_documents/raw_html/DOC-REG-063-20260722111833.html,200.0,fetched,unchanged,
DOC-REG-063-20260723070917,REG-063,Tier 1,qnb_finansbank,QNB Finansbank,QNB KOBİ POS Çözümleri,https://www.qnb.com.tr/isim-icin/kobi/kobi-pos-cozumleri,KOBİ POS Çözümleri ve POS Cihazı | QNB,2026-07-23T07:09:17.670401+00:00,cc340235f5ec13f3db5edc30c737d6841eef91bf2478b27d90d9eab011bfe9f7,data/raw_documents/cleaned_text/DOC-REG-063-20260723070917.txt,data/raw_documents/raw_html/DOC-REG-063-20260723070917.html,200.0,fetched,unchanged,
DOC-REG-063-20260723112354,REG-063,Tier 1,qnb_finansbank,QNB Finansbank,QNB KOBİ POS Çözümleri,https://www.qnb.com.tr/isim-icin/kobi/kobi-pos-cozumleri,KOBİ POS Çözümleri ve POS Cihazı | QNB,2026-07-23T11:23:54.445488+00:00,cc340235f5ec13f3db5edc30c737d6841eef91bf2478b27d90d9eab011bfe9f7,data/raw_documents/cleaned_text/DOC-REG-063-20260723112354.txt,data/raw_documents/raw_html/DOC-REG-063-20260723112354.html,200.0,fetched,unchanged,
DOC-REG-063-20260724110959,REG-063,Tier 1,qnb_finansbank,QNB Finansbank,QNB KOBİ POS Çözümleri,https://www.qnb.com.tr/isim-icin/kobi/kobi-pos-cozumleri,KOBİ POS Çözümleri ve POS Cihazı | QNB,2026-07-24T11:09:59.933280+00:00,cc340235f5ec13f3db5edc30c737d6841eef91bf2478b27d90d9eab011bfe9f7,data/raw_documents/cleaned_text/DOC-REG-063-20260724110959.txt,data/raw_documents/raw_html/DOC-REG-063-20260724110959.html,200.0,fetched,unchanged,
DOC-REG-063-20260725092323,REG-063,Tier 1,qnb_finansbank,QNB Finansbank,QNB KOBİ POS Çözümleri,https://www.qnb.com.tr/isim-icin/kobi/kobi-pos-cozumleri,KOBİ POS Çözümleri ve POS Cihazı | QNB,2026-07-25T09:23:23.392118+00:00,cc340235f5ec13f3db5edc30c737d6841eef91bf2478b27d90d9eab011bfe9f7,data/raw_documents/cleaned_text/DOC-REG-063-20260725092323.txt,data/raw_documents/raw_html/DOC-REG-063-20260725092323.html,200.0,fetched,unchanged,
DOC-REG-063-20260726102132,REG-063,Tier 1,qnb_finansbank,QNB Finansbank,QNB KOBİ POS Çözümleri,https://www.qnb.com.tr/isim-icin/kobi/kobi-pos-cozumleri,KOBİ POS Çözümleri ve POS Cihazı | QNB,2026-07-26T10:21:32.799238+00:00,cc340235f5ec13f3db5edc30c737d6841eef91bf2478b27d90d9eab011bfe9f7,data/raw_documents/cleaned_text/DOC-REG-063-20260726102132.txt,data/raw_documents/raw_html/DOC-REG-063-20260726102132.html,200.0,fetched,unchanged,
DOC-REG-063-20260727133327,REG-063,Tier 1,qnb_finansbank,QNB Finansbank,QNB KOBİ POS Çözümleri,https://www.qnb.com.tr/isim-icin/kobi/kobi-pos-cozumleri,KOBİ POS Çözümleri ve POS Cihazı | QNB,2026-07-27T13:33:27.887618+00:00,cc340235f5ec13f3db5edc30c737d6841eef91bf2478b27d90d9eab011bfe9f7,data/raw_documents/cleaned_text/DOC-REG-063-20260727133327.txt,data/raw_documents/raw_html/DOC-REG-063-20260727133327.html,200.0,fetched,unchanged,
DOC-REG-063-20260728113608,REG-063,Tier 1,qnb_finansbank,QNB Finansbank,QNB KOBİ POS Çözümleri,https://www.qnb.com.tr/isim-icin/kobi/kobi-pos-cozumleri,KOBİ POS Çözümleri ve POS Cihazı | QNB,2026-07-28T11:36:08.148016+00:00,cc340235f5ec13f3db5edc30c737d6841eef91bf2478b27d90d9eab011bfe9f7,data/raw_documents/cleaned_text/DOC-REG-063-20260728113608.txt,data/raw_documents/raw_html/DOC-REG-063-20260728113608.html,200.0,fetched,unchanged,
DOC-REG-064-20260616125046,REG-064,Tier 1,qnb_finansbank,QNB Finansbank,QNB POS,https://www.qnb.com.tr/isim-icin/kobi/kobi-pos-cozumleri/pos,POS Cihazı Başvurusu | QNB,2026-06-16T12:50:46.988411+00:00,61eec41b3f4044eeedc3a4196dafaa6fa4c3e1681493abc3bacdae4818cab8d7,data/raw_documents/cleaned_text/DOC-REG-064-20260616125046.txt,data/raw_documents/raw_html/DOC-REG-064-20260616125046.html,200.0,fetched,new_source,
DOC-REG-064-20260624131622,REG-064,Tier 1,qnb_finansbank,QNB Finansbank,QNB POS,https://www.qnb.com.tr/isim-icin/kobi/kobi-pos-cozumleri/pos,POS Cihazı Başvurusu | QNB,2026-06-24T13:16:22.357220+00:00,61eec41b3f4044eeedc3a4196dafaa6fa4c3e1681493abc3bacdae4818cab8d7,data/raw_documents/cleaned_text/DOC-REG-064-20260624131622.txt,data/raw_documents/raw_html/DOC-REG-064-20260624131622.html,200.0,fetched,unchanged,
DOC-REG-064-20260624131849,REG-064,Tier 1,qnb_finansbank,QNB Finansbank,QNB POS,https://www.qnb.com.tr/isim-icin/kobi/kobi-pos-cozumleri/pos,POS Cihazı Başvurusu | QNB,2026-06-24T13:18:49.841966+00:00,61eec41b3f4044eeedc3a4196dafaa6fa4c3e1681493abc3bacdae4818cab8d7,data/raw_documents/cleaned_text/DOC-REG-064-20260624131849.txt,data/raw_documents/raw_html/DOC-REG-064-20260624131849.html,200.0,fetched,unchanged,
DOC-REG-064-20260624132122,REG-064,Tier 1,qnb_finansbank,QNB Finansbank,QNB POS,https://www.qnb.com.tr/isim-icin/kobi/kobi-pos-cozumleri/pos,POS Cihazı Başvurusu | QNB,2026-06-24T13:21:22.819925+00:00,61eec41b3f4044eeedc3a4196dafaa6fa4c3e1681493abc3bacdae4818cab8d7,data/raw_documents/cleaned_text/DOC-REG-064-20260624132122.txt,data/raw_documents/raw_html/DOC-REG-064-20260624132122.html,200.0,fetched,unchanged,
DOC-REG-064-20260624132233,REG-064,Tier 1,qnb_finansbank,QNB Finansbank,QNB POS,https://www.qnb.com.tr/isim-icin/kobi/kobi-pos-cozumleri/pos,POS Cihazı Başvurusu | QNB,2026-06-24T13:22:33.033992+00:00,61eec41b3f4044eeedc3a4196dafaa6fa4c3e1681493abc3bacdae4818cab8d7,data/raw_documents/cleaned_text/DOC-REG-064-20260624132233.txt,data/raw_documents/raw_html/DOC-REG-064-20260624132233.html,200.0,fetched,unchanged,
DOC-REG-064-20260624132440,REG-064,Tier 1,qnb_finansbank,QNB Finansbank,QNB POS,https://www.qnb.com.tr/isim-icin/kobi/kobi-pos-cozumleri/pos,POS Cihazı Başvurusu | QNB,2026-06-24T13:24:40.629936+00:00,61eec41b3f4044eeedc3a4196dafaa6fa4c3e1681493abc3bacdae4818cab8d7,data/raw_documents/cleaned_text/DOC-REG-064-20260624132440.txt,data/raw_documents/raw_html/DOC-REG-064-20260624132440.html,200.0,fetched,unchanged,
DOC-REG-064-20260629082836,REG-064,Tier 1,qnb_finansbank,QNB Finansbank,QNB POS,https://www.qnb.com.tr/isim-icin/kobi/kobi-pos-cozumleri/pos,POS Cihazı Başvurusu | QNB,2026-06-29T08:28:36.951558+00:00,61eec41b3f4044eeedc3a4196dafaa6fa4c3e1681493abc3bacdae4818cab8d7,data/raw_documents/cleaned_text/DOC-REG-064-20260629082836.txt,data/raw_documents/raw_html/DOC-REG-064-20260629082836.html,200.0,fetched,unchanged,
DOC-REG-064-20260629083043,REG-064,Tier 1,qnb_finansbank,QNB Finansbank,QNB POS,https://www.qnb.com.tr/isim-icin/kobi/kobi-pos-cozumleri/pos,POS Cihazı Başvurusu | QNB,2026-06-29T08:30:43.754536+00:00,61eec41b3f4044eeedc3a4196dafaa6fa4c3e1681493abc3bacdae4818cab8d7,data/raw_documents/cleaned_text/DOC-REG-064-20260629083043.txt,data/raw_documents/raw_html/DOC-REG-064-20260629083043.html,200.0,fetched,unchanged,
DOC-REG-064-20260629134022,REG-064,Tier 1,qnb_finansbank,QNB Finansbank,QNB POS,https://www.qnb.com.tr/isim-icin/kobi/kobi-pos-cozumleri/pos,POS Cihazı Başvurusu | QNB,2026-06-29T13:40:22.234580+00:00,61eec41b3f4044eeedc3a4196dafaa6fa4c3e1681493abc3bacdae4818cab8d7,data/raw_documents/cleaned_text/DOC-REG-064-20260629134022.txt,data/raw_documents/raw_html/DOC-REG-064-20260629134022.html,200.0,fetched,unchanged,
DOC-REG-064-20260629134253,REG-064,Tier 1,qnb_finansbank,QNB Finansbank,QNB POS,https://www.qnb.com.tr/isim-icin/kobi/kobi-pos-cozumleri/pos,POS Cihazı Başvurusu | QNB,2026-06-29T13:42:53.150808+00:00,61eec41b3f4044eeedc3a4196dafaa6fa4c3e1681493abc3bacdae4818cab8d7,data/raw_documents/cleaned_text/DOC-REG-064-20260629134253.txt,data/raw_documents/raw_html/DOC-REG-064-20260629134253.html,200.0,fetched,unchanged,
DOC-REG-064-20260629135252,REG-064,Tier 1,qnb_finansbank,QNB Finansbank,QNB POS,https://www.qnb.com.tr/isim-icin/kobi/kobi-pos-cozumleri/pos,POS Cihazı Başvurusu | QNB,2026-06-29T13:52:52.079247+00:00,61eec41b3f4044eeedc3a4196dafaa6fa4c3e1681493abc3bacdae4818cab8d7,data/raw_documents/cleaned_text/DOC-REG-064-20260629135252.txt,data/raw_documents/raw_html/DOC-REG-064-20260629135252.html,200.0,fetched,unchanged,
DOC-REG-064-20260722085207,REG-064,Tier 1,qnb_finansbank,QNB Finansbank,QNB POS,https://www.qnb.com.tr/isim-icin/kobi/kobi-pos-cozumleri/pos,POS Cihazı Başvurusu | QNB,2026-07-22T08:52:07.687236+00:00,61eec41b3f4044eeedc3a4196dafaa6fa4c3e1681493abc3bacdae4818cab8d7,data/raw_documents/cleaned_text/DOC-REG-064-20260722085207.txt,data/raw_documents/raw_html/DOC-REG-064-20260722085207.html,200.0,fetched,unchanged,
DOC-REG-064-20260722111835,REG-064,Tier 1,qnb_finansbank,QNB Finansbank,QNB POS,https://www.qnb.com.tr/isim-icin/kobi/kobi-pos-cozumleri/pos,POS Cihazı Başvurusu | QNB,2026-07-22T11:18:35.457418+00:00,61eec41b3f4044eeedc3a4196dafaa6fa4c3e1681493abc3bacdae4818cab8d7,data/raw_documents/cleaned_text/DOC-REG-064-20260722111835.txt,data/raw_documents/raw_html/DOC-REG-064-20260722111835.html,200.0,fetched,unchanged,
DOC-REG-064-20260723070920,REG-064,Tier 1,qnb_finansbank,QNB Finansbank,QNB POS,https://www.qnb.com.tr/isim-icin/kobi/kobi-pos-cozumleri/pos,POS Cihazı Başvurusu | QNB,2026-07-23T07:09:20.162705+00:00,61eec41b3f4044eeedc3a4196dafaa6fa4c3e1681493abc3bacdae4818cab8d7,data/raw_documents/cleaned_text/DOC-REG-064-20260723070920.txt,data/raw_documents/raw_html/DOC-REG-064-20260723070920.html,200.0,fetched,unchanged,
DOC-REG-064-20260723112356,REG-064,Tier 1,qnb_finansbank,QNB Finansbank,QNB POS,https://www.qnb.com.tr/isim-icin/kobi/kobi-pos-cozumleri/pos,POS Cihazı Başvurusu | QNB,2026-07-23T11:23:56.745772+00:00,61eec41b3f4044eeedc3a4196dafaa6fa4c3e1681493abc3bacdae4818cab8d7,data/raw_documents/cleaned_text/DOC-REG-064-20260723112356.txt,data/raw_documents/raw_html/DOC-REG-064-20260723112356.html,200.0,fetched,unchanged,
DOC-REG-064-20260724111002,REG-064,Tier 1,qnb_finansbank,QNB Finansbank,QNB POS,https://www.qnb.com.tr/isim-icin/kobi/kobi-pos-cozumleri/pos,POS Cihazı Başvurusu | QNB,2026-07-24T11:10:02.012529+00:00,61eec41b3f4044eeedc3a4196dafaa6fa4c3e1681493abc3bacdae4818cab8d7,data/raw_documents/cleaned_text/DOC-REG-064-20260724111002.txt,data/raw_documents/raw_html/DOC-REG-064-20260724111002.html,200.0,fetched,unchanged,
DOC-REG-064-20260725092325,REG-064,Tier 1,qnb_finansbank,QNB Finansbank,QNB POS,https://www.qnb.com.tr/isim-icin/kobi/kobi-pos-cozumleri/pos,POS Cihazı Başvurusu | QNB,2026-07-25T09:23:25.249727+00:00,61eec41b3f4044eeedc3a4196dafaa6fa4c3e1681493abc3bacdae4818cab8d7,data/raw_documents/cleaned_text/DOC-REG-064-20260725092325.txt,data/raw_documents/raw_html/DOC-REG-064-20260725092325.html,200.0,fetched,unchanged,
DOC-REG-064-20260726102136,REG-064,Tier 1,qnb_finansbank,QNB Finansbank,QNB POS,https://www.qnb.com.tr/isim-icin/kobi/kobi-pos-cozumleri/pos,POS Cihazı Başvurusu | QNB,2026-07-26T10:21:36.186101+00:00,61eec41b3f4044eeedc3a4196dafaa6fa4c3e1681493abc3bacdae4818cab8d7,data/raw_documents/cleaned_text/DOC-REG-064-20260726102136.txt,data/raw_documents/raw_html/DOC-REG-064-20260726102136.html,200.0,fetched,unchanged,
DOC-REG-064-20260727133329,REG-064,Tier 1,qnb_finansbank,QNB Finansbank,QNB POS,https://www.qnb.com.tr/isim-icin/kobi/kobi-pos-cozumleri/pos,POS Cihazı Başvurusu | QNB,2026-07-27T13:33:29.926106+00:00,61eec41b3f4044eeedc3a4196dafaa6fa4c3e1681493abc3bacdae4818cab8d7,data/raw_documents/cleaned_text/DOC-REG-064-20260727133329.txt,data/raw_documents/raw_html/DOC-REG-064-20260727133329.html,200.0,fetched,unchanged,
DOC-REG-064-20260728113610,REG-064,Tier 1,qnb_finansbank,QNB Finansbank,QNB POS,https://www.qnb.com.tr/isim-icin/kobi/kobi-pos-cozumleri/pos,POS Cihazı Başvurusu | QNB,2026-07-28T11:36:10.159824+00:00,61eec41b3f4044eeedc3a4196dafaa6fa4c3e1681493abc3bacdae4818cab8d7,data/raw_documents/cleaned_text/DOC-REG-064-20260728113610.txt,data/raw_documents/raw_html/DOC-REG-064-20260728113610.html,200.0,fetched,unchanged,
DOC-REG-065-20260616125047,REG-065,Tier 1,qnb_finansbank,QNB Finansbank,QNB Yazar Kasa POS,https://www.qnb.com.tr/isim-icin/kobi/kobi-pos-cozumleri/yazar-kasa-pos,Yazarkasa POS | QNB,2026-06-16T12:50:47.209827+00:00,6e7158fff218d45e63bf352518fb7fa0e41586f282a41389df730fefa6cd8034,data/raw_documents/cleaned_text/DOC-REG-065-20260616125047.txt,data/raw_documents/raw_html/DOC-REG-065-20260616125047.html,200.0,fetched,new_source,
DOC-REG-065-20260624131623,REG-065,Tier 1,qnb_finansbank,QNB Finansbank,QNB Yazar Kasa POS,https://www.qnb.com.tr/isim-icin/kobi/kobi-pos-cozumleri/yazar-kasa-pos,Yazarkasa POS | QNB,2026-06-24T13:16:23.370841+00:00,6e7158fff218d45e63bf352518fb7fa0e41586f282a41389df730fefa6cd8034,data/raw_documents/cleaned_text/DOC-REG-065-20260624131623.txt,data/raw_documents/raw_html/DOC-REG-065-20260624131623.html,200.0,fetched,unchanged,
DOC-REG-065-20260624131850,REG-065,Tier 1,qnb_finansbank,QNB Finansbank,QNB Yazar Kasa POS,https://www.qnb.com.tr/isim-icin/kobi/kobi-pos-cozumleri/yazar-kasa-pos,Yazarkasa POS | QNB,2026-06-24T13:18:50.854219+00:00,6e7158fff218d45e63bf352518fb7fa0e41586f282a41389df730fefa6cd8034,data/raw_documents/cleaned_text/DOC-REG-065-20260624131850.txt,data/raw_documents/raw_html/DOC-REG-065-20260624131850.html,200.0,fetched,unchanged,
DOC-REG-065-20260624132123,REG-065,Tier 1,qnb_finansbank,QNB Finansbank,QNB Yazar Kasa POS,https://www.qnb.com.tr/isim-icin/kobi/kobi-pos-cozumleri/yazar-kasa-pos,Yazarkasa POS | QNB,2026-06-24T13:21:23.549739+00:00,6e7158fff218d45e63bf352518fb7fa0e41586f282a41389df730fefa6cd8034,data/raw_documents/cleaned_text/DOC-REG-065-20260624132123.txt,data/raw_documents/raw_html/DOC-REG-065-20260624132123.html,200.0,fetched,unchanged,
DOC-REG-065-20260624132233,REG-065,Tier 1,qnb_finansbank,QNB Finansbank,QNB Yazar Kasa POS,https://www.qnb.com.tr/isim-icin/kobi/kobi-pos-cozumleri/yazar-kasa-pos,Yazarkasa POS | QNB,2026-06-24T13:22:33.838613+00:00,6e7158fff218d45e63bf352518fb7fa0e41586f282a41389df730fefa6cd8034,data/raw_documents/cleaned_text/DOC-REG-065-20260624132233.txt,data/raw_documents/raw_html/DOC-REG-065-20260624132233.html,200.0,fetched,unchanged,
DOC-REG-065-20260624132441,REG-065,Tier 1,qnb_finansbank,QNB Finansbank,QNB Yazar Kasa POS,https://www.qnb.com.tr/isim-icin/kobi/kobi-pos-cozumleri/yazar-kasa-pos,Yazarkasa POS | QNB,2026-06-24T13:24:41.417554+00:00,6e7158fff218d45e63bf352518fb7fa0e41586f282a41389df730fefa6cd8034,data/raw_documents/cleaned_text/DOC-REG-065-20260624132441.txt,data/raw_documents/raw_html/DOC-REG-065-20260624132441.html,200.0,fetched,unchanged,
DOC-REG-065-20260629082837,REG-065,Tier 1,qnb_finansbank,QNB Finansbank,QNB Yazar Kasa POS,https://www.qnb.com.tr/isim-icin/kobi/kobi-pos-cozumleri/yazar-kasa-pos,Yazarkasa POS | QNB,2026-06-29T08:28:37.695845+00:00,6e7158fff218d45e63bf352518fb7fa0e41586f282a41389df730fefa6cd8034,data/raw_documents/cleaned_text/DOC-REG-065-20260629082837.txt,data/raw_documents/raw_html/DOC-REG-065-20260629082837.html,200.0,fetched,unchanged,
DOC-REG-065-20260629083044,REG-065,Tier 1,qnb_finansbank,QNB Finansbank,QNB Yazar Kasa POS,https://www.qnb.com.tr/isim-icin/kobi/kobi-pos-cozumleri/yazar-kasa-pos,Yazarkasa POS | QNB,2026-06-29T08:30:44.521646+00:00,6e7158fff218d45e63bf352518fb7fa0e41586f282a41389df730fefa6cd8034,data/raw_documents/cleaned_text/DOC-REG-065-20260629083044.txt,data/raw_documents/raw_html/DOC-REG-065-20260629083044.html,200.0,fetched,unchanged,
DOC-REG-065-20260629134022,REG-065,Tier 1,qnb_finansbank,QNB Finansbank,QNB Yazar Kasa POS,https://www.qnb.com.tr/isim-icin/kobi/kobi-pos-cozumleri/yazar-kasa-pos,Yazarkasa POS | QNB,2026-06-29T13:40:22.937766+00:00,6e7158fff218d45e63bf352518fb7fa0e41586f282a41389df730fefa6cd8034,data/raw_documents/cleaned_text/DOC-REG-065-20260629134022.txt,data/raw_documents/raw_html/DOC-REG-065-20260629134022.html,200.0,fetched,unchanged,
DOC-REG-065-20260629134253,REG-065,Tier 1,qnb_finansbank,QNB Finansbank,QNB Yazar Kasa POS,https://www.qnb.com.tr/isim-icin/kobi/kobi-pos-cozumleri/yazar-kasa-pos,Yazarkasa POS | QNB,2026-06-29T13:42:53.814017+00:00,6e7158fff218d45e63bf352518fb7fa0e41586f282a41389df730fefa6cd8034,data/raw_documents/cleaned_text/DOC-REG-065-20260629134253.txt,data/raw_documents/raw_html/DOC-REG-065-20260629134253.html,200.0,fetched,unchanged,
DOC-REG-065-20260629135252,REG-065,Tier 1,qnb_finansbank,QNB Finansbank,QNB Yazar Kasa POS,https://www.qnb.com.tr/isim-icin/kobi/kobi-pos-cozumleri/yazar-kasa-pos,Yazarkasa POS | QNB,2026-06-29T13:52:52.908016+00:00,6e7158fff218d45e63bf352518fb7fa0e41586f282a41389df730fefa6cd8034,data/raw_documents/cleaned_text/DOC-REG-065-20260629135252.txt,data/raw_documents/raw_html/DOC-REG-065-20260629135252.html,200.0,fetched,unchanged,
DOC-REG-065-20260722085209,REG-065,Tier 1,qnb_finansbank,QNB Finansbank,QNB Yazar Kasa POS,https://www.qnb.com.tr/isim-icin/kobi/kobi-pos-cozumleri/yazar-kasa-pos,Yazarkasa POS (YN POS) Başvurusu | QNB,2026-07-22T08:52:09.854886+00:00,a59001eff317c46115ca2c3b2d0e0f2836bee3e4ba24521ae649a08c71e0b8b5,data/raw_documents/cleaned_text/DOC-REG-065-20260722085209.txt,data/raw_documents/raw_html/DOC-REG-065-20260722085209.html,200.0,fetched,changed,
DOC-REG-065-20260722111837,REG-065,Tier 1,qnb_finansbank,QNB Finansbank,QNB Yazar Kasa POS,https://www.qnb.com.tr/isim-icin/kobi/kobi-pos-cozumleri/yazar-kasa-pos,Yazarkasa POS (YN POS) Başvurusu | QNB,2026-07-22T11:18:37.671959+00:00,a59001eff317c46115ca2c3b2d0e0f2836bee3e4ba24521ae649a08c71e0b8b5,data/raw_documents/cleaned_text/DOC-REG-065-20260722111837.txt,data/raw_documents/raw_html/DOC-REG-065-20260722111837.html,200.0,fetched,unchanged,
DOC-REG-065-20260723070922,REG-065,Tier 1,qnb_finansbank,QNB Finansbank,QNB Yazar Kasa POS,https://www.qnb.com.tr/isim-icin/kobi/kobi-pos-cozumleri/yazar-kasa-pos,Yazarkasa POS (YN POS) Başvurusu | QNB,2026-07-23T07:09:22.793687+00:00,a59001eff317c46115ca2c3b2d0e0f2836bee3e4ba24521ae649a08c71e0b8b5,data/raw_documents/cleaned_text/DOC-REG-065-20260723070922.txt,data/raw_documents/raw_html/DOC-REG-065-20260723070922.html,200.0,fetched,unchanged,
DOC-REG-065-20260723112400,REG-065,Tier 1,qnb_finansbank,QNB Finansbank,QNB Yazar Kasa POS,https://www.qnb.com.tr/isim-icin/kobi/kobi-pos-cozumleri/yazar-kasa-pos,Yazarkasa POS (YN POS) Başvurusu | QNB,2026-07-23T11:24:00.339070+00:00,a59001eff317c46115ca2c3b2d0e0f2836bee3e4ba24521ae649a08c71e0b8b5,data/raw_documents/cleaned_text/DOC-REG-065-20260723112400.txt,data/raw_documents/raw_html/DOC-REG-065-20260723112400.html,200.0,fetched,unchanged,
DOC-REG-065-20260724111004,REG-065,Tier 1,qnb_finansbank,QNB Finansbank,QNB Yazar Kasa POS,https://www.qnb.com.tr/isim-icin/kobi/kobi-pos-cozumleri/yazar-kasa-pos,Yazarkasa POS (YN POS) Başvurusu | QNB,2026-07-24T11:10:04.538163+00:00,a59001eff317c46115ca2c3b2d0e0f2836bee3e4ba24521ae649a08c71e0b8b5,data/raw_documents/cleaned_text/DOC-REG-065-20260724111004.txt,data/raw_documents/raw_html/DOC-REG-065-20260724111004.html,200.0,fetched,unchanged,
DOC-REG-065-20260725092327,REG-065,Tier 1,qnb_finansbank,QNB Finansbank,QNB Yazar Kasa POS,https://www.qnb.com.tr/isim-icin/kobi/kobi-pos-cozumleri/yazar-kasa-pos,Yazarkasa POS (YN POS) Başvurusu | QNB,2026-07-25T09:23:27.366046+00:00,a59001eff317c46115ca2c3b2d0e0f2836bee3e4ba24521ae649a08c71e0b8b5,data/raw_documents/cleaned_text/DOC-REG-065-20260725092327.txt,data/raw_documents/raw_html/DOC-REG-065-20260725092327.html,200.0,fetched,unchanged,
DOC-REG-065-20260726102139,REG-065,Tier 1,qnb_finansbank,QNB Finansbank,QNB Yazar Kasa POS,https://www.qnb.com.tr/isim-icin/kobi/kobi-pos-cozumleri/yazar-kasa-pos,Yazarkasa POS (YN POS) Başvurusu | QNB,2026-07-26T10:21:39.109601+00:00,a59001eff317c46115ca2c3b2d0e0f2836bee3e4ba24521ae649a08c71e0b8b5,data/raw_documents/cleaned_text/DOC-REG-065-20260726102139.txt,data/raw_documents/raw_html/DOC-REG-065-20260726102139.html,200.0,fetched,unchanged,
DOC-REG-065-20260727133332,REG-065,Tier 1,qnb_finansbank,QNB Finansbank,QNB Yazar Kasa POS,https://www.qnb.com.tr/isim-icin/kobi/kobi-pos-cozumleri/yazar-kasa-pos,Yazarkasa POS (YN POS) Başvurusu | QNB,2026-07-27T13:33:32.093149+00:00,a59001eff317c46115ca2c3b2d0e0f2836bee3e4ba24521ae649a08c71e0b8b5,data/raw_documents/cleaned_text/DOC-REG-065-20260727133332.txt,data/raw_documents/raw_html/DOC-REG-065-20260727133332.html,200.0,fetched,unchanged,
DOC-REG-065-20260728113612,REG-065,Tier 1,qnb_finansbank,QNB Finansbank,QNB Yazar Kasa POS,https://www.qnb.com.tr/isim-icin/kobi/kobi-pos-cozumleri/yazar-kasa-pos,Yazarkasa POS (YN POS) Başvurusu | QNB,2026-07-28T11:36:12.121860+00:00,a59001eff317c46115ca2c3b2d0e0f2836bee3e4ba24521ae649a08c71e0b8b5,data/raw_documents/cleaned_text/DOC-REG-065-20260728113612.txt,data/raw_documents/raw_html/DOC-REG-065-20260728113612.html,200.0,fetched,unchanged,
DOC-REG-066-20260616125047,REG-066,Tier 1,qnb_finansbank,QNB Finansbank,QNB KOBİ Kredileri,https://www.qnb.com.tr/kobi-kredileri,Kobi Kredisi & Kobi Kredisi Hesaplama | QNB,2026-06-16T12:50:47.808187+00:00,99f62464948ebd87a30d25700292ae13eee1dbbf4db34e247204978b55328fbc,data/raw_documents/cleaned_text/DOC-REG-066-20260616125047.txt,data/raw_documents/raw_html/DOC-REG-066-20260616125047.html,200.0,fetched,new_source,
DOC-REG-066-20260624131624,REG-066,Tier 1,qnb_finansbank,QNB Finansbank,QNB KOBİ Kredileri,https://www.qnb.com.tr/kobi-kredileri,Kobi Kredisi & Kobi Kredisi Hesaplama | QNB,2026-06-24T13:16:24.224843+00:00,99f62464948ebd87a30d25700292ae13eee1dbbf4db34e247204978b55328fbc,data/raw_documents/cleaned_text/DOC-REG-066-20260624131624.txt,data/raw_documents/raw_html/DOC-REG-066-20260624131624.html,200.0,fetched,unchanged,
DOC-REG-066-20260624131851,REG-066,Tier 1,qnb_finansbank,QNB Finansbank,QNB KOBİ Kredileri,https://www.qnb.com.tr/kobi-kredileri,Kobi Kredisi & Kobi Kredisi Hesaplama | QNB,2026-06-24T13:18:51.741648+00:00,99f62464948ebd87a30d25700292ae13eee1dbbf4db34e247204978b55328fbc,data/raw_documents/cleaned_text/DOC-REG-066-20260624131851.txt,data/raw_documents/raw_html/DOC-REG-066-20260624131851.html,200.0,fetched,unchanged,
DOC-REG-066-20260624132124,REG-066,Tier 1,qnb_finansbank,QNB Finansbank,QNB KOBİ Kredileri,https://www.qnb.com.tr/kobi-kredileri,Kobi Kredisi & Kobi Kredisi Hesaplama | QNB,2026-06-24T13:21:24.306395+00:00,99f62464948ebd87a30d25700292ae13eee1dbbf4db34e247204978b55328fbc,data/raw_documents/cleaned_text/DOC-REG-066-20260624132124.txt,data/raw_documents/raw_html/DOC-REG-066-20260624132124.html,200.0,fetched,unchanged,
DOC-REG-066-20260624132234,REG-066,Tier 1,qnb_finansbank,QNB Finansbank,QNB KOBİ Kredileri,https://www.qnb.com.tr/kobi-kredileri,Kobi Kredisi & Kobi Kredisi Hesaplama | QNB,2026-06-24T13:22:34.659222+00:00,99f62464948ebd87a30d25700292ae13eee1dbbf4db34e247204978b55328fbc,data/raw_documents/cleaned_text/DOC-REG-066-20260624132234.txt,data/raw_documents/raw_html/DOC-REG-066-20260624132234.html,200.0,fetched,unchanged,
DOC-REG-066-20260624132442,REG-066,Tier 1,qnb_finansbank,QNB Finansbank,QNB KOBİ Kredileri,https://www.qnb.com.tr/kobi-kredileri,Kobi Kredisi & Kobi Kredisi Hesaplama | QNB,2026-06-24T13:24:42.266531+00:00,99f62464948ebd87a30d25700292ae13eee1dbbf4db34e247204978b55328fbc,data/raw_documents/cleaned_text/DOC-REG-066-20260624132442.txt,data/raw_documents/raw_html/DOC-REG-066-20260624132442.html,200.0,fetched,unchanged,
DOC-REG-066-20260629082838,REG-066,Tier 1,qnb_finansbank,QNB Finansbank,QNB KOBİ Kredileri,https://www.qnb.com.tr/kobi-kredileri,Kobi Kredisi & Kobi Kredisi Hesaplama | QNB,2026-06-29T08:28:38.403622+00:00,99f62464948ebd87a30d25700292ae13eee1dbbf4db34e247204978b55328fbc,data/raw_documents/cleaned_text/DOC-REG-066-20260629082838.txt,data/raw_documents/raw_html/DOC-REG-066-20260629082838.html,200.0,fetched,unchanged,
DOC-REG-066-20260629083045,REG-066,Tier 1,qnb_finansbank,QNB Finansbank,QNB KOBİ Kredileri,https://www.qnb.com.tr/kobi-kredileri,Kobi Kredisi & Kobi Kredisi Hesaplama | QNB,2026-06-29T08:30:45.219075+00:00,99f62464948ebd87a30d25700292ae13eee1dbbf4db34e247204978b55328fbc,data/raw_documents/cleaned_text/DOC-REG-066-20260629083045.txt,data/raw_documents/raw_html/DOC-REG-066-20260629083045.html,200.0,fetched,unchanged,
DOC-REG-066-20260629134023,REG-066,Tier 1,qnb_finansbank,QNB Finansbank,QNB KOBİ Kredileri,https://www.qnb.com.tr/kobi-kredileri,Kobi Kredisi & Kobi Kredisi Hesaplama | QNB,2026-06-29T13:40:23.697058+00:00,99f62464948ebd87a30d25700292ae13eee1dbbf4db34e247204978b55328fbc,data/raw_documents/cleaned_text/DOC-REG-066-20260629134023.txt,data/raw_documents/raw_html/DOC-REG-066-20260629134023.html,200.0,fetched,unchanged,
DOC-REG-066-20260629134254,REG-066,Tier 1,qnb_finansbank,QNB Finansbank,QNB KOBİ Kredileri,https://www.qnb.com.tr/kobi-kredileri,Kobi Kredisi & Kobi Kredisi Hesaplama | QNB,2026-06-29T13:42:54.453803+00:00,99f62464948ebd87a30d25700292ae13eee1dbbf4db34e247204978b55328fbc,data/raw_documents/cleaned_text/DOC-REG-066-20260629134254.txt,data/raw_documents/raw_html/DOC-REG-066-20260629134254.html,200.0,fetched,unchanged,
DOC-REG-066-20260629135253,REG-066,Tier 1,qnb_finansbank,QNB Finansbank,QNB KOBİ Kredileri,https://www.qnb.com.tr/kobi-kredileri,Kobi Kredisi & Kobi Kredisi Hesaplama | QNB,2026-06-29T13:52:53.640385+00:00,99f62464948ebd87a30d25700292ae13eee1dbbf4db34e247204978b55328fbc,data/raw_documents/cleaned_text/DOC-REG-066-20260629135253.txt,data/raw_documents/raw_html/DOC-REG-066-20260629135253.html,200.0,fetched,unchanged,
DOC-REG-066-20260722085230,REG-066,Tier 1,qnb_finansbank,QNB Finansbank,QNB KOBİ Kredileri,https://www.qnb.com.tr/kobi-kredileri,Kobi Kredisi & Kobi Kredisi Hesaplama | QNB,2026-07-22T08:52:30.780587+00:00,99f62464948ebd87a30d25700292ae13eee1dbbf4db34e247204978b55328fbc,data/raw_documents/cleaned_text/DOC-REG-066-20260722085230.txt,data/raw_documents/raw_html/DOC-REG-066-20260722085230.html,200.0,fetched,unchanged,
DOC-REG-066-20260722111839,REG-066,Tier 1,qnb_finansbank,QNB Finansbank,QNB KOBİ Kredileri,https://www.qnb.com.tr/kobi-kredileri,Kobi Kredisi & Kobi Kredisi Hesaplama | QNB,2026-07-22T11:18:39.621381+00:00,99f62464948ebd87a30d25700292ae13eee1dbbf4db34e247204978b55328fbc,data/raw_documents/cleaned_text/DOC-REG-066-20260722111839.txt,data/raw_documents/raw_html/DOC-REG-066-20260722111839.html,200.0,fetched,unchanged,
DOC-REG-066-20260723070925,REG-066,Tier 1,qnb_finansbank,QNB Finansbank,QNB KOBİ Kredileri,https://www.qnb.com.tr/kobi-kredileri,Kobi Kredisi & Kobi Kredisi Hesaplama | QNB,2026-07-23T07:09:25.418124+00:00,99f62464948ebd87a30d25700292ae13eee1dbbf4db34e247204978b55328fbc,data/raw_documents/cleaned_text/DOC-REG-066-20260723070925.txt,data/raw_documents/raw_html/DOC-REG-066-20260723070925.html,200.0,fetched,unchanged,
DOC-REG-066-20260723112402,REG-066,Tier 1,qnb_finansbank,QNB Finansbank,QNB KOBİ Kredileri,https://www.qnb.com.tr/kobi-kredileri,Kobi Kredisi & Kobi Kredisi Hesaplama | QNB,2026-07-23T11:24:02.569938+00:00,99f62464948ebd87a30d25700292ae13eee1dbbf4db34e247204978b55328fbc,data/raw_documents/cleaned_text/DOC-REG-066-20260723112402.txt,data/raw_documents/raw_html/DOC-REG-066-20260723112402.html,200.0,fetched,unchanged,
DOC-REG-066-20260724111006,REG-066,Tier 1,qnb_finansbank,QNB Finansbank,QNB KOBİ Kredileri,https://www.qnb.com.tr/kobi-kredileri,Kobi Kredisi & Kobi Kredisi Hesaplama | QNB,2026-07-24T11:10:06.550650+00:00,99f62464948ebd87a30d25700292ae13eee1dbbf4db34e247204978b55328fbc,data/raw_documents/cleaned_text/DOC-REG-066-20260724111006.txt,data/raw_documents/raw_html/DOC-REG-066-20260724111006.html,200.0,fetched,unchanged,
DOC-REG-066-20260725092329,REG-066,Tier 1,qnb_finansbank,QNB Finansbank,QNB KOBİ Kredileri,https://www.qnb.com.tr/kobi-kredileri,Kobi Kredisi & Kobi Kredisi Hesaplama | QNB,2026-07-25T09:23:29.419863+00:00,99f62464948ebd87a30d25700292ae13eee1dbbf4db34e247204978b55328fbc,data/raw_documents/cleaned_text/DOC-REG-066-20260725092329.txt,data/raw_documents/raw_html/DOC-REG-066-20260725092329.html,200.0,fetched,unchanged,
DOC-REG-066-20260726102141,REG-066,Tier 1,qnb_finansbank,QNB Finansbank,QNB KOBİ Kredileri,https://www.qnb.com.tr/kobi-kredileri,Kobi Kredisi & Kobi Kredisi Hesaplama | QNB,2026-07-26T10:21:41.572551+00:00,99f62464948ebd87a30d25700292ae13eee1dbbf4db34e247204978b55328fbc,data/raw_documents/cleaned_text/DOC-REG-066-20260726102141.txt,data/raw_documents/raw_html/DOC-REG-066-20260726102141.html,200.0,fetched,unchanged,
DOC-REG-066-20260727133334,REG-066,Tier 1,qnb_finansbank,QNB Finansbank,QNB KOBİ Kredileri,https://www.qnb.com.tr/kobi-kredileri,Kobi Kredisi & Kobi Kredisi Hesaplama | QNB,2026-07-27T13:33:34.409549+00:00,99f62464948ebd87a30d25700292ae13eee1dbbf4db34e247204978b55328fbc,data/raw_documents/cleaned_text/DOC-REG-066-20260727133334.txt,data/raw_documents/raw_html/DOC-REG-066-20260727133334.html,200.0,fetched,unchanged,
DOC-REG-066-20260728113614,REG-066,Tier 1,qnb_finansbank,QNB Finansbank,QNB KOBİ Kredileri,https://www.qnb.com.tr/kobi-kredileri,Kobi Kredisi & Kobi Kredisi Hesaplama | QNB,2026-07-28T11:36:14.092680+00:00,99f62464948ebd87a30d25700292ae13eee1dbbf4db34e247204978b55328fbc,data/raw_documents/cleaned_text/DOC-REG-066-20260728113614.txt,data/raw_documents/raw_html/DOC-REG-066-20260728113614.html,200.0,fetched,unchanged,
DOC-REG-067-20260616125049,REG-067,Tier 1,qnb_finansbank,QNB Finansbank,QNB KOBİ Rahat,https://www.qnb.com.tr/kobi-rahat,KOBİ Rahat | QNB,2026-06-16T12:50:49.732051+00:00,08950d1ca22d94e8e912689e38569bf554327426116f21b89afda96bbda0be2a,data/raw_documents/cleaned_text/DOC-REG-067-20260616125049.txt,data/raw_documents/raw_html/DOC-REG-067-20260616125049.html,200.0,fetched,new_source,
DOC-REG-067-20260624131625,REG-067,Tier 1,qnb_finansbank,QNB Finansbank,QNB KOBİ Rahat,https://www.qnb.com.tr/kobi-rahat,KOBİ Rahat | QNB,2026-06-24T13:16:25.596493+00:00,08950d1ca22d94e8e912689e38569bf554327426116f21b89afda96bbda0be2a,data/raw_documents/cleaned_text/DOC-REG-067-20260624131625.txt,data/raw_documents/raw_html/DOC-REG-067-20260624131625.html,200.0,fetched,unchanged,
DOC-REG-067-20260624131852,REG-067,Tier 1,qnb_finansbank,QNB Finansbank,QNB KOBİ Rahat,https://www.qnb.com.tr/kobi-rahat,KOBİ Rahat | QNB,2026-06-24T13:18:52.695725+00:00,08950d1ca22d94e8e912689e38569bf554327426116f21b89afda96bbda0be2a,data/raw_documents/cleaned_text/DOC-REG-067-20260624131852.txt,data/raw_documents/raw_html/DOC-REG-067-20260624131852.html,200.0,fetched,unchanged,
DOC-REG-067-20260624132125,REG-067,Tier 1,qnb_finansbank,QNB Finansbank,QNB KOBİ Rahat,https://www.qnb.com.tr/kobi-rahat,KOBİ Rahat | QNB,2026-06-24T13:21:25.177644+00:00,08950d1ca22d94e8e912689e38569bf554327426116f21b89afda96bbda0be2a,data/raw_documents/cleaned_text/DOC-REG-067-20260624132125.txt,data/raw_documents/raw_html/DOC-REG-067-20260624132125.html,200.0,fetched,unchanged,
DOC-REG-067-20260624132235,REG-067,Tier 1,qnb_finansbank,QNB Finansbank,QNB KOBİ Rahat,https://www.qnb.com.tr/kobi-rahat,KOBİ Rahat | QNB,2026-06-24T13:22:35.692354+00:00,08950d1ca22d94e8e912689e38569bf554327426116f21b89afda96bbda0be2a,data/raw_documents/cleaned_text/DOC-REG-067-20260624132235.txt,data/raw_documents/raw_html/DOC-REG-067-20260624132235.html,200.0,fetched,unchanged,
DOC-REG-067-20260624132443,REG-067,Tier 1,qnb_finansbank,QNB Finansbank,QNB KOBİ Rahat,https://www.qnb.com.tr/kobi-rahat,KOBİ Rahat | QNB,2026-06-24T13:24:43.216709+00:00,08950d1ca22d94e8e912689e38569bf554327426116f21b89afda96bbda0be2a,data/raw_documents/cleaned_text/DOC-REG-067-20260624132443.txt,data/raw_documents/raw_html/DOC-REG-067-20260624132443.html,200.0,fetched,unchanged,
DOC-REG-067-20260629082839,REG-067,Tier 1,qnb_finansbank,QNB Finansbank,QNB KOBİ Rahat,https://www.qnb.com.tr/kobi-rahat,KOBİ Rahat | QNB,2026-06-29T08:28:39.161941+00:00,08950d1ca22d94e8e912689e38569bf554327426116f21b89afda96bbda0be2a,data/raw_documents/cleaned_text/DOC-REG-067-20260629082839.txt,data/raw_documents/raw_html/DOC-REG-067-20260629082839.html,200.0,fetched,unchanged,
DOC-REG-067-20260629083046,REG-067,Tier 1,qnb_finansbank,QNB Finansbank,QNB KOBİ Rahat,https://www.qnb.com.tr/kobi-rahat,KOBİ Rahat | QNB,2026-06-29T08:30:46.023778+00:00,08950d1ca22d94e8e912689e38569bf554327426116f21b89afda96bbda0be2a,data/raw_documents/cleaned_text/DOC-REG-067-20260629083046.txt,data/raw_documents/raw_html/DOC-REG-067-20260629083046.html,200.0,fetched,unchanged,
DOC-REG-067-20260629134024,REG-067,Tier 1,qnb_finansbank,QNB Finansbank,QNB KOBİ Rahat,https://www.qnb.com.tr/kobi-rahat,KOBİ Rahat | QNB,2026-06-29T13:40:24.509043+00:00,08950d1ca22d94e8e912689e38569bf554327426116f21b89afda96bbda0be2a,data/raw_documents/cleaned_text/DOC-REG-067-20260629134024.txt,data/raw_documents/raw_html/DOC-REG-067-20260629134024.html,200.0,fetched,unchanged,
DOC-REG-067-20260629134255,REG-067,Tier 1,qnb_finansbank,QNB Finansbank,QNB KOBİ Rahat,https://www.qnb.com.tr/kobi-rahat,KOBİ Rahat | QNB,2026-06-29T13:42:55.171683+00:00,08950d1ca22d94e8e912689e38569bf554327426116f21b89afda96bbda0be2a,data/raw_documents/cleaned_text/DOC-REG-067-20260629134255.txt,data/raw_documents/raw_html/DOC-REG-067-20260629134255.html,200.0,fetched,unchanged,
DOC-REG-067-20260629135254,REG-067,Tier 1,qnb_finansbank,QNB Finansbank,QNB KOBİ Rahat,https://www.qnb.com.tr/kobi-rahat,KOBİ Rahat | QNB,2026-06-29T13:52:54.712205+00:00,08950d1ca22d94e8e912689e38569bf554327426116f21b89afda96bbda0be2a,data/raw_documents/cleaned_text/DOC-REG-067-20260629135254.txt,data/raw_documents/raw_html/DOC-REG-067-20260629135254.html,200.0,fetched,unchanged,
DOC-REG-067-20260722085231,REG-067,Tier 1,qnb_finansbank,QNB Finansbank,QNB KOBİ Rahat,https://www.qnb.com.tr/kobi-rahat,KOBİ Rahat | QNB,2026-07-22T08:52:31.709058+00:00,08950d1ca22d94e8e912689e38569bf554327426116f21b89afda96bbda0be2a,data/raw_documents/cleaned_text/DOC-REG-067-20260722085231.txt,data/raw_documents/raw_html/DOC-REG-067-20260722085231.html,200.0,fetched,unchanged,
DOC-REG-067-20260722111841,REG-067,Tier 1,qnb_finansbank,QNB Finansbank,QNB KOBİ Rahat,https://www.qnb.com.tr/kobi-rahat,KOBİ Rahat | QNB,2026-07-22T11:18:41.862470+00:00,08950d1ca22d94e8e912689e38569bf554327426116f21b89afda96bbda0be2a,data/raw_documents/cleaned_text/DOC-REG-067-20260722111841.txt,data/raw_documents/raw_html/DOC-REG-067-20260722111841.html,200.0,fetched,unchanged,
DOC-REG-067-20260723070928,REG-067,Tier 1,qnb_finansbank,QNB Finansbank,QNB KOBİ Rahat,https://www.qnb.com.tr/kobi-rahat,KOBİ Rahat | QNB,2026-07-23T07:09:28.088868+00:00,08950d1ca22d94e8e912689e38569bf554327426116f21b89afda96bbda0be2a,data/raw_documents/cleaned_text/DOC-REG-067-20260723070928.txt,data/raw_documents/raw_html/DOC-REG-067-20260723070928.html,200.0,fetched,unchanged,
DOC-REG-067-20260723112405,REG-067,Tier 1,qnb_finansbank,QNB Finansbank,QNB KOBİ Rahat,https://www.qnb.com.tr/kobi-rahat,KOBİ Rahat | QNB,2026-07-23T11:24:05.148458+00:00,08950d1ca22d94e8e912689e38569bf554327426116f21b89afda96bbda0be2a,data/raw_documents/cleaned_text/DOC-REG-067-20260723112405.txt,data/raw_documents/raw_html/DOC-REG-067-20260723112405.html,200.0,fetched,unchanged,
DOC-REG-067-20260724111008,REG-067,Tier 1,qnb_finansbank,QNB Finansbank,QNB KOBİ Rahat,https://www.qnb.com.tr/kobi-rahat,KOBİ Rahat | QNB,2026-07-24T11:10:08.533384+00:00,08950d1ca22d94e8e912689e38569bf554327426116f21b89afda96bbda0be2a,data/raw_documents/cleaned_text/DOC-REG-067-20260724111008.txt,data/raw_documents/raw_html/DOC-REG-067-20260724111008.html,200.0,fetched,unchanged,
DOC-REG-067-20260725092331,REG-067,Tier 1,qnb_finansbank,QNB Finansbank,QNB KOBİ Rahat,https://www.qnb.com.tr/kobi-rahat,KOBİ Rahat | QNB,2026-07-25T09:23:31.224242+00:00,08950d1ca22d94e8e912689e38569bf554327426116f21b89afda96bbda0be2a,data/raw_documents/cleaned_text/DOC-REG-067-20260725092331.txt,data/raw_documents/raw_html/DOC-REG-067-20260725092331.html,200.0,fetched,unchanged,
DOC-REG-067-20260726102143,REG-067,Tier 1,qnb_finansbank,QNB Finansbank,QNB KOBİ Rahat,https://www.qnb.com.tr/kobi-rahat,KOBİ Rahat | QNB,2026-07-26T10:21:43.887917+00:00,08950d1ca22d94e8e912689e38569bf554327426116f21b89afda96bbda0be2a,data/raw_documents/cleaned_text/DOC-REG-067-20260726102143.txt,data/raw_documents/raw_html/DOC-REG-067-20260726102143.html,200.0,fetched,unchanged,
DOC-REG-067-20260727133336,REG-067,Tier 1,qnb_finansbank,QNB Finansbank,QNB KOBİ Rahat,https://www.qnb.com.tr/kobi-rahat,KOBİ Rahat | QNB,2026-07-27T13:33:36.697295+00:00,08950d1ca22d94e8e912689e38569bf554327426116f21b89afda96bbda0be2a,data/raw_documents/cleaned_text/DOC-REG-067-20260727133336.txt,data/raw_documents/raw_html/DOC-REG-067-20260727133336.html,200.0,fetched,unchanged,
DOC-REG-067-20260728113616,REG-067,Tier 1,qnb_finansbank,QNB Finansbank,QNB KOBİ Rahat,https://www.qnb.com.tr/kobi-rahat,KOBİ Rahat | QNB,2026-07-28T11:36:16.287815+00:00,08950d1ca22d94e8e912689e38569bf554327426116f21b89afda96bbda0be2a,data/raw_documents/cleaned_text/DOC-REG-067-20260728113616.txt,data/raw_documents/raw_html/DOC-REG-067-20260728113616.html,200.0,fetched,unchanged,
DOC-REG-068-20260616125050,REG-068,Tier 1,qnb_finansbank,QNB Finansbank,QNB KOBİ Ticari Kredi Kartları,https://www.qnb.com.tr/kobi-ticari-kredi-kartlari,Ticari Kredi Kartı Başvurusu - Nedir / Nasıl Alınır? | QNB,2026-06-16T12:50:50.049512+00:00,81fd43cfe65deb7fde7ca2165f8140c1fb237d0c12ff6b378a3226562e139da8,data/raw_documents/cleaned_text/DOC-REG-068-20260616125050.txt,data/raw_documents/raw_html/DOC-REG-068-20260616125050.html,200.0,fetched,new_source,
DOC-REG-068-20260624131626,REG-068,Tier 1,qnb_finansbank,QNB Finansbank,QNB KOBİ Ticari Kredi Kartları,https://www.qnb.com.tr/kobi-ticari-kredi-kartlari,Ticari Kredi Kartı Başvurusu - Nedir / Nasıl Alınır? | QNB,2026-06-24T13:16:26.951158+00:00,81fd43cfe65deb7fde7ca2165f8140c1fb237d0c12ff6b378a3226562e139da8,data/raw_documents/cleaned_text/DOC-REG-068-20260624131626.txt,data/raw_documents/raw_html/DOC-REG-068-20260624131626.html,200.0,fetched,unchanged,
DOC-REG-068-20260624131853,REG-068,Tier 1,qnb_finansbank,QNB Finansbank,QNB KOBİ Ticari Kredi Kartları,https://www.qnb.com.tr/kobi-ticari-kredi-kartlari,Ticari Kredi Kartı Başvurusu - Nedir / Nasıl Alınır? | QNB,2026-06-24T13:18:53.702340+00:00,81fd43cfe65deb7fde7ca2165f8140c1fb237d0c12ff6b378a3226562e139da8,data/raw_documents/cleaned_text/DOC-REG-068-20260624131853.txt,data/raw_documents/raw_html/DOC-REG-068-20260624131853.html,200.0,fetched,unchanged,
DOC-REG-068-20260624132125,REG-068,Tier 1,qnb_finansbank,QNB Finansbank,QNB KOBİ Ticari Kredi Kartları,https://www.qnb.com.tr/kobi-ticari-kredi-kartlari,Ticari Kredi Kartı Başvurusu - Nedir / Nasıl Alınır? | QNB,2026-06-24T13:21:25.949831+00:00,81fd43cfe65deb7fde7ca2165f8140c1fb237d0c12ff6b378a3226562e139da8,data/raw_documents/cleaned_text/DOC-REG-068-20260624132125.txt,data/raw_documents/raw_html/DOC-REG-068-20260624132125.html,200.0,fetched,unchanged,
DOC-REG-068-20260624132236,REG-068,Tier 1,qnb_finansbank,QNB Finansbank,QNB KOBİ Ticari Kredi Kartları,https://www.qnb.com.tr/kobi-ticari-kredi-kartlari,Ticari Kredi Kartı Başvurusu - Nedir / Nasıl Alınır? | QNB,2026-06-24T13:22:36.604028+00:00,81fd43cfe65deb7fde7ca2165f8140c1fb237d0c12ff6b378a3226562e139da8,data/raw_documents/cleaned_text/DOC-REG-068-20260624132236.txt,data/raw_documents/raw_html/DOC-REG-068-20260624132236.html,200.0,fetched,unchanged,
DOC-REG-068-20260624132444,REG-068,Tier 1,qnb_finansbank,QNB Finansbank,QNB KOBİ Ticari Kredi Kartları,https://www.qnb.com.tr/kobi-ticari-kredi-kartlari,Ticari Kredi Kartı Başvurusu - Nedir / Nasıl Alınır? | QNB,2026-06-24T13:24:44.032971+00:00,81fd43cfe65deb7fde7ca2165f8140c1fb237d0c12ff6b378a3226562e139da8,data/raw_documents/cleaned_text/DOC-REG-068-20260624132444.txt,data/raw_documents/raw_html/DOC-REG-068-20260624132444.html,200.0,fetched,unchanged,
DOC-REG-068-20260629082840,REG-068,Tier 1,qnb_finansbank,QNB Finansbank,QNB KOBİ Ticari Kredi Kartları,https://www.qnb.com.tr/kobi-ticari-kredi-kartlari,Ticari Kredi Kartı Başvurusu - Nedir / Nasıl Alınır? | QNB,2026-06-29T08:28:40.036425+00:00,81fd43cfe65deb7fde7ca2165f8140c1fb237d0c12ff6b378a3226562e139da8,data/raw_documents/cleaned_text/DOC-REG-068-20260629082840.txt,data/raw_documents/raw_html/DOC-REG-068-20260629082840.html,200.0,fetched,unchanged,
DOC-REG-068-20260629083046,REG-068,Tier 1,qnb_finansbank,QNB Finansbank,QNB KOBİ Ticari Kredi Kartları,https://www.qnb.com.tr/kobi-ticari-kredi-kartlari,Ticari Kredi Kartı Başvurusu - Nedir / Nasıl Alınır? | QNB,2026-06-29T08:30:46.695312+00:00,81fd43cfe65deb7fde7ca2165f8140c1fb237d0c12ff6b378a3226562e139da8,data/raw_documents/cleaned_text/DOC-REG-068-20260629083046.txt,data/raw_documents/raw_html/DOC-REG-068-20260629083046.html,200.0,fetched,unchanged,
DOC-REG-068-20260629134025,REG-068,Tier 1,qnb_finansbank,QNB Finansbank,QNB KOBİ Ticari Kredi Kartları,https://www.qnb.com.tr/kobi-ticari-kredi-kartlari,Ticari Kredi Kartı Başvurusu - Nedir / Nasıl Alınır? | QNB,2026-06-29T13:40:25.167528+00:00,81fd43cfe65deb7fde7ca2165f8140c1fb237d0c12ff6b378a3226562e139da8,data/raw_documents/cleaned_text/DOC-REG-068-20260629134025.txt,data/raw_documents/raw_html/DOC-REG-068-20260629134025.html,200.0,fetched,unchanged,
DOC-REG-068-20260629134255,REG-068,Tier 1,qnb_finansbank,QNB Finansbank,QNB KOBİ Ticari Kredi Kartları,https://www.qnb.com.tr/kobi-ticari-kredi-kartlari,Ticari Kredi Kartı Başvurusu - Nedir / Nasıl Alınır? | QNB,2026-06-29T13:42:55.798779+00:00,81fd43cfe65deb7fde7ca2165f8140c1fb237d0c12ff6b378a3226562e139da8,data/raw_documents/cleaned_text/DOC-REG-068-20260629134255.txt,data/raw_documents/raw_html/DOC-REG-068-20260629134255.html,200.0,fetched,unchanged,
DOC-REG-068-20260629135255,REG-068,Tier 1,qnb_finansbank,QNB Finansbank,QNB KOBİ Ticari Kredi Kartları,https://www.qnb.com.tr/kobi-ticari-kredi-kartlari,Ticari Kredi Kartı Başvurusu - Nedir / Nasıl Alınır? | QNB,2026-06-29T13:52:55.391680+00:00,81fd43cfe65deb7fde7ca2165f8140c1fb237d0c12ff6b378a3226562e139da8,data/raw_documents/cleaned_text/DOC-REG-068-20260629135255.txt,data/raw_documents/raw_html/DOC-REG-068-20260629135255.html,200.0,fetched,unchanged,
DOC-REG-068-20260722085232,REG-068,Tier 1,qnb_finansbank,QNB Finansbank,QNB KOBİ Ticari Kredi Kartları,https://www.qnb.com.tr/kobi-ticari-kredi-kartlari,Ticari Kredi Kartı Başvurusu - Nedir / Nasıl Alınır? | QNB,2026-07-22T08:52:32.387656+00:00,81fd43cfe65deb7fde7ca2165f8140c1fb237d0c12ff6b378a3226562e139da8,data/raw_documents/cleaned_text/DOC-REG-068-20260722085232.txt,data/raw_documents/raw_html/DOC-REG-068-20260722085232.html,200.0,fetched,unchanged,
DOC-REG-068-20260722111844,REG-068,Tier 1,qnb_finansbank,QNB Finansbank,QNB KOBİ Ticari Kredi Kartları,https://www.qnb.com.tr/kobi-ticari-kredi-kartlari,Ticari Kredi Kartı Başvurusu - Nedir / Nasıl Alınır? | QNB,2026-07-22T11:18:44.207599+00:00,81fd43cfe65deb7fde7ca2165f8140c1fb237d0c12ff6b378a3226562e139da8,data/raw_documents/cleaned_text/DOC-REG-068-20260722111844.txt,data/raw_documents/raw_html/DOC-REG-068-20260722111844.html,200.0,fetched,unchanged,
DOC-REG-068-20260723070929,REG-068,Tier 1,qnb_finansbank,QNB Finansbank,QNB KOBİ Ticari Kredi Kartları,https://www.qnb.com.tr/kobi-ticari-kredi-kartlari,Ticari Kredi Kartı Başvurusu - Nedir / Nasıl Alınır? | QNB,2026-07-23T07:09:29.889057+00:00,81fd43cfe65deb7fde7ca2165f8140c1fb237d0c12ff6b378a3226562e139da8,data/raw_documents/cleaned_text/DOC-REG-068-20260723070929.txt,data/raw_documents/raw_html/DOC-REG-068-20260723070929.html,200.0,fetched,unchanged,
DOC-REG-068-20260723112407,REG-068,Tier 1,qnb_finansbank,QNB Finansbank,QNB KOBİ Ticari Kredi Kartları,https://www.qnb.com.tr/kobi-ticari-kredi-kartlari,Ticari Kredi Kartı Başvurusu - Nedir / Nasıl Alınır? | QNB,2026-07-23T11:24:07.366297+00:00,81fd43cfe65deb7fde7ca2165f8140c1fb237d0c12ff6b378a3226562e139da8,data/raw_documents/cleaned_text/DOC-REG-068-20260723112407.txt,data/raw_documents/raw_html/DOC-REG-068-20260723112407.html,200.0,fetched,unchanged,
DOC-REG-068-20260724111010,REG-068,Tier 1,qnb_finansbank,QNB Finansbank,QNB KOBİ Ticari Kredi Kartları,https://www.qnb.com.tr/kobi-ticari-kredi-kartlari,Ticari Kredi Kartı Başvurusu - Nedir / Nasıl Alınır? | QNB,2026-07-24T11:10:10.699837+00:00,81fd43cfe65deb7fde7ca2165f8140c1fb237d0c12ff6b378a3226562e139da8,data/raw_documents/cleaned_text/DOC-REG-068-20260724111010.txt,data/raw_documents/raw_html/DOC-REG-068-20260724111010.html,200.0,fetched,unchanged,
DOC-REG-068-20260725092333,REG-068,Tier 1,qnb_finansbank,QNB Finansbank,QNB KOBİ Ticari Kredi Kartları,https://www.qnb.com.tr/kobi-ticari-kredi-kartlari,Ticari Kredi Kartı Başvurusu - Nedir / Nasıl Alınır? | QNB,2026-07-25T09:23:33.085107+00:00,81fd43cfe65deb7fde7ca2165f8140c1fb237d0c12ff6b378a3226562e139da8,data/raw_documents/cleaned_text/DOC-REG-068-20260725092333.txt,data/raw_documents/raw_html/DOC-REG-068-20260725092333.html,200.0,fetched,unchanged,
DOC-REG-068-20260726102145,REG-068,Tier 1,qnb_finansbank,QNB Finansbank,QNB KOBİ Ticari Kredi Kartları,https://www.qnb.com.tr/kobi-ticari-kredi-kartlari,Ticari Kredi Kartı Başvurusu - Nedir / Nasıl Alınır? | QNB,2026-07-26T10:21:45.591504+00:00,81fd43cfe65deb7fde7ca2165f8140c1fb237d0c12ff6b378a3226562e139da8,data/raw_documents/cleaned_text/DOC-REG-068-20260726102145.txt,data/raw_documents/raw_html/DOC-REG-068-20260726102145.html,200.0,fetched,unchanged,
DOC-REG-068-20260727133338,REG-068,Tier 1,qnb_finansbank,QNB Finansbank,QNB KOBİ Ticari Kredi Kartları,https://www.qnb.com.tr/kobi-ticari-kredi-kartlari,Ticari Kredi Kartı Başvurusu - Nedir / Nasıl Alınır? | QNB,2026-07-27T13:33:38.606251+00:00,81fd43cfe65deb7fde7ca2165f8140c1fb237d0c12ff6b378a3226562e139da8,data/raw_documents/cleaned_text/DOC-REG-068-20260727133338.txt,data/raw_documents/raw_html/DOC-REG-068-20260727133338.html,200.0,fetched,unchanged,
DOC-REG-068-20260728113618,REG-068,Tier 1,qnb_finansbank,QNB Finansbank,QNB KOBİ Ticari Kredi Kartları,https://www.qnb.com.tr/kobi-ticari-kredi-kartlari,Ticari Kredi Kartı Başvurusu - Nedir / Nasıl Alınır? | QNB,2026-07-28T11:36:18.027911+00:00,81fd43cfe65deb7fde7ca2165f8140c1fb237d0c12ff6b378a3226562e139da8,data/raw_documents/cleaned_text/DOC-REG-068-20260728113618.txt,data/raw_documents/raw_html/DOC-REG-068-20260728113618.html,200.0,fetched,unchanged,
DOC-REG-034-20260622115814,REG-034,Tier 1,visa,Visa,Visa Small Business / Visa & Main,https://usa.visa.com/about-visa/newsroom/press-releases.releaseId.22121.html,,2026-06-22T11:58:14.682587+00:00,,data/raw_documents/cleaned_text/DOC-REG-034-20260622115814.txt,data/raw_documents/raw_html/DOC-REG-034-20260622115814.html,,error,error,"HTTPSConnectionPool(host='usa.visa.com', port=443): Max retries exceeded with url: /about-visa/newsroom/press-releases.releaseId.22121.html (Caused by NameResolutionError(""HTTPSConnection(host='usa.visa.com', port=443): Failed to resolve 'usa.visa.com' ([Errno 8] nodename nor servname provided, or not known)""))"
DOC-REG-034-20260622120013,REG-034,Tier 1,visa,Visa,Visa Small Business / Visa & Main,https://usa.visa.com/about-visa/newsroom/press-releases.releaseId.22121.html,"Visa Introduces Visa & Main, A New Platform to Accelerate Small Business Growth Across the U.S. | Visa",2026-06-22T12:00:13.217521+00:00,df65890e9d414c82a7e1510cee420a6ff7faae7ae0c8d7306bdc5ec05b55370b,data/raw_documents/cleaned_text/DOC-REG-034-20260622120013.txt,data/raw_documents/raw_html/DOC-REG-034-20260622120013.html,200.0,fetched,new_source,
DOC-REG-034-20260624131609,REG-034,Tier 1,visa,Visa,Visa Small Business / Visa & Main,https://usa.visa.com/about-visa/newsroom/press-releases.releaseId.22121.html,"Visa Introduces Visa & Main, A New Platform to Accelerate Small Business Growth Across the U.S. | Visa",2026-06-24T13:16:09.105928+00:00,df65890e9d414c82a7e1510cee420a6ff7faae7ae0c8d7306bdc5ec05b55370b,data/raw_documents/cleaned_text/DOC-REG-034-20260624131609.txt,data/raw_documents/raw_html/DOC-REG-034-20260624131609.html,200.0,fetched,unchanged,
DOC-REG-034-20260624131843,REG-034,Tier 1,visa,Visa,Visa Small Business / Visa & Main,https://usa.visa.com/about-visa/newsroom/press-releases.releaseId.22121.html,"Visa Introduces Visa & Main, A New Platform to Accelerate Small Business Growth Across the U.S. | Visa",2026-06-24T13:18:43.844240+00:00,df65890e9d414c82a7e1510cee420a6ff7faae7ae0c8d7306bdc5ec05b55370b,data/raw_documents/cleaned_text/DOC-REG-034-20260624131843.txt,data/raw_documents/raw_html/DOC-REG-034-20260624131843.html,200.0,fetched,unchanged,
DOC-REG-034-20260624132117,REG-034,Tier 1,visa,Visa,Visa Small Business / Visa & Main,https://usa.visa.com/about-visa/newsroom/press-releases.releaseId.22121.html,"Visa Introduces Visa & Main, A New Platform to Accelerate Small Business Growth Across the U.S. | Visa",2026-06-24T13:21:17.384075+00:00,df65890e9d414c82a7e1510cee420a6ff7faae7ae0c8d7306bdc5ec05b55370b,data/raw_documents/cleaned_text/DOC-REG-034-20260624132117.txt,data/raw_documents/raw_html/DOC-REG-034-20260624132117.html,200.0,fetched,unchanged,
DOC-REG-034-20260624132228,REG-034,Tier 1,visa,Visa,Visa Small Business / Visa & Main,https://usa.visa.com/about-visa/newsroom/press-releases.releaseId.22121.html,"Visa Introduces Visa & Main, A New Platform to Accelerate Small Business Growth Across the U.S. | Visa",2026-06-24T13:22:28.248011+00:00,df65890e9d414c82a7e1510cee420a6ff7faae7ae0c8d7306bdc5ec05b55370b,data/raw_documents/cleaned_text/DOC-REG-034-20260624132228.txt,data/raw_documents/raw_html/DOC-REG-034-20260624132228.html,200.0,fetched,unchanged,
DOC-REG-034-20260624132435,REG-034,Tier 1,visa,Visa,Visa Small Business / Visa & Main,https://usa.visa.com/about-visa/newsroom/press-releases.releaseId.22121.html,"Visa Introduces Visa & Main, A New Platform to Accelerate Small Business Growth Across the U.S. | Visa",2026-06-24T13:24:35.073144+00:00,df65890e9d414c82a7e1510cee420a6ff7faae7ae0c8d7306bdc5ec05b55370b,data/raw_documents/cleaned_text/DOC-REG-034-20260624132435.txt,data/raw_documents/raw_html/DOC-REG-034-20260624132435.html,200.0,fetched,unchanged,
DOC-REG-034-20260629082831,REG-034,Tier 1,visa,Visa,Visa Small Business / Visa & Main,https://usa.visa.com/about-visa/newsroom/press-releases.releaseId.22121.html,"Visa Introduces Visa & Main, A New Platform to Accelerate Small Business Growth Across the U.S. | Visa",2026-06-29T08:28:31.628052+00:00,df65890e9d414c82a7e1510cee420a6ff7faae7ae0c8d7306bdc5ec05b55370b,data/raw_documents/cleaned_text/DOC-REG-034-20260629082831.txt,data/raw_documents/raw_html/DOC-REG-034-20260629082831.html,200.0,fetched,unchanged,
DOC-REG-034-20260629083037,REG-034,Tier 1,visa,Visa,Visa Small Business / Visa & Main,https://usa.visa.com/about-visa/newsroom/press-releases.releaseId.22121.html,"Visa Introduces Visa & Main, A New Platform to Accelerate Small Business Growth Across the U.S. | Visa",2026-06-29T08:30:37.785519+00:00,df65890e9d414c82a7e1510cee420a6ff7faae7ae0c8d7306bdc5ec05b55370b,data/raw_documents/cleaned_text/DOC-REG-034-20260629083037.txt,data/raw_documents/raw_html/DOC-REG-034-20260629083037.html,200.0,fetched,unchanged,
DOC-REG-034-20260629134016,REG-034,Tier 1,visa,Visa,Visa Small Business / Visa & Main,https://usa.visa.com/about-visa/newsroom/press-releases.releaseId.22121.html,"Visa Introduces Visa & Main, A New Platform to Accelerate Small Business Growth Across the U.S. | Visa",2026-06-29T13:40:16.005409+00:00,df65890e9d414c82a7e1510cee420a6ff7faae7ae0c8d7306bdc5ec05b55370b,data/raw_documents/cleaned_text/DOC-REG-034-20260629134016.txt,data/raw_documents/raw_html/DOC-REG-034-20260629134016.html,200.0,fetched,unchanged,
DOC-REG-034-20260629134247,REG-034,Tier 1,visa,Visa,Visa Small Business / Visa & Main,https://usa.visa.com/about-visa/newsroom/press-releases.releaseId.22121.html,"Visa Introduces Visa & Main, A New Platform to Accelerate Small Business Growth Across the U.S. | Visa",2026-06-29T13:42:47.075353+00:00,df65890e9d414c82a7e1510cee420a6ff7faae7ae0c8d7306bdc5ec05b55370b,data/raw_documents/cleaned_text/DOC-REG-034-20260629134247.txt,data/raw_documents/raw_html/DOC-REG-034-20260629134247.html,200.0,fetched,unchanged,
DOC-REG-034-20260629135247,REG-034,Tier 1,visa,Visa,Visa Small Business / Visa & Main,https://usa.visa.com/about-visa/newsroom/press-releases.releaseId.22121.html,"Visa Introduces Visa & Main, A New Platform to Accelerate Small Business Growth Across the U.S. | Visa",2026-06-29T13:52:47.103025+00:00,df65890e9d414c82a7e1510cee420a6ff7faae7ae0c8d7306bdc5ec05b55370b,data/raw_documents/cleaned_text/DOC-REG-034-20260629135247.txt,data/raw_documents/raw_html/DOC-REG-034-20260629135247.html,200.0,fetched,unchanged,
DOC-REG-034-20260722085140,REG-034,Tier 1,visa,Visa,Visa Small Business / Visa & Main,https://usa.visa.com/about-visa/newsroom/press-releases.releaseId.22121.html,"Visa Introduces Visa & Main, A New Platform to Accelerate Small Business Growth Across the U.S. | Visa",2026-07-22T08:51:40.835186+00:00,df65890e9d414c82a7e1510cee420a6ff7faae7ae0c8d7306bdc5ec05b55370b,data/raw_documents/cleaned_text/DOC-REG-034-20260722085140.txt,data/raw_documents/raw_html/DOC-REG-034-20260722085140.html,200.0,fetched,unchanged,
DOC-REG-034-20260722111749,REG-034,Tier 1,visa,Visa,Visa Small Business / Visa & Main,https://usa.visa.com/about-visa/newsroom/press-releases.releaseId.22121.html,"Visa Introduces Visa & Main, A New Platform to Accelerate Small Business Growth Across the U.S. | Visa",2026-07-22T11:17:49.920574+00:00,df65890e9d414c82a7e1510cee420a6ff7faae7ae0c8d7306bdc5ec05b55370b,data/raw_documents/cleaned_text/DOC-REG-034-20260722111749.txt,data/raw_documents/raw_html/DOC-REG-034-20260722111749.html,200.0,fetched,unchanged,
DOC-REG-034-20260723070757,REG-034,Tier 1,visa,Visa,Visa Small Business / Visa & Main,https://usa.visa.com/about-visa/newsroom/press-releases.releaseId.22121.html,"Visa Introduces Visa & Main, A New Platform to Accelerate Small Business Growth Across the U.S. | Visa",2026-07-23T07:07:57.402706+00:00,df65890e9d414c82a7e1510cee420a6ff7faae7ae0c8d7306bdc5ec05b55370b,data/raw_documents/cleaned_text/DOC-REG-034-20260723070757.txt,data/raw_documents/raw_html/DOC-REG-034-20260723070757.html,200.0,fetched,unchanged,
DOC-REG-034-20260723112225,REG-034,Tier 1,visa,Visa,Visa Small Business / Visa & Main,https://usa.visa.com/about-visa/newsroom/press-releases.releaseId.22121.html,"Visa Introduces Visa & Main, A New Platform to Accelerate Small Business Growth Across the U.S. | Visa",2026-07-23T11:22:25.241986+00:00,df65890e9d414c82a7e1510cee420a6ff7faae7ae0c8d7306bdc5ec05b55370b,data/raw_documents/cleaned_text/DOC-REG-034-20260723112225.txt,data/raw_documents/raw_html/DOC-REG-034-20260723112225.html,200.0,fetched,unchanged,
DOC-REG-034-20260724110854,REG-034,Tier 1,visa,Visa,Visa Small Business / Visa & Main,https://usa.visa.com/about-visa/newsroom/press-releases.releaseId.22121.html,"Visa Introduces Visa & Main, A New Platform to Accelerate Small Business Growth Across the U.S. | Visa",2026-07-24T11:08:54.123661+00:00,df65890e9d414c82a7e1510cee420a6ff7faae7ae0c8d7306bdc5ec05b55370b,data/raw_documents/cleaned_text/DOC-REG-034-20260724110854.txt,data/raw_documents/raw_html/DOC-REG-034-20260724110854.html,200.0,fetched,unchanged,
DOC-REG-034-20260725092243,REG-034,Tier 1,visa,Visa,Visa Small Business / Visa & Main,https://usa.visa.com/about-visa/newsroom/press-releases.releaseId.22121.html,"Visa Introduces Visa & Main, A New Platform to Accelerate Small Business Growth Across the U.S. | Visa",2026-07-25T09:22:43.131297+00:00,df65890e9d414c82a7e1510cee420a6ff7faae7ae0c8d7306bdc5ec05b55370b,data/raw_documents/cleaned_text/DOC-REG-034-20260725092243.txt,data/raw_documents/raw_html/DOC-REG-034-20260725092243.html,200.0,fetched,unchanged,
DOC-REG-034-20260726101944,REG-034,Tier 1,visa,Visa,Visa Small Business / Visa & Main,https://usa.visa.com/about-visa/newsroom/press-releases.releaseId.22121.html,"Visa Introduces Visa & Main, A New Platform to Accelerate Small Business Growth Across the U.S. | Visa",2026-07-26T10:19:44.778317+00:00,df65890e9d414c82a7e1510cee420a6ff7faae7ae0c8d7306bdc5ec05b55370b,data/raw_documents/cleaned_text/DOC-REG-034-20260726101944.txt,data/raw_documents/raw_html/DOC-REG-034-20260726101944.html,200.0,fetched,unchanged,
DOC-REG-034-20260727133210,REG-034,Tier 1,visa,Visa,Visa Small Business / Visa & Main,https://usa.visa.com/about-visa/newsroom/press-releases.releaseId.22121.html,"Visa Introduces Visa & Main, A New Platform to Accelerate Small Business Growth Across the U.S. | Visa",2026-07-27T13:32:10.158271+00:00,df65890e9d414c82a7e1510cee420a6ff7faae7ae0c8d7306bdc5ec05b55370b,data/raw_documents/cleaned_text/DOC-REG-034-20260727133210.txt,data/raw_documents/raw_html/DOC-REG-034-20260727133210.html,200.0,fetched,unchanged,
DOC-REG-034-20260728113450,REG-034,Tier 1,visa,Visa,Visa Small Business / Visa & Main,https://usa.visa.com/about-visa/newsroom/press-releases.releaseId.22121.html,"Visa Introduces Visa & Main, A New Platform to Accelerate Small Business Growth Across the U.S. | Visa",2026-07-28T11:34:50.681150+00:00,df65890e9d414c82a7e1510cee420a6ff7faae7ae0c8d7306bdc5ec05b55370b,data/raw_documents/cleaned_text/DOC-REG-034-20260728113450.txt,data/raw_documents/raw_html/DOC-REG-034-20260728113450.html,200.0,fetched,unchanged,
DOC-REG-069-20260622115819,REG-069,Tier 1,visa,Visa,Visa Türkiye KOBİ Araçları,https://www.visa.com.tr/run-your-business/small-business-tools.html,,2026-06-22T11:58:19.204359+00:00,,data/raw_documents/cleaned_text/DOC-REG-069-20260622115819.txt,data/raw_documents/raw_html/DOC-REG-069-20260622115819.html,,error,error,"HTTPSConnectionPool(host='www.visa.com.tr', port=443): Max retries exceeded with url: /run-your-business/small-business-tools.html (Caused by NameResolutionError(""HTTPSConnection(host='www.visa.com.tr', port=443): Failed to resolve 'www.visa.com.tr' ([Errno 8] nodename nor servname provided, or not known)""))"
DOC-REG-069-20260622120015,REG-069,Tier 1,visa,Visa,Visa Türkiye KOBİ Araçları,https://www.visa.com.tr/run-your-business/small-business-tools.html,Küçük İşletme Araçları | Visa,2026-06-22T12:00:15.482472+00:00,a2f7edd2040c89a05e47fbad61103bd9842372f1d9bf30b174a649dec7750052,data/raw_documents/cleaned_text/DOC-REG-069-20260622120015.txt,data/raw_documents/raw_html/DOC-REG-069-20260622120015.html,200.0,fetched,new_source,
DOC-REG-070-20260622115823,REG-070,Tier 1,visa,Visa,Visa Global Newsroom,https://usa.visa.com/about-visa/newsroom.html,,2026-06-22T11:58:23.745207+00:00,,data/raw_documents/cleaned_text/DOC-REG-070-20260622115823.txt,data/raw_documents/raw_html/DOC-REG-070-20260622115823.html,,error,error,"HTTPSConnectionPool(host='usa.visa.com', port=443): Max retries exceeded with url: /about-visa/newsroom.html (Caused by NameResolutionError(""HTTPSConnection(host='usa.visa.com', port=443): Failed to resolve 'usa.visa.com' ([Errno 8] nodename nor servname provided, or not known)""))"
DOC-REG-070-20260622120016,REG-070,Tier 1,visa,Visa,Visa Global Newsroom,https://usa.visa.com/about-visa/newsroom.html,"Visa Newsroom | Media Kits, News & More  | Visa",2026-06-22T12:00:16.142669+00:00,3b21cd275c4cd7f3ca31e2ba5a3039ee015eb3b16a60cd3aa2029ae3c9450b1f,data/raw_documents/cleaned_text/DOC-REG-070-20260622120016.txt,data/raw_documents/raw_html/DOC-REG-070-20260622120016.html,200.0,fetched,new_source,
DOC-REG-070-20260624131627,REG-070,Tier 1,visa,Visa,Visa Global Newsroom,https://usa.visa.com/about-visa/newsroom.html,"Visa Newsroom | Media Kits, News & More  | Visa",2026-06-24T13:16:27.891676+00:00,3b21cd275c4cd7f3ca31e2ba5a3039ee015eb3b16a60cd3aa2029ae3c9450b1f,data/raw_documents/cleaned_text/DOC-REG-070-20260624131627.txt,data/raw_documents/raw_html/DOC-REG-070-20260624131627.html,200.0,fetched,unchanged,
DOC-REG-070-20260624131854,REG-070,Tier 1,visa,Visa,Visa Global Newsroom,https://usa.visa.com/about-visa/newsroom.html,"Visa Newsroom | Media Kits, News & More  | Visa",2026-06-24T13:18:54.600060+00:00,3b21cd275c4cd7f3ca31e2ba5a3039ee015eb3b16a60cd3aa2029ae3c9450b1f,data/raw_documents/cleaned_text/DOC-REG-070-20260624131854.txt,data/raw_documents/raw_html/DOC-REG-070-20260624131854.html,200.0,fetched,unchanged,
DOC-REG-070-20260624132126,REG-070,Tier 1,visa,Visa,Visa Global Newsroom,https://usa.visa.com/about-visa/newsroom.html,"Visa Newsroom | Media Kits, News & More  | Visa",2026-06-24T13:21:26.881352+00:00,3b21cd275c4cd7f3ca31e2ba5a3039ee015eb3b16a60cd3aa2029ae3c9450b1f,data/raw_documents/cleaned_text/DOC-REG-070-20260624132126.txt,data/raw_documents/raw_html/DOC-REG-070-20260624132126.html,200.0,fetched,unchanged,
DOC-REG-070-20260624132237,REG-070,Tier 1,visa,Visa,Visa Global Newsroom,https://usa.visa.com/about-visa/newsroom.html,"Visa Newsroom | Media Kits, News & More  | Visa",2026-06-24T13:22:37.477066+00:00,3b21cd275c4cd7f3ca31e2ba5a3039ee015eb3b16a60cd3aa2029ae3c9450b1f,data/raw_documents/cleaned_text/DOC-REG-070-20260624132237.txt,data/raw_documents/raw_html/DOC-REG-070-20260624132237.html,200.0,fetched,unchanged,
DOC-REG-070-20260624132444,REG-070,Tier 1,visa,Visa,Visa Global Newsroom,https://usa.visa.com/about-visa/newsroom.html,"Visa Newsroom | Media Kits, News & More  | Visa",2026-06-24T13:24:44.939555+00:00,3b21cd275c4cd7f3ca31e2ba5a3039ee015eb3b16a60cd3aa2029ae3c9450b1f,data/raw_documents/cleaned_text/DOC-REG-070-20260624132444.txt,data/raw_documents/raw_html/DOC-REG-070-20260624132444.html,200.0,fetched,unchanged,
DOC-REG-070-20260629082840,REG-070,Tier 1,visa,Visa,Visa Global Newsroom,https://usa.visa.com/about-visa/newsroom.html,"Visa Newsroom | Media Kits, News & More  | Visa",2026-06-29T08:28:40.771057+00:00,0f7a1c5604363a279aa42471218eb8f585cd3c077d95b34c08dafbc5a6deccc3,data/raw_documents/cleaned_text/DOC-REG-070-20260629082840.txt,data/raw_documents/raw_html/DOC-REG-070-20260629082840.html,200.0,fetched,changed,
DOC-REG-070-20260629083047,REG-070,Tier 1,visa,Visa,Visa Global Newsroom,https://usa.visa.com/about-visa/newsroom.html,"Visa Newsroom | Media Kits, News & More  | Visa",2026-06-29T08:30:47.366315+00:00,0f7a1c5604363a279aa42471218eb8f585cd3c077d95b34c08dafbc5a6deccc3,data/raw_documents/cleaned_text/DOC-REG-070-20260629083047.txt,data/raw_documents/raw_html/DOC-REG-070-20260629083047.html,200.0,fetched,unchanged,
DOC-REG-070-20260629134025,REG-070,Tier 1,visa,Visa,Visa Global Newsroom,https://usa.visa.com/about-visa/newsroom.html,"Visa Newsroom | Media Kits, News & More  | Visa",2026-06-29T13:40:25.850117+00:00,0f7a1c5604363a279aa42471218eb8f585cd3c077d95b34c08dafbc5a6deccc3,data/raw_documents/cleaned_text/DOC-REG-070-20260629134025.txt,data/raw_documents/raw_html/DOC-REG-070-20260629134025.html,200.0,fetched,unchanged,
DOC-REG-070-20260629134256,REG-070,Tier 1,visa,Visa,Visa Global Newsroom,https://usa.visa.com/about-visa/newsroom.html,"Visa Newsroom | Media Kits, News & More  | Visa",2026-06-29T13:42:56.621283+00:00,0f7a1c5604363a279aa42471218eb8f585cd3c077d95b34c08dafbc5a6deccc3,data/raw_documents/cleaned_text/DOC-REG-070-20260629134256.txt,data/raw_documents/raw_html/DOC-REG-070-20260629134256.html,200.0,fetched,unchanged,
DOC-REG-070-20260629135256,REG-070,Tier 1,visa,Visa,Visa Global Newsroom,https://usa.visa.com/about-visa/newsroom.html,"Visa Newsroom | Media Kits, News & More  | Visa",2026-06-29T13:52:56.095312+00:00,0f7a1c5604363a279aa42471218eb8f585cd3c077d95b34c08dafbc5a6deccc3,data/raw_documents/cleaned_text/DOC-REG-070-20260629135256.txt,data/raw_documents/raw_html/DOC-REG-070-20260629135256.html,200.0,fetched,unchanged,
DOC-REG-070-20260722085233,REG-070,Tier 1,visa,Visa,Visa Global Newsroom,https://usa.visa.com/about-visa/newsroom.html,"Visa Newsroom | Media Kits, News & More  | Visa",2026-07-22T08:52:33.068478+00:00,2a079f7cad3871d151aebbf3d8927b18a3d1bd39eebc119f378c0d52893961ab,data/raw_documents/cleaned_text/DOC-REG-070-20260722085233.txt,data/raw_documents/raw_html/DOC-REG-070-20260722085233.html,200.0,fetched,changed,
DOC-REG-070-20260722111845,REG-070,Tier 1,visa,Visa,Visa Global Newsroom,https://usa.visa.com/about-visa/newsroom.html,"Visa Newsroom | Media Kits, News & More  | Visa",2026-07-22T11:18:45.974980+00:00,3f1bcc12ce0d1b29697b93ec9b6cfb9d3d30d56fcdf5915bde93eb4bdcbcd7a0,data/raw_documents/cleaned_text/DOC-REG-070-20260722111845.txt,data/raw_documents/raw_html/DOC-REG-070-20260722111845.html,200.0,fetched,changed,
DOC-REG-070-20260723070932,REG-070,Tier 1,visa,Visa,Visa Global Newsroom,https://usa.visa.com/about-visa/newsroom.html,"Visa Newsroom | Media Kits, News & More  | Visa",2026-07-23T07:09:32.823834+00:00,3f1bcc12ce0d1b29697b93ec9b6cfb9d3d30d56fcdf5915bde93eb4bdcbcd7a0,data/raw_documents/cleaned_text/DOC-REG-070-20260723070932.txt,data/raw_documents/raw_html/DOC-REG-070-20260723070932.html,200.0,fetched,unchanged,
DOC-REG-070-20260723112409,REG-070,Tier 1,visa,Visa,Visa Global Newsroom,https://usa.visa.com/about-visa/newsroom.html,"Visa Newsroom | Media Kits, News & More  | Visa",2026-07-23T11:24:09.540700+00:00,3f1bcc12ce0d1b29697b93ec9b6cfb9d3d30d56fcdf5915bde93eb4bdcbcd7a0,data/raw_documents/cleaned_text/DOC-REG-070-20260723112409.txt,data/raw_documents/raw_html/DOC-REG-070-20260723112409.html,200.0,fetched,unchanged,
DOC-REG-070-20260724111012,REG-070,Tier 1,visa,Visa,Visa Global Newsroom,https://usa.visa.com/about-visa/newsroom.html,"Visa Newsroom | Media Kits, News & More  | Visa",2026-07-24T11:10:12.471931+00:00,3f1bcc12ce0d1b29697b93ec9b6cfb9d3d30d56fcdf5915bde93eb4bdcbcd7a0,data/raw_documents/cleaned_text/DOC-REG-070-20260724111012.txt,data/raw_documents/raw_html/DOC-REG-070-20260724111012.html,200.0,fetched,unchanged,
DOC-REG-070-20260725092334,REG-070,Tier 1,visa,Visa,Visa Global Newsroom,https://usa.visa.com/about-visa/newsroom.html,"Visa Newsroom | Media Kits, News & More  | Visa",2026-07-25T09:23:34.986131+00:00,3f1bcc12ce0d1b29697b93ec9b6cfb9d3d30d56fcdf5915bde93eb4bdcbcd7a0,data/raw_documents/cleaned_text/DOC-REG-070-20260725092334.txt,data/raw_documents/raw_html/DOC-REG-070-20260725092334.html,200.0,fetched,unchanged,
DOC-REG-070-20260726102147,REG-070,Tier 1,visa,Visa,Visa Global Newsroom,https://usa.visa.com/about-visa/newsroom.html,"Visa Newsroom | Media Kits, News & More  | Visa",2026-07-26T10:21:47.300932+00:00,3f1bcc12ce0d1b29697b93ec9b6cfb9d3d30d56fcdf5915bde93eb4bdcbcd7a0,data/raw_documents/cleaned_text/DOC-REG-070-20260726102147.txt,data/raw_documents/raw_html/DOC-REG-070-20260726102147.html,200.0,fetched,unchanged,
DOC-REG-070-20260727133340,REG-070,Tier 1,visa,Visa,Visa Global Newsroom,https://usa.visa.com/about-visa/newsroom.html,"Visa Newsroom | Media Kits, News & More  | Visa",2026-07-27T13:33:40.447207+00:00,3f1bcc12ce0d1b29697b93ec9b6cfb9d3d30d56fcdf5915bde93eb4bdcbcd7a0,data/raw_documents/cleaned_text/DOC-REG-070-20260727133340.txt,data/raw_documents/raw_html/DOC-REG-070-20260727133340.html,200.0,fetched,unchanged,
DOC-REG-070-20260728113619,REG-070,Tier 1,visa,Visa,Visa Global Newsroom,https://usa.visa.com/about-visa/newsroom.html,"Visa Newsroom | Media Kits, News & More  | Visa",2026-07-28T11:36:19.764257+00:00,3f1bcc12ce0d1b29697b93ec9b6cfb9d3d30d56fcdf5915bde93eb4bdcbcd7a0,data/raw_documents/cleaned_text/DOC-REG-070-20260728113619.txt,data/raw_documents/raw_html/DOC-REG-070-20260728113619.html,200.0,fetched,unchanged,
DOC-REG-083-20260625115344,REG-083,Tier 1,ing,ING,ING Basın Bültenleri 2026,https://www.ing.com.tr/tr/ing/basin-odasi/basin-bultenleri/2026,ING,2026-06-25T11:53:44.637977+00:00,ce592b5972e7da4e502eecefea90befae68ed20d2d6e9122d3b2503f407fa6e4,data/raw_documents/cleaned_text/DOC-REG-083-20260625115344.txt,data/raw_documents/raw_html/DOC-REG-083-20260625115344.html,200.0,fetched,new_source,
DOC-REG-083-20260625120732,REG-083,Tier 1,ing,ING,ING Basın Bültenleri 2026,https://www.ing.com.tr/tr/ing/basin-odasi/basin-bultenleri/2026,ING,2026-06-25T12:07:32.790493+00:00,ce592b5972e7da4e502eecefea90befae68ed20d2d6e9122d3b2503f407fa6e4,data/raw_documents/cleaned_text/DOC-REG-083-20260625120732.txt,data/raw_documents/raw_html/DOC-REG-083-20260625120732.html,200.0,fetched,unchanged,
DOC-REG-083-20260629082854,REG-083,Tier 1,ing,ING,ING Basın Bültenleri 2026,https://www.ing.com.tr/tr/ing/basin-odasi/basin-bultenleri/2026,ING,2026-06-29T08:28:54.658428+00:00,ce592b5972e7da4e502eecefea90befae68ed20d2d6e9122d3b2503f407fa6e4,data/raw_documents/cleaned_text/DOC-REG-083-20260629082854.txt,data/raw_documents/raw_html/DOC-REG-083-20260629082854.html,200.0,fetched,unchanged,
DOC-REG-083-20260629083050,REG-083,Tier 1,ing,ING,ING Basın Bültenleri 2026,https://www.ing.com.tr/tr/ing/basin-odasi/basin-bultenleri/2026,ING,2026-06-29T08:30:50.406119+00:00,ce592b5972e7da4e502eecefea90befae68ed20d2d6e9122d3b2503f407fa6e4,data/raw_documents/cleaned_text/DOC-REG-083-20260629083050.txt,data/raw_documents/raw_html/DOC-REG-083-20260629083050.html,200.0,fetched,unchanged,
DOC-REG-083-20260629134027,REG-083,Tier 1,ing,ING,ING Basın Bültenleri 2026,https://www.ing.com.tr/tr/ing/basin-odasi/basin-bultenleri/2026,ING,2026-06-29T13:40:27.854623+00:00,ce592b5972e7da4e502eecefea90befae68ed20d2d6e9122d3b2503f407fa6e4,data/raw_documents/cleaned_text/DOC-REG-083-20260629134027.txt,data/raw_documents/raw_html/DOC-REG-083-20260629134027.html,200.0,fetched,unchanged,
DOC-REG-083-20260629134259,REG-083,Tier 1,ing,ING,ING Basın Bültenleri 2026,https://www.ing.com.tr/tr/ing/basin-odasi/basin-bultenleri/2026,ING,2026-06-29T13:42:59.820470+00:00,ce592b5972e7da4e502eecefea90befae68ed20d2d6e9122d3b2503f407fa6e4,data/raw_documents/cleaned_text/DOC-REG-083-20260629134259.txt,data/raw_documents/raw_html/DOC-REG-083-20260629134259.html,200.0,fetched,unchanged,
DOC-REG-083-20260629135259,REG-083,Tier 1,ing,ING,ING Basın Bültenleri 2026,https://www.ing.com.tr/tr/ing/basin-odasi/basin-bultenleri/2026,ING,2026-06-29T13:52:59.228932+00:00,ce592b5972e7da4e502eecefea90befae68ed20d2d6e9122d3b2503f407fa6e4,data/raw_documents/cleaned_text/DOC-REG-083-20260629135259.txt,data/raw_documents/raw_html/DOC-REG-083-20260629135259.html,200.0,fetched,unchanged,
DOC-REG-083-20260722085253,REG-083,Tier 1,ing,ING,ING Basın Bültenleri 2026,https://www.ing.com.tr/tr/ing/basin-odasi/basin-bultenleri/2026,ING,2026-07-22T08:52:53.096109+00:00,efb84f19ddb3f32eaea6a3e7d3530c5ad2ce8bbdcf0261e4f997942b144fe5c3,data/raw_documents/cleaned_text/DOC-REG-083-20260722085253.txt,data/raw_documents/raw_html/DOC-REG-083-20260722085253.html,200.0,fetched,changed,
DOC-REG-083-20260722111858,REG-083,Tier 1,ing,ING,ING Basın Bültenleri 2026,https://www.ing.com.tr/tr/ing/basin-odasi/basin-bultenleri/2026,ING,2026-07-22T11:18:58.743308+00:00,efb84f19ddb3f32eaea6a3e7d3530c5ad2ce8bbdcf0261e4f997942b144fe5c3,data/raw_documents/cleaned_text/DOC-REG-083-20260722111858.txt,data/raw_documents/raw_html/DOC-REG-083-20260722111858.html,200.0,fetched,unchanged,
DOC-REG-083-20260723070936,REG-083,Tier 1,ing,ING,ING Basın Bültenleri 2026,https://www.ing.com.tr/tr/ing/basin-odasi/basin-bultenleri/2026,ING,2026-07-23T07:09:36.056021+00:00,efb84f19ddb3f32eaea6a3e7d3530c5ad2ce8bbdcf0261e4f997942b144fe5c3,data/raw_documents/cleaned_text/DOC-REG-083-20260723070936.txt,data/raw_documents/raw_html/DOC-REG-083-20260723070936.html,200.0,fetched,unchanged,
DOC-REG-083-20260723112413,REG-083,Tier 1,ing,ING,ING Basın Bültenleri 2026,https://www.ing.com.tr/tr/ing/basin-odasi/basin-bultenleri/2026,ING,2026-07-23T11:24:13.052411+00:00,efb84f19ddb3f32eaea6a3e7d3530c5ad2ce8bbdcf0261e4f997942b144fe5c3,data/raw_documents/cleaned_text/DOC-REG-083-20260723112413.txt,data/raw_documents/raw_html/DOC-REG-083-20260723112413.html,200.0,fetched,unchanged,
DOC-REG-083-20260724111015,REG-083,Tier 1,ing,ING,ING Basın Bültenleri 2026,https://www.ing.com.tr/tr/ing/basin-odasi/basin-bultenleri/2026,ING,2026-07-24T11:10:15.982055+00:00,bdc2cf5f9b5cd6d28b8ea50171d79578672e57c07a7f315886fa6ff3344c05b6,data/raw_documents/cleaned_text/DOC-REG-083-20260724111015.txt,data/raw_documents/raw_html/DOC-REG-083-20260724111015.html,200.0,fetched,changed,
DOC-REG-083-20260725092337,REG-083,Tier 1,ing,ING,ING Basın Bültenleri 2026,https://www.ing.com.tr/tr/ing/basin-odasi/basin-bultenleri/2026,ING,2026-07-25T09:23:37.749259+00:00,bdc2cf5f9b5cd6d28b8ea50171d79578672e57c07a7f315886fa6ff3344c05b6,data/raw_documents/cleaned_text/DOC-REG-083-20260725092337.txt,data/raw_documents/raw_html/DOC-REG-083-20260725092337.html,200.0,fetched,unchanged,
DOC-REG-083-20260726102150,REG-083,Tier 1,ing,ING,ING Basın Bültenleri 2026,https://www.ing.com.tr/tr/ing/basin-odasi/basin-bultenleri/2026,ING,2026-07-26T10:21:50.841121+00:00,bdc2cf5f9b5cd6d28b8ea50171d79578672e57c07a7f315886fa6ff3344c05b6,data/raw_documents/cleaned_text/DOC-REG-083-20260726102150.txt,data/raw_documents/raw_html/DOC-REG-083-20260726102150.html,200.0,fetched,unchanged,
DOC-REG-083-20260727133344,REG-083,Tier 1,ing,ING,ING Basın Bültenleri 2026,https://www.ing.com.tr/tr/ing/basin-odasi/basin-bultenleri/2026,ING,2026-07-27T13:33:44.232903+00:00,bdc2cf5f9b5cd6d28b8ea50171d79578672e57c07a7f315886fa6ff3344c05b6,data/raw_documents/cleaned_text/DOC-REG-083-20260727133344.txt,data/raw_documents/raw_html/DOC-REG-083-20260727133344.html,200.0,fetched,unchanged,
DOC-REG-083-20260728113626,REG-083,Tier 1,ing,ING,ING Basın Bültenleri 2026,https://www.ing.com.tr/tr/ing/basin-odasi/basin-bultenleri/2026,ING,2026-07-28T11:36:26.057538+00:00,bdc2cf5f9b5cd6d28b8ea50171d79578672e57c07a7f315886fa6ff3344c05b6,data/raw_documents/cleaned_text/DOC-REG-083-20260728113626.txt,data/raw_documents/raw_html/DOC-REG-083-20260728113626.html,200.0,fetched,unchanged,
DOC-REG-078-20260625120730,REG-078,Tier 1,alternatif_bank,Alternatif Bank,Alternatif Bank Basın Odası,https://www.alternatifbank.com.tr/hakkimizda/basin-odasi,Basın Odası | Alternatif Bank,2026-06-25T12:07:30.736977+00:00,5c5063d84f18c4c19b4b1a35ed4e0f1d75fc8f056649a5557aa62f3e06e31dba,data/raw_documents/cleaned_text/DOC-REG-078-20260625120730.txt,data/raw_documents/raw_html/DOC-REG-078-20260625120730.html,200.0,fetched,new_source,
DOC-REG-079-20260625120731,REG-079,Tier 1,alternatif_bank,Alternatif Bank,Alternatif Bank Kampanyalar,https://www.alternatifbank.com.tr/kampanyalar,Kampanyalar | Alternatif Bank,2026-06-25T12:07:31.387932+00:00,12116869c1ca0a17dc4acc1b7b168f56a46bd8e5fff41a9f569fe76f760d2f2f,data/raw_documents/cleaned_text/DOC-REG-079-20260625120731.txt,data/raw_documents/raw_html/DOC-REG-079-20260625120731.html,200.0,fetched,new_source,
DOC-REG-080-20260625120732,REG-080,Tier 1,denizbank,DenizBank,DenizBank Medya Merkezi / Basında DenizBank,https://www.denizbank.com/hakkimizda/medya-merkezi/basinda-denizbank,"Basın Bültenleri, Açıklamaları ve Haberler | DenizBank",2026-06-25T12:07:32.019045+00:00,0020555278c55cb74162db2a5b69ddc6aeea6195224c401a81a2d2bd1782f871,data/raw_documents/cleaned_text/DOC-REG-080-20260625120732.txt,data/raw_documents/raw_html/DOC-REG-080-20260625120732.html,200.0,fetched,new_source,
DOC-REG-086-20260625120733,REG-086,Tier 1,teb,TEB,TEB Basın Açıklamaları,https://www.teb.com.tr/teb-hakkinda/basin-aciklamalari/,Basın Açıklamaları | Türk Ekonomi Bankası,2026-06-25T12:07:33.276153+00:00,f7d85ba5affb6fbb0628a23c96f578d7337853a74d79584bdfe962a0f3f02392,data/raw_documents/cleaned_text/DOC-REG-086-20260625120733.txt,data/raw_documents/raw_html/DOC-REG-086-20260625120733.html,200.0,fetched,new_source,
DOC-REG-118-20260625120733,REG-118,Tier 1,alternatif_bank,Alternatif Bank,Alternatif Bank Basın Bültenleri ve Duyurular,https://www.alternatifbank.com.tr/hakkimizda/basin-odasi/basin-bultenleri-ve-duyurular,Basın Bülteni ve Duyurular | Alternatif Bank,2026-06-25T12:07:33.852123+00:00,e728bfdbf5bcb0c68c2a0bf9940a0df8d6f3ef60e2caf0d42d6c2dd8abfcfaed,data/raw_documents/cleaned_text/DOC-REG-118-20260625120733.txt,data/raw_documents/raw_html/DOC-REG-118-20260625120733.html,200.0,fetched,new_source,
DOC-REG-118-20260629082856,REG-118,Tier 1,alternatif_bank,Alternatif Bank,Alternatif Bank Basın Bültenleri ve Duyurular,https://www.alternatifbank.com.tr/hakkimizda/basin-odasi/basin-bultenleri-ve-duyurular,Basın Bülteni ve Duyurular | Alternatif Bank,2026-06-29T08:28:56.509066+00:00,e728bfdbf5bcb0c68c2a0bf9940a0df8d6f3ef60e2caf0d42d6c2dd8abfcfaed,data/raw_documents/cleaned_text/DOC-REG-118-20260629082856.txt,data/raw_documents/raw_html/DOC-REG-118-20260629082856.html,200.0,fetched,unchanged,
DOC-REG-118-20260629083052,REG-118,Tier 1,alternatif_bank,Alternatif Bank,Alternatif Bank Basın Bültenleri ve Duyurular,https://www.alternatifbank.com.tr/hakkimizda/basin-odasi/basin-bultenleri-ve-duyurular,Basın Bülteni ve Duyurular | Alternatif Bank,2026-06-29T08:30:52.365078+00:00,e728bfdbf5bcb0c68c2a0bf9940a0df8d6f3ef60e2caf0d42d6c2dd8abfcfaed,data/raw_documents/cleaned_text/DOC-REG-118-20260629083052.txt,data/raw_documents/raw_html/DOC-REG-118-20260629083052.html,200.0,fetched,unchanged,
DOC-REG-118-20260629134029,REG-118,Tier 1,alternatif_bank,Alternatif Bank,Alternatif Bank Basın Bültenleri ve Duyurular,https://www.alternatifbank.com.tr/hakkimizda/basin-odasi/basin-bultenleri-ve-duyurular,Basın Bülteni ve Duyurular | Alternatif Bank,2026-06-29T13:40:29.420760+00:00,e728bfdbf5bcb0c68c2a0bf9940a0df8d6f3ef60e2caf0d42d6c2dd8abfcfaed,data/raw_documents/cleaned_text/DOC-REG-118-20260629134029.txt,data/raw_documents/raw_html/DOC-REG-118-20260629134029.html,200.0,fetched,unchanged,
DOC-REG-118-20260629134301,REG-118,Tier 1,alternatif_bank,Alternatif Bank,Alternatif Bank Basın Bültenleri ve Duyurular,https://www.alternatifbank.com.tr/hakkimizda/basin-odasi/basin-bultenleri-ve-duyurular,Basın Bülteni ve Duyurular | Alternatif Bank,2026-06-29T13:43:01.341351+00:00,e728bfdbf5bcb0c68c2a0bf9940a0df8d6f3ef60e2caf0d42d6c2dd8abfcfaed,data/raw_documents/cleaned_text/DOC-REG-118-20260629134301.txt,data/raw_documents/raw_html/DOC-REG-118-20260629134301.html,200.0,fetched,unchanged,
DOC-REG-118-20260629135301,REG-118,Tier 1,alternatif_bank,Alternatif Bank,Alternatif Bank Basın Bültenleri ve Duyurular,https://www.alternatifbank.com.tr/hakkimizda/basin-odasi/basin-bultenleri-ve-duyurular,Basın Bülteni ve Duyurular | Alternatif Bank,2026-06-29T13:53:01.247996+00:00,e728bfdbf5bcb0c68c2a0bf9940a0df8d6f3ef60e2caf0d42d6c2dd8abfcfaed,data/raw_documents/cleaned_text/DOC-REG-118-20260629135301.txt,data/raw_documents/raw_html/DOC-REG-118-20260629135301.html,200.0,fetched,unchanged,
DOC-REG-118-20260722085306,REG-118,Tier 1,alternatif_bank,Alternatif Bank,Alternatif Bank Basın Bültenleri ve Duyurular,https://www.alternatifbank.com.tr/hakkimizda/basin-odasi/basin-bultenleri-ve-duyurular,Basın Bülteni ve Duyurular | Alternatif Bank,2026-07-22T08:53:06.171286+00:00,245651b9ba4b3ff1bcae60e2be09521234872dc0a16b5fd49646662af2343e0b,data/raw_documents/cleaned_text/DOC-REG-118-20260722085306.txt,data/raw_documents/raw_html/DOC-REG-118-20260722085306.html,200.0,fetched,changed,
DOC-REG-118-20260722111903,REG-118,Tier 1,alternatif_bank,Alternatif Bank,Alternatif Bank Basın Bültenleri ve Duyurular,https://www.alternatifbank.com.tr/hakkimizda/basin-odasi/basin-bultenleri-ve-duyurular,Basın Bülteni ve Duyurular | Alternatif Bank,2026-07-22T11:19:03.437728+00:00,245651b9ba4b3ff1bcae60e2be09521234872dc0a16b5fd49646662af2343e0b,data/raw_documents/cleaned_text/DOC-REG-118-20260722111903.txt,data/raw_documents/raw_html/DOC-REG-118-20260722111903.html,200.0,fetched,unchanged,
DOC-REG-118-20260723070941,REG-118,Tier 1,alternatif_bank,Alternatif Bank,Alternatif Bank Basın Bültenleri ve Duyurular,https://www.alternatifbank.com.tr/hakkimizda/basin-odasi/basin-bultenleri-ve-duyurular,Basın Bülteni ve Duyurular | Alternatif Bank,2026-07-23T07:09:41.213286+00:00,245651b9ba4b3ff1bcae60e2be09521234872dc0a16b5fd49646662af2343e0b,data/raw_documents/cleaned_text/DOC-REG-118-20260723070941.txt,data/raw_documents/raw_html/DOC-REG-118-20260723070941.html,200.0,fetched,unchanged,
DOC-REG-118-20260723112419,REG-118,Tier 1,alternatif_bank,Alternatif Bank,Alternatif Bank Basın Bültenleri ve Duyurular,https://www.alternatifbank.com.tr/hakkimizda/basin-odasi/basin-bultenleri-ve-duyurular,Basın Bülteni ve Duyurular | Alternatif Bank,2026-07-23T11:24:19.458542+00:00,245651b9ba4b3ff1bcae60e2be09521234872dc0a16b5fd49646662af2343e0b,data/raw_documents/cleaned_text/DOC-REG-118-20260723112419.txt,data/raw_documents/raw_html/DOC-REG-118-20260723112419.html,200.0,fetched,unchanged,
DOC-REG-118-20260724111029,REG-118,Tier 1,alternatif_bank,Alternatif Bank,Alternatif Bank Basın Bültenleri ve Duyurular,https://www.alternatifbank.com.tr/hakkimizda/basin-odasi/basin-bultenleri-ve-duyurular,Basın Bülteni ve Duyurular | Alternatif Bank,2026-07-24T11:10:29.022390+00:00,245651b9ba4b3ff1bcae60e2be09521234872dc0a16b5fd49646662af2343e0b,data/raw_documents/cleaned_text/DOC-REG-118-20260724111029.txt,data/raw_documents/raw_html/DOC-REG-118-20260724111029.html,200.0,fetched,unchanged,
DOC-REG-118-20260725092343,REG-118,Tier 1,alternatif_bank,Alternatif Bank,Alternatif Bank Basın Bültenleri ve Duyurular,https://www.alternatifbank.com.tr/hakkimizda/basin-odasi/basin-bultenleri-ve-duyurular,Basın Bülteni ve Duyurular | Alternatif Bank,2026-07-25T09:23:43.515531+00:00,245651b9ba4b3ff1bcae60e2be09521234872dc0a16b5fd49646662af2343e0b,data/raw_documents/cleaned_text/DOC-REG-118-20260725092343.txt,data/raw_documents/raw_html/DOC-REG-118-20260725092343.html,200.0,fetched,unchanged,
DOC-REG-118-20260726102156,REG-118,Tier 1,alternatif_bank,Alternatif Bank,Alternatif Bank Basın Bültenleri ve Duyurular,https://www.alternatifbank.com.tr/hakkimizda/basin-odasi/basin-bultenleri-ve-duyurular,Basın Bülteni ve Duyurular | Alternatif Bank,2026-07-26T10:21:56.466092+00:00,245651b9ba4b3ff1bcae60e2be09521234872dc0a16b5fd49646662af2343e0b,data/raw_documents/cleaned_text/DOC-REG-118-20260726102156.txt,data/raw_documents/raw_html/DOC-REG-118-20260726102156.html,200.0,fetched,unchanged,
DOC-REG-118-20260727133349,REG-118,Tier 1,alternatif_bank,Alternatif Bank,Alternatif Bank Basın Bültenleri ve Duyurular,https://www.alternatifbank.com.tr/hakkimizda/basin-odasi/basin-bultenleri-ve-duyurular,Basın Bülteni ve Duyurular | Alternatif Bank,2026-07-27T13:33:49.397486+00:00,245651b9ba4b3ff1bcae60e2be09521234872dc0a16b5fd49646662af2343e0b,data/raw_documents/cleaned_text/DOC-REG-118-20260727133349.txt,data/raw_documents/raw_html/DOC-REG-118-20260727133349.html,200.0,fetched,unchanged,
DOC-REG-118-20260728113630,REG-118,Tier 1,alternatif_bank,Alternatif Bank,Alternatif Bank Basın Bültenleri ve Duyurular,https://www.alternatifbank.com.tr/hakkimizda/basin-odasi/basin-bultenleri-ve-duyurular,Basın Bülteni ve Duyurular | Alternatif Bank,2026-07-28T11:36:30.729993+00:00,245651b9ba4b3ff1bcae60e2be09521234872dc0a16b5fd49646662af2343e0b,data/raw_documents/cleaned_text/DOC-REG-118-20260728113630.txt,data/raw_documents/raw_html/DOC-REG-118-20260728113630.html,200.0,fetched,unchanged,
DOC-REG-140-20260626055817,REG-140,Tier 2,sekerbank,Şekerbank,Şekerbank Basın Odası,https://www.sekerbank.com.tr/hakkimizda/basin-odasi,Basın Odası | Şekerbank,2026-06-26T05:58:17.977410+00:00,fcb0599ab22828d9295dd3a83c12ea8524eeba33a237828600d805d9691fb97e,data/raw_documents/cleaned_text/DOC-REG-140-20260626055817.txt,data/raw_documents/raw_html/DOC-REG-140-20260626055817.html,200.0,fetched,new_source,
DOC-REG-140-20260629082857,REG-140,Tier 2,sekerbank,Şekerbank,Şekerbank Basın Odası,https://www.sekerbank.com.tr/hakkimizda/basin-odasi,Basın Odası | Şekerbank,2026-06-29T08:28:57.447535+00:00,fcb0599ab22828d9295dd3a83c12ea8524eeba33a237828600d805d9691fb97e,data/raw_documents/cleaned_text/DOC-REG-140-20260629082857.txt,data/raw_documents/raw_html/DOC-REG-140-20260629082857.html,200.0,fetched,unchanged,
DOC-REG-140-20260629083053,REG-140,Tier 2,sekerbank,Şekerbank,Şekerbank Basın Odası,https://www.sekerbank.com.tr/hakkimizda/basin-odasi,Basın Odası | Şekerbank,2026-06-29T08:30:53.941026+00:00,fcb0599ab22828d9295dd3a83c12ea8524eeba33a237828600d805d9691fb97e,data/raw_documents/cleaned_text/DOC-REG-140-20260629083053.txt,data/raw_documents/raw_html/DOC-REG-140-20260629083053.html,200.0,fetched,unchanged,
DOC-REG-140-20260629134030,REG-140,Tier 2,sekerbank,Şekerbank,Şekerbank Basın Odası,https://www.sekerbank.com.tr/hakkimizda/basin-odasi,Basın Odası | Şekerbank,2026-06-29T13:40:30.378372+00:00,fcb0599ab22828d9295dd3a83c12ea8524eeba33a237828600d805d9691fb97e,data/raw_documents/cleaned_text/DOC-REG-140-20260629134030.txt,data/raw_documents/raw_html/DOC-REG-140-20260629134030.html,200.0,fetched,unchanged,
DOC-REG-140-20260629134302,REG-140,Tier 2,sekerbank,Şekerbank,Şekerbank Basın Odası,https://www.sekerbank.com.tr/hakkimizda/basin-odasi,Basın Odası | Şekerbank,2026-06-29T13:43:02.177505+00:00,fcb0599ab22828d9295dd3a83c12ea8524eeba33a237828600d805d9691fb97e,data/raw_documents/cleaned_text/DOC-REG-140-20260629134302.txt,data/raw_documents/raw_html/DOC-REG-140-20260629134302.html,200.0,fetched,unchanged,
DOC-REG-140-20260629135302,REG-140,Tier 2,sekerbank,Şekerbank,Şekerbank Basın Odası,https://www.sekerbank.com.tr/hakkimizda/basin-odasi,Basın Odası | Şekerbank,2026-06-29T13:53:02.446032+00:00,fcb0599ab22828d9295dd3a83c12ea8524eeba33a237828600d805d9691fb97e,data/raw_documents/cleaned_text/DOC-REG-140-20260629135302.txt,data/raw_documents/raw_html/DOC-REG-140-20260629135302.html,200.0,fetched,unchanged,
DOC-REG-140-20260722085309,REG-140,Tier 2,sekerbank,Şekerbank,Şekerbank Basın Odası,https://www.sekerbank.com.tr/hakkimizda/basin-odasi,Basın Odası,2026-07-22T08:53:09.132600+00:00,fe13235c7d2afbe4f376d3296f0c632c553643fec24ab5c21a6bb9116af51035,data/raw_documents/cleaned_text/DOC-REG-140-20260722085309.txt,data/raw_documents/raw_html/DOC-REG-140-20260722085309.html,200.0,fetched,changed,
DOC-REG-140-20260722111905,REG-140,Tier 2,sekerbank,Şekerbank,Şekerbank Basın Odası,https://www.sekerbank.com.tr/hakkimizda/basin-odasi,Basın Odası,2026-07-22T11:19:05.783062+00:00,fe13235c7d2afbe4f376d3296f0c632c553643fec24ab5c21a6bb9116af51035,data/raw_documents/cleaned_text/DOC-REG-140-20260722111905.txt,data/raw_documents/raw_html/DOC-REG-140-20260722111905.html,200.0,fetched,unchanged,
DOC-REG-140-20260723070944,REG-140,Tier 2,sekerbank,Şekerbank,Şekerbank Basın Odası,https://www.sekerbank.com.tr/hakkimizda/basin-odasi,Basın Odası,2026-07-23T07:09:44.460464+00:00,fe13235c7d2afbe4f376d3296f0c632c553643fec24ab5c21a6bb9116af51035,data/raw_documents/cleaned_text/DOC-REG-140-20260723070944.txt,data/raw_documents/raw_html/DOC-REG-140-20260723070944.html,200.0,fetched,unchanged,
DOC-REG-140-20260723112422,REG-140,Tier 2,sekerbank,Şekerbank,Şekerbank Basın Odası,https://www.sekerbank.com.tr/hakkimizda/basin-odasi,Basın Odası,2026-07-23T11:24:22.718468+00:00,fe13235c7d2afbe4f376d3296f0c632c553643fec24ab5c21a6bb9116af51035,data/raw_documents/cleaned_text/DOC-REG-140-20260723112422.txt,data/raw_documents/raw_html/DOC-REG-140-20260723112422.html,200.0,fetched,unchanged,
DOC-REG-140-20260724111031,REG-140,Tier 2,sekerbank,Şekerbank,Şekerbank Basın Odası,https://www.sekerbank.com.tr/hakkimizda/basin-odasi,Basın Odası,2026-07-24T11:10:31.766816+00:00,fe13235c7d2afbe4f376d3296f0c632c553643fec24ab5c21a6bb9116af51035,data/raw_documents/cleaned_text/DOC-REG-140-20260724111031.txt,data/raw_documents/raw_html/DOC-REG-140-20260724111031.html,200.0,fetched,unchanged,
DOC-REG-140-20260725092348,REG-140,Tier 2,sekerbank,Şekerbank,Şekerbank Basın Odası,https://www.sekerbank.com.tr/hakkimizda/basin-odasi,Basın Odası,2026-07-25T09:23:48.528816+00:00,fe13235c7d2afbe4f376d3296f0c632c553643fec24ab5c21a6bb9116af51035,data/raw_documents/cleaned_text/DOC-REG-140-20260725092348.txt,data/raw_documents/raw_html/DOC-REG-140-20260725092348.html,200.0,fetched,unchanged,
DOC-REG-140-20260726102159,REG-140,Tier 2,sekerbank,Şekerbank,Şekerbank Basın Odası,https://www.sekerbank.com.tr/hakkimizda/basin-odasi,Basın Odası,2026-07-26T10:21:59.087894+00:00,fe13235c7d2afbe4f376d3296f0c632c553643fec24ab5c21a6bb9116af51035,data/raw_documents/cleaned_text/DOC-REG-140-20260726102159.txt,data/raw_documents/raw_html/DOC-REG-140-20260726102159.html,200.0,fetched,unchanged,
DOC-REG-140-20260727133352,REG-140,Tier 2,sekerbank,Şekerbank,Şekerbank Basın Odası,https://www.sekerbank.com.tr/hakkimizda/basin-odasi,Basın Odası,2026-07-27T13:33:52.162221+00:00,fe13235c7d2afbe4f376d3296f0c632c553643fec24ab5c21a6bb9116af51035,data/raw_documents/cleaned_text/DOC-REG-140-20260727133352.txt,data/raw_documents/raw_html/DOC-REG-140-20260727133352.html,200.0,fetched,unchanged,
DOC-REG-140-20260728113636,REG-140,Tier 2,sekerbank,Şekerbank,Şekerbank Basın Odası,https://www.sekerbank.com.tr/hakkimizda/basin-odasi,Basın Odası,2026-07-28T11:36:36.087106+00:00,fe13235c7d2afbe4f376d3296f0c632c553643fec24ab5c21a6bb9116af51035,data/raw_documents/cleaned_text/DOC-REG-140-20260728113636.txt,data/raw_documents/raw_html/DOC-REG-140-20260728113636.html,200.0,fetched,unchanged,
DOC-REG-147-20260626055818,REG-147,Tier 2,fibabanka,Fibabanka,Fibabanka Duyuru ve Haberler 2026,https://www.fibabanka.com.tr/hakkimizda/duyuru-ve-haberler/2026,2026,2026-06-26T05:58:18.872428+00:00,07b9610738e8b8af4f18e9a3f46ae0f65a254e9510c85fcd4234e7ab8d1bb7f3,data/raw_documents/cleaned_text/DOC-REG-147-20260626055818.txt,data/raw_documents/raw_html/DOC-REG-147-20260626055818.html,200.0,fetched,new_source,
DOC-REG-148-20260626055819,REG-148,Tier 2,fibabanka,Fibabanka,Fibabanka Güncel Özel Kampanyalar,https://www.fibabanka.com.tr/kampanyalar/guncel-ozel-kampanyalar,Güncel Kampanyalar,2026-06-26T05:58:19.972966+00:00,88cd61d28e154310e980f2ada86d3edca96103ee780b1c3b00ca0459a54682c8,data/raw_documents/cleaned_text/DOC-REG-148-20260626055819.txt,data/raw_documents/raw_html/DOC-REG-148-20260626055819.html,200.0,fetched,new_source,
DOC-REG-153-20260626055821,REG-153,Tier 2,anadolubank,Anadolubank,Anadolubank Basın Bültenleri ve Röportajlar,https://www.anadolubank.com.tr/hakkimizda/kurumsal-iletisim/basin-bultenleri-ve-roportajlar,Basın Bültenleri | Anadolubank,2026-06-26T05:58:21.144896+00:00,4d18a2d868eb0221433ac148d0d9d87068f11bcfbcc0d7122a0eaed37905e208,data/raw_documents/cleaned_text/DOC-REG-153-20260626055821.txt,data/raw_documents/raw_html/DOC-REG-153-20260626055821.html,200.0,fetched,new_source,
DOC-REG-096-20260626055824,REG-096,Tier 2,odeabank,Odeabank,Odeabank Basın Bültenleri,https://www.odeabank.com.tr/hakkimizda/basin-bultenleri,Basın Bültenleri Ve Raporlar | Odeabank,2026-06-26T05:58:24.584259+00:00,ffb41f5ec25216c1978e2237e7a70fb4a1ba9cb8f8f5010ec0c1f2d6f5085a93,data/raw_documents/cleaned_text/DOC-REG-096-20260626055824.txt,data/raw_documents/raw_html/DOC-REG-096-20260626055824.html,200.0,fetched,new_source,
DOC-REG-098-20260626083622,REG-098,Tier 1,burgan_bank,Burgan Bank,Burgan Bank Basın Odası,https://www.burgan.com.tr/basin-odasi,Basın Odası | Burgan Bank,2026-06-26T08:36:22.041207+00:00,31738743933904de661f1395dfaa575a0fc436fcd12246b6982a9fc726fab479,data/raw_documents/cleaned_text/DOC-REG-098-20260626083622.txt,data/raw_documents/raw_html/DOC-REG-098-20260626083622.html,200.0,fetched,new_source,
DOC-REG-098-20260626083939,REG-098,Tier 1,burgan_bank,Burgan Bank,Burgan Bank Basın Odası,https://www.burgan.com.tr/basin-odasi,Basın Odası | Burgan Bank,2026-06-26T08:39:39.453730+00:00,31738743933904de661f1395dfaa575a0fc436fcd12246b6982a9fc726fab479,data/raw_documents/cleaned_text/DOC-REG-098-20260626083939.txt,data/raw_documents/raw_html/DOC-REG-098-20260626083939.html,200.0,fetched,unchanged,
DOC-REG-159-20260626083622,REG-159,Tier 1,burgan_bank,Burgan Bank,Burgan Bank Kurumsal ve Ticari Bankacılık,https://www.burgan.com.tr/kurumsal-ve-ticari-bankacilik,Kurumsal ve Ticari Bankacılık | Burgan Bank,2026-06-26T08:36:22.291518+00:00,86cc31e2fc7b986c9db45fb34e3c43233d68914346dd816d5826a872490e6308,data/raw_documents/cleaned_text/DOC-REG-159-20260626083622.txt,data/raw_documents/raw_html/DOC-REG-159-20260626083622.html,200.0,fetched,new_source,
DOC-REG-159-20260626083941,REG-159,Tier 1,burgan_bank,Burgan Bank,Burgan Bank Kurumsal ve Ticari Bankacılık,https://www.burgan.com.tr/kurumsal-ve-ticari-bankacilik,Kurumsal ve Ticari Bankacılık | Burgan Bank,2026-06-26T08:39:41.225921+00:00,86cc31e2fc7b986c9db45fb34e3c43233d68914346dd816d5826a872490e6308,data/raw_documents/cleaned_text/DOC-REG-159-20260626083941.txt,data/raw_documents/raw_html/DOC-REG-159-20260626083941.html,200.0,fetched,unchanged,
DOC-REG-160-20260626083622,REG-160,Tier 1,burgan_bank,Burgan Bank,Burgan Bank Ürün ve Hizmet Ücretleri,https://www.burgan.com.tr/urun-ve-hizmet-ucretleri,Ürün ve Hizmet Ücretleri | Burgan Bank,2026-06-26T08:36:22.557695+00:00,190a744016522768d8f52f3e31d04984fdae0d3c77087152fc77ba5642d277c0,data/raw_documents/cleaned_text/DOC-REG-160-20260626083622.txt,data/raw_documents/raw_html/DOC-REG-160-20260626083622.html,200.0,fetched,new_source,
DOC-REG-160-20260626083941,REG-160,Tier 1,burgan_bank,Burgan Bank,Burgan Bank Ürün ve Hizmet Ücretleri,https://www.burgan.com.tr/urun-ve-hizmet-ucretleri,Ürün ve Hizmet Ücretleri | Burgan Bank,2026-06-26T08:39:41.379667+00:00,190a744016522768d8f52f3e31d04984fdae0d3c77087152fc77ba5642d277c0,data/raw_documents/cleaned_text/DOC-REG-160-20260626083941.txt,data/raw_documents/raw_html/DOC-REG-160-20260626083941.html,200.0,fetched,unchanged,
DOC-REG-172-20260626083622,REG-172,Tier 1,burgan_bank,Burgan Bank,Burgan Bank Proje Finansmanı,https://www.burgan.com.tr/kurumsal-ve-ticari-bankacilik/proje-finansmani,Proje Finansmanı | Burgan Bank,2026-06-26T08:36:22.996292+00:00,b87eb8aac9393f509c49f352f76562512d1b1084505e4676c5e77a60706242db,data/raw_documents/cleaned_text/DOC-REG-172-20260626083622.txt,data/raw_documents/raw_html/DOC-REG-172-20260626083622.html,200.0,fetched,new_source,
DOC-REG-172-20260626083941,REG-172,Tier 1,burgan_bank,Burgan Bank,Burgan Bank Proje Finansmanı,https://www.burgan.com.tr/kurumsal-ve-ticari-bankacilik/proje-finansmani,Proje Finansmanı | Burgan Bank,2026-06-26T08:39:41.861541+00:00,b87eb8aac9393f509c49f352f76562512d1b1084505e4676c5e77a60706242db,data/raw_documents/cleaned_text/DOC-REG-172-20260626083941.txt,data/raw_documents/raw_html/DOC-REG-172-20260626083941.html,200.0,fetched,unchanged,
DOC-REG-173-20260626083623,REG-173,Tier 1,burgan_bank,Burgan Bank,Burgan Bank Mevduat,https://www.burgan.com.tr/kurumsal-ve-ticari-bankacilik/mevduat-ve-yatirim/mevduat,Vadesiz Mevduat | Burgan Bank,2026-06-26T08:36:23.254345+00:00,4135ed774b1c86faf14e4017b64277f3f381ee35edf944d76dbca0cc14d11be9,data/raw_documents/cleaned_text/DOC-REG-173-20260626083623.txt,data/raw_documents/raw_html/DOC-REG-173-20260626083623.html,200.0,fetched,new_source,
DOC-REG-173-20260626083942,REG-173,Tier 1,burgan_bank,Burgan Bank,Burgan Bank Mevduat,https://www.burgan.com.tr/kurumsal-ve-ticari-bankacilik/mevduat-ve-yatirim/mevduat,Vadesiz Mevduat | Burgan Bank,2026-06-26T08:39:42.150660+00:00,4135ed774b1c86faf14e4017b64277f3f381ee35edf944d76dbca0cc14d11be9,data/raw_documents/cleaned_text/DOC-REG-173-20260626083942.txt,data/raw_documents/raw_html/DOC-REG-173-20260626083942.html,200.0,fetched,unchanged,
DOC-REG-174-20260626083623,REG-174,Tier 1,burgan_bank,Burgan Bank,Burgan Bank Yatırım,https://www.burgan.com.tr/kurumsal-ve-ticari-bankacilik/mevduat-ve-yatirim/yatirim,Hazine | Burgan Bank,2026-06-26T08:36:23.570715+00:00,735af85866b28f7d924c9748dce9486b3d4e9d19fe0b6bc8740dab7e8e7c4045,data/raw_documents/cleaned_text/DOC-REG-174-20260626083623.txt,data/raw_documents/raw_html/DOC-REG-174-20260626083623.html,200.0,fetched,new_source,
DOC-REG-174-20260626083942,REG-174,Tier 1,burgan_bank,Burgan Bank,Burgan Bank Yatırım,https://www.burgan.com.tr/kurumsal-ve-ticari-bankacilik/mevduat-ve-yatirim/yatirim,Hazine | Burgan Bank,2026-06-26T08:39:42.488391+00:00,735af85866b28f7d924c9748dce9486b3d4e9d19fe0b6bc8740dab7e8e7c4045,data/raw_documents/cleaned_text/DOC-REG-174-20260626083942.txt,data/raw_documents/raw_html/DOC-REG-174-20260626083942.html,200.0,fetched,unchanged,
DOC-REG-175-20260626083623,REG-175,Tier 1,burgan_bank,Burgan Bank,Burgan Bank Dış Ticaret,https://www.burgan.com.tr/kurumsal-ve-ticari-bankacilik/dis-ticaret,Dış Ticaret | Burgan Bank,2026-06-26T08:36:23.808045+00:00,654dbe691a1d219d7b43ed155fcc7e4730f47268bdcc2e7e80a8874172226dac,data/raw_documents/cleaned_text/DOC-REG-175-20260626083623.txt,data/raw_documents/raw_html/DOC-REG-175-20260626083623.html,200.0,fetched,new_source,
DOC-REG-175-20260626083942,REG-175,Tier 1,burgan_bank,Burgan Bank,Burgan Bank Dış Ticaret,https://www.burgan.com.tr/kurumsal-ve-ticari-bankacilik/dis-ticaret,Dış Ticaret | Burgan Bank,2026-06-26T08:39:42.846079+00:00,654dbe691a1d219d7b43ed155fcc7e4730f47268bdcc2e7e80a8874172226dac,data/raw_documents/cleaned_text/DOC-REG-175-20260626083942.txt,data/raw_documents/raw_html/DOC-REG-175-20260626083942.html,200.0,fetched,unchanged,
DOC-REG-176-20260626083624,REG-176,Tier 1,burgan_bank,Burgan Bank,Burgan Bank Detaylı Bilgi,https://www.burgan.com.tr/kurumsal-ve-ticari-bankacilik/sigorta,Sigorta ve Emeklilik | Burgan Bank,2026-06-26T08:36:24.081858+00:00,0eb1c6f9bf611906f99b741751cda27ea90ee4b10abb1586b9fcf27d01ff5996,data/raw_documents/cleaned_text/DOC-REG-176-20260626083624.txt,data/raw_documents/raw_html/DOC-REG-176-20260626083624.html,200.0,fetched,new_source,
DOC-REG-176-20260626083943,REG-176,Tier 1,burgan_bank,Burgan Bank,Burgan Bank Detaylı Bilgi,https://www.burgan.com.tr/kurumsal-ve-ticari-bankacilik/sigorta,Sigorta ve Emeklilik | Burgan Bank,2026-06-26T08:39:43.166060+00:00,0eb1c6f9bf611906f99b741751cda27ea90ee4b10abb1586b9fcf27d01ff5996,data/raw_documents/cleaned_text/DOC-REG-176-20260626083943.txt,data/raw_documents/raw_html/DOC-REG-176-20260626083943.html,200.0,fetched,unchanged,
DOC-REG-177-20260626083624,REG-177,Tier 1,burgan_bank,Burgan Bank,Burgan Bank Masraf Komisyon Listesi,https://www.burgan.com.tr/kurumsal-ve-ticari-bankacilik/masraf-komisyon-listesi,Masraf Komisyon Listesi | Burgan Bank,2026-06-26T08:36:24.369590+00:00,9b6e2ae34d47a0374674ca57c116cc86c44f076a06b12d8ee36dad974b119cbe,data/raw_documents/cleaned_text/DOC-REG-177-20260626083624.txt,data/raw_documents/raw_html/DOC-REG-177-20260626083624.html,200.0,fetched,new_source,
DOC-REG-177-20260626083943,REG-177,Tier 1,burgan_bank,Burgan Bank,Burgan Bank Masraf Komisyon Listesi,https://www.burgan.com.tr/kurumsal-ve-ticari-bankacilik/masraf-komisyon-listesi,Masraf Komisyon Listesi | Burgan Bank,2026-06-26T08:39:43.430556+00:00,9b6e2ae34d47a0374674ca57c116cc86c44f076a06b12d8ee36dad974b119cbe,data/raw_documents/cleaned_text/DOC-REG-177-20260626083943.txt,data/raw_documents/raw_html/DOC-REG-177-20260626083943.html,200.0,fetched,unchanged,
DOC-REG-162-20260626083958,REG-162,Tier 1,hsbc,HSBC,HSBC Business Türkiye,https://www.business.hsbc.com.tr/tr-tr/,HSBC Türkiye,2026-06-26T08:39:58.079138+00:00,b952c70af002aaf335fe2a4e09eb6b6a968da091a3c0647c317d030592ca5bfa,data/raw_documents/cleaned_text/DOC-REG-162-20260626083958.txt,data/raw_documents/raw_html/DOC-REG-162-20260626083958.html,200.0,fetched,new_source,
DOC-REG-163-20260626083958,REG-163,Tier 1,hsbc,HSBC,HSBC Credit and Lending,https://www.business.hsbc.com.tr/tr-tr/solutions/credit-and-lending,Kredi Çözümleri - HSBC Kurumsal Bankacılık ve Yatırım Bankacılığı,2026-06-26T08:39:58.317655+00:00,960341f7e0c464413776c0d2ae469ee6817aabc3ac67381a6ce44d6d02279fce,data/raw_documents/cleaned_text/DOC-REG-163-20260626083958.txt,data/raw_documents/raw_html/DOC-REG-163-20260626083958.html,200.0,fetched,new_source,
DOC-REG-164-20260626083958,REG-164,Tier 1,hsbc,HSBC,HSBC Business Expansion,https://www.business.hsbc.com.tr/tr-tr/products-and-solutions/expand,GENİŞLETME - Ürünler ve Çözümler | HSBC Türkiye,2026-06-26T08:39:58.491661+00:00,015d30043cb687f72e3194d7472c33c3656d3b90037a06e51e359b9ae8ddf9db,data/raw_documents/cleaned_text/DOC-REG-164-20260626083958.txt,data/raw_documents/raw_html/DOC-REG-164-20260626083958.html,200.0,fetched,new_source,
DOC-REG-165-20260626083958,REG-165,Tier 1,hsbc,HSBC,HSBC Business Investments / Liquidity,https://www.business.hsbc.com.tr/tr-tr/working-capital/productfamily/investments,Yatırımlar - HSBC Kurumsal Bankacılık ve Yatırım Bankacılığı,2026-06-26T08:39:58.587906+00:00,adae5f26ea222273d165c5c8deb43b539cc4774d05b63fc9902cb312400dbcda,data/raw_documents/cleaned_text/DOC-REG-165-20260626083958.txt,data/raw_documents/raw_html/DOC-REG-165-20260626083958.html,200.0,fetched,new_source,
DOC-REG-100-20260626084018,REG-100,Tier 1,enpara,Enpara,Enpara Şirketim,https://www.enpara.com/sirketim,Şirketler için Masrafsız Banka | Enpara Şirketim,2026-06-26T08:40:18.248573+00:00,6fc29a92a0cad5d7a4edb4c178dd1f23a8c26c470c32cf938682c9f2b0c97de5,data/raw_documents/cleaned_text/DOC-REG-100-20260626084018.txt,data/raw_documents/raw_html/DOC-REG-100-20260626084018.html,200.0,fetched,new_source,
DOC-REG-101-20260626084018,REG-101,Tier 1,enpara,Enpara,Enpara Şirketim Kampanyalar,https://www.enpara.com/sirketim/kampanyalar,Kampanyalar | Enpara Şirketim,2026-06-26T08:40:18.943001+00:00,f7f0307178a2b7d70b5050578ca92f0ea79801696a401b64a11a147f1594eeb7,data/raw_documents/cleaned_text/DOC-REG-101-20260626084018.txt,data/raw_documents/raw_html/DOC-REG-101-20260626084018.html,200.0,fetched,new_source,
DOC-REG-101-20260629082855,REG-101,Tier 1,enpara,Enpara,Enpara Şirketim Kampanyalar,https://www.enpara.com/sirketim/kampanyalar,Kampanyalar | Enpara Şirketim,2026-06-29T08:28:55.664177+00:00,f7f0307178a2b7d70b5050578ca92f0ea79801696a401b64a11a147f1594eeb7,data/raw_documents/cleaned_text/DOC-REG-101-20260629082855.txt,data/raw_documents/raw_html/DOC-REG-101-20260629082855.html,200.0,fetched,unchanged,
DOC-REG-101-20260629083051,REG-101,Tier 1,enpara,Enpara,Enpara Şirketim Kampanyalar,https://www.enpara.com/sirketim/kampanyalar,Kampanyalar | Enpara Şirketim,2026-06-29T08:30:51.545231+00:00,f7f0307178a2b7d70b5050578ca92f0ea79801696a401b64a11a147f1594eeb7,data/raw_documents/cleaned_text/DOC-REG-101-20260629083051.txt,data/raw_documents/raw_html/DOC-REG-101-20260629083051.html,200.0,fetched,unchanged,
DOC-REG-101-20260629134028,REG-101,Tier 1,enpara,Enpara,Enpara Şirketim Kampanyalar,https://www.enpara.com/sirketim/kampanyalar,Kampanyalar | Enpara Şirketim,2026-06-29T13:40:28.598013+00:00,f7f0307178a2b7d70b5050578ca92f0ea79801696a401b64a11a147f1594eeb7,data/raw_documents/cleaned_text/DOC-REG-101-20260629134028.txt,data/raw_documents/raw_html/DOC-REG-101-20260629134028.html,200.0,fetched,unchanged,
DOC-REG-101-20260629134300,REG-101,Tier 1,enpara,Enpara,Enpara Şirketim Kampanyalar,https://www.enpara.com/sirketim/kampanyalar,Kampanyalar | Enpara Şirketim,2026-06-29T13:43:00.537777+00:00,f7f0307178a2b7d70b5050578ca92f0ea79801696a401b64a11a147f1594eeb7,data/raw_documents/cleaned_text/DOC-REG-101-20260629134300.txt,data/raw_documents/raw_html/DOC-REG-101-20260629134300.html,200.0,fetched,unchanged,
DOC-REG-101-20260629135300,REG-101,Tier 1,enpara,Enpara,Enpara Şirketim Kampanyalar,https://www.enpara.com/sirketim/kampanyalar,Kampanyalar | Enpara Şirketim,2026-06-29T13:53:00.268619+00:00,f7f0307178a2b7d70b5050578ca92f0ea79801696a401b64a11a147f1594eeb7,data/raw_documents/cleaned_text/DOC-REG-101-20260629135300.txt,data/raw_documents/raw_html/DOC-REG-101-20260629135300.html,200.0,fetched,unchanged,
DOC-REG-101-20260722085305,REG-101,Tier 1,enpara,Enpara,Enpara Şirketim Kampanyalar,https://www.enpara.com/sirketim/kampanyalar,Kampanyalar | Enpara Şirketim,2026-07-22T08:53:05.308563+00:00,f7f0307178a2b7d70b5050578ca92f0ea79801696a401b64a11a147f1594eeb7,data/raw_documents/cleaned_text/DOC-REG-101-20260722085305.txt,data/raw_documents/raw_html/DOC-REG-101-20260722085305.html,200.0,fetched,unchanged,
DOC-REG-101-20260722111901,REG-101,Tier 1,enpara,Enpara,Enpara Şirketim Kampanyalar,https://www.enpara.com/sirketim/kampanyalar,Kampanyalar | Enpara Şirketim,2026-07-22T11:19:01.228130+00:00,f7f0307178a2b7d70b5050578ca92f0ea79801696a401b64a11a147f1594eeb7,data/raw_documents/cleaned_text/DOC-REG-101-20260722111901.txt,data/raw_documents/raw_html/DOC-REG-101-20260722111901.html,200.0,fetched,unchanged,
DOC-REG-101-20260723070938,REG-101,Tier 1,enpara,Enpara,Enpara Şirketim Kampanyalar,https://www.enpara.com/sirketim/kampanyalar,Kampanyalar | Enpara Şirketim,2026-07-23T07:09:38.769022+00:00,f7f0307178a2b7d70b5050578ca92f0ea79801696a401b64a11a147f1594eeb7,data/raw_documents/cleaned_text/DOC-REG-101-20260723070938.txt,data/raw_documents/raw_html/DOC-REG-101-20260723070938.html,200.0,fetched,unchanged,
DOC-REG-101-20260723112416,REG-101,Tier 1,enpara,Enpara,Enpara Şirketim Kampanyalar,https://www.enpara.com/sirketim/kampanyalar,Kampanyalar | Enpara Şirketim,2026-07-23T11:24:16.871380+00:00,f7f0307178a2b7d70b5050578ca92f0ea79801696a401b64a11a147f1594eeb7,data/raw_documents/cleaned_text/DOC-REG-101-20260723112416.txt,data/raw_documents/raw_html/DOC-REG-101-20260723112416.html,200.0,fetched,unchanged,
DOC-REG-101-20260724111026,REG-101,Tier 1,enpara,Enpara,Enpara Şirketim Kampanyalar,https://www.enpara.com/sirketim/kampanyalar,Kampanyalar | Enpara Şirketim,2026-07-24T11:10:26.945373+00:00,f7f0307178a2b7d70b5050578ca92f0ea79801696a401b64a11a147f1594eeb7,data/raw_documents/cleaned_text/DOC-REG-101-20260724111026.txt,data/raw_documents/raw_html/DOC-REG-101-20260724111026.html,200.0,fetched,unchanged,
DOC-REG-101-20260725092341,REG-101,Tier 1,enpara,Enpara,Enpara Şirketim Kampanyalar,https://www.enpara.com/sirketim/kampanyalar,Kampanyalar | Enpara Şirketim,2026-07-25T09:23:41.195010+00:00,f7f0307178a2b7d70b5050578ca92f0ea79801696a401b64a11a147f1594eeb7,data/raw_documents/cleaned_text/DOC-REG-101-20260725092341.txt,data/raw_documents/raw_html/DOC-REG-101-20260725092341.html,200.0,fetched,unchanged,
DOC-REG-101-20260726102154,REG-101,Tier 1,enpara,Enpara,Enpara Şirketim Kampanyalar,https://www.enpara.com/sirketim/kampanyalar,Kampanyalar | Enpara Şirketim,2026-07-26T10:21:54.036528+00:00,f7f0307178a2b7d70b5050578ca92f0ea79801696a401b64a11a147f1594eeb7,data/raw_documents/cleaned_text/DOC-REG-101-20260726102154.txt,data/raw_documents/raw_html/DOC-REG-101-20260726102154.html,200.0,fetched,unchanged,
DOC-REG-101-20260727133347,REG-101,Tier 1,enpara,Enpara,Enpara Şirketim Kampanyalar,https://www.enpara.com/sirketim/kampanyalar,Kampanyalar | Enpara Şirketim,2026-07-27T13:33:47.245397+00:00,f7f0307178a2b7d70b5050578ca92f0ea79801696a401b64a11a147f1594eeb7,data/raw_documents/cleaned_text/DOC-REG-101-20260727133347.txt,data/raw_documents/raw_html/DOC-REG-101-20260727133347.html,200.0,fetched,unchanged,
DOC-REG-101-20260728113628,REG-101,Tier 1,enpara,Enpara,Enpara Şirketim Kampanyalar,https://www.enpara.com/sirketim/kampanyalar,Kampanyalar | Enpara Şirketim,2026-07-28T11:36:28.612423+00:00,f7f0307178a2b7d70b5050578ca92f0ea79801696a401b64a11a147f1594eeb7,data/raw_documents/cleaned_text/DOC-REG-101-20260728113628.txt,data/raw_documents/raw_html/DOC-REG-101-20260728113628.html,200.0,fetched,unchanged,
DOC-REG-167-20260626084019,REG-167,Tier 1,enpara,Enpara,Enpara Şirketim POS,https://www.enpara.com/sirketim/pos,Aidatsız Ücretsiz Enpara.com POS | Enpara Şirketim,2026-06-26T08:40:19.277722+00:00,20b301bbf25a557c4cddb3adc24d371438a3ce67909c7625465fd2d25a10bcd2,data/raw_documents/cleaned_text/DOC-REG-167-20260626084019.txt,data/raw_documents/raw_html/DOC-REG-167-20260626084019.html,200.0,fetched,new_source,
DOC-REG-168-20260626084019,REG-168,Tier 1,enpara,Enpara,Enpara Şirketim Ticari Kredi Kartı,https://www.enpara.com/sirketim/kartlar/kredi-karti,Ticari Kredi Kartı Başvurusu | Enpara Şirketim,2026-06-26T08:40:19.628204+00:00,ab86a06b7a9225f8399e10266e03d71014f1c635baefb4f694dc9e4bd9061f37,data/raw_documents/cleaned_text/DOC-REG-168-20260626084019.txt,data/raw_documents/raw_html/DOC-REG-168-20260626084019.html,200.0,fetched,new_source,
DOC-REG-169-20260626084019,REG-169,Tier 1,enpara,Enpara,Enpara Şirketim Ödemeler,https://www.enpara.com/sirketim/odemeler,Ödemeler | Enpara Şirketim,2026-06-26T08:40:19.959515+00:00,db51cb02818900fed9f72c6d1b18c75b6d9ad60b4fa2c63e3c2bd5ce8a370386,data/raw_documents/cleaned_text/DOC-REG-169-20260626084019.txt,data/raw_documents/raw_html/DOC-REG-169-20260626084019.html,200.0,fetched,new_source,
DOC-REG-170-20260626084020,REG-170,Tier 1,enpara,Enpara,Enpara Şirketim Oranlar ve Kurlar,https://www.enpara.com/sirketim/oranlar-ve-kurlar,Avantajlı Oranlar ve Kurlar | Enpara Şirketim,2026-06-26T08:40:20.322210+00:00,ea5ae767b83f7e911e2a70b9718ea9bfb8aaf54d4689fa73146877f10b0c043b,data/raw_documents/cleaned_text/DOC-REG-170-20260626084020.txt,data/raw_documents/raw_html/DOC-REG-170-20260626084020.html,200.0,fetched,new_source,
DOC-REG-171-20260626084020,REG-171,Tier 1,enpara,Enpara,Enpara Şirketim Ücretler,https://www.enpara.com/sirketim/ucretler,Ücretler | Enpara Şirketim,2026-06-26T08:40:20.671058+00:00,db2eb81262e069d0e813c070b4a58e98a4a2afc0f09e48707dfef7582a8191c6,data/raw_documents/cleaned_text/DOC-REG-171-20260626084020.txt,data/raw_documents/raw_html/DOC-REG-171-20260626084020.html,200.0,fetched,new_source,
DOC-REG-102-20260626110809,REG-102,Tier 1,t_bank,T-Bank,T-Bank Hakkında,https://www.tbank.com.tr/hakkimizda/detay/T-Bank-Hakkinda/9/1/0,Hakkında | T-Bank,2026-06-26T11:08:09.179076+00:00,6b81e9791133aca13adb482238925c5c24d39dffaed0bbe826d0d28bf66c29e4,data/raw_documents/cleaned_text/DOC-REG-102-20260626110809.txt,data/raw_documents/raw_html/DOC-REG-102-20260626110809.html,200.0,fetched,new_source,
DOC-REG-180-20260626110809,REG-180,Tier 1,t_bank,T-Bank,T-Bank Nakit Krediler,https://www.tbank.com.tr/ticari-bankacilik/detay-akordeon/Nakit-Krediler/85/184/0,- Nakit Krediler,2026-06-26T11:08:09.572776+00:00,d9b249d4f4a4b408087f178fa417711edb88918a6d1130248fb50f78f2509478,data/raw_documents/cleaned_text/DOC-REG-180-20260626110809.txt,data/raw_documents/raw_html/DOC-REG-180-20260626110809.html,200.0,fetched,new_source,
DOC-REG-181-20260626110810,REG-181,Tier 1,t_bank,T-Bank,T-Bank Gayrinakdi Krediler,https://www.tbank.com.tr/ticari-bankacilik/detay-akordeon/Gayrinakdi-Krediler/105/176/0,- Gayrinakdi Krediler,2026-06-26T11:08:10.077667+00:00,991d66259cff84431357599116b2e13020d0a973d55e0b9394a6bf77be86c06d,data/raw_documents/cleaned_text/DOC-REG-181-20260626110810.txt,data/raw_documents/raw_html/DOC-REG-181-20260626110810.html,200.0,fetched,new_source,
DOC-REG-182-20260626110810,REG-182,Tier 1,t_bank,T-Bank,T-Bank Nakit Yönetimi,https://www.tbank.com.tr/ticari-bankacilik/detay/Nakit-Yonetimi/114/245/0,Ticari Bankacılık | T-Bank,2026-06-26T11:08:10.487971+00:00,5a4cd4678cb22c5eb270a35d3920deb3759adc1016c8891823b9915ec00f40cc,data/raw_documents/cleaned_text/DOC-REG-182-20260626110810.txt,data/raw_documents/raw_html/DOC-REG-182-20260626110810.html,200.0,fetched,new_source,
DOC-REG-183-20260626110810,REG-183,Tier 1,t_bank,T-Bank,T-Bank Yatırım Ürünleri,https://www.tbank.com.tr/ticari-bankacilik/detay-akordeon/Yatirim-Urunleri/123/179/0,- Yatırım Ürünleri,2026-06-26T11:08:10.897093+00:00,c7e6f20cf5472be5c632f9e76490dcefe8b1f6ad363f76d2317b378858188e7d,data/raw_documents/cleaned_text/DOC-REG-183-20260626110810.txt,data/raw_documents/raw_html/DOC-REG-183-20260626110810.html,200.0,fetched,new_source,
DOC-REG-184-20260626110811,REG-184,Tier 1,t_bank,T-Bank,T-Bank Diğer Ticari Ürünler,https://www.tbank.com.tr/ticari-bankacilik/detay-akordeon/Diger-Urunler/130/186/0,- Diğer Ürünler,2026-06-26T11:08:11.251793+00:00,705aa033200a7c2cca1d63ad921976d78c103e344c1f16aa15973b55b9d884a1,data/raw_documents/cleaned_text/DOC-REG-184-20260626110811.txt,data/raw_documents/raw_html/DOC-REG-184-20260626110811.html,200.0,fetched,new_source,
DOC-REG-186-20260626110828,REG-186,Tier 1,turkish_bank,TurkishBank,TurkishBank İlişki Bankacılığı,https://www.turkishbank.com/ticari-kurumsal-bankacilik/iliski-bankaciligi/,İlişki Bankacılığı – TurkishBank,2026-06-26T11:08:28.041136+00:00,7d40d9a9f9d11242f4799e51ab122920056309b23af554eaf3a87200083a56aa,data/raw_documents/cleaned_text/DOC-REG-186-20260626110828.txt,data/raw_documents/raw_html/DOC-REG-186-20260626110828.html,200.0,fetched,new_source,
DOC-REG-187-20260626110828,REG-187,Tier 1,turkish_bank,TurkishBank,TurkishBank Finansal Kurumlar,https://www.turkishbank.com/ticari-kurumsal-bankacilik/finansal-kurumlar/,Finansal Kurumlar – TurkishBank,2026-06-26T11:08:28.312103+00:00,684dc76a2a71741faab3c1af80d08f6c809b8e6378d86b02b1daca13db1d1a5a,data/raw_documents/cleaned_text/DOC-REG-187-20260626110828.txt,data/raw_documents/raw_html/DOC-REG-187-20260626110828.html,200.0,fetched,new_source,
DOC-REG-188-20260626110828,REG-188,Tier 1,turkish_bank,TurkishBank,TurkishBank Teknoloji Bankacılığı,https://www.turkishbank.com/teknoloji-bankaciligi/,Teknoloji Bankacılığı – TurkishBank,2026-06-26T11:08:28.574490+00:00,20a136eda203848d13411278776c4204cc80767af424bce3470b16f3d526088b,data/raw_documents/cleaned_text/DOC-REG-188-20260626110828.txt,data/raw_documents/raw_html/DOC-REG-188-20260626110828.html,200.0,fetched,new_source,
DOC-REG-198-20260626110828,REG-198,Tier 1,turkish_bank,TurkishBank,TurkishBank Ticari / Kurumsal Bankacılık,https://www.turkishbank.com/ticari-kurumsal-bankacilik/,Ticari & Kurumsal Bankacılık – TurkishBank,2026-06-26T11:08:28.831812+00:00,959e446448d8760c5c7bcfb8af68e4c118288cb083affe666de078bc7efbe89e,data/raw_documents/cleaned_text/DOC-REG-198-20260626110828.txt,data/raw_documents/raw_html/DOC-REG-198-20260626110828.html,200.0,fetched,new_source,
DOC-REG-191-20260626110849,REG-191,Tier 1,turk_ticaret_bankasi,Türk Ticaret Bankası,Türk Ticaret Bankası Haberler,https://www.turkticaretbankasi.com.tr/icerikler/haberler,,2026-06-26T11:08:49.162695+00:00,8542f2ab8e7de9c7db44b1094ad17175760d8aa4915545cd919417670aaed328,data/raw_documents/cleaned_text/DOC-REG-191-20260626110849.txt,data/raw_documents/raw_html/DOC-REG-191-20260626110849.html,200.0,fetched,new_source,
DOC-REG-191-20260723070948,REG-191,Tier 1,turk_ticaret_bankasi,Türk Ticaret Bankası,Türk Ticaret Bankası Haberler,https://www.turkticaretbankasi.com.tr/icerikler/haberler,,2026-07-23T07:09:48.459494+00:00,8542f2ab8e7de9c7db44b1094ad17175760d8aa4915545cd919417670aaed328,data/raw_documents/cleaned_text/DOC-REG-191-20260723070948.txt,data/raw_documents/raw_html/DOC-REG-191-20260723070948.html,200.0,fetched,unchanged,
DOC-REG-191-20260723112427,REG-191,Tier 1,turk_ticaret_bankasi,Türk Ticaret Bankası,Türk Ticaret Bankası Haberler,https://www.turkticaretbankasi.com.tr/icerikler/haberler,,2026-07-23T11:24:27.234908+00:00,8542f2ab8e7de9c7db44b1094ad17175760d8aa4915545cd919417670aaed328,data/raw_documents/cleaned_text/DOC-REG-191-20260723112427.txt,data/raw_documents/raw_html/DOC-REG-191-20260723112427.html,200.0,fetched,unchanged,
DOC-REG-191-20260724111035,REG-191,Tier 1,turk_ticaret_bankasi,Türk Ticaret Bankası,Türk Ticaret Bankası Haberler,https://www.turkticaretbankasi.com.tr/icerikler/haberler,,2026-07-24T11:10:35.185848+00:00,8542f2ab8e7de9c7db44b1094ad17175760d8aa4915545cd919417670aaed328,data/raw_documents/cleaned_text/DOC-REG-191-20260724111035.txt,data/raw_documents/raw_html/DOC-REG-191-20260724111035.html,200.0,fetched,unchanged,
DOC-REG-191-20260725092352,REG-191,Tier 1,turk_ticaret_bankasi,Türk Ticaret Bankası,Türk Ticaret Bankası Haberler,https://www.turkticaretbankasi.com.tr/icerikler/haberler,,2026-07-25T09:23:52.047765+00:00,8542f2ab8e7de9c7db44b1094ad17175760d8aa4915545cd919417670aaed328,data/raw_documents/cleaned_text/DOC-REG-191-20260725092352.txt,data/raw_documents/raw_html/DOC-REG-191-20260725092352.html,200.0,fetched,unchanged,
DOC-REG-191-20260726102202,REG-191,Tier 1,turk_ticaret_bankasi,Türk Ticaret Bankası,Türk Ticaret Bankası Haberler,https://www.turkticaretbankasi.com.tr/icerikler/haberler,,2026-07-26T10:22:02.296811+00:00,8542f2ab8e7de9c7db44b1094ad17175760d8aa4915545cd919417670aaed328,data/raw_documents/cleaned_text/DOC-REG-191-20260726102202.txt,data/raw_documents/raw_html/DOC-REG-191-20260726102202.html,200.0,fetched,unchanged,
DOC-REG-191-20260727133355,REG-191,Tier 1,turk_ticaret_bankasi,Türk Ticaret Bankası,Türk Ticaret Bankası Haberler,https://www.turkticaretbankasi.com.tr/icerikler/haberler,,2026-07-27T13:33:55.539746+00:00,8542f2ab8e7de9c7db44b1094ad17175760d8aa4915545cd919417670aaed328,data/raw_documents/cleaned_text/DOC-REG-191-20260727133355.txt,data/raw_documents/raw_html/DOC-REG-191-20260727133355.html,200.0,fetched,unchanged,
DOC-REG-191-20260728113638,REG-191,Tier 1,turk_ticaret_bankasi,Türk Ticaret Bankası,Türk Ticaret Bankası Haberler,https://www.turkticaretbankasi.com.tr/icerikler/haberler,,2026-07-28T11:36:38.840371+00:00,8542f2ab8e7de9c7db44b1094ad17175760d8aa4915545cd919417670aaed328,data/raw_documents/cleaned_text/DOC-REG-191-20260728113638.txt,data/raw_documents/raw_html/DOC-REG-191-20260728113638.html,200.0,fetched,unchanged,
DOC-REG-193-20260626110849,REG-193,Tier 1,turk_ticaret_bankasi,Türk Ticaret Bankası,Türk Ticaret Bankası Bankamız,https://www.turkticaretbankasi.com.tr/hakkimizda/bankamiz,Hakkımızda,2026-06-26T11:08:49.408791+00:00,37c979fc1ff6594e4b9825afcbb6db53c76fcc42a49eda39a2216d199bb02425,data/raw_documents/cleaned_text/DOC-REG-193-20260626110849.txt,data/raw_documents/raw_html/DOC-REG-193-20260626110849.html,200.0,fetched,new_source,
DOC-REG-194-20260626110849,REG-194,Tier 1,turk_ticaret_bankasi,Türk Ticaret Bankası,Türk Ticaret Bankası Dış Ticaret Finansmanı,https://www.turkticaretbankasi.com.tr/icerik/dis-ticaret-finansmani,Dış Ticaret Finansmanı,2026-06-26T11:08:49.613981+00:00,1473b5f70cf0a5473cd550db03a61c09b56821b69c11fa487b88e3e9a1b1e13a,data/raw_documents/cleaned_text/DOC-REG-194-20260626110849.txt,data/raw_documents/raw_html/DOC-REG-194-20260626110849.html,200.0,fetched,new_source,
DOC-REG-195-20260626110849,REG-195,Tier 1,turk_ticaret_bankasi,Türk Ticaret Bankası,Türk Ticaret Bankası İşletme Sermayesi Kredileri,https://www.turkticaretbankasi.com.tr/icerik/isletme-sermayeli-krediler,İşletme Sermayesi Kredileri,2026-06-26T11:08:49.853161+00:00,8f68e756c9137381292c4f01069142f6bffc6c8bc46518bfed3e79563fb04f85,data/raw_documents/cleaned_text/DOC-REG-195-20260626110849.txt,data/raw_documents/raw_html/DOC-REG-195-20260626110849.html,200.0,fetched,new_source,
DOC-REG-196-20260626110850,REG-196,Tier 1,turk_ticaret_bankasi,Türk Ticaret Bankası,Türk Ticaret Bankası Teminat Mektupları,https://www.turkticaretbankasi.com.tr/icerik/teminat-mektuplari,Teminat Mektupları,2026-06-26T11:08:50.074962+00:00,d9cd2f57c1bb202888907da5b7ba59f069328dcd58e628f5cf0ab936a5b06406,data/raw_documents/cleaned_text/DOC-REG-196-20260626110850.txt,data/raw_documents/raw_html/DOC-REG-196-20260626110850.html,200.0,fetched,new_source,
DOC-REG-197-20260626110850,REG-197,Tier 1,turk_ticaret_bankasi,Türk Ticaret Bankası,Türk Ticaret Bankası Şubeler,https://www.turkticaretbankasi.com.tr/icerik/subeler,Şubeler,2026-06-26T11:08:50.267638+00:00,37bf033e3e306f22133abbe457fb25b6f0f582770215d4d6931c6d5c12ec810e,data/raw_documents/cleaned_text/DOC-REG-197-20260626110850.txt,data/raw_documents/raw_html/DOC-REG-197-20260626110850.html,200.0,fetched,new_source,
DOC-REG-199-20260626110850,REG-199,Tier 1,turk_ticaret_bankasi,Türk Ticaret Bankası,Türk Ticaret Bankası Ürün ve Hizmet Ücretleri,https://www.turkticaretbankasi.com.tr/icerik/urun-ve-hizmet-ucretleri,Ürün ve Hizmet Ücretleri,2026-06-26T11:08:50.487036+00:00,c86e485222cbf46f64b88cbc5d9e36303ebe83a09c0aba2bb8eaf58085f6e3ab,data/raw_documents/cleaned_text/DOC-REG-199-20260626110850.txt,data/raw_documents/raw_html/DOC-REG-199-20260626110850.html,200.0,fetched,new_source,
DOC-REG-216-20260626121825,REG-216,Tier 1,mastercard,Mastercard,Mastercard Agentic Commerce Advisory,https://www.mastercardservices.com/en/advisors/commerce-reimagined-agentic-edge,Commerce Reimagined - The Agentic Edge | Mastercard Services,2026-06-26T12:18:25.294242+00:00,1b21b2473201fc3a5bb0b4b610d9455c9fec152ecc4f4eedeba4f039da1f74e2,data/raw_documents/cleaned_text/DOC-REG-216-20260626121825.txt,data/raw_documents/raw_html/DOC-REG-216-20260626121825.html,200.0,fetched,new_source,
DOC-REG-221-20260626121825,REG-221,Tier 1,mastercard,Mastercard,Mastercard Data and Analytics for Financial Institutions,https://www.mastercardservices.com/en/resources/webinar/enhancing-customer-journey-data-driven-personalization-financial-institutions,Enhancing the customer journey with data-driven personalization for financial institutions | Mastercard Services,2026-06-26T12:18:25.466949+00:00,79a97d90bbe643234c056335b6cccbd06b6ad1f7ba4cb2b7a428e4fcbf29a855,data/raw_documents/cleaned_text/DOC-REG-221-20260626121825.txt,data/raw_documents/raw_html/DOC-REG-221-20260626121825.html,200.0,fetched,new_source,
DOC-REG-037-20260722090315,REG-037,Tier 1,bkm,BKM,BKM Ödeme Çözümleri / TechPOS,https://bkm.com.tr/urunler-ve-hizmetler/odeme-cozumleri/,BulunamadÄ±,2026-07-22T09:03:15.932941+00:00,41ed73778fadf15f933208225659eb8e5379b0cd9207c8745fdb4a7c81dad050,data/raw_documents/cleaned_text/DOC-REG-037-20260722090315.txt,data/raw_documents/raw_html/DOC-REG-037-20260722090315.html,200.0,fetched,new_source,
DOC-REG-037-20260722091050,REG-037,Tier 1,bkm,BKM,BKM Ödeme Çözümleri / TechPOS,https://bkm.com.tr/urunler-ve-hizmetler/odeme-cozumleri/,BulunamadÄ±,2026-07-22T09:10:50.010119+00:00,51e06fec455015d936619d188b6d88527dd5ea7ea2f49fa71d73d40693a04f73,data/raw_documents/cleaned_text/DOC-REG-037-20260722091050.txt,data/raw_documents/raw_html/DOC-REG-037-20260722091050.html,200.0,fetched,changed,
DOC-REG-037-20260722111754,REG-037,Tier 1,bkm,BKM,BKM Ödeme Çözümleri / TechPOS,https://bkm.com.tr/urunler-ve-hizmetler/odeme-cozumleri/,Not Found,2026-07-22T11:17:54.320512+00:00,1b2ca7a80eeca7ccede33d3ba9725fef4682f34855ae22e7b850b73a0ebd2078,data/raw_documents/cleaned_text/DOC-REG-037-20260722111754.txt,data/raw_documents/raw_html/DOC-REG-037-20260722111754.html,200.0,fetched,changed,
DOC-REG-037-20260722120556,REG-037,Tier 1,bkm,BKM,BKM Ödeme Çözümleri / TechPOS,https://bkm.com.tr/urunler-ve-hizmetler/odeme-cozumleri/,BulunamadÄ±,2026-07-22T12:05:56.433855+00:00,27ccccaa1d63087e96c50abf87367513dd64f0679cb38904deedf30eb6becbfa,data/raw_documents/cleaned_text/DOC-REG-037-20260722120556.txt,data/raw_documents/raw_html/DOC-REG-037-20260722120556.html,200.0,fetched,changed,
DOC-REG-037-20260723070801,REG-037,Tier 1,bkm,BKM,BKM Ödeme Çözümleri / TechPOS,https://bkm.com.tr/urunler-ve-hizmetler/odeme-cozumleri/,Not Found,2026-07-23T07:08:01.143634+00:00,7fe9cc00fb5c9a37a5f1082313d07d2a25f86d165ffea6139e7f95d8388fc756,data/raw_documents/cleaned_text/DOC-REG-037-20260723070801.txt,data/raw_documents/raw_html/DOC-REG-037-20260723070801.html,200.0,fetched,changed,
DOC-REG-037-20260723112228,REG-037,Tier 1,bkm,BKM,BKM Ödeme Çözümleri / TechPOS,https://bkm.com.tr/urunler-ve-hizmetler/odeme-cozumleri/,Not Found,2026-07-23T11:22:28.338973+00:00,2f7cc392ba9588675e0831abd0633ca03cd37506e371c84810ae28f6232a85a1,data/raw_documents/cleaned_text/DOC-REG-037-20260723112228.txt,data/raw_documents/raw_html/DOC-REG-037-20260723112228.html,200.0,fetched,changed,
DOC-REG-037-20260724110857,REG-037,Tier 1,bkm,BKM,BKM Ödeme Çözümleri / TechPOS,https://bkm.com.tr/urunler-ve-hizmetler/odeme-cozumleri/,Not Found,2026-07-24T11:08:57.205424+00:00,b6428b43e909996cdf0ee5ea4a59d9b3b19dde9d4dad4d57cc4a0dada453217b,data/raw_documents/cleaned_text/DOC-REG-037-20260724110857.txt,data/raw_documents/raw_html/DOC-REG-037-20260724110857.html,200.0,fetched,changed,
DOC-REG-037-20260725092246,REG-037,Tier 1,bkm,BKM,BKM Ödeme Çözümleri / TechPOS,https://bkm.com.tr/urunler-ve-hizmetler/odeme-cozumleri/,Not Found,2026-07-25T09:22:46.348543+00:00,b7cac4a6e2b0e3f14770e696da297e8a2916efa30af91684a8b97fab7b36543a,data/raw_documents/cleaned_text/DOC-REG-037-20260725092246.txt,data/raw_documents/raw_html/DOC-REG-037-20260725092246.html,200.0,fetched,changed,
DOC-REG-037-20260726101948,REG-037,Tier 1,bkm,BKM,BKM Ödeme Çözümleri / TechPOS,https://bkm.com.tr/urunler-ve-hizmetler/odeme-cozumleri/,Not Found,2026-07-26T10:19:48.498946+00:00,fa2d1a9453567dd28a9df8e0324ab39f21508cab9a8de46a9658359b970d2258,data/raw_documents/cleaned_text/DOC-REG-037-20260726101948.txt,data/raw_documents/raw_html/DOC-REG-037-20260726101948.html,200.0,fetched,changed,
DOC-REG-037-20260727133214,REG-037,Tier 1,bkm,BKM,BKM Ödeme Çözümleri / TechPOS,https://bkm.com.tr/urunler-ve-hizmetler/odeme-cozumleri/,Not Found,2026-07-27T13:32:14.252408+00:00,7ab7a4516a03169f2e94c8cd55a396a38177387da00bb03201a259dcabb218b2,data/raw_documents/cleaned_text/DOC-REG-037-20260727133214.txt,data/raw_documents/raw_html/DOC-REG-037-20260727133214.html,200.0,fetched,changed,
DOC-REG-037-20260728113455,REG-037,Tier 1,bkm,BKM,BKM Ödeme Çözümleri / TechPOS,https://bkm.com.tr/urunler-ve-hizmetler/odeme-cozumleri/,Not Found,2026-07-28T11:34:55.095352+00:00,da6f301a7584d78463463ad0b1e58ba154a99aba11d98b548b209e88027dd54f,data/raw_documents/cleaned_text/DOC-REG-037-20260728113455.txt,data/raw_documents/raw_html/DOC-REG-037-20260728113455.html,200.0,fetched,changed,
DOC-REG-038-20260722090317,REG-038,Tier 1,bkm,BKM,BKM TROY,https://bkm.com.tr/urunler-ve-hizmetler/troy/,BulunamadÄ±,2026-07-22T09:03:17.034867+00:00,640970876aad1a9185a898d0b6f76418ee3eba943dfe2d7d2a0070e774e789d8,data/raw_documents/cleaned_text/DOC-REG-038-20260722090317.txt,data/raw_documents/raw_html/DOC-REG-038-20260722090317.html,200.0,fetched,new_source,
DOC-REG-038-20260722091051,REG-038,Tier 1,bkm,BKM,BKM TROY,https://bkm.com.tr/urunler-ve-hizmetler/troy/,BulunamadÄ±,2026-07-22T09:10:51.077583+00:00,49bf7a6c9a1ed39f3a7c76bf062063cf2a4bbcbc4004f96c951f0d641b8a4022,data/raw_documents/cleaned_text/DOC-REG-038-20260722091051.txt,data/raw_documents/raw_html/DOC-REG-038-20260722091051.html,200.0,fetched,changed,
DOC-REG-038-20260722111757,REG-038,Tier 1,bkm,BKM,BKM TROY,https://bkm.com.tr/urunler-ve-hizmetler/troy/,Not Found,2026-07-22T11:17:57.408143+00:00,be68cbcfa589be4d1464391b20dae7912540be7114a6c61efc658b48b7474bdc,data/raw_documents/cleaned_text/DOC-REG-038-20260722111757.txt,data/raw_documents/raw_html/DOC-REG-038-20260722111757.html,200.0,fetched,changed,
DOC-REG-038-20260722120557,REG-038,Tier 1,bkm,BKM,BKM TROY,https://bkm.com.tr/urunler-ve-hizmetler/troy/,BulunamadÄ±,2026-07-22T12:05:57.537743+00:00,da33e8dd724c5afdd55984d4471a6f77e811b9bf73d5b65926b14c8a12c70eb6,data/raw_documents/cleaned_text/DOC-REG-038-20260722120557.txt,data/raw_documents/raw_html/DOC-REG-038-20260722120557.html,200.0,fetched,changed,
DOC-REG-038-20260723070804,REG-038,Tier 1,bkm,BKM,BKM TROY,https://bkm.com.tr/urunler-ve-hizmetler/troy/,Not Found,2026-07-23T07:08:04.061652+00:00,2bb035d82a34e5d45b04c3856c8aab689dd01543f3d79768441a8832cc47620e,data/raw_documents/cleaned_text/DOC-REG-038-20260723070804.txt,data/raw_documents/raw_html/DOC-REG-038-20260723070804.html,200.0,fetched,changed,
DOC-REG-038-20260723112231,REG-038,Tier 1,bkm,BKM,BKM TROY,https://bkm.com.tr/urunler-ve-hizmetler/troy/,Not Found,2026-07-23T11:22:31.293094+00:00,4c7eaf63049e60bab03c2f1248859c7008cf935bc68cb110c5b769d184f382d2,data/raw_documents/cleaned_text/DOC-REG-038-20260723112231.txt,data/raw_documents/raw_html/DOC-REG-038-20260723112231.html,200.0,fetched,changed,
DOC-REG-038-20260724110859,REG-038,Tier 1,bkm,BKM,BKM TROY,https://bkm.com.tr/urunler-ve-hizmetler/troy/,Not Found,2026-07-24T11:08:59.821174+00:00,20c9ac1cd91cfcf06db2df8f4e2da2dc774cb7b2566447a804160d49cce4ec41,data/raw_documents/cleaned_text/DOC-REG-038-20260724110859.txt,data/raw_documents/raw_html/DOC-REG-038-20260724110859.html,200.0,fetched,changed,
DOC-REG-038-20260725092249,REG-038,Tier 1,bkm,BKM,BKM TROY,https://bkm.com.tr/urunler-ve-hizmetler/troy/,Not Found,2026-07-25T09:22:49.086144+00:00,0a6471583c9f45240a1daf925a5f1f9e797bffc3a922001f77da274e0d49ade8,data/raw_documents/cleaned_text/DOC-REG-038-20260725092249.txt,data/raw_documents/raw_html/DOC-REG-038-20260725092249.html,200.0,fetched,changed,
DOC-REG-038-20260726101951,REG-038,Tier 1,bkm,BKM,BKM TROY,https://bkm.com.tr/urunler-ve-hizmetler/troy/,Not Found,2026-07-26T10:19:51.337126+00:00,a4784ca356b8a1ad79666ca5232aae5d547a728033f6334265b13ad2053f4b6d,data/raw_documents/cleaned_text/DOC-REG-038-20260726101951.txt,data/raw_documents/raw_html/DOC-REG-038-20260726101951.html,200.0,fetched,changed,
DOC-REG-038-20260727133217,REG-038,Tier 1,bkm,BKM,BKM TROY,https://bkm.com.tr/urunler-ve-hizmetler/troy/,Not Found,2026-07-27T13:32:17.018467+00:00,0a30ffdd1395290a950ca6a8544896bd138d466f21f177232e5bc3ec7fa41d3e,data/raw_documents/cleaned_text/DOC-REG-038-20260727133217.txt,data/raw_documents/raw_html/DOC-REG-038-20260727133217.html,200.0,fetched,changed,
DOC-REG-038-20260728113457,REG-038,Tier 1,bkm,BKM,BKM TROY,https://bkm.com.tr/urunler-ve-hizmetler/troy/,Not Found,2026-07-28T11:34:57.684914+00:00,6b1c65a769145b2884cc043c0b50797a5ede9e926679e2e05031678b6ea8a111,data/raw_documents/cleaned_text/DOC-REG-038-20260728113457.txt,data/raw_documents/raw_html/DOC-REG-038-20260728113457.html,200.0,fetched,changed,
DOC-REG-049-20260722090318,REG-049,Tier 2,rekabet_kurumu,Rekabet Kurumu,Rekabet Kurumu Güncel,https://www.rekabet.gov.tr/tr/Guncel,Rekabet Kurumu -,2026-07-22T09:03:18.103330+00:00,27827ed6cc328d95c0d4530c3798733e3d281dbfe53688e1f0f3954bc5a55dcd,data/raw_documents/cleaned_text/DOC-REG-049-20260722090318.txt,data/raw_documents/raw_html/DOC-REG-049-20260722090318.html,200.0,fetched,new_source,
DOC-REG-049-20260722091052,REG-049,Tier 2,rekabet_kurumu,Rekabet Kurumu,Rekabet Kurumu Güncel,https://www.rekabet.gov.tr/tr/Guncel,Rekabet Kurumu -,2026-07-22T09:10:52.090531+00:00,27827ed6cc328d95c0d4530c3798733e3d281dbfe53688e1f0f3954bc5a55dcd,data/raw_documents/cleaned_text/DOC-REG-049-20260722091052.txt,data/raw_documents/raw_html/DOC-REG-049-20260722091052.html,200.0,fetched,unchanged,
DOC-REG-049-20260722111800,REG-049,Tier 2,rekabet_kurumu,Rekabet Kurumu,Rekabet Kurumu Güncel,https://www.rekabet.gov.tr/tr/Guncel,Rekabet Kurumu -,2026-07-22T11:18:00.682039+00:00,27827ed6cc328d95c0d4530c3798733e3d281dbfe53688e1f0f3954bc5a55dcd,data/raw_documents/cleaned_text/DOC-REG-049-20260722111800.txt,data/raw_documents/raw_html/DOC-REG-049-20260722111800.html,200.0,fetched,unchanged,
DOC-REG-049-20260723070808,REG-049,Tier 2,rekabet_kurumu,Rekabet Kurumu,Rekabet Kurumu Güncel,https://www.rekabet.gov.tr/tr/Guncel,Rekabet Kurumu -,2026-07-23T07:08:08.169771+00:00,27827ed6cc328d95c0d4530c3798733e3d281dbfe53688e1f0f3954bc5a55dcd,data/raw_documents/cleaned_text/DOC-REG-049-20260723070808.txt,data/raw_documents/raw_html/DOC-REG-049-20260723070808.html,200.0,fetched,unchanged,
DOC-REG-049-20260723112235,REG-049,Tier 2,rekabet_kurumu,Rekabet Kurumu,Rekabet Kurumu Güncel,https://www.rekabet.gov.tr/tr/Guncel,Rekabet Kurumu -,2026-07-23T11:22:35.458213+00:00,27827ed6cc328d95c0d4530c3798733e3d281dbfe53688e1f0f3954bc5a55dcd,data/raw_documents/cleaned_text/DOC-REG-049-20260723112235.txt,data/raw_documents/raw_html/DOC-REG-049-20260723112235.html,200.0,fetched,unchanged,
DOC-REG-049-20260724110903,REG-049,Tier 2,rekabet_kurumu,Rekabet Kurumu,Rekabet Kurumu Güncel,https://www.rekabet.gov.tr/tr/Guncel,Rekabet Kurumu -,2026-07-24T11:09:03.806318+00:00,27827ed6cc328d95c0d4530c3798733e3d281dbfe53688e1f0f3954bc5a55dcd,data/raw_documents/cleaned_text/DOC-REG-049-20260724110903.txt,data/raw_documents/raw_html/DOC-REG-049-20260724110903.html,200.0,fetched,unchanged,
DOC-REG-049-20260725092253,REG-049,Tier 2,rekabet_kurumu,Rekabet Kurumu,Rekabet Kurumu Güncel,https://www.rekabet.gov.tr/tr/Guncel,Rekabet Kurumu -,2026-07-25T09:22:53.251565+00:00,27827ed6cc328d95c0d4530c3798733e3d281dbfe53688e1f0f3954bc5a55dcd,data/raw_documents/cleaned_text/DOC-REG-049-20260725092253.txt,data/raw_documents/raw_html/DOC-REG-049-20260725092253.html,200.0,fetched,unchanged,
DOC-REG-049-20260726101955,REG-049,Tier 2,rekabet_kurumu,Rekabet Kurumu,Rekabet Kurumu Güncel,https://www.rekabet.gov.tr/tr/Guncel,Rekabet Kurumu -,2026-07-26T10:19:55.495573+00:00,27827ed6cc328d95c0d4530c3798733e3d281dbfe53688e1f0f3954bc5a55dcd,data/raw_documents/cleaned_text/DOC-REG-049-20260726101955.txt,data/raw_documents/raw_html/DOC-REG-049-20260726101955.html,200.0,fetched,unchanged,
DOC-REG-049-20260727133221,REG-049,Tier 2,rekabet_kurumu,Rekabet Kurumu,Rekabet Kurumu Güncel,https://www.rekabet.gov.tr/tr/Guncel,Rekabet Kurumu -,2026-07-27T13:32:21.132149+00:00,27827ed6cc328d95c0d4530c3798733e3d281dbfe53688e1f0f3954bc5a55dcd,data/raw_documents/cleaned_text/DOC-REG-049-20260727133221.txt,data/raw_documents/raw_html/DOC-REG-049-20260727133221.html,200.0,fetched,unchanged,
DOC-REG-049-20260728113501,REG-049,Tier 2,rekabet_kurumu,Rekabet Kurumu,Rekabet Kurumu Güncel,https://www.rekabet.gov.tr/tr/Guncel,Rekabet Kurumu -,2026-07-28T11:35:01.586689+00:00,27827ed6cc328d95c0d4530c3798733e3d281dbfe53688e1f0f3954bc5a55dcd,data/raw_documents/cleaned_text/DOC-REG-049-20260728113501.txt,data/raw_documents/raw_html/DOC-REG-049-20260728113501.html,200.0,fetched,unchanged,
DOC-REG-050-20260722090319,REG-050,Tier 2,rekabet_kurumu,Rekabet Kurumu,Rekabet Kurumu Mastercard and Visa investigation,https://www.rekabet.gov.tr/en/Guncel/investigation-launched-on-mastercard-and-visa-b69b1d5fb063f01193e90050568585c9,Rekabet Kurumu - Investigation Launched on MASTERCARD and VISA.,2026-07-22T09:03:19.192341+00:00,c6073c8443433c081309192d96852b149d0c4264e600b80db28a5c7a912f9079,data/raw_documents/cleaned_text/DOC-REG-050-20260722090319.txt,data/raw_documents/raw_html/DOC-REG-050-20260722090319.html,200.0,fetched,new_source,
DOC-REG-050-20260722091052,REG-050,Tier 2,rekabet_kurumu,Rekabet Kurumu,Rekabet Kurumu Mastercard and Visa investigation,https://www.rekabet.gov.tr/en/Guncel/investigation-launched-on-mastercard-and-visa-b69b1d5fb063f01193e90050568585c9,Rekabet Kurumu - Investigation Launched on MASTERCARD and VISA.,2026-07-22T09:10:52.769957+00:00,c6073c8443433c081309192d96852b149d0c4264e600b80db28a5c7a912f9079,data/raw_documents/cleaned_text/DOC-REG-050-20260722091052.txt,data/raw_documents/raw_html/DOC-REG-050-20260722091052.html,200.0,fetched,unchanged,
DOC-REG-050-20260722111803,REG-050,Tier 2,rekabet_kurumu,Rekabet Kurumu,Rekabet Kurumu Mastercard and Visa investigation,https://www.rekabet.gov.tr/en/Guncel/investigation-launched-on-mastercard-and-visa-b69b1d5fb063f01193e90050568585c9,Rekabet Kurumu - Investigation Launched on MASTERCARD and VISA.,2026-07-22T11:18:03.532170+00:00,c6073c8443433c081309192d96852b149d0c4264e600b80db28a5c7a912f9079,data/raw_documents/cleaned_text/DOC-REG-050-20260722111803.txt,data/raw_documents/raw_html/DOC-REG-050-20260722111803.html,200.0,fetched,unchanged,
DOC-REG-050-20260723070810,REG-050,Tier 2,rekabet_kurumu,Rekabet Kurumu,Rekabet Kurumu Mastercard and Visa investigation,https://www.rekabet.gov.tr/en/Guncel/investigation-launched-on-mastercard-and-visa-b69b1d5fb063f01193e90050568585c9,Rekabet Kurumu - Investigation Launched on MASTERCARD and VISA.,2026-07-23T07:08:10.548459+00:00,c6073c8443433c081309192d96852b149d0c4264e600b80db28a5c7a912f9079,data/raw_documents/cleaned_text/DOC-REG-050-20260723070810.txt,data/raw_documents/raw_html/DOC-REG-050-20260723070810.html,200.0,fetched,unchanged,
DOC-REG-050-20260723112237,REG-050,Tier 2,rekabet_kurumu,Rekabet Kurumu,Rekabet Kurumu Mastercard and Visa investigation,https://www.rekabet.gov.tr/en/Guncel/investigation-launched-on-mastercard-and-visa-b69b1d5fb063f01193e90050568585c9,Rekabet Kurumu - Investigation Launched on MASTERCARD and VISA.,2026-07-23T11:22:37.701289+00:00,c6073c8443433c081309192d96852b149d0c4264e600b80db28a5c7a912f9079,data/raw_documents/cleaned_text/DOC-REG-050-20260723112237.txt,data/raw_documents/raw_html/DOC-REG-050-20260723112237.html,200.0,fetched,unchanged,
DOC-REG-050-20260724110905,REG-050,Tier 2,rekabet_kurumu,Rekabet Kurumu,Rekabet Kurumu Mastercard and Visa investigation,https://www.rekabet.gov.tr/en/Guncel/investigation-launched-on-mastercard-and-visa-b69b1d5fb063f01193e90050568585c9,Rekabet Kurumu - Investigation Launched on MASTERCARD and VISA.,2026-07-24T11:09:05.700891+00:00,c6073c8443433c081309192d96852b149d0c4264e600b80db28a5c7a912f9079,data/raw_documents/cleaned_text/DOC-REG-050-20260724110905.txt,data/raw_documents/raw_html/DOC-REG-050-20260724110905.html,200.0,fetched,unchanged,
DOC-REG-050-20260725092255,REG-050,Tier 2,rekabet_kurumu,Rekabet Kurumu,Rekabet Kurumu Mastercard and Visa investigation,https://www.rekabet.gov.tr/en/Guncel/investigation-launched-on-mastercard-and-visa-b69b1d5fb063f01193e90050568585c9,Rekabet Kurumu - Investigation Launched on MASTERCARD and VISA.,2026-07-25T09:22:55.282496+00:00,c6073c8443433c081309192d96852b149d0c4264e600b80db28a5c7a912f9079,data/raw_documents/cleaned_text/DOC-REG-050-20260725092255.txt,data/raw_documents/raw_html/DOC-REG-050-20260725092255.html,200.0,fetched,unchanged,
DOC-REG-050-20260726101958,REG-050,Tier 2,rekabet_kurumu,Rekabet Kurumu,Rekabet Kurumu Mastercard and Visa investigation,https://www.rekabet.gov.tr/en/Guncel/investigation-launched-on-mastercard-and-visa-b69b1d5fb063f01193e90050568585c9,Rekabet Kurumu - Investigation Launched on MASTERCARD and VISA.,2026-07-26T10:19:58.063550+00:00,c6073c8443433c081309192d96852b149d0c4264e600b80db28a5c7a912f9079,data/raw_documents/cleaned_text/DOC-REG-050-20260726101958.txt,data/raw_documents/raw_html/DOC-REG-050-20260726101958.html,200.0,fetched,unchanged,
DOC-REG-050-20260727133223,REG-050,Tier 2,rekabet_kurumu,Rekabet Kurumu,Rekabet Kurumu Mastercard and Visa investigation,https://www.rekabet.gov.tr/en/Guncel/investigation-launched-on-mastercard-and-visa-b69b1d5fb063f01193e90050568585c9,Rekabet Kurumu - Investigation Launched on MASTERCARD and VISA.,2026-07-27T13:32:23.049086+00:00,c6073c8443433c081309192d96852b149d0c4264e600b80db28a5c7a912f9079,data/raw_documents/cleaned_text/DOC-REG-050-20260727133223.txt,data/raw_documents/raw_html/DOC-REG-050-20260727133223.html,200.0,fetched,unchanged,
DOC-REG-050-20260728113503,REG-050,Tier 2,rekabet_kurumu,Rekabet Kurumu,Rekabet Kurumu Mastercard and Visa investigation,https://www.rekabet.gov.tr/en/Guncel/investigation-launched-on-mastercard-and-visa-b69b1d5fb063f01193e90050568585c9,Rekabet Kurumu - Investigation Launched on MASTERCARD and VISA.,2026-07-28T11:35:03.386617+00:00,c6073c8443433c081309192d96852b149d0c4264e600b80db28a5c7a912f9079,data/raw_documents/cleaned_text/DOC-REG-050-20260728113503.txt,data/raw_documents/raw_html/DOC-REG-050-20260728113503.html,200.0,fetched,unchanged,
DOC-REG-051-20260722090320,REG-051,Tier 2,tcmb,TCMB,TCMB Duyurular,https://www.tcmb.gov.tr/wps/wcm/connect/TR/TCMB+TR/Main+Menu/Duyurular/,TCMB - Duyurular ve Konuşmalar,2026-07-22T09:03:20.534283+00:00,203ae12e5078aa30cf11595dabc4aa41f0d528bf1ae463690f792b3cf3a11db8,data/raw_documents/cleaned_text/DOC-REG-051-20260722090320.txt,data/raw_documents/raw_html/DOC-REG-051-20260722090320.html,200.0,fetched,new_source,
DOC-REG-051-20260722091053,REG-051,Tier 2,tcmb,TCMB,TCMB Duyurular,https://www.tcmb.gov.tr/wps/wcm/connect/TR/TCMB+TR/Main+Menu/Duyurular/,TCMB - Duyurular ve Konuşmalar,2026-07-22T09:10:53.499214+00:00,203ae12e5078aa30cf11595dabc4aa41f0d528bf1ae463690f792b3cf3a11db8,data/raw_documents/cleaned_text/DOC-REG-051-20260722091053.txt,data/raw_documents/raw_html/DOC-REG-051-20260722091053.html,200.0,fetched,unchanged,
DOC-REG-051-20260722111805,REG-051,Tier 2,tcmb,TCMB,TCMB Duyurular,https://www.tcmb.gov.tr/wps/wcm/connect/TR/TCMB+TR/Main+Menu/Duyurular/,TCMB - Duyurular ve Konuşmalar,2026-07-22T11:18:05.396170+00:00,203ae12e5078aa30cf11595dabc4aa41f0d528bf1ae463690f792b3cf3a11db8,data/raw_documents/cleaned_text/DOC-REG-051-20260722111805.txt,data/raw_documents/raw_html/DOC-REG-051-20260722111805.html,200.0,fetched,unchanged,
DOC-REG-051-20260723070812,REG-051,Tier 2,tcmb,TCMB,TCMB Duyurular,https://www.tcmb.gov.tr/wps/wcm/connect/TR/TCMB+TR/Main+Menu/Duyurular/,TCMB - Duyurular ve Konuşmalar,2026-07-23T07:08:12.957568+00:00,203ae12e5078aa30cf11595dabc4aa41f0d528bf1ae463690f792b3cf3a11db8,data/raw_documents/cleaned_text/DOC-REG-051-20260723070812.txt,data/raw_documents/raw_html/DOC-REG-051-20260723070812.html,200.0,fetched,unchanged,
DOC-REG-051-20260723112239,REG-051,Tier 2,tcmb,TCMB,TCMB Duyurular,https://www.tcmb.gov.tr/wps/wcm/connect/TR/TCMB+TR/Main+Menu/Duyurular/,TCMB - Duyurular ve Konuşmalar,2026-07-23T11:22:39.994822+00:00,203ae12e5078aa30cf11595dabc4aa41f0d528bf1ae463690f792b3cf3a11db8,data/raw_documents/cleaned_text/DOC-REG-051-20260723112239.txt,data/raw_documents/raw_html/DOC-REG-051-20260723112239.html,200.0,fetched,unchanged,
DOC-REG-051-20260724110907,REG-051,Tier 2,tcmb,TCMB,TCMB Duyurular,https://www.tcmb.gov.tr/wps/wcm/connect/TR/TCMB+TR/Main+Menu/Duyurular/,TCMB - Duyurular ve Konuşmalar,2026-07-24T11:09:07.700828+00:00,203ae12e5078aa30cf11595dabc4aa41f0d528bf1ae463690f792b3cf3a11db8,data/raw_documents/cleaned_text/DOC-REG-051-20260724110907.txt,data/raw_documents/raw_html/DOC-REG-051-20260724110907.html,200.0,fetched,unchanged,
DOC-REG-051-20260725092257,REG-051,Tier 2,tcmb,TCMB,TCMB Duyurular,https://www.tcmb.gov.tr/wps/wcm/connect/TR/TCMB+TR/Main+Menu/Duyurular/,TCMB - Duyurular ve Konuşmalar,2026-07-25T09:22:57.225089+00:00,203ae12e5078aa30cf11595dabc4aa41f0d528bf1ae463690f792b3cf3a11db8,data/raw_documents/cleaned_text/DOC-REG-051-20260725092257.txt,data/raw_documents/raw_html/DOC-REG-051-20260725092257.html,200.0,fetched,unchanged,
DOC-REG-051-20260726101959,REG-051,Tier 2,tcmb,TCMB,TCMB Duyurular,https://www.tcmb.gov.tr/wps/wcm/connect/TR/TCMB+TR/Main+Menu/Duyurular/,TCMB - Duyurular ve Konuşmalar,2026-07-26T10:19:59.854563+00:00,203ae12e5078aa30cf11595dabc4aa41f0d528bf1ae463690f792b3cf3a11db8,data/raw_documents/cleaned_text/DOC-REG-051-20260726101959.txt,data/raw_documents/raw_html/DOC-REG-051-20260726101959.html,200.0,fetched,unchanged,
DOC-REG-051-20260727133224,REG-051,Tier 2,tcmb,TCMB,TCMB Duyurular,https://www.tcmb.gov.tr/wps/wcm/connect/TR/TCMB+TR/Main+Menu/Duyurular/,TCMB - Duyurular ve Konuşmalar,2026-07-27T13:32:24.950926+00:00,203ae12e5078aa30cf11595dabc4aa41f0d528bf1ae463690f792b3cf3a11db8,data/raw_documents/cleaned_text/DOC-REG-051-20260727133224.txt,data/raw_documents/raw_html/DOC-REG-051-20260727133224.html,200.0,fetched,unchanged,
DOC-REG-051-20260728113506,REG-051,Tier 2,tcmb,TCMB,TCMB Duyurular,https://www.tcmb.gov.tr/wps/wcm/connect/TR/TCMB+TR/Main+Menu/Duyurular/,TCMB - Duyurular ve Konuşmalar,2026-07-28T11:35:06.210095+00:00,203ae12e5078aa30cf11595dabc4aa41f0d528bf1ae463690f792b3cf3a11db8,data/raw_documents/cleaned_text/DOC-REG-051-20260728113506.txt,data/raw_documents/raw_html/DOC-REG-051-20260728113506.html,200.0,fetched,unchanged,
DOC-REG-052-20260722090326,REG-052,Tier 2,bddk,BDDK,BDDK Duyurular,https://www.bddk.org.tr/Duyurular,,2026-07-22T09:03:26.687096+00:00,,data/raw_documents/cleaned_text/DOC-REG-052-20260722090326.txt,data/raw_documents/raw_html/DOC-REG-052-20260722090326.html,,error,error,"HTTPSConnectionPool(host='www.bddk.org.tr', port=443): Max retries exceeded with url: /Duyurular (Caused by SSLError(SSLCertVerificationError(1, '[SSL: CERTIFICATE_VERIFY_FAILED] certificate verify failed: unable to get local issuer certificate (_ssl.c:1020)')))"
DOC-REG-052-20260722090621,REG-052,Tier 2,bddk,BDDK,BDDK Duyurular,https://www.bddk.org.tr/Duyurular,,2026-07-22T09:06:21.322311+00:00,,data/raw_documents/cleaned_text/DOC-REG-052-20260722090621.txt,data/raw_documents/raw_html/DOC-REG-052-20260722090621.html,404.0,error,error,404 Client Error: Not Found for url: https://www.bddk.org.tr/Duyurular
DOC-REG-052-20260722090708,REG-052,Tier 2,bddk,BDDK,BDDK Duyurular,https://www.bddk.org.tr/Duyuru,Duyuru Kategorileri,2026-07-22T09:07:08.624673+00:00,59e3e91f68c40dbabbd17bd0c5dab7ce4fd05e4b769bef10cf33d9a990185163,data/raw_documents/cleaned_text/DOC-REG-052-20260722090708.txt,data/raw_documents/raw_html/DOC-REG-052-20260722090708.html,200.0,fetched,new_source,
DOC-REG-052-20260722090928,REG-052,Tier 2,bddk,BDDK,BDDK Duyurular,https://www.bddk.org.tr/Duyuru/Liste,Duyuru Listesi,2026-07-22T09:09:28.055536+00:00,f81b02dfc1b33452aff89838d6aa45deec932a37c988b9d0aa3f6b729d61ae66,data/raw_documents/cleaned_text/DOC-REG-052-20260722090928.txt,data/raw_documents/raw_html/DOC-REG-052-20260722090928.html,200.0,fetched,changed,
DOC-REG-052-20260722091054,REG-052,Tier 2,bddk,BDDK,BDDK Duyurular,https://www.bddk.org.tr/Duyuru/Liste,Duyuru Listesi,2026-07-22T09:10:54.128240+00:00,f81b02dfc1b33452aff89838d6aa45deec932a37c988b9d0aa3f6b729d61ae66,data/raw_documents/cleaned_text/DOC-REG-052-20260722091054.txt,data/raw_documents/raw_html/DOC-REG-052-20260722091054.html,200.0,fetched,unchanged,
DOC-REG-052-20260722111807,REG-052,Tier 2,bddk,BDDK,BDDK Duyurular,https://www.bddk.org.tr/Duyuru/Liste,Duyuru Listesi,2026-07-22T11:18:07.676757+00:00,f81b02dfc1b33452aff89838d6aa45deec932a37c988b9d0aa3f6b729d61ae66,data/raw_documents/cleaned_text/DOC-REG-052-20260722111807.txt,data/raw_documents/raw_html/DOC-REG-052-20260722111807.html,200.0,fetched,unchanged,
DOC-REG-052-20260723070814,REG-052,Tier 2,bddk,BDDK,BDDK Duyurular,https://www.bddk.org.tr/Duyuru/Liste,Duyuru Listesi,2026-07-23T07:08:14.994030+00:00,f81b02dfc1b33452aff89838d6aa45deec932a37c988b9d0aa3f6b729d61ae66,data/raw_documents/cleaned_text/DOC-REG-052-20260723070814.txt,data/raw_documents/raw_html/DOC-REG-052-20260723070814.html,200.0,fetched,unchanged,
DOC-REG-052-20260723112242,REG-052,Tier 2,bddk,BDDK,BDDK Duyurular,https://www.bddk.org.tr/Duyuru/Liste,Duyuru Listesi,2026-07-23T11:22:42.054747+00:00,f81b02dfc1b33452aff89838d6aa45deec932a37c988b9d0aa3f6b729d61ae66,data/raw_documents/cleaned_text/DOC-REG-052-20260723112242.txt,data/raw_documents/raw_html/DOC-REG-052-20260723112242.html,200.0,fetched,unchanged,
DOC-REG-052-20260724110909,REG-052,Tier 2,bddk,BDDK,BDDK Duyurular,https://www.bddk.org.tr/Duyuru/Liste,Duyuru Listesi,2026-07-24T11:09:09.546999+00:00,f81b02dfc1b33452aff89838d6aa45deec932a37c988b9d0aa3f6b729d61ae66,data/raw_documents/cleaned_text/DOC-REG-052-20260724110909.txt,data/raw_documents/raw_html/DOC-REG-052-20260724110909.html,200.0,fetched,unchanged,
DOC-REG-052-20260725092259,REG-052,Tier 2,bddk,BDDK,BDDK Duyurular,https://www.bddk.org.tr/Duyuru/Liste,Duyuru Listesi,2026-07-25T09:22:59.120631+00:00,f81b02dfc1b33452aff89838d6aa45deec932a37c988b9d0aa3f6b729d61ae66,data/raw_documents/cleaned_text/DOC-REG-052-20260725092259.txt,data/raw_documents/raw_html/DOC-REG-052-20260725092259.html,200.0,fetched,unchanged,
DOC-REG-052-20260726102001,REG-052,Tier 2,bddk,BDDK,BDDK Duyurular,https://www.bddk.org.tr/Duyuru/Liste,Duyuru Listesi,2026-07-26T10:20:01.715330+00:00,f81b02dfc1b33452aff89838d6aa45deec932a37c988b9d0aa3f6b729d61ae66,data/raw_documents/cleaned_text/DOC-REG-052-20260726102001.txt,data/raw_documents/raw_html/DOC-REG-052-20260726102001.html,200.0,fetched,unchanged,
DOC-REG-052-20260727133227,REG-052,Tier 2,bddk,BDDK,BDDK Duyurular,https://www.bddk.org.tr/Duyuru/Liste,Duyuru Listesi,2026-07-27T13:32:27.320631+00:00,f81b02dfc1b33452aff89838d6aa45deec932a37c988b9d0aa3f6b729d61ae66,data/raw_documents/cleaned_text/DOC-REG-052-20260727133227.txt,data/raw_documents/raw_html/DOC-REG-052-20260727133227.html,200.0,fetched,unchanged,
DOC-REG-052-20260728113508,REG-052,Tier 2,bddk,BDDK,BDDK Duyurular,https://www.bddk.org.tr/Duyuru/Liste,Duyuru Listesi,2026-07-28T11:35:08.134945+00:00,f81b02dfc1b33452aff89838d6aa45deec932a37c988b9d0aa3f6b729d61ae66,data/raw_documents/cleaned_text/DOC-REG-052-20260728113508.txt,data/raw_documents/raw_html/DOC-REG-052-20260728113508.html,200.0,fetched,unchanged,
DOC-REG-054-20260722090332,REG-054,Tier 2,turkiye_bankalar_birligi,Türkiye Bankalar Birligi,Türkiye Bankalar Birligi Duyurular,https://www.tbb.org.tr,Türkiye Bankalar Birliği | Türkiye Bankalar Birliği,2026-07-22T09:03:32.960744+00:00,bf60a89f9276f0227c3fae04ff419e0e8d4956bd24d8387caa06e530f1f2dcba,data/raw_documents/cleaned_text/DOC-REG-054-20260722090332.txt,data/raw_documents/raw_html/DOC-REG-054-20260722090332.html,200.0,fetched,new_source,
DOC-REG-054-20260722091055,REG-054,Tier 2,turkiye_bankalar_birligi,Türkiye Bankalar Birligi,Türkiye Bankalar Birligi Duyurular,https://www.tbb.org.tr,Türkiye Bankalar Birliği | Türkiye Bankalar Birliği,2026-07-22T09:10:55.991560+00:00,bf60a89f9276f0227c3fae04ff419e0e8d4956bd24d8387caa06e530f1f2dcba,data/raw_documents/cleaned_text/DOC-REG-054-20260722091055.txt,data/raw_documents/raw_html/DOC-REG-054-20260722091055.html,200.0,fetched,unchanged,
DOC-REG-054-20260722111812,REG-054,Tier 2,turkiye_bankalar_birligi,Türkiye Bankalar Birligi,Türkiye Bankalar Birligi Duyurular,https://www.tbb.org.tr,Türkiye Bankalar Birliği | Türkiye Bankalar Birliği,2026-07-22T11:18:12.761598+00:00,bf60a89f9276f0227c3fae04ff419e0e8d4956bd24d8387caa06e530f1f2dcba,data/raw_documents/cleaned_text/DOC-REG-054-20260722111812.txt,data/raw_documents/raw_html/DOC-REG-054-20260722111812.html,200.0,fetched,unchanged,
DOC-REG-054-20260723070820,REG-054,Tier 2,turkiye_bankalar_birligi,Türkiye Bankalar Birligi,Türkiye Bankalar Birligi Duyurular,https://www.tbb.org.tr,Türkiye Bankalar Birliği | Türkiye Bankalar Birliği,2026-07-23T07:08:20.719329+00:00,fde567e1a6fbec5ab9e4902c1e8b4ebdd18c50a54f2121abae854ede672ef64d,data/raw_documents/cleaned_text/DOC-REG-054-20260723070820.txt,data/raw_documents/raw_html/DOC-REG-054-20260723070820.html,200.0,fetched,changed,
DOC-REG-054-20260723112247,REG-054,Tier 2,turkiye_bankalar_birligi,Türkiye Bankalar Birligi,Türkiye Bankalar Birligi Duyurular,https://www.tbb.org.tr,Türkiye Bankalar Birliği | Türkiye Bankalar Birliği,2026-07-23T11:22:47.694281+00:00,7d86706da3fd11d9a260713edabdffd6dd900432db610946c80ad2353ac31976,data/raw_documents/cleaned_text/DOC-REG-054-20260723112247.txt,data/raw_documents/raw_html/DOC-REG-054-20260723112247.html,200.0,fetched,changed,
DOC-REG-054-20260724110915,REG-054,Tier 2,turkiye_bankalar_birligi,Türkiye Bankalar Birligi,Türkiye Bankalar Birligi Duyurular,https://www.tbb.org.tr,Türkiye Bankalar Birliği | Türkiye Bankalar Birliği,2026-07-24T11:09:15.034739+00:00,e6883ce7a5995f18d0d782f988e48d4ce8579825765263312d9f765316727cf9,data/raw_documents/cleaned_text/DOC-REG-054-20260724110915.txt,data/raw_documents/raw_html/DOC-REG-054-20260724110915.html,200.0,fetched,changed,
DOC-REG-054-20260725092303,REG-054,Tier 2,turkiye_bankalar_birligi,Türkiye Bankalar Birligi,Türkiye Bankalar Birligi Duyurular,https://www.tbb.org.tr,Türkiye Bankalar Birliği | Türkiye Bankalar Birliği,2026-07-25T09:23:03.970243+00:00,e6883ce7a5995f18d0d782f988e48d4ce8579825765263312d9f765316727cf9,data/raw_documents/cleaned_text/DOC-REG-054-20260725092303.txt,data/raw_documents/raw_html/DOC-REG-054-20260725092303.html,200.0,fetched,unchanged,
DOC-REG-054-20260726102006,REG-054,Tier 2,turkiye_bankalar_birligi,Türkiye Bankalar Birligi,Türkiye Bankalar Birligi Duyurular,https://www.tbb.org.tr,Türkiye Bankalar Birliği | Türkiye Bankalar Birliği,2026-07-26T10:20:06.495594+00:00,e6883ce7a5995f18d0d782f988e48d4ce8579825765263312d9f765316727cf9,data/raw_documents/cleaned_text/DOC-REG-054-20260726102006.txt,data/raw_documents/raw_html/DOC-REG-054-20260726102006.html,200.0,fetched,unchanged,
DOC-REG-054-20260727133232,REG-054,Tier 2,turkiye_bankalar_birligi,Türkiye Bankalar Birligi,Türkiye Bankalar Birligi Duyurular,https://www.tbb.org.tr,Türkiye Bankalar Birliği | Türkiye Bankalar Birliği,2026-07-27T13:32:32.589460+00:00,aa46a9486a0791fd08db937c6cfa2ca6da014146604045cee16c58d924ce301b,data/raw_documents/cleaned_text/DOC-REG-054-20260727133232.txt,data/raw_documents/raw_html/DOC-REG-054-20260727133232.html,200.0,fetched,changed,
DOC-REG-054-20260728113513,REG-054,Tier 2,turkiye_bankalar_birligi,Türkiye Bankalar Birligi,Türkiye Bankalar Birligi Duyurular,https://www.tbb.org.tr,Türkiye Bankalar Birliği | Türkiye Bankalar Birliği,2026-07-28T11:35:13.091008+00:00,3361295534cad2530ed1c80bd7415c905e6340d939f545beb5530e0f12e9863a,data/raw_documents/cleaned_text/DOC-REG-054-20260728113513.txt,data/raw_documents/raw_html/DOC-REG-054-20260728113513.html,200.0,fetched,changed,
DOC-REG-055-20260722090342,REG-055,Tier 2,todeb,TODEB,TODEB Duyurular,https://www.todeb.org.tr,TÖDEB - Türkiye Ödeme Ve Elektronik Para Kuruluşları Birliği,2026-07-22T09:03:42.696616+00:00,daded63a377c1d8f6fec0f0c941501ccd0cb6e50f5e66192d19236cf58923bb0,data/raw_documents/cleaned_text/DOC-REG-055-20260722090342.txt,data/raw_documents/raw_html/DOC-REG-055-20260722090342.html,200.0,fetched,new_source,
DOC-REG-055-20260722091056,REG-055,Tier 2,todeb,TODEB,TODEB Duyurular,https://www.todeb.org.tr,TÖDEB - Türkiye Ödeme Ve Elektronik Para Kuruluşları Birliği,2026-07-22T09:10:56.749794+00:00,daded63a377c1d8f6fec0f0c941501ccd0cb6e50f5e66192d19236cf58923bb0,data/raw_documents/cleaned_text/DOC-REG-055-20260722091056.txt,data/raw_documents/raw_html/DOC-REG-055-20260722091056.html,200.0,fetched,unchanged,
DOC-REG-055-20260722111814,REG-055,Tier 2,todeb,TODEB,TODEB Duyurular,https://www.todeb.org.tr,TÖDEB - Türkiye Ödeme Ve Elektronik Para Kuruluşları Birliği,2026-07-22T11:18:14.871215+00:00,daded63a377c1d8f6fec0f0c941501ccd0cb6e50f5e66192d19236cf58923bb0,data/raw_documents/cleaned_text/DOC-REG-055-20260722111814.txt,data/raw_documents/raw_html/DOC-REG-055-20260722111814.html,200.0,fetched,unchanged,
DOC-REG-055-20260723070859,REG-055,Tier 2,todeb,TODEB,TODEB Duyurular,https://www.todeb.org.tr,TÖDEB - Türkiye Ödeme Ve Elektronik Para Kuruluşları Birliği,2026-07-23T07:08:59.827321+00:00,daded63a377c1d8f6fec0f0c941501ccd0cb6e50f5e66192d19236cf58923bb0,data/raw_documents/cleaned_text/DOC-REG-055-20260723070859.txt,data/raw_documents/raw_html/DOC-REG-055-20260723070859.html,200.0,fetched,unchanged,
DOC-REG-055-20260723112331,REG-055,Tier 2,todeb,TODEB,TODEB Duyurular,https://www.todeb.org.tr,TÖDEB - Türkiye Ödeme Ve Elektronik Para Kuruluşları Birliği,2026-07-23T11:23:31.831532+00:00,daded63a377c1d8f6fec0f0c941501ccd0cb6e50f5e66192d19236cf58923bb0,data/raw_documents/cleaned_text/DOC-REG-055-20260723112331.txt,data/raw_documents/raw_html/DOC-REG-055-20260723112331.html,200.0,fetched,unchanged,
DOC-REG-055-20260724110946,REG-055,Tier 2,todeb,TODEB,TODEB Duyurular,https://www.todeb.org.tr,TÖDEB - Türkiye Ödeme Ve Elektronik Para Kuruluşları Birliği,2026-07-24T11:09:46.227368+00:00,daded63a377c1d8f6fec0f0c941501ccd0cb6e50f5e66192d19236cf58923bb0,data/raw_documents/cleaned_text/DOC-REG-055-20260724110946.txt,data/raw_documents/raw_html/DOC-REG-055-20260724110946.html,200.0,fetched,unchanged,
DOC-REG-055-20260725092306,REG-055,Tier 2,todeb,TODEB,TODEB Duyurular,https://www.todeb.org.tr,TÖDEB - Türkiye Ödeme Ve Elektronik Para Kuruluşları Birliği,2026-07-25T09:23:06.199293+00:00,daded63a377c1d8f6fec0f0c941501ccd0cb6e50f5e66192d19236cf58923bb0,data/raw_documents/cleaned_text/DOC-REG-055-20260725092306.txt,data/raw_documents/raw_html/DOC-REG-055-20260725092306.html,200.0,fetched,unchanged,
DOC-REG-055-20260726102009,REG-055,Tier 2,todeb,TODEB,TODEB Duyurular,https://www.todeb.org.tr,Bir dakika lÃ¼tfenâ¦,2026-07-26T10:20:09.031243+00:00,c779263ed40467034df65c9751b84e66d61054ba39bd470e182b3910fabf169c,data/raw_documents/cleaned_text/DOC-REG-055-20260726102009.txt,data/raw_documents/raw_html/DOC-REG-055-20260726102009.html,200.0,fetched,changed,
DOC-REG-055-20260727133305,REG-055,Tier 2,todeb,TODEB,TODEB Duyurular,https://www.todeb.org.tr,TÖDEB - Türkiye Ödeme Ve Elektronik Para Kuruluşları Birliği,2026-07-27T13:33:05.004688+00:00,daded63a377c1d8f6fec0f0c941501ccd0cb6e50f5e66192d19236cf58923bb0,data/raw_documents/cleaned_text/DOC-REG-055-20260727133305.txt,data/raw_documents/raw_html/DOC-REG-055-20260727133305.html,200.0,fetched,changed,
DOC-REG-055-20260728113547,REG-055,Tier 2,todeb,TODEB,TODEB Duyurular,https://www.todeb.org.tr,TÖDEB - Türkiye Ödeme Ve Elektronik Para Kuruluşları Birliği,2026-07-28T11:35:47.509285+00:00,dc3c36f298cf9242c2cc23835b19025c2bc0f6121419eccc16c0f086d90303f3,data/raw_documents/cleaned_text/DOC-REG-055-20260728113547.txt,data/raw_documents/raw_html/DOC-REG-055-20260728113547.html,200.0,fetched,changed,
DOC-REG-056-20260722090344,REG-056,Tier 2,webrazzi,Webrazzi,Webrazzi Fintech,https://webrazzi.com/kategori/fintech/,Fintech kategorisine ait içerikler - Webrazzi,2026-07-22T09:03:44.700598+00:00,dc15e32cb31a6c40fee2858b9d8b65dbb93639951c20acb7a4a66511ca555a3d,data/raw_documents/cleaned_text/DOC-REG-056-20260722090344.txt,data/raw_documents/raw_html/DOC-REG-056-20260722090344.html,200.0,fetched,new_source,
DOC-REG-056-20260722091057,REG-056,Tier 2,webrazzi,Webrazzi,Webrazzi Fintech,https://webrazzi.com/kategori/fintech/,Fintech kategorisine ait içerikler - Webrazzi,2026-07-22T09:10:57.639911+00:00,dc15e32cb31a6c40fee2858b9d8b65dbb93639951c20acb7a4a66511ca555a3d,data/raw_documents/cleaned_text/DOC-REG-056-20260722091057.txt,data/raw_documents/raw_html/DOC-REG-056-20260722091057.html,200.0,fetched,unchanged,
DOC-REG-056-20260722111818,REG-056,Tier 2,webrazzi,Webrazzi,Webrazzi Fintech,https://webrazzi.com/kategori/fintech/,Fintech kategorisine ait içerikler - Webrazzi,2026-07-22T11:18:18.770948+00:00,a1fa720fa4a210db38c3c2a79b56175d538c3e43d1f2318a126daf32ef0b987b,data/raw_documents/cleaned_text/DOC-REG-056-20260722111818.txt,data/raw_documents/raw_html/DOC-REG-056-20260722111818.html,200.0,fetched,changed,
DOC-REG-056-20260723070903,REG-056,Tier 2,webrazzi,Webrazzi,Webrazzi Fintech,https://webrazzi.com/kategori/fintech/,Fintech kategorisine ait içerikler - Webrazzi,2026-07-23T07:09:03.014904+00:00,f05ae59e176cac4983e902dd389335713765d5d05e05a2ed2a4e52c34f3eefb3,data/raw_documents/cleaned_text/DOC-REG-056-20260723070903.txt,data/raw_documents/raw_html/DOC-REG-056-20260723070903.html,200.0,fetched,changed,
DOC-REG-056-20260723112334,REG-056,Tier 2,webrazzi,Webrazzi,Webrazzi Fintech,https://webrazzi.com/kategori/fintech/,Fintech kategorisine ait içerikler - Webrazzi,2026-07-23T11:23:34.892294+00:00,a3b90c7634a2c4b495c6f6fd2d148dc35a83d272ab36ce8463a026b803c438ab,data/raw_documents/cleaned_text/DOC-REG-056-20260723112334.txt,data/raw_documents/raw_html/DOC-REG-056-20260723112334.html,200.0,fetched,changed,
DOC-REG-056-20260724110948,REG-056,Tier 2,webrazzi,Webrazzi,Webrazzi Fintech,https://webrazzi.com/kategori/fintech/,Fintech kategorisine ait içerikler - Webrazzi,2026-07-24T11:09:48.739999+00:00,e35ff59a98856d78d61a3dc5766eac8675023f1a6fe8dbbc3db0f0a7e511e6c3,data/raw_documents/cleaned_text/DOC-REG-056-20260724110948.txt,data/raw_documents/raw_html/DOC-REG-056-20260724110948.html,200.0,fetched,changed,
DOC-REG-056-20260725092308,REG-056,Tier 2,webrazzi,Webrazzi,Webrazzi Fintech,https://webrazzi.com/kategori/fintech/,Fintech kategorisine ait içerikler - Webrazzi,2026-07-25T09:23:08.677931+00:00,1773f34890faaec41920f4aa9f8c89e6dd7ca0db7e5a917279b78eb05a6afd56,data/raw_documents/cleaned_text/DOC-REG-056-20260725092308.txt,data/raw_documents/raw_html/DOC-REG-056-20260725092308.html,200.0,fetched,changed,
DOC-REG-056-20260726102012,REG-056,Tier 2,webrazzi,Webrazzi,Webrazzi Fintech,https://webrazzi.com/kategori/fintech/,Fintech kategorisine ait içerikler - Webrazzi,2026-07-26T10:20:12.488761+00:00,0e3dcd0691777345c5413736696dc8ec2e86a9a602770db99b5be33c900d6446,data/raw_documents/cleaned_text/DOC-REG-056-20260726102012.txt,data/raw_documents/raw_html/DOC-REG-056-20260726102012.html,200.0,fetched,changed,
DOC-REG-056-20260727133311,REG-056,Tier 2,webrazzi,Webrazzi,Webrazzi Fintech,https://webrazzi.com/kategori/fintech/,Fintech kategorisine ait içerikler - Webrazzi,2026-07-27T13:33:11.881239+00:00,019baf5103f3b093388b9afd07d51e79e098e16b84a26bf3c43f266bd8989075,data/raw_documents/cleaned_text/DOC-REG-056-20260727133311.txt,data/raw_documents/raw_html/DOC-REG-056-20260727133311.html,200.0,fetched,changed,
DOC-REG-056-20260728113552,REG-056,Tier 2,webrazzi,Webrazzi,Webrazzi Fintech,https://webrazzi.com/kategori/fintech/,Fintech kategorisine ait içerikler - Webrazzi,2026-07-28T11:35:52.410741+00:00,6f6a5639a979c8be3f4e3df7e4fe31e7420d67c4ed579557391a81721b737edb,data/raw_documents/cleaned_text/DOC-REG-056-20260728113552.txt,data/raw_documents/raw_html/DOC-REG-056-20260728113552.html,200.0,fetched,changed,
DOC-REG-057-20260722090349,REG-057,Tier 2,fintech_istanbul,FinTech Istanbul,FinTech Istanbul,https://fintechistanbul.org,FinTech İstanbul - FinTech Ekosisteminin Buluşma Noktası,2026-07-22T09:03:49.126600+00:00,2a37cdb29d4fb8675ef492f4df51f4c22b915ea4bd8ae817060de2009c290d82,data/raw_documents/cleaned_text/DOC-REG-057-20260722090349.txt,data/raw_documents/raw_html/DOC-REG-057-20260722090349.html,200.0,fetched,new_source,
DOC-REG-057-20260722091058,REG-057,Tier 2,fintech_istanbul,FinTech Istanbul,FinTech Istanbul,https://fintechistanbul.org,FinTech İstanbul - FinTech Ekosisteminin Buluşma Noktası,2026-07-22T09:10:58.751719+00:00,2a37cdb29d4fb8675ef492f4df51f4c22b915ea4bd8ae817060de2009c290d82,data/raw_documents/cleaned_text/DOC-REG-057-20260722091058.txt,data/raw_documents/raw_html/DOC-REG-057-20260722091058.html,200.0,fetched,unchanged,
DOC-REG-057-20260722111823,REG-057,Tier 2,fintech_istanbul,FinTech Istanbul,FinTech Istanbul,https://fintechistanbul.org,FinTech İstanbul - FinTech Ekosisteminin Buluşma Noktası,2026-07-22T11:18:23.368598+00:00,4ce184f85a9ea8cf3f45608694494ae8a63bb85ea170f5f4aff25a4fa0ca6641,data/raw_documents/cleaned_text/DOC-REG-057-20260722111823.txt,data/raw_documents/raw_html/DOC-REG-057-20260722111823.html,200.0,fetched,changed,
DOC-REG-057-20260723070909,REG-057,Tier 2,fintech_istanbul,FinTech Istanbul,FinTech Istanbul,https://fintechistanbul.org,FinTech İstanbul - FinTech Ekosisteminin Buluşma Noktası,2026-07-23T07:09:09.518413+00:00,4ce184f85a9ea8cf3f45608694494ae8a63bb85ea170f5f4aff25a4fa0ca6641,data/raw_documents/cleaned_text/DOC-REG-057-20260723070909.txt,data/raw_documents/raw_html/DOC-REG-057-20260723070909.html,200.0,fetched,unchanged,
DOC-REG-057-20260723112342,REG-057,Tier 2,fintech_istanbul,FinTech Istanbul,FinTech Istanbul,https://fintechistanbul.org,FinTech İstanbul - FinTech Ekosisteminin Buluşma Noktası,2026-07-23T11:23:42.201056+00:00,2ebaf6b47fe7406de2de76ec5e945d274635ee4d05f4f84b93b7f63ad24a9355,data/raw_documents/cleaned_text/DOC-REG-057-20260723112342.txt,data/raw_documents/raw_html/DOC-REG-057-20260723112342.html,200.0,fetched,changed,
DOC-REG-057-20260724110953,REG-057,Tier 2,fintech_istanbul,FinTech Istanbul,FinTech Istanbul,https://fintechistanbul.org,FinTech İstanbul - FinTech Ekosisteminin Buluşma Noktası,2026-07-24T11:09:53.444518+00:00,2ebaf6b47fe7406de2de76ec5e945d274635ee4d05f4f84b93b7f63ad24a9355,data/raw_documents/cleaned_text/DOC-REG-057-20260724110953.txt,data/raw_documents/raw_html/DOC-REG-057-20260724110953.html,200.0,fetched,unchanged,
DOC-REG-057-20260725092313,REG-057,Tier 2,fintech_istanbul,FinTech Istanbul,FinTech Istanbul,https://fintechistanbul.org,FinTech İstanbul - FinTech Ekosisteminin Buluşma Noktası,2026-07-25T09:23:13.303171+00:00,e49733b30fc2321f9edf2c5102eb93fd94a5e8512466252ede22d95ec4dca99a,data/raw_documents/cleaned_text/DOC-REG-057-20260725092313.txt,data/raw_documents/raw_html/DOC-REG-057-20260725092313.html,200.0,fetched,changed,
DOC-REG-057-20260726102021,REG-057,Tier 2,fintech_istanbul,FinTech Istanbul,FinTech Istanbul,https://fintechistanbul.org,,2026-07-26T10:20:21.077084+00:00,,data/raw_documents/cleaned_text/DOC-REG-057-20260726102021.txt,data/raw_documents/raw_html/DOC-REG-057-20260726102021.html,,error,error,"HTTPSConnectionPool(host='fintechistanbul.org', port=443): Max retries exceeded with url: / (Caused by ConnectTimeoutError(<HTTPSConnection(host='fintechistanbul.org', port=443) at 0x7fbc3522e110>, 'Connection to fintechistanbul.org timed out. (connect timeout=20)'))"
DOC-REG-057-20260727133317,REG-057,Tier 2,fintech_istanbul,FinTech Istanbul,FinTech Istanbul,https://fintechistanbul.org,FinTech İstanbul - FinTech Ekosisteminin Buluşma Noktası,2026-07-27T13:33:17.134944+00:00,b82efd0afc2de92069a452a50d1ababb4f5c79ecd232db77cf2a35254b4c0796,data/raw_documents/cleaned_text/DOC-REG-057-20260727133317.txt,data/raw_documents/raw_html/DOC-REG-057-20260727133317.html,200.0,fetched,changed,
DOC-REG-057-20260728113558,REG-057,Tier 2,fintech_istanbul,FinTech Istanbul,FinTech Istanbul,https://fintechistanbul.org,FinTech İstanbul - FinTech Ekosisteminin Buluşma Noktası,2026-07-28T11:35:58.204451+00:00,e7be6f38af1509cb7d6f493460d5257cfd6b6c1c38ce661a4ad9b7dc83eea8e9,data/raw_documents/cleaned_text/DOC-REG-057-20260728113558.txt,data/raw_documents/raw_html/DOC-REG-057-20260728113558.html,200.0,fetched,changed,
DOC-REG-041-20260722112723,REG-041,Tier 1,stripe,Stripe,Stripe Newsroom,https://stripe.com/newsroom,Stripe Newsroom: The Latest News & Announcements,2026-07-22T11:27:23.124467+00:00,43e718df4eb861357f412ea4742b467e4d127e35461d34f9ce6ffc98b87ebff6,data/raw_documents/cleaned_text/DOC-REG-041-20260722112723.txt,data/raw_documents/raw_html/DOC-REG-041-20260722112723.html,200.0,fetched,new_source,
DOC-REG-041-20260722113507,REG-041,Tier 1,stripe,Stripe,Stripe Newsroom,https://stripe.com/newsroom,Stripe Newsroom: The Latest News & Announcements,2026-07-22T11:35:07.055685+00:00,43e718df4eb861357f412ea4742b467e4d127e35461d34f9ce6ffc98b87ebff6,data/raw_documents/cleaned_text/DOC-REG-041-20260722113507.txt,data/raw_documents/raw_html/DOC-REG-041-20260722113507.html,200.0,fetched,unchanged,
DOC-REG-041-20260723070806,REG-041,Tier 1,stripe,Stripe,Stripe Newsroom,https://stripe.com/newsroom,Stripe Newsroom: The Latest News & Announcements,2026-07-23T07:08:06.772561+00:00,43e718df4eb861357f412ea4742b467e4d127e35461d34f9ce6ffc98b87ebff6,data/raw_documents/cleaned_text/DOC-REG-041-20260723070806.txt,data/raw_documents/raw_html/DOC-REG-041-20260723070806.html,200.0,fetched,unchanged,
DOC-REG-041-20260723112234,REG-041,Tier 1,stripe,Stripe,Stripe Newsroom,https://stripe.com/newsroom,Stripe Newsroom: The Latest News & Announcements,2026-07-23T11:22:34.032928+00:00,43e718df4eb861357f412ea4742b467e4d127e35461d34f9ce6ffc98b87ebff6,data/raw_documents/cleaned_text/DOC-REG-041-20260723112234.txt,data/raw_documents/raw_html/DOC-REG-041-20260723112234.html,200.0,fetched,unchanged,
DOC-REG-041-20260724110902,REG-041,Tier 1,stripe,Stripe,Stripe Newsroom,https://stripe.com/newsroom,Stripe Newsroom: The Latest News & Announcements,2026-07-24T11:09:02.429247+00:00,43e718df4eb861357f412ea4742b467e4d127e35461d34f9ce6ffc98b87ebff6,data/raw_documents/cleaned_text/DOC-REG-041-20260724110902.txt,data/raw_documents/raw_html/DOC-REG-041-20260724110902.html,200.0,fetched,unchanged,
DOC-REG-041-20260725092251,REG-041,Tier 1,stripe,Stripe,Stripe Newsroom,https://stripe.com/newsroom,Stripe Newsroom: The Latest News & Announcements,2026-07-25T09:22:51.792389+00:00,43e718df4eb861357f412ea4742b467e4d127e35461d34f9ce6ffc98b87ebff6,data/raw_documents/cleaned_text/DOC-REG-041-20260725092251.txt,data/raw_documents/raw_html/DOC-REG-041-20260725092251.html,200.0,fetched,unchanged,
DOC-REG-041-20260726101953,REG-041,Tier 1,stripe,Stripe,Stripe Newsroom,https://stripe.com/newsroom,Stripe Newsroom: The Latest News & Announcements,2026-07-26T10:19:53.912219+00:00,43e718df4eb861357f412ea4742b467e4d127e35461d34f9ce6ffc98b87ebff6,data/raw_documents/cleaned_text/DOC-REG-041-20260726101953.txt,data/raw_documents/raw_html/DOC-REG-041-20260726101953.html,200.0,fetched,unchanged,
DOC-REG-041-20260727133219,REG-041,Tier 1,stripe,Stripe,Stripe Newsroom,https://stripe.com/newsroom,Stripe Newsroom: The Latest News & Announcements,2026-07-27T13:32:19.690403+00:00,43e718df4eb861357f412ea4742b467e4d127e35461d34f9ce6ffc98b87ebff6,data/raw_documents/cleaned_text/DOC-REG-041-20260727133219.txt,data/raw_documents/raw_html/DOC-REG-041-20260727133219.html,200.0,fetched,unchanged,
DOC-REG-041-20260728113500,REG-041,Tier 1,stripe,Stripe,Stripe Newsroom,https://stripe.com/newsroom,Stripe Newsroom: The Latest News & Announcements,2026-07-28T11:35:00.192361+00:00,43e718df4eb861357f412ea4742b467e4d127e35461d34f9ce6ffc98b87ebff6,data/raw_documents/cleaned_text/DOC-REG-041-20260728113500.txt,data/raw_documents/raw_html/DOC-REG-041-20260728113500.html,200.0,fetched,unchanged,
DOC-REG-044-20260722112724,REG-044,Tier 1,adyen,Adyen,Adyen Press and Media,https://www.adyen.com/press-and-media,Press and media updates from Adyen - Adyen,2026-07-22T11:27:24.997401+00:00,cc8aadcaab104d1cf303bff7019d98a6d0e4e122f7443dd8bc0ec8f357acac51,data/raw_documents/cleaned_text/DOC-REG-044-20260722112724.txt,data/raw_documents/raw_html/DOC-REG-044-20260722112724.html,200.0,fetched,new_source,
DOC-REG-232-20260722112727,REG-232,Tier 1,block,Block,Block Press,https://block.xyz/news/press,Block - News - Press,2026-07-22T11:27:27.108237+00:00,85351e4cb362f026e47aef316b5272c05254622c0acc1f659aae154dab76ed57,data/raw_documents/cleaned_text/DOC-REG-232-20260722112727.txt,data/raw_documents/raw_html/DOC-REG-232-20260722112727.html,200.0,fetched,new_source,
DOC-REG-233-20260722112729,REG-233,Tier 1,square,Square,Square Newsroom,https://squareup.com/us/en/press,Newsroom and media center | Square,2026-07-22T11:27:29.176311+00:00,49c64d95bdfb996a73322eb1a7094b6f5bafda92777237fac6f8ed77477f4cce,data/raw_documents/cleaned_text/DOC-REG-233-20260722112729.txt,data/raw_documents/raw_html/DOC-REG-233-20260722112729.html,200.0,fetched,new_source,
DOC-REG-233-20260722113508,REG-233,Tier 1,square,Square,Square Newsroom,https://squareup.com/us/en/press,Newsroom and media center | Square,2026-07-22T11:35:08.618110+00:00,49c64d95bdfb996a73322eb1a7094b6f5bafda92777237fac6f8ed77477f4cce,data/raw_documents/cleaned_text/DOC-REG-233-20260722113508.txt,data/raw_documents/raw_html/DOC-REG-233-20260722113508.html,200.0,fetched,unchanged,
DOC-REG-233-20260723070951,REG-233,Tier 1,square,Square,Square Newsroom,https://squareup.com/us/en/press,Newsroom and media center | Square,2026-07-23T07:09:51.478758+00:00,49c64d95bdfb996a73322eb1a7094b6f5bafda92777237fac6f8ed77477f4cce,data/raw_documents/cleaned_text/DOC-REG-233-20260723070951.txt,data/raw_documents/raw_html/DOC-REG-233-20260723070951.html,200.0,fetched,unchanged,
DOC-REG-233-20260723112430,REG-233,Tier 1,square,Square,Square Newsroom,https://squareup.com/us/en/press,Newsroom and media center | Square,2026-07-23T11:24:30.721690+00:00,49c64d95bdfb996a73322eb1a7094b6f5bafda92777237fac6f8ed77477f4cce,data/raw_documents/cleaned_text/DOC-REG-233-20260723112430.txt,data/raw_documents/raw_html/DOC-REG-233-20260723112430.html,200.0,fetched,unchanged,
DOC-REG-233-20260724111037,REG-233,Tier 1,square,Square,Square Newsroom,https://squareup.com/us/en/press,Newsroom and media center | Square,2026-07-24T11:10:37.631265+00:00,25c4c6c1b7e6dd52393ab9a5af6becc0c0210758aea3cf878576d4c886b79ccb,data/raw_documents/cleaned_text/DOC-REG-233-20260724111037.txt,data/raw_documents/raw_html/DOC-REG-233-20260724111037.html,200.0,fetched,changed,
DOC-REG-233-20260725092354,REG-233,Tier 1,square,Square,Square Newsroom,https://squareup.com/us/en/press,Newsroom and media center | Square,2026-07-25T09:23:54.882725+00:00,25c4c6c1b7e6dd52393ab9a5af6becc0c0210758aea3cf878576d4c886b79ccb,data/raw_documents/cleaned_text/DOC-REG-233-20260725092354.txt,data/raw_documents/raw_html/DOC-REG-233-20260725092354.html,200.0,fetched,unchanged,
DOC-REG-233-20260726102205,REG-233,Tier 1,square,Square,Square Newsroom,https://squareup.com/us/en/press,Newsroom and media center | Square,2026-07-26T10:22:05.322942+00:00,25c4c6c1b7e6dd52393ab9a5af6becc0c0210758aea3cf878576d4c886b79ccb,data/raw_documents/cleaned_text/DOC-REG-233-20260726102205.txt,data/raw_documents/raw_html/DOC-REG-233-20260726102205.html,200.0,fetched,unchanged,
DOC-REG-233-20260727133358,REG-233,Tier 1,square,Square,Square Newsroom,https://squareup.com/us/en/press,Newsroom and media center | Square,2026-07-27T13:33:58.336213+00:00,25c4c6c1b7e6dd52393ab9a5af6becc0c0210758aea3cf878576d4c886b79ccb,data/raw_documents/cleaned_text/DOC-REG-233-20260727133358.txt,data/raw_documents/raw_html/DOC-REG-233-20260727133358.html,200.0,fetched,unchanged,
DOC-REG-233-20260728113641,REG-233,Tier 1,square,Square,Square Newsroom,https://squareup.com/us/en/press,Newsroom and media center | Square,2026-07-28T11:36:41.577865+00:00,25c4c6c1b7e6dd52393ab9a5af6becc0c0210758aea3cf878576d4c886b79ccb,data/raw_documents/cleaned_text/DOC-REG-233-20260728113641.txt,data/raw_documents/raw_html/DOC-REG-233-20260728113641.html,200.0,fetched,unchanged,
DOC-REG-234-20260722112730,REG-234,Tier 1,paypal,PayPal,PayPal Newsroom,https://newsroom.paypal-corp.com/news,News  |  PayPal Newsroom,2026-07-22T11:27:30.799637+00:00,65b3f1b33e49dbe83a26d292c141df27626ececd60b6a0aff8c7f77dc7b47708,data/raw_documents/cleaned_text/DOC-REG-234-20260722112730.txt,data/raw_documents/raw_html/DOC-REG-234-20260722112730.html,200.0,fetched,new_source,
DOC-REG-234-20260722113514,REG-234,Tier 1,paypal,PayPal,PayPal Newsroom,https://newsroom.paypal-corp.com/news,News  |  PayPal Newsroom,2026-07-22T11:35:14.497426+00:00,65b3f1b33e49dbe83a26d292c141df27626ececd60b6a0aff8c7f77dc7b47708,data/raw_documents/cleaned_text/DOC-REG-234-20260722113514.txt,data/raw_documents/raw_html/DOC-REG-234-20260722113514.html,200.0,fetched,unchanged,
DOC-REG-234-20260723070953,REG-234,Tier 1,paypal,PayPal,PayPal Newsroom,https://newsroom.paypal-corp.com/news,News  |  PayPal Newsroom,2026-07-23T07:09:53.375185+00:00,65b3f1b33e49dbe83a26d292c141df27626ececd60b6a0aff8c7f77dc7b47708,data/raw_documents/cleaned_text/DOC-REG-234-20260723070953.txt,data/raw_documents/raw_html/DOC-REG-234-20260723070953.html,200.0,fetched,unchanged,
DOC-REG-234-20260723112432,REG-234,Tier 1,paypal,PayPal,PayPal Newsroom,https://newsroom.paypal-corp.com/news,News  |  PayPal Newsroom,2026-07-23T11:24:32.643334+00:00,65b3f1b33e49dbe83a26d292c141df27626ececd60b6a0aff8c7f77dc7b47708,data/raw_documents/cleaned_text/DOC-REG-234-20260723112432.txt,data/raw_documents/raw_html/DOC-REG-234-20260723112432.html,200.0,fetched,unchanged,
DOC-REG-234-20260724111056,REG-234,Tier 1,paypal,PayPal,PayPal Newsroom,https://newsroom.paypal-corp.com/news,News  |  PayPal Newsroom,2026-07-24T11:10:56.961748+00:00,65b3f1b33e49dbe83a26d292c141df27626ececd60b6a0aff8c7f77dc7b47708,data/raw_documents/cleaned_text/DOC-REG-234-20260724111056.txt,data/raw_documents/raw_html/DOC-REG-234-20260724111056.html,200.0,fetched,unchanged,
DOC-REG-234-20260725092356,REG-234,Tier 1,paypal,PayPal,PayPal Newsroom,https://newsroom.paypal-corp.com/news,News  |  PayPal Newsroom,2026-07-25T09:23:56.882747+00:00,65b3f1b33e49dbe83a26d292c141df27626ececd60b6a0aff8c7f77dc7b47708,data/raw_documents/cleaned_text/DOC-REG-234-20260725092356.txt,data/raw_documents/raw_html/DOC-REG-234-20260725092356.html,200.0,fetched,unchanged,
DOC-REG-234-20260726102207,REG-234,Tier 1,paypal,PayPal,PayPal Newsroom,https://newsroom.paypal-corp.com/news,News  |  PayPal Newsroom,2026-07-26T10:22:07.152273+00:00,65b3f1b33e49dbe83a26d292c141df27626ececd60b6a0aff8c7f77dc7b47708,data/raw_documents/cleaned_text/DOC-REG-234-20260726102207.txt,data/raw_documents/raw_html/DOC-REG-234-20260726102207.html,200.0,fetched,unchanged,
DOC-REG-234-20260727133400,REG-234,Tier 1,paypal,PayPal,PayPal Newsroom,https://newsroom.paypal-corp.com/news,News  |  PayPal Newsroom,2026-07-27T13:34:00.299467+00:00,65b3f1b33e49dbe83a26d292c141df27626ececd60b6a0aff8c7f77dc7b47708,data/raw_documents/cleaned_text/DOC-REG-234-20260727133400.txt,data/raw_documents/raw_html/DOC-REG-234-20260727133400.html,200.0,fetched,unchanged,
DOC-REG-234-20260728113643,REG-234,Tier 1,paypal,PayPal,PayPal Newsroom,https://newsroom.paypal-corp.com/news,News  |  PayPal Newsroom,2026-07-28T11:36:43.260061+00:00,63887d3adecd322540c67570cedf28f8192ddfb3d75d8fd13280c1546cab370b,data/raw_documents/cleaned_text/DOC-REG-234-20260728113643.txt,data/raw_documents/raw_html/DOC-REG-234-20260728113643.html,200.0,fetched,changed,
DOC-REG-235-20260722112732,REG-235,Tier 1,shopify,Shopify,Shopify Newsroom,https://www.shopify.com/news,Shopify Newsroom,2026-07-22T11:27:32.906130+00:00,dcba34d3f37748b68dd8b834b837cd5001985b243b691c192c43e941b42a5caf,data/raw_documents/cleaned_text/DOC-REG-235-20260722112732.txt,data/raw_documents/raw_html/DOC-REG-235-20260722112732.html,200.0,fetched,new_source,
DOC-REG-235-20260723070954,REG-235,Tier 1,shopify,Shopify,Shopify Newsroom,https://www.shopify.com/news,Shopify Newsroom,2026-07-23T07:09:54.703605+00:00,dcba34d3f37748b68dd8b834b837cd5001985b243b691c192c43e941b42a5caf,data/raw_documents/cleaned_text/DOC-REG-235-20260723070954.txt,data/raw_documents/raw_html/DOC-REG-235-20260723070954.html,200.0,fetched,unchanged,
DOC-REG-235-20260723112433,REG-235,Tier 1,shopify,Shopify,Shopify Newsroom,https://www.shopify.com/news,Shopify Newsroom,2026-07-23T11:24:33.977076+00:00,dcba34d3f37748b68dd8b834b837cd5001985b243b691c192c43e941b42a5caf,data/raw_documents/cleaned_text/DOC-REG-235-20260723112433.txt,data/raw_documents/raw_html/DOC-REG-235-20260723112433.html,200.0,fetched,unchanged,
DOC-REG-235-20260724111058,REG-235,Tier 1,shopify,Shopify,Shopify Newsroom,https://www.shopify.com/news,Shopify Newsroom,2026-07-24T11:10:58.214425+00:00,dcba34d3f37748b68dd8b834b837cd5001985b243b691c192c43e941b42a5caf,data/raw_documents/cleaned_text/DOC-REG-235-20260724111058.txt,data/raw_documents/raw_html/DOC-REG-235-20260724111058.html,200.0,fetched,unchanged,
DOC-REG-235-20260725092358,REG-235,Tier 1,shopify,Shopify,Shopify Newsroom,https://www.shopify.com/news,Shopify Newsroom,2026-07-25T09:23:58.297300+00:00,dcba34d3f37748b68dd8b834b837cd5001985b243b691c192c43e941b42a5caf,data/raw_documents/cleaned_text/DOC-REG-235-20260725092358.txt,data/raw_documents/raw_html/DOC-REG-235-20260725092358.html,200.0,fetched,unchanged,
DOC-REG-235-20260726102208,REG-235,Tier 1,shopify,Shopify,Shopify Newsroom,https://www.shopify.com/news,Shopify Newsroom,2026-07-26T10:22:08.529588+00:00,dcba34d3f37748b68dd8b834b837cd5001985b243b691c192c43e941b42a5caf,data/raw_documents/cleaned_text/DOC-REG-235-20260726102208.txt,data/raw_documents/raw_html/DOC-REG-235-20260726102208.html,200.0,fetched,unchanged,
DOC-REG-235-20260727133401,REG-235,Tier 1,shopify,Shopify,Shopify Newsroom,https://www.shopify.com/news,Shopify Newsroom,2026-07-27T13:34:01.669213+00:00,dcba34d3f37748b68dd8b834b837cd5001985b243b691c192c43e941b42a5caf,data/raw_documents/cleaned_text/DOC-REG-235-20260727133401.txt,data/raw_documents/raw_html/DOC-REG-235-20260727133401.html,200.0,fetched,unchanged,
DOC-REG-235-20260728113646,REG-235,Tier 1,shopify,Shopify,Shopify Newsroom,https://www.shopify.com/news,Shopify Newsroom,2026-07-28T11:36:46.353647+00:00,dcba34d3f37748b68dd8b834b837cd5001985b243b691c192c43e941b42a5caf,data/raw_documents/cleaned_text/DOC-REG-235-20260728113646.txt,data/raw_documents/raw_html/DOC-REG-235-20260728113646.html,200.0,fetched,unchanged,
DOC-REG-236-20260722112733,REG-236,Tier 1,airwallex,Airwallex,Airwallex Newsroom,https://www.airwallex.com/global/newsroom,Newsroom: Press Releases & Company Announcements | Airwallex,2026-07-22T11:27:33.846725+00:00,734f251789c41a160e02779f31f9336a45a25b974579f0a18ab0f4d51a83f1cb,data/raw_documents/cleaned_text/DOC-REG-236-20260722112733.txt,data/raw_documents/raw_html/DOC-REG-236-20260722112733.html,200.0,fetched,new_source,
DOC-REG-236-20260722113515,REG-236,Tier 1,airwallex,Airwallex,Airwallex Newsroom,https://www.airwallex.com/global/newsroom,Newsroom: Press Releases & Company Announcements | Airwallex,2026-07-22T11:35:15.272902+00:00,734f251789c41a160e02779f31f9336a45a25b974579f0a18ab0f4d51a83f1cb,data/raw_documents/cleaned_text/DOC-REG-236-20260722113515.txt,data/raw_documents/raw_html/DOC-REG-236-20260722113515.html,200.0,fetched,unchanged,
DOC-REG-236-20260723070955,REG-236,Tier 1,airwallex,Airwallex,Airwallex Newsroom,https://www.airwallex.com/global/newsroom,Newsroom: Press Releases & Company Announcements | Airwallex,2026-07-23T07:09:55.975978+00:00,734f251789c41a160e02779f31f9336a45a25b974579f0a18ab0f4d51a83f1cb,data/raw_documents/cleaned_text/DOC-REG-236-20260723070955.txt,data/raw_documents/raw_html/DOC-REG-236-20260723070955.html,200.0,fetched,unchanged,
DOC-REG-236-20260723112435,REG-236,Tier 1,airwallex,Airwallex,Airwallex Newsroom,https://www.airwallex.com/global/newsroom,Newsroom: Press Releases & Company Announcements | Airwallex,2026-07-23T11:24:35.259066+00:00,0341002ab86da97d37c24ca8a2b8913bd1a9be486044c53ddd07cb6200d70f78,data/raw_documents/cleaned_text/DOC-REG-236-20260723112435.txt,data/raw_documents/raw_html/DOC-REG-236-20260723112435.html,200.0,fetched,changed,
DOC-REG-236-20260724111059,REG-236,Tier 1,airwallex,Airwallex,Airwallex Newsroom,https://www.airwallex.com/global/newsroom,Newsroom: Press Releases & Company Announcements | Airwallex,2026-07-24T11:10:59.446197+00:00,a0db7fe90c21ab019e6c5db9c8879cf54cfe1f5cbc0916710bf3a71d2db525ea,data/raw_documents/cleaned_text/DOC-REG-236-20260724111059.txt,data/raw_documents/raw_html/DOC-REG-236-20260724111059.html,200.0,fetched,changed,
DOC-REG-236-20260725092359,REG-236,Tier 1,airwallex,Airwallex,Airwallex Newsroom,https://www.airwallex.com/global/newsroom,Newsroom: Press Releases & Company Announcements | Airwallex,2026-07-25T09:23:59.562747+00:00,a0db7fe90c21ab019e6c5db9c8879cf54cfe1f5cbc0916710bf3a71d2db525ea,data/raw_documents/cleaned_text/DOC-REG-236-20260725092359.txt,data/raw_documents/raw_html/DOC-REG-236-20260725092359.html,200.0,fetched,unchanged,
DOC-REG-236-20260726102209,REG-236,Tier 1,airwallex,Airwallex,Airwallex Newsroom,https://www.airwallex.com/global/newsroom,Newsroom: Press Releases & Company Announcements | Airwallex,2026-07-26T10:22:09.892496+00:00,a0db7fe90c21ab019e6c5db9c8879cf54cfe1f5cbc0916710bf3a71d2db525ea,data/raw_documents/cleaned_text/DOC-REG-236-20260726102209.txt,data/raw_documents/raw_html/DOC-REG-236-20260726102209.html,200.0,fetched,unchanged,
DOC-REG-236-20260727133402,REG-236,Tier 1,airwallex,Airwallex,Airwallex Newsroom,https://www.airwallex.com/global/newsroom,Newsroom: Press Releases & Company Announcements | Airwallex,2026-07-27T13:34:02.968247+00:00,a0db7fe90c21ab019e6c5db9c8879cf54cfe1f5cbc0916710bf3a71d2db525ea,data/raw_documents/cleaned_text/DOC-REG-236-20260727133402.txt,data/raw_documents/raw_html/DOC-REG-236-20260727133402.html,200.0,fetched,unchanged,
DOC-REG-236-20260728113647,REG-236,Tier 1,airwallex,Airwallex,Airwallex Newsroom,https://www.airwallex.com/global/newsroom,Newsroom: Press Releases & Company Announcements | Airwallex,2026-07-28T11:36:47.549332+00:00,a0db7fe90c21ab019e6c5db9c8879cf54cfe1f5cbc0916710bf3a71d2db525ea,data/raw_documents/cleaned_text/DOC-REG-236-20260728113647.txt,data/raw_documents/raw_html/DOC-REG-236-20260728113647.html,200.0,fetched,unchanged,
DOC-REG-237-20260722112735,REG-237,Tier 1,plaid,Plaid,Plaid Press,https://plaid.com/press/,Press | Plaid,2026-07-22T11:27:35.812839+00:00,3b1f4a1c76347b2bf21563d06d20e7ff08a9e8903ec91e31ffb4ffb73078f631,data/raw_documents/cleaned_text/DOC-REG-237-20260722112735.txt,data/raw_documents/raw_html/DOC-REG-237-20260722112735.html,200.0,fetched,new_source,
DOC-REG-239-20260722120915,REG-239,Tier 1,wise,Wise,Wise Newsroom Releases,https://newsroom.wise.com/releases/,News archive | Wise Newsroom,2026-07-22T12:09:15.912490+00:00,466e6a913f2df703d2ad1af70d1faec364d46eef984d216caf6f751842a9b5ee,data/raw_documents/cleaned_text/DOC-REG-239-20260722120915.txt,data/raw_documents/raw_html/DOC-REG-239-20260722120915.html,200.0,fetched,new_source,
DOC-REG-239-20260722121014,REG-239,Tier 1,wise,Wise,Wise Newsroom Releases,https://newsroom.wise.com/releases/,News archive | Wise Newsroom,2026-07-22T12:10:14.039004+00:00,466e6a913f2df703d2ad1af70d1faec364d46eef984d216caf6f751842a9b5ee,data/raw_documents/cleaned_text/DOC-REG-239-20260722121014.txt,data/raw_documents/raw_html/DOC-REG-239-20260722121014.html,200.0,fetched,unchanged,
DOC-REG-239-20260723070958,REG-239,Tier 1,wise,Wise,Wise Newsroom Releases,https://newsroom.wise.com/releases/,News archive | Wise Newsroom,2026-07-23T07:09:58.881006+00:00,466e6a913f2df703d2ad1af70d1faec364d46eef984d216caf6f751842a9b5ee,data/raw_documents/cleaned_text/DOC-REG-239-20260723070958.txt,data/raw_documents/raw_html/DOC-REG-239-20260723070958.html,200.0,fetched,unchanged,
DOC-REG-239-20260723112448,REG-239,Tier 1,wise,Wise,Wise Newsroom Releases,https://newsroom.wise.com/releases/,News archive | Wise Newsroom,2026-07-23T11:24:48.892845+00:00,466e6a913f2df703d2ad1af70d1faec364d46eef984d216caf6f751842a9b5ee,data/raw_documents/cleaned_text/DOC-REG-239-20260723112448.txt,data/raw_documents/raw_html/DOC-REG-239-20260723112448.html,200.0,fetched,unchanged,
DOC-REG-239-20260724111112,REG-239,Tier 1,wise,Wise,Wise Newsroom Releases,https://newsroom.wise.com/releases/,News archive | Wise Newsroom,2026-07-24T11:11:12.721053+00:00,466e6a913f2df703d2ad1af70d1faec364d46eef984d216caf6f751842a9b5ee,data/raw_documents/cleaned_text/DOC-REG-239-20260724111112.txt,data/raw_documents/raw_html/DOC-REG-239-20260724111112.html,200.0,fetched,unchanged,
DOC-REG-239-20260725092402,REG-239,Tier 1,wise,Wise,Wise Newsroom Releases,https://newsroom.wise.com/releases/,News archive | Wise Newsroom,2026-07-25T09:24:02.515996+00:00,466e6a913f2df703d2ad1af70d1faec364d46eef984d216caf6f751842a9b5ee,data/raw_documents/cleaned_text/DOC-REG-239-20260725092402.txt,data/raw_documents/raw_html/DOC-REG-239-20260725092402.html,200.0,fetched,unchanged,
DOC-REG-239-20260726102233,REG-239,Tier 1,wise,Wise,Wise Newsroom Releases,https://newsroom.wise.com/releases/,News archive | Wise Newsroom,2026-07-26T10:22:33.602155+00:00,466e6a913f2df703d2ad1af70d1faec364d46eef984d216caf6f751842a9b5ee,data/raw_documents/cleaned_text/DOC-REG-239-20260726102233.txt,data/raw_documents/raw_html/DOC-REG-239-20260726102233.html,200.0,fetched,unchanged,
DOC-REG-239-20260727133409,REG-239,Tier 1,wise,Wise,Wise Newsroom Releases,https://newsroom.wise.com/releases/,News archive | Wise Newsroom,2026-07-27T13:34:09.857607+00:00,466e6a913f2df703d2ad1af70d1faec364d46eef984d216caf6f751842a9b5ee,data/raw_documents/cleaned_text/DOC-REG-239-20260727133409.txt,data/raw_documents/raw_html/DOC-REG-239-20260727133409.html,200.0,fetched,unchanged,
DOC-REG-239-20260728113650,REG-239,Tier 1,wise,Wise,Wise Newsroom Releases,https://newsroom.wise.com/releases/,News archive | Wise Newsroom,2026-07-28T11:36:50.180734+00:00,466e6a913f2df703d2ad1af70d1faec364d46eef984d216caf6f751842a9b5ee,data/raw_documents/cleaned_text/DOC-REG-239-20260728113650.txt,data/raw_documents/raw_html/DOC-REG-239-20260728113650.html,200.0,fetched,unchanged,
DOC-REG-238-20260722121013,REG-238,Tier 1,checkout,Checkout.com,Checkout.com Newsroom,https://www.checkout.com/newsroom,Newsroom,2026-07-22T12:10:13.462407+00:00,aa360c9e152e5b568e9ad8e849d4594a5dacadae44ec25a8f9fbaf737f23aeaf,data/raw_documents/cleaned_text/DOC-REG-238-20260722121013.txt,data/raw_documents/raw_html/DOC-REG-238-20260722121013.html,200.0,fetched,new_source,
DOC-REG-238-20260723070957,REG-238,Tier 1,checkout,Checkout.com,Checkout.com Newsroom,https://www.checkout.com/newsroom,Newsroom,2026-07-23T07:09:57.359225+00:00,aa360c9e152e5b568e9ad8e849d4594a5dacadae44ec25a8f9fbaf737f23aeaf,data/raw_documents/cleaned_text/DOC-REG-238-20260723070957.txt,data/raw_documents/raw_html/DOC-REG-238-20260723070957.html,200.0,fetched,unchanged,
DOC-REG-238-20260723112447,REG-238,Tier 1,checkout,Checkout.com,Checkout.com Newsroom,https://www.checkout.com/newsroom,Newsroom,2026-07-23T11:24:47.295198+00:00,aa360c9e152e5b568e9ad8e849d4594a5dacadae44ec25a8f9fbaf737f23aeaf,data/raw_documents/cleaned_text/DOC-REG-238-20260723112447.txt,data/raw_documents/raw_html/DOC-REG-238-20260723112447.html,200.0,fetched,unchanged,
DOC-REG-238-20260724111111,REG-238,Tier 1,checkout,Checkout.com,Checkout.com Newsroom,https://www.checkout.com/newsroom,Newsroom,2026-07-24T11:11:11.141892+00:00,aa360c9e152e5b568e9ad8e849d4594a5dacadae44ec25a8f9fbaf737f23aeaf,data/raw_documents/cleaned_text/DOC-REG-238-20260724111111.txt,data/raw_documents/raw_html/DOC-REG-238-20260724111111.html,200.0,fetched,unchanged,
DOC-REG-238-20260725092400,REG-238,Tier 1,checkout,Checkout.com,Checkout.com Newsroom,https://www.checkout.com/newsroom,Newsroom,2026-07-25T09:24:00.931128+00:00,aa360c9e152e5b568e9ad8e849d4594a5dacadae44ec25a8f9fbaf737f23aeaf,data/raw_documents/cleaned_text/DOC-REG-238-20260725092400.txt,data/raw_documents/raw_html/DOC-REG-238-20260725092400.html,200.0,fetched,unchanged,
DOC-REG-238-20260726102211,REG-238,Tier 1,checkout,Checkout.com,Checkout.com Newsroom,https://www.checkout.com/newsroom,Newsroom,2026-07-26T10:22:11.243181+00:00,fdeab29c46c26bed0c832f5e3a105364612a710dd847a39469010cd375e10978,data/raw_documents/cleaned_text/DOC-REG-238-20260726102211.txt,data/raw_documents/raw_html/DOC-REG-238-20260726102211.html,200.0,fetched,changed,
DOC-REG-238-20260727133404,REG-238,Tier 1,checkout,Checkout.com,Checkout.com Newsroom,https://www.checkout.com/newsroom,Newsroom,2026-07-27T13:34:04.255437+00:00,31eb8388c8f2a014ae69f3a6c1698b3ed16115e0304c5c87d5f51bc8ef81a050,data/raw_documents/cleaned_text/DOC-REG-238-20260727133404.txt,data/raw_documents/raw_html/DOC-REG-238-20260727133404.html,200.0,fetched,changed,
DOC-REG-238-20260728113648,REG-238,Tier 1,checkout,Checkout.com,Checkout.com Newsroom,https://www.checkout.com/newsroom,Newsroom,2026-07-28T11:36:48.731314+00:00,31eb8388c8f2a014ae69f3a6c1698b3ed16115e0304c5c87d5f51bc8ef81a050,data/raw_documents/cleaned_text/DOC-REG-238-20260728113648.txt,data/raw_documents/raw_html/DOC-REG-238-20260728113648.html,200.0,fetched,unchanged,
DOC-REG-240-20260727145415,REG-240,Tier 2,finextra,Finextra,Finextra Payments Channel,https://www.finextra.com/channel/payments,"Latest Payments News, Videos Events & Research: Finextra Research",2026-07-27T14:54:15.732720+00:00,74468e34f9892f35da62e04ce8cdb4e6e0da1e80623a31f886c17bf93c62e75d,data/raw_documents/cleaned_text/DOC-REG-240-20260727145415.txt,data/raw_documents/raw_html/DOC-REG-240-20260727145415.html,200.0,fetched,new_source,
DOC-REG-241-20260727145426,REG-241,Tier 2,payments_dive,Payments Dive,Payments Dive Technology,https://www.paymentsdive.com/topic/technology/,Payment Technology News | Payments Dive,2026-07-27T14:54:26.729884+00:00,3ffb8c3fa63e622a2e32535e56aacdfb26a1bfce7307042c6c4c76b6c0148eca,data/raw_documents/cleaned_text/DOC-REG-241-20260727145426.txt,data/raw_documents/raw_html/DOC-REG-241-20260727145426.html,200.0,fetched,new_source,
DOC-REG-241-20260728113652,REG-241,Tier 2,payments_dive,Payments Dive,Payments Dive Technology,https://www.paymentsdive.com/topic/technology/,Payment Technology News | Payments Dive,2026-07-28T11:36:52.638302+00:00,060ebd146c47d30263f831314e1a36675ad1653422b8d5ff973f97313a115f7d,data/raw_documents/cleaned_text/DOC-REG-241-20260728113652.txt,data/raw_documents/raw_html/DOC-REG-241-20260728113652.html,200.0,fetched,changed,
DOC-REG-242-20260727145433,REG-242,Tier 2,the_paypers,The Paypers,The Paypers Payments News,https://thepaypers.com/news,Latest payments & fintech news and insights,2026-07-27T14:54:33.553051+00:00,7813500c88e42a2ab5fdaaefee6fffef048dc017ad6100bd84ee80d6774e085c,data/raw_documents/cleaned_text/DOC-REG-242-20260727145433.txt,data/raw_documents/raw_html/DOC-REG-242-20260727145433.html,200.0,fetched,new_source,
DOC-REG-242-20260728113657,REG-242,Tier 2,the_paypers,The Paypers,The Paypers Payments News,https://thepaypers.com/news,Latest payments & fintech news and insights,2026-07-28T11:36:57.970321+00:00,c54892cd941f89ef08077bbc965e3a9c6e5a295c7cecd8865fb76105b352396d,data/raw_documents/cleaned_text/DOC-REG-242-20260728113657.txt,data/raw_documents/raw_html/DOC-REG-242-20260728113657.html,200.0,fetched,changed,
DOC-REG-243-20260727145447,REG-243,Tier 2,pymnts,PYMNTS,PYMNTS B2B Payments,https://www.pymnts.com/category/news/b2b-payments/,,2026-07-27T14:54:47.281377+00:00,,data/raw_documents/cleaned_text/DOC-REG-243-20260727145447.txt,data/raw_documents/raw_html/DOC-REG-243-20260727145447.html,403.0,error,error,403 Client Error: Forbidden for url: https://www.pymnts.com/category/news/b2b-payments/
DOC-REG-244-20260727145448,REG-244,Tier 2,banking_dive,Banking Dive,Banking Dive Payments,https://www.bankingdive.com/topic/payments/,Banking Payments News | Banking Dive,2026-07-27T14:54:48.164259+00:00,8fea5c9494d8176a792b1aa42a7695360507a35c104a535f8c22f29fbc2e3888,data/raw_documents/cleaned_text/DOC-REG-244-20260727145448.txt,data/raw_documents/raw_html/DOC-REG-244-20260727145448.html,200.0,fetched,new_source,
