recent_item_id,document_id,source_id,tier,institution_id,institution_name,source_name,source_type,source_url,item_title,item_date,item_url,item_text,item_hash,canonical_item_url,normalized_title,content_fingerprint,detected_at,extraction_method,relevance_status,content_role,item_quality,publication_date,announcement_date,campaign_start_date,campaign_end_date,event_date_type,recency_basis_date,recency_basis_type,recency_basis_reason,is_active_campaign,active_campaign_reason,cluster_published,cluster_id,normalized_item_date,date_confidence,date_source,is_recent,recency_cutoff,recency_reason,development_candidate_type,is_actual_development,actual_development_reason,source_active,source_mvp_active,source_claude_eligible,registry_source_url
RI-69b5a4d8b3c2,DOC-REG-003-20260616125038,REG-003,Tier 1,garanti_bbva,Garanti BBVA,Garanti BBVA Kurumsal communication / press releases,Resmi Basın Bülteni Sayfası,https://www.garantibbva.com.tr/kurumsal-iletisim,Garanti BBVA TOBFED İş Birliği,22 Mayıs 2026,https://www.garantibbva.com.tr/content/public-website/kurumsal-iletisim/garanti-bbva-tobfed-is-birligi,"Garanti BBVA TOBFED İş Birliği
22 Mayıs 2026
Garanti BBVA ve TOBFED’den Otomotiv Ekosisteminde Güçlü Finansman İş Birliği
TOBFED Yetkili Uygulama Merkezleri ve sektörel işletmelerde anında alışveriş kredisi dönemi başladı.
Garanti BBVA ile Türkiye Araç Satış Sonrası Hizmetler Federasyonu (TOBFED), otomotiv perakende ve satış sonrası hizmetler ekosisteminde faaliyet gösteren işletmeler ile araç sahiplerinin finansmana erişimini kolaylaştıracak bir iş birliğine imza attı. İş birliği kapsamında, TOBFED’e bağlı anlaşmalı Yetkili Uygulama Merkezleri ve sektörel derneklere üye işletmelerde müşterilere anında alışveriş kredisi imkânı sunulacak.
Hayata geçirilen iş birliğiyle müşteriler, şubeye gitmeye gerek kalmadan, hızlı ve pratik süreçlerle ihtiyaç duydukları finansmana kolayca ulaşabilecek. Garanti BBVA’nın güçlü finansal altyapısı ve dijital bankacılık çözümleri sayesinde kredi süreçleri daha hızlı, erişilebilir ve kullanıcı dostu hale gelirken; işletmelerin satış süreçleri ve nakit akışlarının da desteklenmesi hedefleniyor.
TOBFED Yetkili Uygulama Merkezleri ve sektörel işletmelere finansal açıdan önemli avantajlar sunan iş birliği, aynı zamanda sektörün sürdürülebilir büyümesine katkı sağlayacak çözümlerin yaygınlaşmasını da destekleyecek.
Garanti BBVA Tüketici Finansmanı Direktörü Koray Öztopçu
, iş birliğine ilişkin değerlendirmesinde şunları söyledi:
“Otomotiv perakende ve satış sonrası hizmet ekosisteminde müşteri beklentileri her geçen gün daha hızlı, pratik ve dijital çözümlere yöneliyor. Biz de Garanti BBVA olarak müşterilerimizin ihtiyaç duyduğu finansmana doğru anda, doğru kanaldan ulaşmalarını sağlayacak çözümler geliştirmeye devam ediyoruz. TOBFED ile gerçekleştirdiğimiz bu iş birliği sayesinde, anlaşmalı Yetkili Uygulama Merkezleri ve sektörel işletmelerde anında alışveriş kredisi çözümleri sunarak hem müşteri deneyimini iyileştiriyor hem de işletmelerin iş süreçlerini kolaylaştırıyoruz. Güçlü finansal altyapımız ve dijital bankacılık yetkinliklerimizle, otomotiv sektöründe sürdürülebilir büyümeyi destekleyen önemli bir adım atmaktan mutluluk duyuyoruz.”
TOBFED Genel Başkanı Serkan Bakırtaş
ise iş birliğini şu sözlerle değerlendirdi:
“Araç satış sonrası hizmetler alanında faaliyet gösteren işletmelerimizin müşterilerine daha hızlı ve erişilebilir ödeme imkanları sunması sektörümüz adına büyük önem taşıyor. Garanti BBVA ile gerçekleştirdiğimiz bu iş birliği sayesinde Yetkili Uygulama Merkezlerimiz ve üye işletmelerimiz güçlü bir finansal destek altyapısına kavuşurken, araç sahipleri de ihtiyaç duydukları hizmetlere daha kolay ulaşabilecek. Bu iş birliğini sektörümüzün dijitalleşmesi, büyümesi ve sürdürülebilir gelişimi açısından önemli bir adım olarak görüyoruz.”
Garanti BBVA, farklı sektörlere özel geliştirdiği finansman çözümleri ve stratejik iş birlikleriyle müşterilerinin yanında olmaya, iş ortaklarının büyümesini desteklemeye ve ekonomi için değer yaratmaya devam ediyor.",a24aafe826c1a45ecc2760fcebb491baffc149e2dbb60dda00c3b10b859937f4,https://www.garantibbva.com.tr/content/public-website/kurumsal-iletisim/garanti-bbva-tobfed-is-birligi,garanti bbva tobfed i̇ş birliği,a24aafe826c1a45ecc2760fcebb491baffc149e2dbb60dda00c3b10b859937f4,2026-06-16T12:50:51.472885+00:00,detail_page_fetch,İlgili,,Good,,2026-05-22,,,Duyuru Tarihi,2026-05-22,,Duyuru/basın tarihi bulundu; recency için kullanıldı.,False,,False,,2026-05-22,Yüksek,announcement_date,False,2026-08-08,Kesim tarihinden eski: 2026-05-22 < 2026-08-08,Kampanya,True,Kampanya veya müşteri teklifi sinyali içeriyor.,True,True,,https://www.garantibbva.com.tr/kurumsal-iletisim
RI-c8641a4c3026,DOC-REG-003-20260616125038,REG-003,Tier 1,garanti_bbva,Garanti BBVA,Garanti BBVA Kurumsal communication / press releases,Resmi Basın Bülteni Sayfası,https://www.garantibbva.com.tr/kurumsal-iletisim,Ödeme İste API ile Tahsilatta Yeni Dönem,21 Mayıs 2026,https://www.garantibbva.com.tr/content/public-website/kurumsal-iletisim/odeme-iste-api-ile-tahsilatta-yeni-donem,"Ödeme İste API ile Tahsilatta Yeni Dönem
21 Mayıs 2026
Garanti BBVA’dan Ödeme İste API ile Tahsilatta Yeni Dönem
Garanti BBVA, BKM entegrasyonlu Ödeme İste API çözümünü hayata geçirdi. Yeni uygulama sayesinde firmalar tahsilat süreçlerini kendi sistemleri üzerinden yönetebilirken, müşteriler de faturalarını hızlı, kolay ve kesintisiz şekilde ödeyebiliyor.
Garanti BBVA, ödeme ve tahsilat süreçlerinde dijitalleşmeyi ileri taşıyan yeni çözümü BKM entegrasyonlu
Ödeme İste
API’yi canlı ortamda kullanıma aldı. Uludağ Elektrik ile gerçekleştirilen iş birliği kapsamında hayata geçirilen uygulama sayesinde Uludağ Elektrik müşterileri banka uygulamalarına iletilen Ödeme İste taleplerini tek bir onayla hızlı ve güvenli bir şekilde tamamlayabiliyor.
Yeni çözüm sayesinde firmalar, Garanti BBVA dijital kanallarına girmeye gerek kalmadan kendi sistemleri üzerinden Garanti BBVA Ödeme İste API aracılığıyla ödeme isteği oluşturabiliyor; böylece tahsilat süreçleri daha hızlı, esnek ve operasyonel olarak daha verimli hale geliyor.
Garanti BBVA Genel Müdür Yardımcısı Cemal Onaran,
konuyla ilgili yaptığı değerlendirmede şunları söyledi: “Servis bankacılığı vizyonumuz doğrultusunda, müşterilerimizin iş yapış biçimlerine doğrudan entegre olan çözümler geliştirmeyi öncelikli odak alanlarımız arasında görüyoruz. BKM entegrasyonlu Ödeme İste API ile firmalar tahsilat süreçlerini kendi sistemleri üzerinden yönetebilirken, müşteriler de çok daha hızlı ve kesintisiz bir ödeme deneyimi yaşayabiliyor. Uludağ Elektrik ile birlikte hayata geçirdiğimiz bu uygulamanın, ödeme süreçlerinin dijitalleşmesi ve müşteri deneyiminin iyileştirilmesi açısından önemli bir örnek oluşturduğuna inanıyoruz. Bu çözümün firmaların nakit akışını daha etkin yönetmelerine, operasyonel verimliliklerini artırmalarına ve dijital dönüşüm süreçlerini hızlandırmalarına katkı sağlayacağını düşünüyoruz.”
Ödeme süreçlerinde daha hızlı ve kesintisiz deneyim
Uludağ Elektrik, Türkiye Cumhuriyet Merkez Bankası (TCMB) ve BKM ortaklığında geliştirilen FAST altyapılı “Ödeme İste” hizmetini kendi sistemlerine entegre ederek kullanıcı dostu yeni bir tahsilat modeli geliştirdi. Yeni sistem kapsamında belirli kriterleri karşılayan müşterilere otomatik ödeme talebi iletiliyor. Müşteriler, banka uygulamalarına gelen bildirimi onaylayarak faturalarını tek adımda ödeyebiliyor. Böylece unutulan faturalar, yetersiz bakiye nedeniyle gerçekleşmeyen otomatik ödeme talimatları ve manuel ödeme süreçlerinden kaynaklanan aksaklıkların azaltılması hedefleniyor.
Uludağ Elektrik Genel Müdürü Remezan Arslan
, uygulamayla ilgili yaptığı açıklamada:
“Dijitalleşmeyi yalnızca bir teknoloji yatırımı olarak değil, müşteri deneyimini iyileştiren bütüncül bir dönüşüm olarak ele alıyoruz. Garanti BBVA iş birliğiyle hayata geçirdiğimiz bu yeni yapı sayesinde müşterilerimizin ödeme süreçlerini daha pratik, hızlı ve güvenli hale getiriyoruz. ‘Ödeme İste’ çözümünün ödeme alışkanlıklarını dönüştüren önemli bir adım olduğuna inanıyoruz,” dedi.
Firmalara operasyonel kolaylık sağlıyor
Ödeme İste API çözümüyle firmalar, BKM’nin sunduğu Kolay Adres Sistemi (KOLAS) altyapısı üzerinden bireysel veya kurumsal müşterilerine hızlı ve güvenli ödeme talebi gönderebiliyor. Böylece IBAN paylaşımı gibi manuel süreçlere ihtiyaç duyulmadan tahsilatlar kolaylaştırılıyor.
Özellikle KOBİ, ticari ve kurumsal firmalara yönelik geliştirilen API çözümü; tahsilat süreçlerinin firmaların operasyonel akışlarına entegre edilmesine imkân tanırken, firmalar Garanti BBVA Developer Portal üzerinden başvurularını gerçekleştirerek sistemlerini uçtan uca dijital bir süreçle canlı ortama taşıyabiliyor.",68979aa86c2dbfe46a8488cda73f18c7e9e122103556c82936276a5a960b782c,https://www.garantibbva.com.tr/content/public-website/kurumsal-iletisim/odeme-iste-api-ile-tahsilatta-yeni-donem,ödeme i̇ste api ile tahsilatta yeni dönem,68979aa86c2dbfe46a8488cda73f18c7e9e122103556c82936276a5a960b782c,2026-06-16T12:50:51.698374+00:00,detail_page_fetch,İlgili,,Good,,2026-05-21,,,Duyuru Tarihi,2026-05-21,,Duyuru/basın tarihi bulundu; recency için kullanıldı.,False,,False,,2026-05-21,Yüksek,announcement_date,False,2026-08-08,Kesim tarihinden eski: 2026-05-21 < 2026-08-08,İş Birliği,True,"İş birliği, mutabakat veya entegrasyon duyurusu içeriyor.",True,True,,https://www.garantibbva.com.tr/kurumsal-iletisim
RI-b9524814913f,DOC-REG-003-20260616125038,REG-003,Tier 1,garanti_bbva,Garanti BBVA,Garanti BBVA Kurumsal communication / press releases,Resmi Basın Bülteni Sayfası,https://www.garantibbva.com.tr/kurumsal-iletisim,Sorumlu Tedarik Zinciri Bağımsız Güvence ve Uyum Raporu,16 Haziran 2026,https://www.garantibbva.com.tr/content/public-website/kurumsal-iletisim/sorumlu-tedarik-zinciri-bagimsiz-guvence-ve-uyum-raporu,"Sorumlu Tedarik Zinciri Bağımsız Güvence ve Uyum Raporu
16 Haziran 2026
Bankamız, uluslararası kriterlere göre Bakanlığın uygun görüşü ve Borsa tarafından belirlenen sorumlu kıymetli maden tedarik zincirine ilişkin usul ve esaslar çerçevesinde, Tedarik Zinciri Güvence Denetim Yönergesi hükümleri esas alınarak ilgili raporlama dönemine ait Tedarik zinciri uyum raporunu hazırlamıştır.
Bu kapsamda, 21.02.2021 tarihli 31402 sayılı Resmi Gazete'de yayınlanan
""Kıymetli Madenler Borsası Aracı Kuruluşlarının Faaliyet Esasları ile Kıymetli Madenler Aracı Kurumlarının Kuruluşu Hakkında Yönetmelikte Değişiklik Yapılmasına Dair Yönetmelik""
çerçevesinde yapılan değişikliklere istinaden kıymetli madenler aracı kuruluşları ve Borsa Rafineri Listesinde yer alan Türkiye’de kurulu rafinerileri tarafından hazırlanan Tedarik Zinciri Uyum raporunun her yıl yetkili bağımsız denetim kuruluşları tarafından denetlenmesi ve bu denetim sonucunda makul güvence seviyesinde güvence verilen Bağımsız Güvence Raporunun hazırlatılması zorunlu hale gelmiştir.
Bankamızda, ilgili raporlama yılını kapsayacak şekilde gerçekleştirilen denetimler sonucu oluşturulan Bağımsız Güvence Raporu, Borsa İstanbul’a Sorumlu Tedarik Zinciri Mevzuatı kapsamında yapılan tüm bildirimlerin tamlığına ve doğruluğuna dair Borsa İstanbul, Hazine ve Maliye Bakanlığı, Ticaret Bakanlığı ve diğer kamu kurum/kuruluşlarının da dahil olabileceği taraflar için denetim sonucuna makul güvence sağlamak üzere hazırlanmıştır. Rapor sonucu;
Garanti Bankası A.Ş. tarafından 1 Ocak 2025 – 31 Aralık 2025 dönemine ilişkin hazırlanmış olan Uyum Raporu, Yönerge hükümlerine göre gerçeğe uygun bir biçimde sunulmaktadır,
Garanti Bankası A.Ş. tarafından Yönerge’de belirtilen amaçlara ilişkin tasarlanan kontroller 1 Ocak 2025 - 31 Aralık 2025 tarihleri arasındaki dönem boyunca uygun bir şekilde tasarlanmıştır,
Tarafımızca test edilen kontroller 1 Ocak 2025 - 31 Aralık 2025 tarihleri arasındaki dönem boyunca etkin şekilde işlemiştir.
Bağımsız Güvence Raporu’na
buradan
ulaşabilirsiniz.
Kıymetli Maden Tedarik Zinciri Uyum Raporu'na",b49972bb8ecaf73f55d69eb672a16906e26c463209349c5eb9c6e7883ef94218,https://www.garantibbva.com.tr/content/public-website/kurumsal-iletisim/sorumlu-tedarik-zinciri-bagimsiz-guvence-ve-uyum-raporu,sorumlu tedarik zinciri bağımsız güvence ve uyum raporu,b49972bb8ecaf73f55d69eb672a16906e26c463209349c5eb9c6e7883ef94218,2026-06-16T12:50:51.916382+00:00,detail_page_fetch,İlgisiz,,Good,,2026-06-16,,,Duyuru Tarihi,2026-06-16,,Duyuru/basın tarihi bulundu; recency için kullanıldı.,False,,False,,2026-06-16,Yüksek,announcement_date,False,2026-08-08,Kesim tarihinden eski: 2026-06-16 < 2026-08-08,Ürün / Özellik Gelişmesi,True,"Ürün, API, POS, ödeme, tahsilat veya dijital özellik gelişmesi sinyali içeriyor.",True,True,,https://www.garantibbva.com.tr/kurumsal-iletisim
RI-a1196981f113,DOC-REG-003-20260616125038,REG-003,Tier 1,garanti_bbva,Garanti BBVA,Garanti BBVA Kurumsal communication / press releases,Resmi Basın Bülteni Sayfası,https://www.garantibbva.com.tr/kurumsal-iletisim,Kadın Girişimcilerin Finansmana Erişimi İçin Yeni Destek,12 Haziran 2026,https://www.garantibbva.com.tr/content/public-website/kurumsal-iletisim/kadin-girisimcilerin-finansmana-erisimi-icin-yeni-destek,"Kadın Girişimcilerin Finansmana Erişimi İçin Yeni Destek
12 Haziran 2026
Garanti BBVA, Kredi Garanti Fonu (KGF) iş birliğiyle kadın girişimcilerin finansmana erişimini desteklemek amacıyla yeni bir kredi destek paketini hayata geçiriyor. Kefalet desteği sunulan paket kapsamında toplam 2 Milyar kefalet limiti bulunuyor.
Garanti BBVA, kadın girişimcilerin finansmana erişimini desteklemek amacıyla Kredi Garanti Fonu (KGF) ile yeni bir kredi destek paketini hayata geçiriyor. Toplam 2 milyar TL kefalet limiti kapsamında kadın girişimcilere kefalet desteği sağlanacak.
Kadın Girişimcinin Finansmana Erişim desteği kapsamında; %50 ve üzeri kadın sahipliği bulunan ve başvuru tarihi itibarıyla ticaret sicil gazetesinde kadın ortağın şirketi temsilen imza yetkisine sahip olduğu tüzel firmalar ile şahıs firmaları destekten yararlanabilecek. Program kapsamında kadın girişimciler en fazla 10 milyon TL‘ye kadar kredi kullanabilecek. Kadın girişimciler detaylı bilgi için Garanti BBVA şubelerine başvurabilecekler.
“Teminata erişimde zorlanan kadın girişimciler için çok kıymetli”
Garanti BBVA Genel Müdür Yardımcısı Sibel Kaya kadın girişimciler için bu yeni finansman olanağını şu sözlerle değerlendirdi: “Garanti BBVA olarak bankacılığı aynı zamanda yol arkadaşlığı, rehberlik ve uzun vadeli ortaklık olarak tanımlıyoruz. Kadın girişimciliğini de yaklaşık 20 yıldır bu anlayışla destekliyoruz. Finansman, eğitim, cesaretlendirme ve pazara erişim olmak üzere dört temel alanda çok boyutlu bir modelle ilerliyoruz. Finansman tarafında son beş yılda kadın girişimcilere sağladığımız destek 350 milyar TL’yi aştı. Şimdi de KGF iş birliğiyle yeni bir finansman olanağını hayata geçiriyoruz. Bu yeni kredi destek paketini çok kıymetli buluyoruz, çünkü özellikle teminata erişimde zorlanan kadın girişimciler için %80 kefalet desteği önemli bir avantaj sağlayacak. Kadın girişimcilerin ekonomide daha güçlü yer almasının yalnızca bireysel başarı değil, aynı zamanda kapsayıcı büyüme ve sürdürülebilir kalkınma açısından da kritik olduğuna inanıyoruz. Bu anlayışla kadın girişimcilerin yanında olmaya ve ‘Birlikte Yaparız’ demeye devam edeceğiz.”
Kadın girişimcilere ihtiyaç duydukları her alanda destek sağlanıyor
Garanti BBVA, kadın girişimciliğine yönelik çalışmalarını yalnızca finansman desteğiyle sınırlamıyor. Banka, kadın girişimcileri 20 yıldır finansman, eğitim, cesaretlendirme ve pazarlara erişim alanlarında dört ana eksende kesintisiz destekliyor.
Cesaretlendirme kapsamında, bugüne kadar 50 bini aşkın başvuru alınan Türkiye’nin Kadın Girişimcisi Yarışması ise bu yıl 19. kez gerçekleştirildi.
Eğitim eksininde ise Türkiye Kadın Girişimci Akademisi ile bugüne kadar 6 bin kadın girişimciye eğitim desteği sağladı.
KAGİDER iş birliğiyle yürüttüğü Ticaretin Kadınları platformu üzerinden yaklaşık 1.500 işletme ve 4 bine yakın kullanıcıyı yeni iş bağlantıları ve tedarik zincirleriyle buluşturuyor.",ca398f9366f29f39ff337f0c054a0da59ebd4bbf19e0699d7c2bce9604ff5993,https://www.garantibbva.com.tr/content/public-website/kurumsal-iletisim/kadin-girisimcilerin-finansmana-erisimi-icin-yeni-destek,kadın girişimcilerin finansmana erişimi i̇çin yeni destek,ca398f9366f29f39ff337f0c054a0da59ebd4bbf19e0699d7c2bce9604ff5993,2026-06-16T12:50:52.139771+00:00,detail_page_fetch,İlgili,,Good,,2026-06-12,,,Duyuru Tarihi,2026-06-12,,Duyuru/basın tarihi bulundu; recency için kullanıldı.,False,,False,,2026-06-12,Yüksek,announcement_date,False,2026-08-08,Kesim tarihinden eski: 2026-06-12 < 2026-08-08,Kampanya,True,Kampanya veya müşteri teklifi sinyali içeriyor.,True,True,,https://www.garantibbva.com.tr/kurumsal-iletisim
RI-2b0df05d9558,DOC-REG-003-20260616125038,REG-003,Tier 1,garanti_bbva,Garanti BBVA,Garanti BBVA Kurumsal communication / press releases,Resmi Basın Bülteni Sayfası,https://www.garantibbva.com.tr/kurumsal-iletisim,Garanti BBVA Sürdürülebilir Sendikasyon Kredisi,11 Haziran 2026,https://www.garantibbva.com.tr/content/public-website/kurumsal-iletisim/garanti-bbva-surdurulebilir-sendikasyon-kredisi,"Garanti BBVA Sürdürülebilir Sendikasyon Kredisi
11 Haziran 2026
Garanti BBVA, uluslararası piyasalardan sağladığı adil geçiş temalı sendikasyon kredisiyle ilk tematik sendikasyon kredisini aldı
Garanti BBVA, uluslararası piyasalardan 367 gün, 24 ay 2 gün ve 36 ay 2 gün vadeli sürdürülebilirlik temalı
[1]
sendikasyon kredisi sağladı. 15 ülkeden 32 finansal kurumun katılımıyla gerçekleştirilen işlem, Garanti BBVA’nın ilk tematik sendikasyon kredisi olma özelliğini taşırken, Türkiye’nin adil geçişini
[2]
desteklemeyi amaçlıyor.
Garanti BBVA, yurtdışı borçlanma programı kapsamında uluslararası piyasalardan sağladığı sürdürülebilirlik temalı sendikasyon kredisi anlaşmasını başarıyla tamamladı.
Banka, toplamda 32,5 milyon dolar ve 23,5 milyon avro tutarında 367 gün vadeli, 105,25 milyon dolar ve 40 milyon avro tutarında 24 ay 2 gün vadeli, 87,5 milyon dolar ve 2 milyon avro tutarında 36 ay 2 gün vadeli olmak üzere sürdürülebilirlik temalı sendikasyon kredisi anlaşması imzaladı.
15 ülkeden 32 finansal kurumun katılımıyla sağlanan sendikasyon kredisinin 367 gün vadeli dilimlerinin toplam maliyeti dolar ve avro için sırasıyla SOFR + %1,25 ve Euribor + %1,10 olarak gerçekleşti. 24 ay 2 gün vadeli dilimlerin toplam maliyeti dolar için SOFR + %1,75 ve avro için Euribor + %1,60 olurken, 36 ay 2 gün vadeli dilimlerin toplam maliyeti ise dolar için SOFR + %2,00 ve avro için Euribor + %1,80 seviyesinde gerçekleşti.
Haziran döneminde uluslararası yatırımcılardan yoğun ilgi gören işlem kapsamında, sektördeki diğer bankalarda olduğu gibi üç yıl vadeli dilimler de yatırımcıların ilgisine sunuldu. Katılan banka sayısı ve sağlanan kaynak tutarı açısından güçlü talep gören sendikasyon işlemiyle Garanti BBVA, kredisini yeniledi.
Garanti BBVA’nın Sürdürülebilir Borç Finansmanı Çerçevesi kapsamında gerçekleştirilen işlem, sürdürülebilir finansman alanındaki yaklaşımını bir adım ileri taşırken, 24 ay 2 gün ve 36 ay iki gün vadeli dilimlerinin Banka’nın ilk tematik sendikasyon kredisi olmasının yanı sıra adil geçiş temasını odağına alan yapısıyla da öne çıkıyor. İşlemden sağlanan kaynağın, Sürdürülebilir Borç Finansmanı Çerçevesi’nde tanımlanan uygunluk kriterleri kapsamında çevresel dönüşümü destekleyen[1] ve aynı zamanda olumlu sosyal etkiler yaratan projelerin finansmanında kullanılması hedefleniyor. Bu doğrultuda kaynağın, düşük karbonlu ekonomiye[2] adil geçişi destekleyen yatırımlara[3] yönlendirilmesinin yanı sıra istihdamın, sosyal kapsayıcılığın, yetkinlik gelişiminin ve ekonomik fırsatlara erişimin güçlendirilmesine katkı sağlayabilecek faaliyetlerin finansmanına tahsis edilmesi amaçlanıyor.
Garanti BBVA Genel Müdürü Mahmut Akten
, işlemle ilgili yaptığı değerlendirmede şunları söyledi: ""Uluslararası piyasalarda gerçekleştirdiğimiz bu işlemle Garanti BBVA’ya duyulan güveni ve bankamızın güçlü finansal yapısını bir kez daha ortaya koyduk. Küresel piyasalarda belirsizliklerin sürdüğü bir dönemde, farklı vadelerde ve para birimlerinde sağladığımız bu kaynakla fonlama yapımızı daha da güçlendirirken müşterilerimize kesintisiz destek sunma kapasitemizi de artırıyoruz. Bu işlemi ayrıca özel kılan unsur, bankamızın ilk tematik sendikasyon kredisi olması. Sürdürülebilir finansmanı iş modelimizin merkezinde konumlandırıyor, ekonomik büyümenin çevresel ve sosyal etkiler gözetilerek desteklenmesi gerektiğine inanıyoruz. Sağlanan kaynağın sürdürülebilir finansman hedeflerimize katkı sağlamasının yanı sıra düşük karbonlu ekonomiye adil geçişi destekleyerek ülkemiz ekonomisine ve reel sektöre verdiğimiz desteği de güçlendireceğine inanıyoruz.""
[1] Çevresel dönüşümü destekleyen; sera gazı emisyonlarının azaltılması, enerji verimliliğinin artırılması, kaynak kullanımının iyileştirilmesi gibi çevresel etkilerin azaltılmasına katkı sağlayan faaliyetleri ifade eder.
[2] Düşük karbonlu ekonomi; ekonomik büyümenin, sera gazı emisyonlarının azaltılması ve iklim değişikliğiyle mücadele hedefleriyle uyumlu şekilde gerçekleştirilmesini amaçlayan ekonomik yapıyı ifade eder.
[3] Adil geçişi destekleyen yatırımlar; düşük karbonlu ekonomiye geçiş sürecinin ekonomik ve sosyal etkilerinden etkilenebilecek topluluklar ve diğer paydaşlar açısından adil ve kapsayıcı sonuçlar yaratmayı amaçlayan, iklim hedefleriyle uyumlu yatırımları ifade eder.
[4] Düşük karbonlu ekonomi; ekonomik büyümenin, sera gazı emisyonlarının azaltılması ve iklim değişikliğiyle mücadele hedefleriyle uyumlu şekilde gerçekleştirilmesini amaçlayan ekonomik yapıyı ifade eder.
[5] Adil geçişi destekleyen yatırımlar; düşük karbonlu ekonomiye geçiş sürecinin ekonomik ve sosyal etkilerinden etkilenebilecek topluluklar ve diğer paydaşlar açısından adil ve kapsayıcı sonuçlar yaratmayı amaçlayan, iklim hedefleriyle uyumlu yatırımları ifade eder.",ba2e94f6579fb0d0e3c8c5a22b1c4345bc0a523bc58b2926862513555837d065,https://www.garantibbva.com.tr/content/public-website/kurumsal-iletisim/garanti-bbva-surdurulebilir-sendikasyon-kredisi,garanti bbva sürdürülebilir sendikasyon kredisi,ba2e94f6579fb0d0e3c8c5a22b1c4345bc0a523bc58b2926862513555837d065,2026-06-16T12:50:52.375916+00:00,detail_page_fetch,İlgisiz,,Good,,2026-06-11,,,Duyuru Tarihi,2026-06-11,,Duyuru/basın tarihi bulundu; recency için kullanıldı.,False,,True,CL-03c6dd9f69f3,2026-06-11,Yüksek,announcement_date,False,2026-08-08,Kesim tarihinden eski: 2026-06-11 < 2026-08-08,Kampanya,True,Kampanya veya müşteri teklifi sinyali içeriyor.,True,True,,https://www.garantibbva.com.tr/kurumsal-iletisim
RI-f2f1685394b7,DOC-REG-003-20260616125038,REG-003,Tier 1,garanti_bbva,Garanti BBVA,Garanti BBVA Kurumsal communication / press releases,Resmi Basın Bülteni Sayfası,https://www.garantibbva.com.tr/kurumsal-iletisim,Global Summit of Women 2026,8 Haziran 2026,https://www.garantibbva.com.tr/content/public-website/kurumsal-iletisim/global-summit-of-women-2026,"Global Summit of Women 2026
8 Haziran 2026
Garanti BBVA, Global Summit of Women’da Kadın Girişimciliğindeki 20 Yıllık Deneyimini Dünyayla Paylaştı
Garanti BBVA’nın ana destekçileri arasında yer aldığı Global Summit of Women 2026, dünyanın farklı ülkelerinden bakanları, iş dünyası liderlerini, yatırımcıları, girişimcileri ve kanaat önderlerini İstanbul’da bir araya getirdi. Kadın girişimciliği, kapsayıcı büyüme, yatırım ekosistemi ve sürdürülebilir kalkınma başlıklarının ele alındığı zirvede Garanti BBVA, kadın girişimciliğine yönelik 20 yıllık destek modelinin yanı sıra, KOBİ bankacılığı deneyimini ve bu alandaki yaklaşımını da uluslararası katılımcılarla paylaştı.
4-6 Haziran tarihleri arasında düzenlenen zirveye farklı ülkelerden kamu temsilcileri, küresel şirket yöneticileri, yatırımcılar ve girişimcilik ekosisteminin önde gelen isimleri katıldı. Program kapsamında T.C. Hazine ve Maliye Bakanı Mehmet Şimşek’in yanı sıra çok sayıda uluslararası konuşmacı da yer aldı.
Kadın girişimciliği alanındaki deneyim uluslararası platforma taşındı
Kadınların ekonomideki rolü, girişimcilik, liderlik ve yatırım ekosistemi başlıklarının öne çıktığı zirvede, Garanti BBVA Genel Müdür Yardımcısı Sibel Kaya konuşmacı olarak yer aldı.
Sibel Kaya, T.C. Hazine ve Maliye Bakanı Mehmet Şimşek’in ana konuşmacı olduğu “Türkiye'de Ticaret Yapmak” oturumunda; KOBİ’lerin ekonomideki önemi, girişimcilik ekosistemi ve kadın girişimciliğinin dönüşüm üzerindeki etkisine ilişkin değerlendirmelerde bulundu. Kaya ayrıca, Garanti BBVA’nın 20 yılı aşkın süredir kadın girişimcilere yönelik sürdürdüğü destek çalışmalarını ve bu alandaki yaklaşımını paylaştı.
“Kadın girişimciliğini ekonomik ve toplumsal dönüşümün önemli bir parçası olarak görüyoruz”
Garanti BBVA Genel Müdür Yardımcısı Sibel Kaya zirveye ilişkin değerlendirmesinde şunları söyledi:
“Kadın girişimciliği alanında farklı ülkelerde geliştirilen deneyimlerin paylaşılması ve ortak öğrenme kültürünün güçlenmesi açısından Global Summit of Women gibi uluslararası platformları çok değerli buluyoruz. Garanti BBVA olarak kadın girişimciliğini 20 yıldır finansman, eğitim, cesaretlendirme ve pazara erişim olmak üzere dört temel alanda destekliyoruz.
Son 5 yılda kadın girişimcilere sağladığımız 350 milyar TL finansmanla, onların ekonomik hayatta daha güçlü yer almasına katkı sunmayı sürdürdük. Kadın girişimciliğini yalnızca bir sosyal sorumluluk alanı olarak değil; kapsayıcı büyüme ve sürdürülebilir kalkınmanın önemli bir unsuru olarak görüyoruz.
Bugün kadın girişimciler yalnızca kendi işletmelerini değil, içinde bulundukları ekosistemi de dönüştürüyor. Türkiye’de geliştirdiğimiz bu uzun soluklu destek modelinin uluslararası platformlarda örnek uygulama olarak paylaşılmasını çok kıymetli buluyoruz.
Yakın dönemde kadın girişimciliğine yönelik model ve deneyimlerimizi IFC ile İstanbul’da paylaşırken, Birleşmiş Milletler Kadının Statüsü Komisyonu kapsamında New York’ta düzenlenen etkinlikte de uluslararası kamuoyuna aktardık. Şimdi ise Global Summit of Women’da dünyanın farklı ülkelerinden iş dünyası temsilcileri, yatırımcılar ve girişimcilik ekosistemi liderleriyle bu deneyimi paylaşmaya devam ediyoruz.
Kadın girişimcilerin küresel ölçekte daha görünür ve güçlü olması gerektiğine inanıyoruz. Bu doğrultuda Techstars iş birliğimiz ve Startup Weekend Women gibi platformlarla kadın girişimcilerimizi uluslararası ağlarla buluşturmayı önemsiyoruz. Çünkü kadın girişimcilerin güçlenmesinin yalnızca ekonomik büyümeyi değil, toplumsal dönüşümü de beraberinde getirdiğine inanıyoruz.”
Kadın girişimciler deneyimlerini uluslararası katılımcılarla paylaştı
Zirvede Garanti BBVA’nın desteklediği kadın girişimciler de farklı oturumlarda yer aldı. Türkiye’nin Kadın Girişimcisi Yarışması’nın önceki dönem kazananlarından Nebyan Doğal’ın kurucusu Nazlı Uyanık ile Mol-E’nin kurucusu Müge Baltacı, Entrepreneurship Forum ve Youth Forum oturumlarında girişimcilik yolculuklarını ve büyüme hikâyelerini uluslararası katılımcılarla paylaştı.
Garanti BBVA Girişim Bankacılığı Yöneticisi Selin Öz ise zirvenin kapanış gününde gerçekleştirilen “Investing for Your and Your Business’ Financial Future” panelinde konuşmacı olarak yer aldı. Panelde bireysel ve kurumsal finansal gelecek, yatırım perspektifi ve sürdürülebilir büyüme başlıkları ele alındı.",82fb782bfdb26b316ea38a0c0a386ad61fdaa9412ea3fc30b9bc7e50096e1f28,https://www.garantibbva.com.tr/content/public-website/kurumsal-iletisim/global-summit-of-women-2026,global summit of women 2026,82fb782bfdb26b316ea38a0c0a386ad61fdaa9412ea3fc30b9bc7e50096e1f28,2026-06-16T12:50:52.624206+00:00,detail_page_fetch,İlgisiz,,Good,,2026-06-08,,,Duyuru Tarihi,2026-06-08,,Duyuru/basın tarihi bulundu; recency için kullanıldı.,False,,True,CL-f09ecebc67dd,2026-06-08,Yüksek,announcement_date,False,2026-08-08,Kesim tarihinden eski: 2026-06-08 < 2026-08-08,İş Birliği,True,"İş birliği, mutabakat veya entegrasyon duyurusu içeriyor.",True,True,,https://www.garantibbva.com.tr/kurumsal-iletisim
RI-975507b1b15c,DOC-REG-003-20260616125038,REG-003,Tier 1,garanti_bbva,Garanti BBVA,Garanti BBVA Kurumsal communication / press releases,Resmi Basın Bülteni Sayfası,https://www.garantibbva.com.tr/kurumsal-iletisim,Garanti BBVA Leasing Sürdürülebilirlik Çerçeve Mutabakatı,01 Haziran 2026,https://www.garantibbva.com.tr/content/public-website/kurumsal-iletisim/garanti-bbva-leasing-surdurulebilirlik-cerceve-mutabakati,"Garanti BBVA Leasing Sürdürülebilirlik Çerçeve Mutabakatı
01 Haziran 2026
Garanti BBVA ve Garanti BBVA Leasing’ten sürdürülebilir finansmanda öncü adım
Garanti BBVA ile Garanti BBVA Leasing arasında imzalanan sürdürülebilirlik çerçeve mutabakatı kapsamında, 2 milyar TL tutarında ilk sürdürülebilirlikle bağlantılı IRS (faiz swap) işlemi ve 5 milyon euro tutarında ilk sürdürülebilirlikle bağlantılı kredi (SLL) işlemi gerçekleştirildi. İşlemler, sürdürülebilirlik performans kriterlerinin hem finansman hem de faiz risk yönetimi süreçlerine entegre edilmesini sağladı.
Garanti BBVA, sürdürülebilir finansman alanındaki yenilikçi uygulamalarına bir yenisini daha ekledi. Garanti BBVA ile Garanti BBVA Leasing arasında imzalanan sürdürülebilirlik çerçeve mutabakatı ile 2 milyar TL tutarında ilk sürdürülebilirlikle bağlantılı IRS (faiz swap) işlemi ve 5 milyon euro tutarında ilk sürdürülebilirlikle bağlantılı kredi (SLL) işlemi hayata geçirildi.
Gerçekleştirilen işlemler kapsamında sürdürülebilirlik performans kriterleri, hem finansman süreçlerine hem de faiz riskinden korunma mekanizmalarına entegre edildi. Bu sayede sürdürülebilirlik hedefleri finansman yapısı ve risk yönetimi süreçleriyle bütünleşirken, işlem sürdürülebilir finans uygulamalarının farklı alanlarda kullanımına yönelik önemli bir örnek oluşturdu. İşlem, Garanti BBVA Leasing’in gerçekleştirdiği ilk sürdürülebilirlikle bağlantılı kredi ve IRS işlemi olmasının yanı sıra Garanti BBVA’nın da bir iştirakiyle hayata geçirdiği ilk sürdürülebilirlikle bağlantılı kredi ve IRS işlemi olma özelliği taşıyor.
Garanti BBVA Genel Müdür Yardımcısı Sinem Edige,
“Bugün sürdürülebilirlik, finansal sistemin dönüşümünü şekillendiren temel bir unsur haline geldi. Garanti BBVA olarak biz de bu dönüşüme öncülük etmeyi stratejik önceliklerimiz arasında görüyoruz. Garanti BBVA Leasing ile gerçekleştirdiğimiz bu işlemler hem Garanti BBVA Leasing’in hem de Garanti BBVA’nın bir iştirakiyle gerçekleştirdiği ilk sürdürülebilirlikle bağlantılı kredi ve IRS işlemleri olma özelliği taşıyor. Müşterilerimizin sürdürülebilirlik hedeflerini finansal stratejileriyle entegre etmelerini destekleyen yenilikçi çözümler geliştirmeye devam ediyoruz. Bu yaklaşımın, sürdürülebilir finansman uygulamalarının yaygınlaşmasına ve reel ekonominin dönüşümüne katkı sağlayacağına inanıyoruz. Bu önemli işlemin hayata geçirilmesinde emeği geçen tüm ekip arkadaşlarımıza ve paydaşlarımıza teşekkür ediyorum. Önümüzdeki dönemde de sürdürülebilir finansman alanında öncü ve yenilikçi adımlar atmaya devam edeceğiz,” dedi.
Garanti BBVA, sürdürülebilir finansman alanındaki uzmanlığıyla müşterilerinin sürdürülebilirlik hedeflerini, finansal stratejileriyle uyumlu hale getirmelerine destek oluyor. Banka, yenilikçi finansman çözümleriyle sürdürülebilir finans uygulamalarının yaygınlaşmasına katkı sağlamayı sürdürüyor.",25c926204aac9f48397bdaad6bb2e98e168eb735f29027f7a51dd314a5a78332,https://www.garantibbva.com.tr/content/public-website/kurumsal-iletisim/garanti-bbva-leasing-surdurulebilirlik-cerceve-mutabakati,garanti bbva leasing sürdürülebilirlik çerçeve mutabakatı,25c926204aac9f48397bdaad6bb2e98e168eb735f29027f7a51dd314a5a78332,2026-06-16T12:50:55.732491+00:00,detail_page_fetch,İlgisiz,,Good,,2026-06-01,,,Duyuru Tarihi,2026-06-01,,Duyuru/basın tarihi bulundu; recency için kullanıldı.,False,,True,CL-03c6dd9f69f3,2026-06-01,Yüksek,announcement_date,False,2026-08-08,Kesim tarihinden eski: 2026-06-01 < 2026-08-08,İş Birliği,True,"İş birliği, mutabakat veya entegrasyon duyurusu içeriyor.",True,True,,https://www.garantibbva.com.tr/kurumsal-iletisim
RI-453a32b9cd67,DOC-REG-003-20260616125038,REG-003,Tier 1,garanti_bbva,Garanti BBVA,Garanti BBVA Kurumsal communication / press releases,Resmi Basın Bülteni Sayfası,https://www.garantibbva.com.tr/kurumsal-iletisim,Salt 15 Yıldır Kültür Mirasını Geleceğe Taşıyor,22 Mayıs 2026,https://www.garantibbva.com.tr/content/public-website/kurumsal-iletisim/salt-15-yildir-kultur-mirasini-gelecege-tasiyor,"Salt 15 Yıldır Kültür Mirasını Geleceğe Taşıyor
22 Mayıs 2026
Garanti BBVA tarafından 2011 yılında kurulan Salt, 15. yılını geride bırakırken Türkiye’nin kültür ve araştırma hafızasını güçlendirmeye devam ediyor. Kurum, bugüne kadar yaklaşık 5 milyon ziyaretçiyi ağırlarken, 2 milyonu aşkın belge ve kaynaktan oluşan arşiv koleksiyonlarını kamusal erişime açtı.
Temelleri Osmanlı Bankası Müzesi, Garanti Galeri ve Platform Garanti’nin birikimi üzerine atılan Salt, bugün disiplinler arasındaki sınırları kaldıran bir yapıya dönüşmüş durumda. Salt bu güçlü altyapısıyla; bilgi, kültür ve sanat üretiminin önemli referans merkezlerinden biri olarak konumlanıyor. Salt aynı zamanda, İstanbul İstiklal Caddesi üzerindeki Salt Beyoğlu, Bankalar Caddesi üzerindeki Salt Galata mekânları ve dijital platformları aracılığıyla, kullanıcılarına araştırma, karşılaşma ve ifade alanları sunuyor.
Salt’ın tüm mekânlarına girişin, programlarına katılımın ve arşivlerinin kullanımının herkes için ücretsiz olması, kurumun erişilebilirlik yaklaşımını güçlendirirken, toplumsal katkısını da pekiştiriyor. Sergilerden yayınlara ve web projelerine, film gösterimlerinden atölye çalışmalarına uzanan çok katmanlı program yapısıyla Salt, kültürel üretimini geniş kitlelerle buluşturmayı sürdürüyor.
Ebru Taşcı Firuzbay: “Kültür ve araştırmayı uzun vadeli bir toplumsal yatırım olarak görüyoruz”
Garanti BBVA Genel Müdür Yardımcısı ve Salt Yönetim Kurulu Üyesi Ebru Taşcı Firuzbay,
Salt’ın 15. yılına dair yaptığı değerlendirmede, “Yürüttüğümüz toplumsal yatırım programlarının gerçek bir ihtiyaca dokunmasını, uzun vadeli olmasını ve yüksek etki yaratmasını önemsiyoruz. Salt, bu yaklaşımımızın en güçlü örneklerinden biri. Farklı kültürel birikimlerin bir araya gelmesiyle şekillenen bu yapı, bugün araştırmayı ve paylaşımı odağına alan çok özel bir kurum haline geldi. Salt Galata ve Salt Beyoğlu’nda bugüne kadar yaklaşık 5 milyon ziyaretçiye ulaşılması ve Salt Araştırma bünyesindeki çalışmalarla bilginin geniş kitlelere açılması, bu alandaki yaklaşımımızın ne kadar güçlü bir karşılık bulduğunu gösteriyor. Garanti BBVA olarak ‘Birlikte Yaparız’ anlayışımızla bilgi, kültür ve sanat üretimini desteklemeye devam edeceğiz.” dedi.
Salt Genel Müdürü Deniz Ova
ise yaptığı açıklamada, “Çok disiplinli üretimiyle sanat, mimarlık, tasarım ile sosyal ve ekonomik tarih arasındaki kesişimleri odağına alan Salt, son 15 yılda geçmiş ile bugün arasında canlı bir diyalog kurarak, günümüz meselelerini yeniden düşünmeye ve bilgi üretimini dönüştürmeye katkıda bulundu. Araştırma ve sorgulamaya dayalı üretimlerini, mekânları ve dijital platformlarında ücretsiz ve eşit erişime açan kurum, açık fikirlilik, karşılıklı öğrenme ve kapsayıcılık çerçevesinde şekillenen yaklaşımını geleceğe taşırken; Türkiye ve yakın coğrafyasını da birlikte düşünen, tartışan ve üreten bir alan olarak eleştirel diyaloğu beslemeyi sürdürecek. Özellikle genç kullanıcı ve izleyicilerle kurduğu dinamik etkileşimle yeni düşünme ve üretim biçimlerini teşvik etmeyi önceliklendirmeye devam edecek. Bu yolculukta kurucumuz Garanti BBVA’nın Salt’a verdiği destek için müteşekkiriz” dedi.
Salt Araştırma Fonları ile 80’in Üzerinde Projeye Destek
Salt, 2013 yılından bu yana sanat, mimarlık ve tasarım alanlarında özgün araştırmaları Salt Araştırma Fonları programıyla destekliyor. Bugüne kadar 80’in üzerinde projeye katkı sağlayan program, 2025 yılında hayata geçirilen Garanti BBVA Ekonomi Tarihi Fonu ile kapsamını daha da genişletti. Bu fon aracılığıyla ekonomi tarihi alanında çalışan araştırmacıların, toplumsal dönüşümleri çok yönlü bakış açılarıyla ele alması ve elde edilen bulguların herkesin erişimine açık bir zemine taşınması hedefleniyor.",15c7b7f4495d1920ac1b218cf7bf2090cf609417dad38c067526be595271182c,https://www.garantibbva.com.tr/content/public-website/kurumsal-iletisim/salt-15-yildir-kultur-mirasini-gelecege-tasiyor,salt 15 yıldır kültür mirasını geleceğe taşıyor,15c7b7f4495d1920ac1b218cf7bf2090cf609417dad38c067526be595271182c,2026-06-16T12:50:55.950976+00:00,detail_page_fetch,İlgisiz,,Good,,2026-05-22,,,Duyuru Tarihi,2026-05-22,,Duyuru/basın tarihi bulundu; recency için kullanıldı.,False,,False,,2026-05-22,Yüksek,announcement_date,False,2026-08-08,Kesim tarihinden eski: 2026-05-22 < 2026-08-08,Ürün / Özellik Gelişmesi,True,"Ürün, API, POS, ödeme, tahsilat veya dijital özellik gelişmesi sinyali içeriyor.",True,True,,https://www.garantibbva.com.tr/kurumsal-iletisim
RI-4ddd18aa0015,DOC-REG-003-20260616125038,REG-003,Tier 1,garanti_bbva,Garanti BBVA,Garanti BBVA Kurumsal communication / press releases,Resmi Basın Bülteni Sayfası,https://www.garantibbva.com.tr/kurumsal-iletisim,Global Finance Türkiye’nin En İyi Bankası Ödülü,20 Mayıs 2026,https://www.garantibbva.com.tr/content/public-website/kurumsal-iletisim/global-finance-turkiye-nin-en-iyi-bankasi-odulu-2026,"Global Finance Türkiye’nin En İyi Bankası Ödülü
20 Mayıs 2026
Garanti BBVA, Global Finance tarafından Türkiye’nin en iyi bankası seçildi
Garanti BBVA, uluslararası finans dünyasının saygın yayınlarından Global Finance tarafından düzenlenen “World’s Best Bank Awards 2026” kapsamında Türkiye’nin en iyi bankası seçildi. Banka; güçlü finansal performansı, sürdürülebilir büyüme yaklaşımı ve müşteri odaklı inovasyonlarıyla bu ödüle layık görüldü.
Bu yıl 33’üncüsü düzenlenen ödül programında, dünya genelinde 150’den fazla ülke ve bölgedeki bankalar; kârlılık, büyüme, stratejik vizyon, inovasyon kapasitesi ve müşteri ihtiyaçlarına yanıt verme becerisi gibi kriterlere göre değerlendiriliyor. Garanti BBVA, bu kapsamlı değerlendirme sonucunda Türkiye’nin en iyi bankası unvanını elde etti.
“Hem ülkemiz hem de müşterilerimiz için değer yaratmayı sürdürüyoruz.”
Garanti BBVA Genel Müdürü Mahmut Akten
, konuya ilişkin değerlendirmesinde şunları söyledi:
“Böylesine saygın bir programda Türkiye’nin en iyi bankası seçilmekten büyük gurur duyuyoruz. Bu ödül; güçlü finansal performansımızın, sürdürülebilir büyüme yaklaşımımızın ve müşterilerimize sunduğumuz yenilikçi deneyimin bir yansıması. Türk lirası kredilerdeki lider konumumuz, kredi kartları ve tüketici finansmanındaki öncü rolümüzle ekonomiye değer yaratmayı sürdürüyoruz.
30 milyonu aşan müşteri tabanımız ve 18 milyonu aşan aktif mobil müşterimizle, dijital bankacılığı büyüme stratejimizin merkezine alıyoruz. Perakende satışlarımızın %89’unu dijital kanallar üzerinden gerçekleştiriyor olmamız, bu dönüşümün en somut göstergelerinden biri.
Tüm bu dönüşümü, müşterilerimizin ihtiyaçlarını merkeze alan
Radikal Müşteri Perspektifimiz
doğrultusunda; empati, kişiselleştirme ve akıcı deneyim odağıyla şekillendiriyoruz. Yapay zekâ ve veri odaklı teknolojilerle müşteri deneyimini ve iş yapış şekillerimizi dönüştürmeye devam ediyoruz.
Sürdürülebilirliği büyümenin temel itici gücü olarak konumlarken, 2018-2029 dönemi için belirlediğimiz 3,5 trilyon TL sürdürülebilir finansman hedefimiz doğrultusunda ilerliyoruz. Kadın girişimcilere sağladığımız finansman desteğiyle kapsayıcı büyümeye katkı sunmayı sürdürüyoruz.
Bu başarıda emeği geçen tüm çalışma arkadaşlarımıza ve bize güvenen müşterilerimize teşekkür ediyorum. ‘Birlikte Yaparız’ diyerek çıktığımız bu yolda, ülkemiz ve müşterilerimiz için değer yaratmaya kararlılıkla devam edeceğiz.”",28d339a253acbc308a56fdf92b8e29d6c88cabf95eed0864d39397b2498a8ac6,https://www.garantibbva.com.tr/content/public-website/kurumsal-iletisim/global-finance-turkiye-nin-en-iyi-bankasi-odulu-2026,global finance türkiye’nin en i̇yi bankası ödülü,28d339a253acbc308a56fdf92b8e29d6c88cabf95eed0864d39397b2498a8ac6,2026-06-16T12:50:56.176792+00:00,detail_page_fetch,İlgisiz,,Good,,2026-05-20,,,Duyuru Tarihi,2026-05-20,,Duyuru/basın tarihi bulundu; recency için kullanıldı.,False,,True,CL-f09ecebc67dd,2026-05-20,Yüksek,announcement_date,False,2026-08-08,Kesim tarihinden eski: 2026-05-20 < 2026-08-08,Ürün / Özellik Gelişmesi,True,"Ürün, API, POS, ödeme, tahsilat veya dijital özellik gelişmesi sinyali içeriyor.",True,True,,https://www.garantibbva.com.tr/kurumsal-iletisim
RI-f8fcc7126aad,DOC-REG-003-20260616125038,REG-003,Tier 1,garanti_bbva,Garanti BBVA,Garanti BBVA Kurumsal communication / press releases,Resmi Basın Bülteni Sayfası,https://www.garantibbva.com.tr/kurumsal-iletisim,Türkiye 2025 İklim Değişikliği ve Doğa Raporu,20 Mayıs 2026,https://www.garantibbva.com.tr/content/public-website/kurumsal-iletisim/dunyadaki-27-triple-a-seviyesindeki-sirketten-5i-turkiyeden,"Türkiye 2025 İklim Değişikliği ve Doğa Raporu
20 Mayıs 2026
Dünyadaki 27 Triple A Seviyesindeki Şirketten 5'i Türkiye'den
Türkiye çalışmalarını Sabancı Üniversitesi Kurumsal Yönetim Forumu’nun üstlendiği CDP, “Türkiye 2025 İklim Değişikliği ve Doğa Raporu”nun sonuçlarını ve lider şirketleri 15 Mayıs’ta gerçekleştirilen CDP Türkiye 16. İklim Değişikliği & Doğa Konferansı ve Ödül Töreni’nde kamuoyuyla paylaştı. Bu yıl konferans, “COP31’e Doğru: Raporlama İvmesini Küresel Rekabet Gücüne Dönüştürmek” temasıyla düzenlendi.
Rapora göre Türkiye, çevresel raporlama ve performans alanında küresel ölçekte güçlü bir konuma ulaştı. CDP’nin küresel derecelendirme metodolojisine göre Türkiye’den toplam 45 şirket en az bir Küresel A Listesi’nde yer aldı. Dünyada yalnızca 27 şirketin ulaşabildiği Triple A seviyesine ise Türkiye’den 5 şirket ulaştı.
Derecelendirme dağılımına bakıldığında, tüm temalarda “Yönetim” ve “Liderlik” seviyelerinde yer alan şirket oranı iklimde %82, ormansızlaşmada %70 ve su yönetimi temasında %87’ye ulaştı. Bu oranlar şirketlerin, Avrupa ve küresel ortalamaların üzerinde güçlü bir performans sergilediğini ve Türkiye’nin öne çıkan pazarlardan biri haline geldiğini gösteriyor.
Türkiye operasyonlarını Sabancı Üniversitesi Kurumsal Yönetim Forumu çatısı altında yürüten, dünyanın en büyük çevre raporlama platformu CDP, Türkiye’deki şirketlerin 2025 yılı iklim değişikliği ve doğa raporlaması kapsamındaki performansını CDP Türkiye 16. İklim Değişikliği ve Doğa Konferansı’nda paylaştı. Garanti BBVA’nın ana sponsorluğunda Türkiye faaliyetlerini gerçekleştiren CDP Türkiye, 2025 yılına ait analiz ve bulguları içeren “CDP Türkiye 2025 İklim Değişikliği ve Doğa Raporu”nun sonuçlarını ve CDP’nin Global Derecelendirme Metodolojisine göre belirlenen CDP Liderleri’ni, 15 Mayıs’ta gerçekleştirilen 16. Türkiye konferansında açıkladı.
Bu yıl, Türkiye’nin ev sahipliği yapacağı Birleşmiş Milletler İklim Değişikliği Çerçeve Sözleşmesi 31. Taraflar Konferansı (COP31) öncesi çevresel verinin kalitesi, karşılaştırılabilirliği ve karar alma süreçlerine entegrasyonu iş dünyasının dönüşümünde belirleyici bir rol oynuyor. Bu noktada CDP, yalnızca bir raporlama platformu olmanın ötesinde, şirketlerin uygulama kapasitesini görünür kılabilecek ve hesap verebilirliği güçlendirebilecek önemli bir araç olarak öne çıkıyor. “CDP Türkiye 2025 İklim Değişikliği ve Doğa Raporu”, Türkiye’deki şirketlerin çevresel raporlamayı rekabet gücüne dönüştürebilme kapasitesini ortaya koyuyor. Rapor, COP31 öncesinde şirketlerin raporlamadan uygulamaya geçişteki hazırlık seviyesini ortaya koyan güçlü bir çerçeve sunuyor.
Türkiye çevresel raporlamada güçlü bir konuma ulaştı
CDP aracılığıyla 2025 yılında 22.100’den fazla şirket, çevresel verilerini raporlarken bu sürece 1.000’den fazla şehir ve bölge de eklendi. 2025 yılında, neredeyse 900 şirket CDP’nin en yüksek derecelendirme seviyesi olan Küresel A Listesi’ne girdi. Türkiye’den ise toplam 45 şirket en az bir Küresel A Listesi’nde yer aldı. İklim, su ve ormansızlaşma kategorilerinin üçünde birden en yüksek liderlik seviyesi olan “Triple A” listesine giren dünyadaki 27 şirketten 5’i ise Türkiye’den. Diğer 17 şirket şirket ise iki ayrı kategoride liderlik sergileyerek “Double A” statüsü elde etti. Türkiye bu başarısıyla, CDP ekosisteminde çevresel raporlama ve performans alanında küresel ölçekteki en güçlü pazarlardan biri haline geldi.
Türkiye’nin liderlik performansı ortalamaların üzerinde
CDP Türkiye 2025 İklim Değişikliği ve Doğa Raporu’na göre, Türkiye’den raporlama yapan şirketler Avrupa ve küresel ortalamaların üzerinde performans göstererek “Yönetim” ve “Liderlik” seviyelerinde iklim değişikliğinde %82, su güvenliğinde %87 ve ormansızlaşma temasında %70’e ulaştı. Bu tablo, çevresel yönetimin artık yalnızca öncü şirketlere özgü bir alan olmadığını, giderek daha geniş bir şirket grubunun kurumsal sistemlerine entegre edildiğini gösteriyor.
Çevresel liderlik ile finansal performans arasındaki ilişki giderek güçleniyor
Bu yılki raporun bir kısmı, A ve A– notu alan lider şirketlerin çevresel risk ve fırsatları finansal açıdan nasıl yönettiğini, daha düşük derecelendirme notlarına sahip şirketlerle karşılaştırmalı olarak analiz ediyor. Bu fark özellikle fırsatlar tarafında daha net görülüyor. Lider şirketler, çevresel girişimler kapsamında yaptıkları her 1 dolarlık yatırımın yaklaşık 4 dolar finansal değer yaratma potansiyeli olduğunu raporlarken, daha düşük performans gösteren şirketlerde bu değer yaklaşık 0,07 dolar seviyesinde. Bu durum, fırsatların belirlenmesi ve finansal değere dönüştürülmesi konusunda ciddi bir verimlilik farkına işaret ediyor. Benzer bir ayrışma risk yönetiminde de görülüyor. Lider şirketlerde maliyet-risk oranına bakıldığında, maliyeti 1 dolar olan bir riski yönetmek için yaklaşık 0,43 dolar harcamanın yeterli olacağı görülüyor. Buna karşılık, daha düşük performans gösteren şirketlerde aynı riski yönetmek için yaklaşık 5,9 dolar harcamak gerektiği görülmekte. Bu durum, lider şirketlerin finansal açıdan önemli riskleri görece daha düşük maliyetle yönetebildiğini ve potansiyel olarak daha hedefli bir risk yönetimi yaklaşımına sahip olduğunu gösteriyor.
Raporlamaların derinlik ve uygulama düzeyi artırılmalı
Temel iklim raporlama göstergeleri açısından bakıldığında, Türkiye’deki şirketler yüksek ve tutarlı bir olgunluk düzeyi sergiliyor. Ancak taahhütlerin derinliği ve düşük karbonlu ekonomiye geçiş araçlarının uygulanma düzeyi incelendiğinde daha farklı bir tablo ortaya çıkıyor. Şirketlerin %70’i 1,5°C ile uyumlu bir iklim geçiş planı raporlarken, yalnızca %33’ü fosil yakıtlardan çıkışa yönelik açık bir taahhütte bulunuyor. Net-sıfır hedefleri yaygın olmakla birlikte (%62), bunların yalnızca %12’si Bilim Temelli Hedefler Girişimi (SBTi) tarafından doğrulanmış vaziyette. Bu durum, hedef koyma ile bilim temelli uyum arasında önemli bir fark olduğunu gösteriyor. Benzer şekilde, dahili karbon fiyatlandırması giderek yaygınlaşsa da uygulama kapsamı halen sınırlı; çoğu zaman tüm karar süreçlerini kapsayan zorunlu bir mekanizma olarak kullanılmıyor. Yenilenebilir enerji kullanımı önemli ölçüde artmış olsa da toplam enerji tüketimi içinde yenilenemeyen kaynaklar hala baskın durumda. Genel olarak bu tablo, iklim yönetimi için gerekli temel yapıların kurulduğunu; ancak bu yapıların karar alma süreçlerine tutarlı, kapsamlı ve bağlayıcı şekilde yansıtılması için daha fazla ilerlemeye ihtiyaç duyulduğunu gösteriyor.
İklim teması şirket yönetim sistemlerine entegre edilirken doğa ile ilgili konularda ilerleme sınırlı kaldı
Rapor genelinde ortaya çıkan en önemli yapısal bulgulardan biri, iklim değişikliği konusundaki olgunluk ile diğer doğa temelli konular arasındaki belirgin fark. İklim değişikliği için riskleri belirleme ve yönetmeye yönelik yaklaşımlar tüm şirketlerde (%100) yerleşmiş durumdayken, bu oran su yönetimi alanında %78’e, biyoçeşitlilikte %36’ya, plastiklerde %24’e ve ormansızlaşmada %11’e kadar düştü. Benzer bir ayrışma değer zinciri etkileşiminde de görüldü. Bu oran iklimde %98 iken, plastiklerde %18 ve ormansızlaşmada %10 seviyesinde kaldı. Bu tablo, iklim konularının şirket sistemlerine derinlemesine entegre edildiğini, buna karşılık doğa ile ilgili konuların halen sınırlı bir kapsamda ele alındığını gösterdi. Genel olarak doğa temelli raporlamalar farkındalık aşamasından daha yapılandırılmış bir yönetime doğru ilerliyor. İklim ve su alanlarında görülen olgunluk seviyesine ulaşabilmek için özellikle veri altyapısının güçlendirilmesi, hedef belirleme yaklaşımlarının geliştirilmesi ve doğa ile ilgili konuların stratejik karar alma süreçlerine daha fazla entegre edilmesi gerekiyor.
Türkiye’deki şirketlerin zorunlu raporlama çerçeveleriyle uyumu giderek artıyor
Türkiye’de CDP kapsamında yapılan raporlamalar, zorunlu sürdürülebilirlik çerçeveleriyle yüksek ve artan bir uyuma işaret ediyor. 2025 itibarıyla Türkiye Sürdürülebilirlik Raporlaması Standartları (TSRS) ile uyum %83’e, Avrupa Sürdürülebilirlik Raporlaması Standartları (ESRS) ile uyum ise %71’e ulaştı. Zorunlu raporlama çerçevelerine hazırlık açısından Türkiye iyi bir konumda, ancak şirketlerin önünde üç temel gelişim alanı bulunuyor: üretilen bilgiyi finansal sistemlerle ilişkilendirmek, karar alma süreçlerine dahil etmek ve geçiş planlarıyla bağlantılı hale getirmek. Bu aşamalar raporlamadan uygulamaya geçiş için kritik önem taşıyor.
CDP verileri COP31 öncesinde güçlü bir referans
Türkiye’nin ev sahipliği yapacağı COP31’e yaklaşırken, kurumsal çevresel raporlamaların önemi daha da artıyor. CDP verileri, şirketlerin uygulama kapasitesini değerlendirmek için güçlü ve güvenilir bir referans sunuyor. Enerji dönüşümü, su, doğa, döngüsel ekonomi, geçiş planlaması ve iklim finansmanı gibi CDP raporlamasında öne çıkan başlıklar, COP31 eylem gündeminin temel öncelikleriyle doğrudan örtüşüyor. Bulgular, Türkiye’den raporlama yapan şirketlerin yalnızca raporlama ölçeğini büyütmekle kalmayıp, bunu istikrarlı biçimde güçlü bir performansa dönüştürdüğünü ortaya koyuyor. Bu çerçevede CDP verileri, şirketlerin uygulamaya ne ölçüde hazır olduğunu değerlendirmek, ulusal ve küresel iklim hedefleriyle uyum düzeyini analiz etmek açısından somut ve pratik bir referans niteliği taşıyor.
Ana konuşmacılar ve Rapor Sunumu
“COP31’e Doğru: Raporlama İvmesini Küresel Rekabet Avantajına Dönüştürmek” temasıyla düzenlenen konferansın açılışında konuşan Garanti BBVA Genel Müdür Yardımcısı Cemal Onaran “Garanti BBVA’da sürdürülebilirlik, iş modelimizin ayrılmaz bir parçası. 2025 CDP değerlendirmesinde iklim değişikliği, su güvenliği ve ormansızlaşma alanlarının tamamında A notu alarak Triple A seviyesine ulaşmamız bu yaklaşımın bir sonucu. İklim, su ve doğa artık ekonomik dayanıklılığın belirleyicisi. Bu doğrultuda finansman gücümüzle dönüşümü desteklemeyi sürdürüyoruz.” dedi.
COP30 Yüksek Düzeyli İklim Şampiyonu Dan Ioschpe konferansa video mesajla katıldı. Ioschpe mesajında “25 yıl önce niş olan çevresel raporlama, bugün iş dünyası için küresel bir standart ve temel gereklilik haline gelmiş; veri, şeffaflık ve raporlama sürdürülebilir kalkınmayı ve etkili karar almayı mümkün kılmıştır. Bu yapı sayesinde, bugün CDP tarafından ödüllendirilen kuruluşlar yalnızca bir standardı karşılamıyor, aynı zamanda uygulamanın nasıl hayata geçtiğini gösteren öncüler olarak öne çıkıyor.” ifadelerini kullandı.
Deloitte Global Sürdürülebilir Finans Lideri Hans-Juergen Walter konuya küresel bir perspektiften bakarak “Şirketler yalnızca mevzuata uyumla sınırlı kalmamalı. Raporlamayı bir zorunluluk olarak değil, rekabet avantajı yaratmanın bir aracı olarak görmeliler. Nitelikli çevresel raporlama; sermayeyi cezbeden, pazardaki konumu güçlendiren ve hızla dönüşen küresel ortamda gerçekten dayanıklı, geleceğe hazır iş modelleri inşa etmeyi mümkün kılan stratejik bir kaldıraçtır.” dedi.
CDP Politika ve Büyüme Direktörü Pietro Bertazzi ise, “Yaklaşan COP31’in uygulama odağıyla birlikte, Türkiye’deki şirketlerin CDP aracılığıyla yaptığı raporlamalar, lider şirketlerin çevresel performans konusunda yüksek bir standart belirlerken aynı zamanda ticari kazanımlar da elde ettiğini gösteriyor. Hızla değişen küresel ekonomide geleceğe en güçlü şekilde hazırlanan şirketler; şeffaflığı somut aksiyona dönüştürebilen, çevresel verileri stratejik karar alma süreçlerine entegre eden ve dünyamız için olumlu büyümeyi yönlendiren şirketler olacak.” dedi.
CDP Türkiye 2025 İklim ve Doğa Raporu’nun sonuçlarını paylaşan CDP Türkiye Ülke Yöneticisi Mirhan Köroğlu Göğüş şu değerlendirmede bulundu: “Raporun sonuçlarına baktığımızda, Türkiye’de çevresel yönetim yapılarının güçlü bir kurumsal temele oturduğu açıkça görülmekte, fakat bu yapının tüm çevresel temalar ve şirketler genelinde henüz dengeli ve bütüncül bir şekilde yaygınlaşmadığı görülüyor. Önümüzdeki dönemde şirketlerin önceliği, mevcut raporlama altyapısını daha derin entegrasyon, daha geniş çevresel kapsama ve daha tutarlı uygulama çıktılarıyla güçlendirmek olmalı.”
2026 Triple A Liderler Paneli
Konferans kapsamında Sabancı Üniversitesi Kurumsal Yönetim Forumu Türkiye Direktörü Ozan Duygulu moderatörlüğünde “2026 Triple A Liderler Paneli” düzenlendi. Panele, Garanti BBVA Yönetim Kurulu Üyesi Mevhibe Canan Özsoy, Akbank CFO’su Türker Tunalı ve CarrefourSA CEO’su Kutay Kartallıoğlu katıldı.
Sürdürülebilir finansman ve sürdürülebilirliğin stratejik yönetimi konularının ele alındığı panelde Mevhibe Canan Özsoy, iklim krizinin yalnızca çevresel bir sorun değil; fiziksel, finansal ve itibara yönelik riskler barındıran küresel bir dönüşüm meselesi olduğunu belirtti. Türker Tunalı, düşük karbonlu ekonomiye geçişte finans sektörü, reel sektör ve teknoloji ekosisteminin birlikte hareket etmesinin kritik önem taşıdığını söyledi. Kutay Kartallıoğlu ise konuşmasında gıda perakendesinin iklim değişikliğinden kaynaklanan risklerden doğrudan etkilendiğine dikkat çekerek Türkiye’nin Akdeniz havzasındaki konumu nedeniyle gıda güvenliği ve tedarik zincirleri açısından önemli çevresel risklerle karşı karşıya olduğunu vurguladı.
CDP Türkiye 2026 Ödül Töreni
Programın sonunda gerçekleştirilen CDP Türkiye 2026 Ödül Töreni’nde CDP Global A listelerine girmeyi başaran 45 şirket ödüllerini aldı.
Ödül töreninde TÜSİAD Yönetim Kurulu Başkan Yardımcısı Dr. Fatih Kemal Ebiçlioğlu, ve Kamu Gözetimi Muhasebe ve Denetim Standartları Kurumu’ndan Başkan Yardımcısı Murat Yünlü birer konuşma gerçekleştirdi ve şirketlere ödüllerini takdim etti.
TÜSİAD Yönetim Kurulu Başkan Yardımcısı Dr. Fatih Kemal Ebiçlioğlu konuşmasında “Jeopolitik gelişmelerin yoğunlaştığı bu dönemde iklim krizinin bilimsel bir gerçek olduğunu göz ardı etmemek gerekiyor. Önümüzdeki COP31 sürecini Paris Anlaşması kapsamında gündeme getirilen başlıkların yeniden canlandırılması açısından kıymetli görüyoruz. Bu süreçte, iş dünyasının sürdürülebilirlik raporlamalarına güçlü biçimde eğilmesini ve odağına almasını kritik önemde görüyoruz. Bugün bu önemli gelişmelere tanıklık etmemizi sağlayan CDP Türkiye’ye ülkemizde sürdürülebilirlik raporlaması konusunda bilinçlendirme ve iş dünyasının dönüşümü alanında sağladığı katkılar için teşekkür ediyorum” dedi.
Kamu Gözetimi Muhasebe ve Denetim Standartları Kurumu’ndan Başkan Yardımcısı Murat Yünlü ise ""Sürdürülebilirlik raporlaması, finansal raporlama ile sürdürülebilirlik yönetimi disiplinlerinin entegrasyonu sonucunda ortaya çıkmıştır. Bu entegrasyonun temelinde, çevresel ve sosyal faktörlerin operasyonel riskler ve finansal fırsatlar üzerindeki belirleyici rolü yatmaktadır. Bu perspektifle hazırlanan raporlar, yatırımcıların sermaye tahsisi kararlarında kullandığı 'önemlilik' arz eden bilgilere odaklanmaktadır."" dedi.
Triple A ödülleri (5 şirket)
Double A ödülleri (17 şirket)
Global A ödülleri (23 şirket)
CDP Şehirler A Liderleri ödülleri
Konferans kapsamında ayrıca “CDP Cities A List”e girmeyi başaran iki belediyeye de ödülleri takdim edildi. Ödüllerini almak üzere törene, Ankara Büyükşehir Belediyesi Genel Sekreteri Serhat Taşkınsu ve İstanbul Büyükşehir Belediyesi Çevre Koruma ve Kontrol Daire Başkanı Prof. Dr. Ayşen Erdinçler katıldı.",0d002b60f0954a1cc08cb08c3cd9e0e290b2849c3133af9b00b73049c66b47a8,https://www.garantibbva.com.tr/content/public-website/kurumsal-iletisim/dunyadaki-27-triple-a-seviyesindeki-sirketten-5i-turkiyeden,türkiye 2025 i̇klim değişikliği ve doğa raporu,0d002b60f0954a1cc08cb08c3cd9e0e290b2849c3133af9b00b73049c66b47a8,2026-06-16T12:50:56.395712+00:00,detail_page_fetch,İlgisiz,,Good,,2026-05-20,,,Duyuru Tarihi,2026-05-20,,Duyuru/basın tarihi bulundu; recency için kullanıldı.,False,,False,,2026-05-20,Yüksek,announcement_date,False,2026-08-08,Kesim tarihinden eski: 2026-05-20 < 2026-08-08,Kampanya,True,Kampanya veya müşteri teklifi sinyali içeriyor.,True,True,,https://www.garantibbva.com.tr/kurumsal-iletisim
RI-3478d5383e68,DOC-REG-006-20260616125040,REG-006,Tier 1,is_bankasi,İş Bankası,İş Bankası Duyurular,Resmi Basın Bülteni Sayfası,https://www.isbank.com.tr/duyurular,Maximum’un 25.Yılına Özel Ticari Kredi Kartınız ile Yapacağınız Harcamalara MaxiPuan Fırsatı! | Türkiye İş Bankası A.Ş.,30 Haziran 2026,https://www.isbank.com.tr/kampanyalar/maximumun-25-yilina-ozel-ticari-kredi-kartiniz-ile-yapacaginiz-harcamalara-maxipuan,"Ana Sayfa
Kampanyalar
> Ticari Kredi Kartı Kampanyaları
Maximum’un 25.Yılına Özel Ticari Kredi Kartınız ile Yapacağınız Harcamalara 2.500 TL’ye Varan MaxiPuan!
İşCep Ticari’den kampanyaya katılın, 1 – 30 Haziran 2026 tarihleri arasında ticari kredi kartları ile yurt içinde tek seferde ve farklı günlerde yapacağınız 25.000 TL ve üzeri her harcamanız için 250 TL, toplamda 2.500 TL MaxiPuan kazanın!
Ticari Kredi Kartı Başvurusu
Kampanyaya katılmak için:
İşCep Ticari > Kampanyalar > Kart Fırsatları bölümünden ilgili kampanyadaki
“KATIL”
butonuna tıklamanız yeterlidir. Katılımınızı kampanya dönemi içinde dilediğiniz zaman (alışverişinizden önce veya sonra) yapabilirsiniz.
Uygulamayı telefonunuza indirin:
İşCep Ticari
Kampanya geçerlilik tarihi:
1 – 30 Haziran 2026
Kampanyaya dâhil olan kartlar:
İş Bankası ticari kredi kartları (İş Bankası Vergi Kart, Maximum Business Aidatsız Kart, KOSGEB Kart, KGF Kredileri ve Turizm Destek Kredisi kapsamında tahsis edilen ticari kredi kartları, Maximum Business + Kartlar, İmece Kartlar, Tarım Kartlar ve Bayi Kartlar hariç)
Kampanyaya dâhil olmayan kartlar ve işlemler:
Yurt dışı online ve fiziki alışverişler, İş Bankası Maximum Business Aidatsız Kart, İş Bankası Vergi Kart, KOSGEB Kart, KGF Kredileri kapsamında tahsis edilen ticari kredi kartları, Maximum Business + Kartlar, Bayi Kartlar, İmece Kartlar, Ticari Bankamatik Kartları, İş Bankası bireysel kredi kartları, İş Bankası bireysel Bankamatik kartları, aidatsız kartlar, İş’te Üniversiteli Aidatsız Kredi Kartı, ürün iptal ve iade işlemleri, Maximum Fırsat ve MaxiPuan kullanılarak yapılan alışverişler kampanyaya dahil değildir.
Ödül kullanımı:
MaxiPuan’larınız 10 Temmuz 2026 tarihinde kullanıma açık, puan kullanımına uygun, ticari kredi kartınıza yüklenecektir. Kampanya kapsamında kullanılan kredi kartının Maximiles özellikli kredi kartı olması durumunda ise MaxiPuan, MaxiMil’e dönüştürülebilir MaxiPuan olarak yüklenecek ve tercihe bağlı olarak MaxiPuan veya MaxiMil olarak kullanılabilecektir. MaxiPuan’ların son kullanma tarihi 31 Ağustos 2026’dır. Kampanya, kart bazında değil, müşteri bazındadır. Kampanya kapsamında tek seferde ve farklı günlerde yapılacak 25.000 TL ve üzeri her harcamanız için 1., 2., 3., 4., 5., 6., 7., 8., 9. ve 10. harcamaya 250’şer TL, toplamda 2.500 TL MaxiPuan hediye edilecektir. Bir müşteri kampanyadan bir kere yararlanabilir ve en fazla 2.500 TL MaxiPuan kazanabilir.
Ek Koşullar:
Kampanyaya ilişkin iletilen katılım talepleri İş Bankası tarafından değerlendirilecektir. Ödül MaxiPuan yüklenmesinde Bankamız kayıtları esas alınacaktır. Aynı gün yapılan alışverişlerden sadece ilki kampanya kapsamında değerlendirilecektir. K.K.T.C. harcamaları, Maximum işyerleri dışında yapılan alışverişler ve internet üzerinden yapılan alışverişler kampanyaya dahildir. Nakit benzeri, casino, kumarhane, online bahis ve kumar sitelerinde yapılacak işlemler dikkate alınmayacaktır. Yurt dışı harcamaları, farklı ürün kategorilerinde satış yapan sanal mağazalardan ve/veya e-ticaret sitelerinden yapılacak alışverişler kampanyaya dahil değildir. Bu kampanya diğer kampanya, çek, indirim ve promosyonlarla birleştirilemez. Kampanya dönemi içerisinde gerçekleştirilen alışverişlerin iptal edilmesi veya satın alınan ürünlerin iade edilmesi durumunda, Maxipuan yüklenmeyecek veya yüklenen MaxiPuan’lar geri alınacaktır.
Türkiye İş Bankası, kampanyayı herhangi bir zamanda sonlandırma ve kampanya şartlarında değişiklik yapma hakkını saklı tutar.
X Kapat",3e7d2a6fc0d322a8fad9f2da132098d5964a749d0922d203f4082d6bd40ac3ae,https://www.isbank.com.tr/kampanyalar/maximumun-25-yilina-ozel-ticari-kredi-kartiniz-ile-yapacaginiz-harcamalara-maxipuan,maximum’un 25.yılına özel ticari kredi kartınız ile yapacağınız harcamalara maxipuan fırsatı!,3e7d2a6fc0d322a8fad9f2da132098d5964a749d0922d203f4082d6bd40ac3ae,2026-06-16T12:53:08.018713+00:00,detail_page_fetch,İlgili,,Good,,,2026-06-01,2026-06-30,Kampanya Başlangıç Tarihi,2026-06-01,,Kampanya başlangıç tarihi bulundu; recency için kullanıldı.,False,,True,CL-7c4d694ed217,2026-06-01,Yüksek,campaign_start_date,False,2026-08-08,Kesim tarihinden eski: 2026-06-01 < 2026-08-08,Kampanya,True,Kampanya veya müşteri teklifi sinyali içeriyor.,True,True,,https://www.isbank.com.tr/duyurular
RI-f26c47687a3a,DOC-REG-006-20260616125040,REG-006,Tier 1,is_bankasi,İş Bankası,İş Bankası Duyurular,Resmi Basın Bülteni Sayfası,https://www.isbank.com.tr/duyurular,Ticari Bankamatik Kartınız ile Yapacağınız Harcamalara MaxiPuan Fırsatı! | Türkiye İş Bankası A.Ş.,30 Haziran 2026,https://www.isbank.com.tr/kampanyalar/ticari-bankamatik-kartiniz-ile-yapacaginiz-harcamalara-maxipuan-kampanyasi,"Ana Sayfa
Kampanyalar
> Bankamatik Kartı Kampanyaları
Maximum’un 25.Yılına Özel Ticari Bankamatik Kartınız ile Yapacağınız Harcamalara 2.500 TL’ye Varan MaxiPuan
İşCep Ticari’den kampanyaya katılın, 1 – 30 Haziran 2026 tarihleri arasında Ticari Bankamatik Kartları ile tek seferde ve farklı günlerde yapacağınız 1.000 TL ve üzeri her harcamanız için 100 TL, toplamda 2.500 TL MaxiPuan kazanın!
Kampanyaya katılmak için: İşCep Ticari > Kampanyalar > Kart Fırsatları bölümünden ilgili kampanyadaki
“KATIL”
butonuna tıklamanız yeterlidir. Katılımınızı kampanya dönemi içinde dilediğiniz zaman (alışverişinizden önce veya sonra) yapabilirsiniz.
Uygulamayı telefonunuza indirin
İşCep Ticari
Kampanya geçerlilik tarihi:
1 – 30 Haziran 2026
Kampanyaya dâhil olan kartlar:
İş Bankası Ticari Bankamatik Kartları
Kampanyaya dâhil olmayan kartlar ve işlemler:
Bayi Kartlar, İmece Kartlar, Tarımsal Ürün Kartı (TMO), ürün iptal ve iade işlemleri, Maximum Fırsat ve MaxiPuan kullanılarak yapılan alışverişler kampanyaya dahil değildir.
Ödül kullanımı:
MaxiPuan’larınız 10 Temmuz 2026 tarihinde kullanıma açık, puan kullanımına uygun, Ticari Bankamatik kartınıza yüklenecektir. MaxiPuan’ların son kullanma tarihi 31 Ağustos 2026’dır. Kampanya, kart bazında değil, müşteri bazındadır. Kampanya kapsamında tek seferde ve farklı günlerde yapılacak 1.000 TL ve üzeri her harcamanız için 100’er TL, toplamda 2.500 TL MaxiPuan hediye edilecektir. Bir müşteri kampanyadan bir kere yararlanabilir ve en fazla 2.500 TL MaxiPuan kazanabilir.
Ek Koşullar:
Kampanyaya ilişkin iletilen katılım talepleri İş Bankası tarafından değerlendirilecektir. Ödül MaxiPuan yüklenmesinde Bankamız kayıtları esas alınacaktır. Aynı gün yapılan alışverişlerden sadece ilki kampanya kapsamında değerlendirilecektir. K.K.T.C. harcamaları, Maximum işyerleri dışında yapılan alışverişler ve internet üzerinden yapılan alışverişler kampanyaya dahildir. Nakit benzeri, casino, kumarhane, online bahis ve kumar sitelerinde yapılacak işlemler ve toptan alım olduğu değerlendirilen işlemler dikkate alınmayacaktır. Yurt dışı harcamaları, farklı ürün kategorilerinde satış yapan sanal mağazalardan ve/veya e-ticaret sitelerinden yapılacak alışverişler kampanyaya dahil değildir. Kampanya dönemi içerisinde gerçekleştirilen alışverişlerin iptal edilmesi veya satın alınan ürünlerin iade edilmesi durumunda, Maxipuan yüklenmeyecek veya yüklenen MaxiPuan’lar geri alınacaktır. Bu kampanya diğer kampanya, çek, indirim ve promosyonlarla birleştirilemez. İş Bankası kampanyayı durdurma veya kampanya koşullarını değiştirme hakkına sahiptir.
X Kapat",2f00ba9475a68a4412125084c56d97b5988cc7406aca7fe35fd6cedaba0ed9f8,https://www.isbank.com.tr/kampanyalar/ticari-bankamatik-kartiniz-ile-yapacaginiz-harcamalara-maxipuan-kampanyasi,ticari bankamatik kartınız ile yapacağınız harcamalara maxipuan fırsatı!,2f00ba9475a68a4412125084c56d97b5988cc7406aca7fe35fd6cedaba0ed9f8,2026-06-16T12:53:12.306188+00:00,detail_page_fetch,İlgili,,Good,,,2026-06-01,2026-06-30,Kampanya Başlangıç Tarihi,2026-06-01,,Kampanya başlangıç tarihi bulundu; recency için kullanıldı.,False,,True,CL-7c4d694ed217,2026-06-01,Yüksek,campaign_start_date,False,2026-08-08,Kesim tarihinden eski: 2026-06-01 < 2026-08-08,Kampanya,True,Kampanya veya müşteri teklifi sinyali içeriyor.,True,True,,https://www.isbank.com.tr/duyurular
RI-4a32a729e83d,DOC-REG-006-20260616125040,REG-006,Tier 1,is_bankasi,İş Bankası,İş Bankası Duyurular,Resmi Basın Bülteni Sayfası,https://www.isbank.com.tr/duyurular,Ticari Kredi Kartları ile Yurt Dışı Harcamalara MaxiPuan Fırsatı! | Türkiye İş Bankası A.Ş.,30 Haziran 2026,https://www.isbank.com.tr/kampanyalar/ticari-kredi-karti-ile-yurt-disi-harcamalara-maxipuan-firsati,"Ana Sayfa
Kampanyalar
> Ticari Kredi Kartı Kampanyaları
Maximum'un 25. Yılına Özel Ticari Kartlar ile Yapacağınız Yurt Dışı Harcamalarınıza 2.500 TL’ye Varan MaxiPuan!
İşCep Ticari'den kampanyaya katılın, 1 – 30 Haziran 2026 tarihleri arasında ticari kredi kartları ve ticari Bankamatik kartı ile yurt dışı online ve fiziki alışverişlerinizde her 2.500 TL ve üzeri harcamanıza %5, toplamda 2.500 TL MaxiPuan kazanın!
Ticari Kredi Kartı Başvurusu
Kampanyaya katılmak için:
İşCep Ticari > Kampanyalar > Kart Fırsatları bölümünden ilgili kampanyadaki
“KATIL”
butonuna tıklamanız yeterlidir. Katılımınızı kampanya dönemi içinde dilediğiniz zaman (alışverişinizden önce veya sonra) yapabilirsiniz.
Uygulamayı telefonunuza indirin:
İşCep Ticari
Kampanya geçerlilik tarihi:
1 – 30 Haziran 2026
Kampanyaya dâhil olan kartlar:
İş Bankası Ticari Kredi Kartları ve Ticari Bankamatik Kartları (İş Bankası Vergi Kart, Maximum Business Aidatsız Kart, KOSGEB Kart, KGF Kredileri ve Turizm Destek Kredisi kapsamında tahsis edilen ticari kredi kartları, Maximum Business + Kartlar, İmece Kartlar, Tarım Kartlar ve Bayi Kartlar hariç)
Kampanyaya dâhil olmayan kartlar ve işlemler:
Yurt içi ve K.K.T.C.’de yapılan fiziki ve online alışverişler, İş Bankası Maximum Business Aidatsız Kart, İş Bankası Vergi Kart, KOSGEB Kart, KGF Kredileri kapsamında tahsis edilen ticari kredi kartları, Maximum Business + Kartlar, Bayi Kartlar, İmece Kartlar, İş Bankası bireysel kredi kartları, İş Bankası Bireysel Bankamatik Kartları, Aidatsız Kartlar, İş’te Üniversiteli Aidatsız Kredi Kartı, ürün iptal ve iade işlemleri, Maximum Fırsat ve MaxiPuan kullanılarak yapılan alışverişler kampanyaya dahil değildir.
Ödül kullanımı:
MaxiPuan’larınız 10 Temmuz 2026 tarihinde kullanıma açık ve puan kullanımına uygun ticari kartınıza yüklenecektir. Kampanya kapsamında kullanılan kredi kartının Maximiles özellikli kredi kartı olması durumunda ise MaxiPuan, MaxiMil’e dönüştürülebilir MaxiPuan olarak yüklenecek ve tercihe bağlı olarak MaxiPuan veya MaxiMil olarak kullanılabilecektir. MaxiPuan’ların son kullanma tarihi 31 Ağustos 2026’dır. Kampanya, kart bazında değil, müşteri bazındadır. Bir müşteri kampanyadan bir kere yararlanabilir ve işlem bazında azami 500 TL, aylık azami müşteri bazında 2.500 TL MaxiPuan kazanabilir.
Ek Koşullar:
Kampanyaya ilişkin iletilen katılım talepleri İş Bankası tarafından değerlendirilecektir. Ödül MaxiPuan yüklenmesinde Bankamız kayıtları esas alınacaktır. Aynı gün yapılan alışverişlerden sadece ilki kampanya kapsamında değerlendirilecektir. Maximum işyerleri dışında yapılan alışverişler kampanyaya dahildir. Nakit benzeri, casino, kumarhane, online bahis ve kumar sitelerinde yapılacak işlemler dikkate alınmayacaktır. Yurt içi ve K.K.T.C. harcamaları, farklı ürün kategorilerinde satış yapan sanal mağazalardan ve/veya e-ticaret sitelerinden yapılacak alışverişler kampanyaya dahil değildir. Bu kampanya diğer kampanya, çek, indirim ve promosyonlarla birleştirilemez. Kampanya dönemi içerisinde gerçekleştirilen alışverişlerin iptal edilmesi veya satın alınan ürünlerin iade edilmesi durumunda, Maxipuan yüklenmeyecek veya yüklenen MaxiPuan’lar geri alınacaktır.
Türkiye İş Bankası kampanyayı durdurma veya kampanya koşullarını değiştirme hakkına sahiptir.
X Kapat",81be8f1d4beab16e53303a35c54f6c2ed4683a4bc1e5c6c6ea4c7abfbe1b86cf,https://www.isbank.com.tr/kampanyalar/ticari-kredi-karti-ile-yurt-disi-harcamalara-maxipuan-firsati,ticari kredi kartları ile yurt dışı harcamalara maxipuan fırsatı!,81be8f1d4beab16e53303a35c54f6c2ed4683a4bc1e5c6c6ea4c7abfbe1b86cf,2026-06-16T12:53:23.892612+00:00,detail_page_fetch,İlgili,,Good,,,2026-06-01,2026-06-30,Kampanya Başlangıç Tarihi,2026-06-01,,Kampanya başlangıç tarihi bulundu; recency için kullanıldı.,False,,True,CL-7c4d694ed217,2026-06-01,Yüksek,campaign_start_date,False,2026-08-08,Kesim tarihinden eski: 2026-06-01 < 2026-08-08,Kampanya,True,Kampanya veya müşteri teklifi sinyali içeriyor.,True,True,,https://www.isbank.com.tr/duyurular
RI-60c87040f497,DOC-REG-006-20260616125040,REG-006,Tier 1,is_bankasi,İş Bankası,İş Bankası Duyurular,Resmi Basın Bülteni Sayfası,https://www.isbank.com.tr/duyurular,esnafa-3lu-kazanc-paketi | Türkiye İş Bankası A.Ş.,01.06.2026,https://www.isbank.com.tr/kampanyalar/esnafa-3lu-kazanc-paketi,"Ana Sayfa
Kampanyalar
> Esnaf Kampanyaları
Esnafa 3’lü Kazanç Paketi
Esnaf müşterilerimiz bankacılık hizmetlerinde İş Bankası’yla çalışarak kazançlı çıkıyor; Esnafa 3’lü kazanç paketi ile 15.000 TL’ ye varan MaxiPuan’ın yanı sıra ücretsiz havale ve EFT gerçekleştirme ayrıcalığından yararlanıyor.
​01.06.2026-30.06.2026
tarihleri arasında ticari kredi kartı, fatura ödeme talimatı (2 adet) ve ticari ek hesap ürün setinden eksik ürünü bulunan esnaf müşterilerimiz, eksik ürünlerini tamamlayarak bu 3 ürüne sahip olmaları ve Bankamız kriterlerine göre gerekli şartları sağlamaları halinde 5.000 TL’ye kadar MaxiPuan kazanmanın yanı sıra 6 ay boyunca 100 adet ücretsiz havale ve EFT fırsatından da yararlanıyor. Üstelik yeni ticari kredi kartı müşterilerimiz yaptıkları harcama tutarına göre 10.000 TL’ye varan ilave MaxiPuan kazanma fırsatı yakalıyor.
Kampanyadan Kimler Faydalanabilir:
Ticari Kredi Kartı, Ticari Ek Hesabı veya Otomatik Fatura Ödeme Talimatı (2 adet) ürünlerinden herhangi biri ya da hiçbiri olmayan esnaf müşterilerimiz için geçerlidir.
Kampanyanın Avantajları Nelerdir:
Belirlenen koşulları sağlayan Esnaf müşterilerimiz 5.000 TL’ye varan MaxiPuan sahibi oluyor. Buna ek olarak
Yeni Ticari Kredi Kartı Müşterilerimize Yönelik MaxiPuan Ödüllü Ticari Kredi Kartı Satış Kampanyası​
kapsamında belirtilen tutarda harcama yapılması karşılığında azami 10.000 TL değerinde Maxipuan kazanma fırsatı da bulunmaktadır. İki kampanyada belirtilen şartların birlikte sağlanması durumunda toplamda 15.000 TL’ ye varan MaxiPuan kazanıyor.
Ticari kredi kartı, fatura ödeme talimatı (2 adet), ticari ek hesap ürünlerinden;
Mevcut olmayan 1 ürünün kullanılmaya başlanması durumunda,
1.500 TL
MaxiPuan
Mevcut olmayan 2 ürünün kullanılmaya başlanması durumunda,
3.000 TL
Mevcut olmayan 3 ürünün kullanılmaya başlanması durumunda,
5.000 TL
kazanılabilecektir.
6 ay boyunca
İşCep ve İnternet Bankacılığı üzerinden yapılacak 100 adet havale ve 100 adet EFT işlemi için
masrafsızlık tanımı
yapılacaktır. Masrafsızlık tanımı
03.07.2026-03.01.2027
tarihleri için yapılacaktır.
Kampanya hangi tarihe kadar geçerlidir:
30.06.2026
tarihine kadar geçerlidir.
Kampanya Başvurusu Nasıl Yapılır:
İşCep ana sayfada çıkan teklifte “
KATIL
” butonuna tıklamanız gerekmektedir. Katılım kampanya süresi içinde yapılmalıdır. Kampanya hakkında detaylı bilgi almak için şubelerimizle iletişime geçebilirsiniz.
Kampanyaya Ait Önemli Hususlar
mpanyamız kapsamında ödüle hak kazanabilecek müşteri sayısı 5.000 adet ile sınırlıdır.
İlk 5.000 İş Bankalı belirlenirken kampanya döneminde ilgili ürünlerin sahipliği dikkate alınacaktır.
Kampanya kapsamında her müşterimiz yalnızca 1 kez ödül kazanabilir.
""KATIL"" butonu görünmeyen müşterilerimiz başvuru için en yakın şubemizle iletişime geçebilir.
Kampanyaya katılım sadece İşCep ""KATIL"" butonuyla veya şubelerimiz aracılığıyla yapılabilecektir.​
01.06.2026 - 30.06.2026 tarihleri arasında kampanya koşullarını sağlayan İş Bankalıların MaxiPuan ödemeleri, gerekli kontrollerin ardından
03.07.2026
tarihine kadar ticari kredi kartına yüklenecektir. Kontrol tarihinde kampanya kapsamındaki ürünlerin sahiplik/aktiflik şartlarının sağlanması gerekmektedir.
31.05.2026 tarihi itibariyle Bankamızda otomatik fatura talimatı bulunmayan ve 01.06.2026-30.06.2026 tarihleri arasında 2 adet otomatik fatura ödeme talimatı verilmiş olması 30.06.2026 tarihinde talimatların açık olması gerekmektedir.
31.05.2026 tarihi ve sonrasında talimatı bulunan müşteriler kampanya dönemi öncesinde ya da içerisinde talimatlarını iptal edip yeniden talimat oluşturması durumunda dahi kampanyaya katılım geçersiz sayılacaktır.
Kampanya kapsamında ödül kazanan müşterilerin havale/EFT masrafsızlığı, ilgili kontrollerin tamamlanmasının ardından başlar.
Kampanya boyunca verilen otomatik fatura talimatların 31.12.2026 tarihine kadar (6 ay) geçerli olması ve 01.06.2026 – 01.09.2026 tarihleri arasında en az 1 kez Bankamız aracılığıyla ödenmesi şartı aranacaktır. Kampanyadan ödül kazanıp 01.09.2026 tarihine kadar talimatın iptal edilmesi durumunda veya her fatura bazında en az 1 tahsilat olmaması durumunda 01.09.2026 tarihini takip eden 5 iş günü içerisinde ödeme koşulu yerine getirilmeyen faturalar için havale/EFT paketi ve MaxiPuanlar geri alınacaktır. Kredi kartında yeterli MaxiPuan bulunmaması halinde kart ekstresine borç kaydedilecektir.
Kampanya katılım koşulunda yer alan ürünlerin, müşterinin ticari kredi kartına MaxiPuan yatırılmasından itibaren 6 ay boyunca iptal edilmemesi gerekmektedir.
Ürünlerden herhangi birinin iptal edilmesi durumunda yüklenen MaxiPuanlar ve ücretsiz havale/EFT paketi geri alınacaktır.
Kazanılan MaxiPuan’ların yüklenmesi için müşterimizin aktif bir ticari kredi kartına sahip olması gerekmektedir. Yükleme yapılacak dönemde ticari kredi kartı açık statüde olmayan müşterilerimize ödüllendirme yapılamayacaktır.
Kazanılan MaxiPuan’lar
03.10.2026
İş Bankası Vergi Kart, Maximum Business Aidatsız kartlar, KGF ve KOSGEB Kredileri kapsamında tahsis edilen ticari kredi kartları, Maximum Business + ve Bayi Kartlar, Bireysel nitelikli kredi kartları, Bankamatik Kartlar, Ön Ödemeleri Kartlar, İmece Kartlar, Sanal Kartlar kampanyaya
dahil değildir.
Aktiflik Kriterleri:
Ticari Kredi Kartı:
31.05.2026 tarihi itibariyle Bankamızdan ticari kredi kartı bulunmayan ve 01.06.2026-30.06.2026 tarihleri arasında kampanyaya uygun ticari kredi kartına başvurulmuş olması ve teslim edilmiş olması gerekmektedir.
Ticari Ek Hesap:
31.05.2026 tarihi itibariyle Bankamızdan ticari ek hesabı bulunmayan ve 01.06.2026-30.06.2026 tarihleri arasında ticari ek hesaba başvurulmuş olması ve bankamızın kredi politikaları doğrultusunda ek hesap limitinin onaylanması halinde
tarihine kadar ilgili limitin ticari vadesiz hesabına tanımlanması gerekmektedir.
Otomatik Fatura Talimatı:
31.05.2026 tarihi itibariyle Bankamızda otomatik fatura talimatı bulunmayan ve 01.06.2026-30.06.2026 tarihleri arasında 2 adet otomatik fatura ödeme talimatı verilmiş olması ve
tarihinde talimatların açık olması gerekmektedir.
(*)Masrafsızlık tanımı 399.000 TL’ye kadar yapılacak havale/EFT işlemleri için geçerli olacak olup; Talimatlı para transferi –düzenli Havale/EFT , Mesai Dışı FAST, Tatil günlerinde yapılan EFT/FAST, Mesai dışı ve geç (İş günlerinde saat 16:00 sonrası) EFT/FAST, EFT saatleri dışında yapılan EFT, Cebe havale, Çoklu para transferi, K.K.T.C Şubelerinin dahil olduğu para transferi
Türkiye İş Bankası A.Ş. önceden haber vermeksizin kampanya koşullarında değişiklik yapma ve/veya kampanyayı iptal etme hakkını saklı tutar. Kredi/ürün başvuru talepleri için son karar İş Bankası tarafından verilecektir. Yasal hadler çerçevesinde limit tahsis ve revizyon ücretleri alınabilecektir. İş Bankası, kredi/ürün başvuru talebini reddetme ya da gerekli gördüğü takdirde farklı şartlarda kredi/ürün tahsis etme ve teminat talep etme hakkına sahiptir.
X Kapat",cf2f4c1e6d131cac30db6d77f3d7fc7cf67470b1640528c8d4dc5a64518b3b65,https://www.isbank.com.tr/kampanyalar/esnafa-3lu-kazanc-paketi,esnafa-3lu-kazanc-paketi,cf2f4c1e6d131cac30db6d77f3d7fc7cf67470b1640528c8d4dc5a64518b3b65,2026-06-16T12:53:32.644089+00:00,detail_page_fetch,İlgili,,Good,,,2026-06-01,2026-06-30,Kampanya Başlangıç Tarihi,2026-06-01,,Kampanya başlangıç tarihi bulundu; recency için kullanıldı.,False,,True,CL-7c4d694ed217,2026-06-01,Yüksek,campaign_start_date,False,2026-08-08,Kesim tarihinden eski: 2026-06-01 < 2026-08-08,Kampanya,True,Kampanya veya müşteri teklifi sinyali içeriyor.,True,True,,https://www.isbank.com.tr/duyurular
RI-f59fd7ffaf9b,DOC-REG-006-20260616125040,REG-006,Tier 1,is_bankasi,İş Bankası,İş Bankası Duyurular,Resmi Basın Bülteni Sayfası,https://www.isbank.com.tr/duyurular,Vergi Ödemelerinizi Taksitlendirme İmkanı | Türkiye İş Bankası A.Ş.,30 Haziran 2026,https://www.isbank.com.tr/kampanyalar/vergi-odemelerinizi-taksitlendirme-imkani,"Ana Sayfa
Kampanyalar
> Ticari Kredi Kartı Kampanyaları
Maximum Business TROY ile Vergi Ödemelerinizi 2 Ay Vade ile Taksitlendirme Kampanyası
Maximum Business TROY Kredi Kartınız ile 1 - 30 Haziran 2026 tarihleri arasında Gelir İdaresi Başkanlığı İnteraktif Vergi Dairesi üzerinden veya Bankamız kanallarından yapacağınız 5.000 TL ve üzeri, toplamda 1.000.000 TL’ye kadar peşin vergi ödemelerinizi İşCep ile 2 ay vade ile %0 faiz ve masrafsız olarak sonradan taksitlendirebilirsiniz.
Ticari Kredi Kartı Başvurusu
Kampanya geçerlilik tarihi:
1 - 30 Haziran 2026
Kampanyaya dahil olan kartlar:
Maximum Business TROY Kredi Kartı ve Maximum Turizm TROY Kartı (İş Bankası Vergi Kart, Maximum Business Aidatsız kartlar, Tacir Olmayan Tüzel Kişilerin Kredi Kartları, KGF Nefes Kredisi , KOSGEB ve Turizm Destek Kredisi kapsamında tahsis edilen Ticari Kredi Kartları, Maximum Business+ ve Bayi Kartlar kampanyaya dahil değildir.)
Kampanyaya dahil olan işlemler:
Maximum Business TROY Kredi Kartı ile yapılan 5.000 TL ve üzeri, toplamda 1.000.000 TL’ye kadar gib.gov.tr veya Bankamız kanallarından peşin vergi ödemelerinin İşCep uygulamasında sonradan 2 ay vade ile taksitlendirilmesi
Kampanya detayları:
Kampanya dönemi boyunca yapacağınız işlem bazında veya toplamda 1.000.000 TL sınırını aşan taksitlendirme işlemlerinde yürürlükte olan faiz oranı ve ücretler kullanılmaya devam edilecektir.
Peşin alışverişlerinizi sonradan taksitlendirme işlemlerinizi İşCep uygulamasında hemen yapabilirsiniz.
Kampanya kapsamında sonradan taksitlendirme talebinizi;
İşCep -> Kartlarım -> Harcama Taksitlendirme/Erteleme
seçeneği seçerek iletebilirsiniz.
Ticari Kredi Kart Taksitlendirme ve Taksitli Nakit Avans yetkilerinizi İşCep veya Şubelerimizden güncelleyebilirsiniz.
T.C. Maliye Bakanlığı Gelir İdaresi Başkanlığı sahipliğindeki Banka kayıtlarında Vergi Ödemeleri veya Kamu Hizmetleri sektörleri altına tanımlı MCC koduna sahip üye işyerlerinden yapacağınız vergi ödemeleri kampanyaya dahildir. Kampanyaya dahil Maximum Business TROY Kredi Kartı ile yapılabilen vergi ödemelerine aşağıda yer verilmektedir.
Ticari Kredi Kartlarınız ile vergi ödemelerinize ilişkin detaylar;
Ticari Kredi Kartlarınız ile;
• İşCep,
• İnternet Şube,
• Çağrı Merkezi,
Kanallarımızdan veya www.gib.gov.tr üzerinden ödeme yapabileceğiniz vergi türleri ve harçlar ise aşağıda yer almaktadır;
• Motorlu Taşıtlar Vergisi*
• Trafik Para Cezası
• Gayri Menkul Sermaye İradı Vergisi (Kira Vergisi)
• Yurtdışı Çıkış Harcı*
• Pasaport Harcı*
• Pasaport Değerli Kağıt Harcı
• Yolcu Beraberinde Getirilen Telefon Kullanım İzin Harcı*
• İkametgah Tezkeresi Defter Satış Bedeli*
• Kimlik Kartı Satış Bedeli*
*Motorlu Taşıtlar Vergisi (MTV) ve Yurt Dışı Çıkış HarcıPasaport Harcı, Yolcu Beraberinde Getirilen Telefon Kullanım İzin Harcı, İkametgah Tezkeresi Defter Satış Bedeli ve Kimlik Kartı Satış Bedeli ödemelerinizi İşcep uygulaması üzerinden de yapabilirsiniz.
Maximum Business TROY Kredi Kartınız ile T.C. Maliye Bakanlığı Gelir İdaresi Başkanlığı tarafından aşağıda belirtilen vergi türlerinden 1.000.000 TL'ye kadar olan borçlarınızı , www.gib.gov.tr adresi üzerinden erişilen “İnteraktif Vergi Dairesi"" uygulaması üzerinden ödeyebilirsiniz;
• Yıllık Gelir Vergisi
• Zirai Kazanç Gelir Vergisi
• Gelir Vergisi Stopajı (Muhtasar)
• Kurumlar Vergisi
• Kurumlar Vergisi Stopajı
• Basit Usulde Ticari Kazanç
• Gerçek Usulde Katma Değer Vergisi
• Hasılat Esaslı Katma Değer Vergisi (Kdv4)
• Gelir Geçici Vergi
• Kurum Geçici Vergi
• Diğer Ücretler
• Katma Değer Vergisi Tevkifatı
www.gib.gov.tr adresi üzerinden Ticari Kredi Kartlarınız ile ; Gelir Vergisi (Gayrimenkul/menkul Sermaye İradı, Ücret, Diğer kazanç ve İratlardan Kaynaklı Gelir Vergisi), 6183 sayılı Kanun kapsamında Taksitlendirilmiş Borçlar, Karayolları Taşıma Kanunu İdari Para Cezası, Geçiş Ücreti ve İdari Para Cezası, Diğer İdari Para Cezaları, 6552 Sayılı Kanun Kapsamında Borç Yapılandırma, Tapu Harcı, Yüksek Öğrenim Kredi Borcu Hesabı, Yüksek Öğrenim Harç Kredisi, Sürücü Belgesi Harcı ve Değerli Kağıt Bedeli, Göç İdaresi İkamet Harcı, Tek Giriş Vize Harcı, Ecrimisil Gelirleri, Veraset ve İntikal Vergisi ödenebilmektedir.
1 - 30 Haziran 2026 tarihleri arasında Maximum Business TROY Kredi Kartı ile gib.gov.tr veya Bankamız kanallarından yapılan 5.000 TL ve üzeri, toplamda 1.000.000 TL’ye kadar peşin vergi ödemelerinizi İşCep kanalından %0 faiz ve masrafsız olarak sonradan 2 ay vade ile taksitlendirebilirsiniz.
Kampanya dönemi boyunca yapacağınız işlem bazında veya toplamda 1.000.000 TL sınırını aşan taksitlendirme işlemlerinde yürürlükte olan faiz oranı ve ücretler kullanılmaya devam edilecektir. Kampanya kapsamında 1.000.000 TL’yi aşan işlemlerde kısmi olarak faizsiz taksitlendirme yapılamamaktadır. Güncel ürün ve hizmet ücretlerine
buradan​
ulaşabilirsiniz.
Sonradan taksitlendirme talebinizi, alışverişinizi takip eden iş günü ve alışverişi gerçekleştirdiğiniz kredi kartınızın hesap kesim tarihine kadar iletmeniz gerekmektedir. Sonradan taksitlendirme, peşin alışveriş işlem tarihini izleyen ilk hesap kesim tarihine kadar yapılabilmekte olup, söz konusu tarihe kadar dönem içi hareketlerine yansımayan işlemler sonradan taksitlendirilemeyecektir. 1 - 30 Haziran 2026 tarihleri arasında yapacağınız peşin işlemlerinizi hesap kesim tarihinden önce olmak kaydı ile kampanya kapsamında sonradan taksitlendirebileceğiniz son tarih 05.07.2026'dır.
Sonradan taksitlendirme işlemi yapılan kredi kartının hesap kesim tarihi, ancak son taksit ödendikten sonra değiştirilebilmektedir. Talebiniz, alışveriş tutarının ilgili kredi kartınıza borç kaydedilmesinden sonra gerçekleştirilebilmektedir. Bu süreç; İş Bankası POS cihazları üzerinden gerçekleştirilen alışverişler için en erken takip eden gün, başka Banka POS cihazları üzerinden gerçekleştirilen alışverişlerde ise, alışverişiniz bankalararası takas sistemi aracılığıyla kartınıza borç kaydedileceğinden, alışveriş tarihini takip eden 2 iş gününü bulabilmektedir. Talebinizi bu süre sonunda iletmeniz halinde işleminiz gerçekleştirilebilecektir.
Kampanya İşCep kanalına özel olup, İşCep dışındaki kanallardan yapılacak İş Bankası Ticari Kredi Kartınız ile gib.gov.tr veya Bankamız kanallarından yapılan 5.000 TL ve üzeri, 1.000.000 TL’ye kadar peşin vergi ödemelerinizin sonradan taksitlendirilmesi işlemlerinde yürürlükte olan faiz oranı ve ücretler kullanılmaya devam edilecektir.
Maximum Business TROY Kredi Kartınız ile Bankamız üye işyerlerinden yapılan taksitli alışverişlere taksit ekleme işlemlerinde yürürlükte olan faiz oranı ve ücretler kullanılmaya devam edilecektir.
Maximum Business TROY Kredi Kartınız ile hesap özeti erteleme/taksitlendirme ve peşin işlemlerin erteleme işlemlerinde yürürlükte olan faiz oranı ve ücretler kullanılmaya devam edilecektir.
Sonradan taksitlendirme işlemlerinde 3-18 ay vade seçenekleri kampanya kapsamında değildir, 3-18 ay vade seçeneklerinde sonradan taksitlendirme işlemlerinde yürürlükte olan faiz oranı ve ücretler kullanılmaya devam edilecektir.
Yukarıda yer alan ve gib.gov.tr veya Bankamız kanallarından yapılan vergi ödemeleri haricinde diğer üye işyerlerinden yapılan peşin vergi ödemelerinin sonradan taksitlendirilmesi işlemleri kampanya kapsamında değildir, yürürlükte olan faiz oranı ve ücretler kullanılmaya devam edilecektir.
ürkiye İş Bankası, kampanyayı herhangi bir zamanda sonlandırma ve kampanya şartlarında değişiklik yapma hakkını saklı tutar. Bu durumda katılımcılar hiçbir hak iddia etmeyeceklerini kabul eder.
Geçmiş Kampanyalarımız
21 Ağustos 2025
Vergi Ödemelerinizi 2 Ay Vade ile Taksitlendirme Kampanyası
21 - 31 Ağustos 2025
İşCep > Kartlarım > Harcama Taksitlendirme/Erteleme
Ticari Kredi Kart Taksitlendirme ve Taksitli Nakit Avans yetkilerinizi İşcep veya Şubelerimizden güncelleyebilirsiniz.
• Çözüm Merkezi,
21 - 31 Ağustos 2025 tarihleri arasında Maximum Business TROY Kredi Kartı ile gib.gov.tr veya Bankamız kanallarından yapılan 5.000 TL ve üzeri, toplamda 1.000.000 TL’ye kadar peşin vergi ödemelerinizi İşCep kanalından %0 faiz ve masrafsız olarak sonradan 2 ay vade ile taksitlendirebilirsiniz.
Sonradan taksitlendirme talebinizi, alışverişinizi takip eden iş günü ve alışverişi gerçekleştirdiğiniz kredi kartınızın hesap kesim tarihine kadar iletmeniz gerekmektedir. Sonradan taksitlendirme, peşin alışveriş işlem tarihini izleyen ilk hesap kesim tarihine kadar yapılabilmekte olup, söz konusu tarihe kadar dönem içi hareketlerine yansımayan işlemler sonradan taksitlendirilemeyecektir. 21 - 31 Ağustos 2025 tarihleri arasında yapacağınız peşin işlemlerinizi hesap kesim tarihinden önce olmak kaydı ile kampanya kapsamında sonradan taksitlendirebileceğiniz son tarih 05.09.2025'tür.
Türkiye İş Bankası, kampanyayı herhangi bir zamanda sonlandırma ve kampanya şartlarında değişiklik yapma hakkını saklı tutar. Bu durumda katılımcılar hiçbir hak iddia etmeyeceklerini kabul eder.
01 Mayıs 2025
1 - 31 Mayıs 2025
İş Bankası ticari kredi kartları (İş Bankası Vergi Kart, Maximum Business Aidatsız kartlar, Tacir Olmayan Tüzel Kişilerin Kredi Kartları, KGF Nefes Kredisi , KOSGEB ve Turizm Destek Kredisi kapsamında tahsis edilen Ticari Kredi Kartları, Maximum Business+ ve Bayi Kartlar kampanyaya dahil değildir.)
İş Bankası ticari kredi kartları ile yapılan 5.000 TL ve üzeri, toplamda 1.000.000 TL’ye kadar gib.gov.tr veya Bankamız kanallarından peşin vergi ödemelerinin İşCep, uygulamasında sonradan 2 ay vade ile taksitlendirilmesi
eşin alışverişlerinizi sonradan taksitlendirme işlemlerinizi İşCep uygulamasında hemen yapabilirsiniz.
Ticari Kredi Kart Taksitlendirme ve Taksitli Nakit Avans yetkilerinizi İşcep Ticari uygulaması üzerinden veya Şubelerimizden güncelleyebilirsiniz.
T.C. Maliye Bakanlığı Gelir İdaresi Başkanlığı sahipliğindeki Banka kayıtlarında Vergi Ödemeleri veya Kamu Hizmetleri sektörleri altına tanımlı MCC koduna sahip üye işyerlerinden yapacağınız vergi ödemeleri kampanyaya dahildir. Kampanyaya dahil İş Bankası Ticari Kredi Kartları ile yapılabilen vergi ödemelerine aşağıda yer verilmektedir.
*Motorlu Taşıtlar Vergisi (MTV) ve Yurt Dışı Çıkış HarcıPasaport Harcı, Yolcu Beraberinde Getirilen Telefon Kullanım İzin Harcı, İkametgah Tezkeresi Defter Satış Bedeli ve Kimlik Kartı Satış Bedeli ödemelerinizi Maximum İşyerim uygulaması üzerinden de yapabilirsiniz.
Ticari Kredi Kartlarınız ile T.C. Maliye Bakanlığı Gelir İdaresi Başkanlığı tarafından aşağıda belirtilen vergi türlerinden 1.000.000 TL'ye kadar olan borçlarınızı , www.gib.gov.tr adresi üzerinden erişilen “İnteraktif Vergi Dairesi"" uygulaması üzerinden ödeyebilirsiniz;
1 - 31 Mayıs 2025 tarihleri arasında İş Bankası Ticari Kredi Kartınız ile gib.gov.tr veya Bankamız kanallarından yapılan 5.000 TL ve üzeri, toplamda 1.000.000 TL’ye kadar peşin vergi ödemelerinizi İşCep kanalından %0 faiz ve masrafsız olarak sonradan 2 ay vade ile taksitlendirebilirsiniz.
buradan
Sonradan taksitlendirme talebinizi, alışverişinizi takip eden iş günü ve alışverişi gerçekleştirdiğiniz kredi kartınızın hesap kesim tarihine kadar iletmeniz gerekmektedir. Sonradan taksitlendirme, peşin alışveriş işlem tarihini izleyen ilk hesap kesim tarihine kadar yapılabilmekte olup, söz konusu tarihe kadar dönem içi hareketlerine yansımayan işlemler sonradan taksitlendirilemeyecektir. 1 - 31 Mayıs 2025 tarihleri arasında yapacağınız peşin işlemlerinizi hesap kesim tarihinden önce olmak kaydı ile kampanya kapsamında sonradan taksitlendirebileceğiniz son tarih 05.06.2025'tür.
İş Bankası Ticari Kredi Kartınız ile Bankamız üye işyerlerinden yapılan taksitli alışverişlere taksit ekleme işlemlerinde yürürlükte olan faiz oranı ve ücretler kullanılmaya devam edilecektir.
İş Bankası Ticari Kredi Kartınız ile hesap özeti erteleme/taksitlendirme ve peşin işlemlerin erteleme işlemlerinde yürürlükte olan faiz oranı ve ücretler kullanılmaya devam edilecektir.
01 Nisan 2025
Vergi Ödemelerinizi 2 ay Vade ile Taksitlendirme Kampanyası
1 - 30 Nisan 2025
İş Bankası ticari kredi kartları ile yapılan 5.000 TL ve üzeri, toplamda 1.000.000 TL’ye kadar gib.gov.tr veya Bankamız kanallarından peşin vergi ödemelerinin Maximum İşyerim ve İşCep, uygulamalarında sonradan 2 ay vade ile taksitlendirilmesi
Peşin alışverişlerinizi sonradan taksitlendirme işlemlerinizi Maximum İşyerim ve İşCep uygulamalarında hemen yapabilirsiniz.
Maximum İşyerim > Kartlar > İşlemler > Dönem İçi İşlemler> Taksitlendirilebilecek işlemlerin yanındaki Taksitlendir/Ertele butonu >Taksitlendir
Ticari Kredi Kart Taksitlendirme ve Taksitli Nakit Avans yetkilerinizi Maximum İşyerim uygulaması>Kart İşlemleri >Kart Ayarları menüsü üzerinden veya Şubelerimizden güncelleyebilirsiniz.
1- Ticari Kredi Kartlarınız ile;
2- Ticari Kredi Kartlarınız ile T.C. Maliye Bakanlığı Gelir İdaresi Başkanlığı tarafından aşağıda belirtilen vergi türlerinden 1.000.000 TL'ye kadar olan borçlarınızı , www.gib.gov.tr adresi üzerinden erişilen “İnteraktif Vergi Dairesi"" uygulaması üzerinden ödeyebilirsiniz;
3- www.gib.gov.tr adresi üzerinden Ticari Kredi Kartlarınız ile ; Gelir Vergisi (Gayrimenkul/menkul Sermaye İradı, Ücret, Diğer kazanç ve İratlardan Kaynaklı Gelir Vergisi), 6183 sayılı Kanun kapsamında Taksitlendirilmiş Borçlar, Karayolları Taşıma Kanunu İdari Para Cezası, Geçiş Ücreti ve İdari Para Cezası, Diğer İdari Para Cezaları, 6552 Sayılı Kanun Kapsamında Borç Yapılandırma, Tapu Harcı, Yüksek Öğrenim Kredi Borcu Hesabı, Yüksek Öğrenim Harç Kredisi, Sürücü Belgesi Harcı ve Değerli Kağıt Bedeli, Göç İdaresi İkamet Harcı, Tek Giriş Vize Harcı, Ecrimisil Gelirleri, Veraset ve İntikal Vergisi ödenebilmektedir.
• 1 - 30 Nisan 2025 tarihleri arasında İş Bankası Ticari Kredi Kartınız ile gib.gov.tr veya Bankamız kanallarından yapılan 5.000 TL ve üzeri, toplamda 1.000.000 TL’ye kadar peşin vergi ödemelerinizi Maximum İşyerim ve İşCep kanalından %0 faiz ve masrafsız olarak sonradan 2 ay vade ile taksitlendirebilirsiniz.
• Kampanya dönemi boyunca yapacağınız işlem bazında veya toplamda 1.000.000 TL sınırını aşan taksitlendirme işlemlerinde yürürlükte olan faiz oranı ve ücretler kullanılmaya devam edilecektir. Kampanya kapsamında 1.000.000 TL’yi aşan işlemlerde kısmi olarak faizsiz taksitlendirme yapılamamaktadır. Güncel ürün ve hizmet ücretlerine
• Sonradan taksitlendirme talebinizi, alışverişinizi takip eden işgünü ve alışverişi gerçekleştirdiğiniz kredi kartınızın hesap kesim tarihine kadar iletmeniz gerekmektedir. Sonradan taksitlendirme, peşin alışveriş işlem tarihini izleyen ilk hesap kesim tarihine kadar yapılabilmekte olup, söz konusu tarihe kadar dönem içi hareketlerine yansımayan işlemler sonradan taksitlendirilemeyecektir. 1 - 30 Nisan 2025 tarihleri arasında yapacağınız peşin işlemlerinizi hesap kesim tarihinden önce olmak kaydı ile kampanya kapsamında sonradan taksitlendirebileceğiniz son tarih 05.05.2025' tir.
• Sonradan taksitlendirme işlemi yapılan kredi kartının hesap kesim tarihi, ancak son taksit ödendikten sonra değiştirilebilmektedir. Talebiniz, alışveriş tutarının ilgili kredi kartınıza borç kaydedilmesinden sonra gerçekleştirilebilmektedir. Bu süreç; İş Bankası POS cihazları üzerinden gerçekleştirilen alışverişler için en erken takip eden gün, başka Banka POS cihazları üzerinden gerçekleştirilen alışverişlerde ise, alışverişiniz bankalararası takas sistemi aracılığıyla kartınıza borç kaydedileceğinden, alışveriş tarihini takip eden 2 işgününü bulabilmektedir. Talebinizi bu süre sonunda iletmeniz halinde işleminiz gerçekleştirilebilecektir.
• Kampanya Maximum İşyerim ve İşCep kanalına özel olup, Maximum İşyerim ve İşCep dışındaki kanallardan yapılacak İş Bankası Ticari Kredi Kartınız ile gib.gov.tr veya Bankamız kanallarından yapılan 5.000 TL ve üzeri, 1.000.000 TL’ye kadar peşin vergi ödemelerinizin sonradan taksitlendirilmesi işlemlerinde yürürlükte olan faiz oranı ve ücretler kullanılmaya devam edilecektir.
• İş Bankası Ticari Kredi Kartınız ile Bankamız üye işyerlerinden yapılan taksitli alışverişlere taksit ekleme işlemlerinde yürürlükte olan faiz oranı ve ücretler kullanılmaya devam edilecektir.
• İş Bankası Ticari Kredi Kartınız ile hesap özeti erteleme/taksitlendirme ve peşin işlemlerin erteleme işlemlerinde yürürlükte olan faiz oranı ve ücretler kullanılmaya devam edilecektir.
• Sonradan taksitlendirme işlemlerinde 3-18 ay vade seçenekleri kampanya kapsamında değildir, 3-18 ay vade seçeneklerinde sonradan taksitlendirme işlemlerinde yürürlükte olan faiz oranı ve ücretler kullanılmaya devam edilecektir.
• Yukarıda yer alan ve gib.gov.tr veya Bankamız kanallarından yapılan vergi ödemeleri haricinde diğer üye işyerlerinden yapılan peşin vergi ödemelerinin sonradan taksitlendirilmesi işlemleri kampanya kapsamında değildir, yürürlükte olan faiz oranı ve ücretler kullanılmaya devam edilecektir.
• Türkiye İş Bankası, kampanyayı herhangi bir zamanda sonlandırma ve kampanya şartlarında değişiklik yapma hakkını saklı tutar. Bu durumda katılımcılar hiçbir hak iddia etmeyeceklerini kabul eder.
01 Mart 2025
1 - 31 Mart 2025
Maximum İşyerim > Kartlar > İşlemler > Dönem İçi İşlemler > Taksitlendirilebilecek işlemlerin yanındaki Taksitlendir/Ertele butonu > Taksitlendir
Ticari Kredi Kart Taksitlendirme ve Taksitli Nakit Avans yetkilerinizi Maximum İşyerim uygulaması > Kart İşlemleri > Kart Ayarları menüsü üzerinden veya Şubelerimizden güncelleyebilirsiniz.
1 - 31 Mart 2025 tarihleri arasında İş Bankası Ticari Kredi Kartınız ile gib.gov.tr veya Bankamız kanallarından yapılan 5.000 TL ve üzeri, toplamda 1.000.000 TL’ye kadar peşin vergi ödemelerinizi Maximum İşyerim ve İşCep kanalından %0 faiz ve masrafsız olarak sonradan 2 ay vade ile taksitlendirebilirsiniz.
Sonradan taksitlendirme talebinizi, alışverişinizi takip eden iş günü ve alışverişi gerçekleştirdiğiniz kredi kartınızın hesap kesim tarihine kadar iletmeniz gerekmektedir. Sonradan taksitlendirme, peşin alışveriş işlem tarihini izleyen ilk hesap kesim tarihine kadar yapılabilmekte olup, söz konusu tarihe kadar dönem içi hareketlerine yansımayan işlemler sonradan taksitlendirilemeyecektir. 1 - 31 Mart 2025 tarihleri arasında yapacağınız peşin işlemlerinizi hesap kesim tarihinden önce olmak kaydı ile kampanya kapsamında sonradan taksitlendirebileceğiniz son tarih 05.04.2025'tür.
Kampanya Maximum İşyerim ve İşCep kanalına özel olup, Maximum İşyerim ve İşCep dışındaki kanallardan yapılacak İş Bankası Ticari Kredi Kartınız ile gib.gov.tr veya Bankamız kanallarından yapılan 5.000 TL ve üzeri, 1.000.000 TL’ye kadar peşin vergi ödemelerinizin sonradan taksitlendirilmesi işlemlerinde yürürlükte olan faiz oranı ve ücretler kullanılmaya devam edilecektir.
01 Şubat 2025
1 - 28 Şubat 2025
1 - 28 Şubat 2025 tarihleri arasında İş Bankası Ticari Kredi Kartınız ile gib.gov.tr veya Bankamız kanallarından yapılan 5.000 TL ve üzeri, toplamda 1.000.000 TL’ye kadar peşin vergi ödemelerinizi Maximum İşyerim ve İşCep kanalından %0 faiz ve masrafsız olarak sonradan 2 ay vade ile taksitlendirebilirsiniz.
Sonradan taksitlendirme talebinizi, alışverişinizi takip eden iş günü ve alışverişi gerçekleştirdiğiniz kredi kartınızın hesap kesim tarihine kadar iletmeniz gerekmektedir. Sonradan taksitlendirme, peşin alışveriş işlem tarihini izleyen ilk hesap kesim tarihine kadar yapılabilmekte olup, söz konusu tarihe kadar dönem içi hareketlerine yansımayan işlemler sonradan taksitlendirilemeyecektir. 1 - 28 Şubat 2025 tarihleri arasında yapacağınız peşin işlemlerinizi hesap kesim tarihinden önce olmak kaydı ile kampanya kapsamında sonradan taksitlendirebileceğiniz son tarih 05.03.2025'tür.
06 Ocak 2025
6 - 31 Ocak 2025
İş Bankası ticari kredi kartları ile yapılan 5.000 TL ve üzeri, toplamda 1.000.000 TL’ye kadar gib.gov.tr veya Bankamız kanallarından peşin vergi ödemelerinin İşCep'ten sonradan 2 ay vade ile taksitlendirilmesi
Peşin alışverişlerinizi sonradan taksitlendirme işlemlerinizi İşCep uygulamalarında hemen yapabilirsiniz.
şCep
> Kartlarım
Harcama Taksitlendirme/Erteleme
Ticari Kredi Kart Taksitlendirme ve Taksitli Nakit Avans yetkilerinizi Şubelerimizden güncelleyebilirsiniz.
*Motorlu Taşıtlar Vergisi (MTV) ve Yurt Dışı Çıkış HarcıPasaport Harcı, Yolcu Beraberinde Getirilen Telefon Kullanım İzin Harcı, İkametgah Tezkeresi Defter Satış Bedeli ve Kimlik Kartı Satış Bedeli ödemelerinizi İşCep uygulaması üzerinden de yapabilirsiniz.
- 31 Ocak 2025 tarihleri arasında İş Bankası Ticari Kredi Kartınız ile gib.gov.tr veya Bankamız kanallarından yapılan 5.000 TL ve üzeri, toplamda 1.000.000 TL’ye kadar peşin vergi ödemelerinizi İşCep kanalından %0 faiz ve masrafsız olarak sonradan 2 ay vade ile taksitlendirebilirsiniz.
Sonradan taksitlendirme talebinizi, alışverişinizi takip eden iş günü ve alışverişi gerçekleştirdiğiniz kredi kartınızın hesap kesim tarihine kadar iletmeniz gerekmektedir. Sonradan taksitlendirme, peşin alışveriş işlem tarihini izleyen ilk hesap kesim tarihine kadar yapılabilmekte olup, söz konusu tarihe kadar dönem içi hareketlerine yansımayan işlemler sonradan taksitlendirilemeyecektir. 6 - 31 Ocak 2025 tarihleri arasında yapacağınız peşin işlemlerinizi hesap kesim tarihinden önce olmak kaydı ile kampanya kapsamında sonradan taksitlendirebileceğiniz son tarih 05.02.2025'tir.
onradan taksitlendirme işlemi yapılan kredi kartının hesap kesim tarihi, ancak son taksit ödendikten sonra değiştirilebilmektedir. Talebiniz, alışveriş tutarının ilgili kredi kartınıza borç kaydedilmesinden sonra gerçekleştirilebilmektedir. Bu süreç; İş Bankası POS cihazları üzerinden gerçekleştirilen alışverişler için en erken takip eden gün, başka Banka POS cihazları üzerinden gerçekleştirilen alışverişlerde ise, alışverişiniz bankalararası takas sistemi aracılığıyla kartınıza borç kaydedileceğinden, alışveriş tarihini takip eden 2 iş gününü bulabilmektedir. Talebinizi bu süre sonunda iletmeniz halinde işleminiz gerçekleştirilebilecektir.
01 Aralık 2024
1 - 31 Aralık 2024
İşCep > Kartlarım > Harcama Taksitlendirme/Erteleme​
1 - 31 Aralık 2024 tarihleri arasında İş Bankası Ticari Kredi Kartınız ile gib.gov.tr veya Bankamız kanallarından yapılan 5.000 TL ve üzeri, toplamda 1.000.000 TL’ye kadar peşin vergi ödemelerinizi İşCep kanalından %0 faiz ve masrafsız olarak sonradan 2 ay vade ile taksitlendirebilirsiniz.
Sonradan taksitlendirme talebinizi, alışverişinizi takip eden iş günü ve alışverişi gerçekleştirdiğiniz kredi kartınızın hesap kesim tarihine kadar iletmeniz gerekmektedir. Sonradan taksitlendirme, peşin alışveriş işlem tarihini izleyen ilk hesap kesim tarihine kadar yapılabilmekte olup, söz konusu tarihe kadar dönem içi hareketlerine yansımayan işlemler sonradan taksitlendirilemeyecektir. 1 - 31 Aralık 2024 tarihleri arasında yapacağınız peşin işlemlerinizi hesap kesim tarihinden önce olmak kaydı ile kampanya kapsamında sonradan taksitlendirebileceğiniz son tarih 05.01.2025'tir.
11 Kasım 2024
11 – 30 Kasım 2024
Kampanyaya dahil olan kartlar: İş Bankası ticari kredi kartları (İş Bankası Vergi Kart, Maximum Business Aidatsız kartlar, Tacir Olmayan Tüzel Kişilerin Kredi Kartları, KGF Nefes Kredisi , KOSGEB ve Turizm Destek Kredisi kapsamında tahsis edilen Ticari Kredi Kartları, Maximum Business+ ve Bayi Kartlar kampanyaya dahil değildir.)
​Kampanya kapsamında sonradan taksitlendirme talebinizi;
Maximum İşyerim > Kartlar > İşlemler > Dönem İçi İşlemler > Taksitlendirilebilecek i
şlemlerin yanındaki Taksitlendir/Ertele butonu > Taksitlendir
İşCep uygulaması üzerinden > Kartlar > Kredi Kartlarım > Harcamalarım > Dönemiçi Hareketlerim > Taksitlendirilebilecek işlemlerin yanındaki Taksitlendir/Ertele butonu > Taksitlendir
11-30 Kasım 2024 tarihleri arasında İş Bankası Ticari Kredi Kartınız ile gib.gov.tr veya Bankamız kanallarından yapılan 5.000 TL ve üzeri, toplamda 1.000.000 TL’ye kadar peşin vergi ödemelerinizi Maximum İşyerim ve İşCep kanalından %0 faiz ve masrafsız olarak sonradan 2 ay vade ile taksitlendirebilirsiniz.
Sonradan taksitlendirme talebinizi, alışverişinizi takip eden iş günü ve alışverişi gerçekleştirdiğiniz kredi kartınızın hesap kesim tarihine kadar iletmeniz gerekmektedir. Sonradan taksitlendirme, peşin alışveriş işlem tarihini izleyen ilk hesap kesim tarihine kadar yapılabilmekte olup, söz konusu tarihe kadar dönem içi hareketlerine yansımayan işlemler sonradan taksitlendirilemeyecektir. 11-30 Kasım 2024 tarihleri arasında yapacağınız peşin işlemlerinizi hesap kesim tarihinden önce olmak kaydı ile kampanya kapsamında sonradan taksitlendirebileceğiniz son tarih 05.12.2024'tür.
01 Ekim 2024
1 – 31 Ekim 2024
İşCep uygulaması üzerinden > Kartlar > Kredi Kartlarım> Harcamalarım>Dönemiçi Hareketlerim > Taksitlendirilebilecek işlemlerin yanındaki Taksitlendir/Ertele butonu >Taksitlendir
1-31 Ekim 2024 tarihleri arasında İş Bankası Ticari Kredi Kartınız ile gib.gov.tr veya Bankamız kanallarından yapılan 5.000 TL ve üzeri, toplamda 1.000.000 TL’ye kadar peşin vergi ödemelerinizi Maximum İşyerim ve İşCep kanalından %0 faiz ve masrafsız olarak sonradan 2 ay vade ile taksitlendirebilirsiniz.
onradan taksitlendirme talebinizi, alışverişinizi takip eden iş günü ve alışverişi gerçekleştirdiğiniz kredi kartınızın hesap kesim tarihine kadar iletmeniz gerekmektedir. Sonradan taksitlendirme, peşin alışveriş işlem tarihini izleyen ilk hesap kesim tarihine kadar yapılabilmekte olup, söz konusu tarihe kadar dönem içi hareketlerine yansımayan işlemler sonradan taksitlendirilemeyecektir. 1-31 Ekim 2024 tarihleri arasında yapacağınız peşin işlemlerinizi hesap kesim tarihinden önce olmak kaydı ile kampanya kapsamında sonradan taksitlendirebileceğiniz son tarih 05.11.2024'tür.
İş Bankası Ticari Kredi Kartınız ile hesap özeti erteleme/taksitlendirme ve peşin işlemlerin erteleme işlemlerinde yürürlükte olan faiz oranı ve ücretler kullanılmaya devam edilecektir
X Kapat",2cba852a21b7625b9320bd786dbd2e19d508b4c34e697014ac45472156f9512d,https://www.isbank.com.tr/kampanyalar/vergi-odemelerinizi-taksitlendirme-imkani,vergi ödemelerinizi taksitlendirme i̇mkanı,2cba852a21b7625b9320bd786dbd2e19d508b4c34e697014ac45472156f9512d,2026-06-16T12:53:38.887695+00:00,detail_page_fetch,İlgili,,Good,,,2026-06-01,2026-06-30,Kampanya Başlangıç Tarihi,2026-06-01,,Kampanya başlangıç tarihi bulundu; recency için kullanıldı.,False,,True,CL-7c4d694ed217,2026-06-01,Yüksek,campaign_start_date,False,2026-08-08,Kesim tarihinden eski: 2026-06-01 < 2026-08-08,Kampanya,True,Kampanya veya müşteri teklifi sinyali içeriyor.,True,True,,https://www.isbank.com.tr/duyurular
RI-9d02a6bbe8bc,DOC-REG-012-20260616125045,REG-012,Tier 1,yapi_kredi,Yapı Kredi,Yapı Kredi Basın Bültenleri,Resmi Basın Bülteni Sayfası,https://www.yapikredi.com.tr/yapi-kredi-hakkinda/basin-bultenleri,"YAPI KREDİ’YE YAKLAŞIK 1,1 MİLYAR DOLARLIK SENDİKASYON KREDİSİ",04.06.2026,https://www.yapikredi.com.tr/medium/file/yapi-krediye-yaklasik-11-milyar-dolarlik-sendikasyon-kredisi_72541/download,"YAPI KREDİ’YE YAKLAŞIK 1,1 MİLYAR DOLARLIK SENDİKASYON KREDİSİ
Yapı Kredi, uluslararası piyasalardaki güçlü konumunu bir kez daha teyit ederek yaklaşık 1,1 milyar dolar
tutarında sendikasyon kredisi anlaşması imzaladı. Sendikasyon kredisinin 2 ve 3 yıllık dilimleri Yapı
Kredi’nin Sürdürülebilir Finans Çerçevesi kapsamında kullandırılacak. 25 ülkeden 49 finansal kurumun
katılımıyla sağlanan kredi; 255,5 milyon dolar ve 482,25 milyon euro tutarında 367 gün vadeli, 178
milyon dolar ve 65 milyon euro tutarında 734 gün vadeli, ayrıca 33,5 milyon dolar tutarında 1.101 gün
vadeli olmak üzere beş ayrı dilimden oluşuyor.
Sürdürülebilir büyümeyi desteklemeye devam ediyoruz.
Uluslararası piyasalardan sağlanan yaklaşık 1,1 milyar dolarlık kaynağın Yapı Kredi’ye ve ülkemiz
ekonomisine duyulan güvenin en somut göstergelerinden biri olduğunu belirten Yapı Kredi CEO’su
Gökhan Erün , şunları söyledi: “ Yapı Kredi olarak ülkemizin kalkınmasına katkı sağlama hedefiyle
müşterilerimizin finansman ihtiyaçlarını desteklemeye devam ediyoruz. Böylece ülkemiz ekonomisinin
gelişimi için kaynaklarımızı çeşitlendirirken uluslararası alan daki öncü rolümüzü daha da
güçlendiriyoruz. Önümüzdeki dönemde de güçlü bilanço yapımız, etkin risk yönetimimiz ve müşteri
odaklı yaklaşımımızla ülkemize uzun vadeli kaynak sağlamaya ve ekonomik büyümenin finansmanına
sürdürülebilir katkıda bulunmaya devam edeceğiz.”
367 gün vadeli dilimlerin toplam maliyeti dolar ve euro için sırasıyla SOFR + yüzde 1,25 ve Euribor +
yüzde 1,10 olarak gerçekleşirken, 734 gün vadeli dilimlerin toplam maliyeti dolar ve euro için sırasıyla
SOFR + yüzde 1,75 ve Euribor + yüzde 1,60 oldu. 1 .101 gün vadeli dolar diliminin toplam maliyeti ise
SOFR + yüzde 2 olarak belirlendi.",fa82cddfebf3f516837c6e24c4f2438ff7030ac6803fd29895361238a9d78376,https://www.yapikredi.com.tr/medium/file/yapi-krediye-yaklasik-11-milyar-dolarlik-sendikasyon-kredisi_72541/download,"yapi kredi̇’ye yaklaşik 1,1 mi̇lyar dolarlik sendi̇kasyon kredi̇si̇",fa82cddfebf3f516837c6e24c4f2438ff7030ac6803fd29895361238a9d78376,2026-06-16T12:54:58.896022+00:00,detail_page_fetch,İlgisiz,,Good,,2026-06-04,,,Duyuru Tarihi,2026-06-04,,Duyuru/basın tarihi bulundu; recency için kullanıldı.,False,,False,,2026-06-04,Orta,announcement_date,False,2026-08-08,Kesim tarihinden eski: 2026-06-04 < 2026-08-08,İş Birliği,True,"İş birliği, mutabakat veya entegrasyon duyurusu içeriyor.",True,True,,https://www.yapikredi.com.tr/yapi-kredi-hakkinda/basin-bultenleri
RI-afe74d89e411,DOC-REG-012-20260616125045,REG-012,Tier 1,yapi_kredi,Yapı Kredi,Yapı Kredi Basın Bültenleri,Resmi Basın Bülteni Sayfası,https://www.yapikredi.com.tr/yapi-kredi-hakkinda/basin-bultenleri,YAPI KREDİ 500 MİLYON DOLARLIK İLAVE ANA SERMAYE TAHVİL İHRACINI BAŞARIYLA TAMAMLADI,20.05.2026,https://www.yapikredi.com.tr/medium/file/yapi-kredi-500-milyon-dolarlik-ilave-ana-sermaye-tahvil-ihracini-basariyla-tamamladi_72516/download,"YAPI KREDİ 500 MİLYON DOLARLIK İLAVE ANA SERMAYE TAHVİL
İHRACINI BAŞARIYLA TAMAMLADI
Yapı Kredi, uluslararası piyasalarda gerçekleştirdiği 500 milyon dolar tutarındaki İlave Ana Sermaye Tahvil
(AT1) ihracını başarıyla tamamladı. Banka’nın sermaye tabanını destekleyen işlem, Yapı Kredi’nin güçlü
finansal yapısına, disiplinli bilanço yönetimine ve Türkiye ekonomisine duyulan uluslararası yatırımcı
güvenini bir kez daha ortaya koydu.
Güçlü ve dinamik bilanço yapımıza duyulan güvenin göstergesi
Yapı Kredi CEO’su Gökhan Erün, gerçekleştirilen tahvil ihracına ilişkin değerlendirmesinde şunları
söyledi: “Uluslararası piyasalarda başarıyla tamamladığımız 500 milyon dolarlık İlave Ana Sermaye
Tahvil ihracı, Bankamızın güçlü finansal yapısına ve sürdürülebilir büyüme stratejisine duyulan güvenin
önemli bir göstergesi oldu. Küresel piyasalardaki dalgalanmalara rağmen yatırımcıların işlemimize
gösterdiği yoğun ilgi; güçlü ve dinamik bilanço yapımızı, disiplinli risk yönetimi yaklaşımımızı ve uzun
vadeli değer üretme kapasitemizi bir kez daha teyit etti.
Yapı Kredi olarak, geçtiğimiz yılın ilk çeyreğinden bu yana uluslararası piyasalardan 6,25 milyar dolar
tutarında kaynak sağlamayı başardık. Bu başarılı işlemlerle bir yandan sermaye yapımızı desteklerken,
diğer yandan müşterilerimiz, paydaşlarımız ve ülkemiz ekonomisi için sürdürülebilir değer yaratmaya
devam ediyoruz.”
Bankaların Özkaynaklarına İlişkin Yönetmelik’in İlave Ana Sermaye başlıklı 7. maddesi kapsamında
gerçekleştirilen işlemde; Abu Dhabi Commercial Bank, Citibank, Emirates NBD, First Abu Dhabi Bank, J.P.
Morgan, Société Générale ve Standard Chartered yetkili bankalar olarak görev aldı.",f0f94beb3769936eda4910d1c77db705241800cb313781ecd42534282fb14624,https://www.yapikredi.com.tr/medium/file/yapi-kredi-500-milyon-dolarlik-ilave-ana-sermaye-tahvil-ihracini-basariyla-tamamladi_72516/download,yapi kredi̇ 500 mi̇lyon dolarlik i̇lave ana sermaye tahvi̇l i̇hracini başariyla tamamladi,f0f94beb3769936eda4910d1c77db705241800cb313781ecd42534282fb14624,2026-06-16T12:54:59.263639+00:00,detail_page_fetch,İlgisiz,,Good,,2026-05-20,,,Duyuru Tarihi,2026-05-20,,Duyuru/basın tarihi bulundu; recency için kullanıldı.,False,,False,,2026-05-20,Orta,announcement_date,False,2026-08-08,Kesim tarihinden eski: 2026-05-20 < 2026-08-08,Ürün / Özellik Gelişmesi,True,"Ürün, API, POS, ödeme, tahsilat veya dijital özellik gelişmesi sinyali içeriyor.",True,True,,https://www.yapikredi.com.tr/yapi-kredi-hakkinda/basin-bultenleri
RI-d446caf4eae6,DOC-REG-011-20260616125044,REG-011,Tier 1,yapi_kredi,Yapı Kredi,Yapı Kredi KOBİ Kampanyaları,Resmi Kampanya Sayfası,https://www.yapikredi.com.tr/kampanyalar/kategori/kobi/,Yapı Kredi'den firmalara özel 48.000 TL değerinde hoş geldin paketi! | Kampanyalar | Yapı Kredi,16.06.2026,https://www.yapikredi.com.tr/kampanyalar/detay/253386,"Şu anda
sayfasına yönlendiriliyorsunuz. Devam etmek istiyor musunuz?
Evet
Hayır
Firmalara Özel Hoş Geldin Paketi Yapı Kredi'de!
Yapı Kredi'den firmalara özel 48.000 TL değerinde hoş geldin paketi!
Yapı Kredi Mobil'den müşteri olup ticari üyelik açılışı yapın, EFT/havale, çek tahsilatı gibi birçok işlemin ücretsiz sunulduğu 48.000 TL değerindeki hoş geldin paketinden faydalanın.
Kampanyaya katılmak ve hem bireysel hem firmanızın bankacılık işlemlerini kolayca gerçekleştirmek için Yapı Kredili Ol butonuna tıklayarak Yapı Kredi Mobil’i akıllı telefonunuza anında indirebilirsiniz.
YAPI KREDİLİ OL
Kampanyadan Yapı Kredi Mobil’den ilk defa müşteri olan ve sonrasında Yapı Kredi Mobil’den ticari üyelik açılışını tamamlayan şahıs işletmesi sahibi müşteriler ve limited şirketler yararlanabilecektir.
Kampanyadan yararlanabilmek için kullanıcılar Yapı Kredi Mobil’de yer alan “Tüzel Müşteri Ol” adımından ilk defa Yapı Kredili olmalıdır.
Yukarıdaki adımlardan ilerleyerek hesap açılışını tamamlayan müşteriler Yapı Kredi Mobil’e devam ettikten sonra ticari üyelik açılışı için yönlendirilecektir.
Müşterilerimiz ticari üyelik açılışını tamamladıktan sonraki günden itibaren 1 adet tl çek karnesi, 50 adet başka banka çek tahsilatı, 15 adet dış ticaret işlemi, 15 adet swift haberleşme masrafı ve 10 adet gelen döviz havale 6 ay boyunca ücretsiz olarak sunulacaktır. Eft ve havale işlemleri ise 1 yıl boyunca ücretsiz olacaktır.
Yapı Kredi Mobil üzerinden Yapı Kredi müşterisi olunduktan sonra ticari kredi kartı başvurusunda bulunan müşterilerin, başvurusu Yapı Kredi tarafından değerlendirildikten sonra onaylanması ve kartının kullanıma açılması durumunda kampanyadan yararlanabilecektir.
Kampanyadan ilgili firmanın yalnızca bir kez faydalanabilme hakkı bulunmaktadır.
Geç ve mesai dışı saatlerinde yapılan EFT / FAST işlemleri kampanya kapsamı dışındadır.
Yapı Kredi, kampanyayı durdurma ve kampanyada değişiklik yapma hakkını saklı tutar.
Bu sayfadaki bilgiler size yardımcı oldu mu?
Biraz
Geri bildiriminiz için teşekkür ederiz.
İşleminiz yapılamadı.
PDF dosyalarını okumak için bilgisayarınızda Adobe Acrobat Reader kurulu olmalıdır.
Bilgisayarınıza Adobe Acrobat Reader kurmak için
tıklayınız
Yardıma mı ihtiyacınız var?
Müşteri temsilcisine bağlanarak hemen destek alabilirsiniz.
ONLINE HİZMET
Bu alanda paylaşılan BIST 30 ve BIST100 endeks bilgileri, FOREKS Bilgi İletişim
Hizmetleri
A.Ş. tarafından sağlanmaktadır. Söz konusu veriler Borsa İstanbul A.Ş. ve FOREKS
Bilgi İletişim Hizmetleri A.Ş. tarafından Yapı Kredi Bankası A.Ş.’ne 15 dakika gecikmeli
olarak verilmektedir. Söz konusu süre uzayabilir ve gecikme nedeniyle fiyatlar güncel
fiyatları yansıtmayabilir. Bunun dışındaki yatırım ürünlerinde ise Yapı ve Kredi
Bankası A.Ş. sisteminde yer alan işlem fiyatları kullanılmaktadır. Verilen bilgiler
SPK Yatırım Hizmetleri Tebliği’nin 80. maddesi uyarınca finansal bilgi sunulması
kapsamında yatırımcının yatırım aracı bazında fikir edinmesi amacıyla paylaşılmıştır.
Finansal bilgi, sermaye piyasası araçları hakkında yönlendirici nitelikte olmayan
bilgi olup, finansal bilginin sunulması yatırım danışmanlığı faaliyeti ya da genel
yatırım tavsiyesi sunulması kapsamında sayılmamaktadır. Hiçbir şekilde herhangi
bir yatırım aracının alımı veya satılması için teklif, herhangi bir yatırım aracının
alım-satım önerisi veya aracılık teklifi olarak değerlendirilmemelidir. Bu nedenle,
sadece burada yer alan bilgilere dayanılarak yatırım kararı verilmesi beklentilerinize
uygun sonuçlar doğurmayabilir. Ayrıca Yapı Kredi Bankası A.Ş. söz konusu işlem fiyatlarını
oluşturmak için kulandığı Foreks Bilgi İletişim Hizmetleri A.Ş. tarafından sağlanan
bilgilerin tam veya doğru olmamasından, bu kaynakların kullanılması nedeni ile ortaya
çıkabilecek yanlışlık,hata ve eksikliklerden kaynaklı doğabilecek zararlardan Yapı
ve Kredi Bankası A.Ş. ve çalışanları sorumlu değildir. Bu alanda paylaşılan bilgilerin
tümü veya bir kısmı Yapı ve Kredi Bankası A.Ş.’nin yazılı izni olmadan çoğaltılamaz,
yayınlanamaz veya üçüncü kişilere gösterilemez.
Tarih
16.06.2026
Kredi Tutarı
Döviz Cinsi
Kredi Taksit Sayısı
Faiz Oranı (Aylık)
KKDF Oranı
BSMV Oranı
İlk Taksit Tutarı
Aylık Maliyet Oranı
Yıllık Maliyet Oranı
Müşteri Tipi
Kredi Türü
Kampanya
Toplam Geri Ödeme Tutarı
Masraf ve Komisyonlar
* Ödemesiz dönemlerin faizi, ilk taksit tutarına yansıtılmaktadır.
Taksit No
Taksit Tarihi
Taksit Tutarı
Taksit İçindeki Anapara
Taksit İçindeki Faiz
KKDF
BSMV
Kalan Anapara
Bu ödeme planında yer alan faiz oranı, ücret ve komisyon tutarları, tüketicilerin
bilgi edinmeleri amacıyla ve Bankamızca özel bir yükümlülük içermeksizin, bilgi
niteliğindedir. Bu ödeme planında yer alan bilgiler Ödeme Planının hazırlandığı
tarih itibarıyla geçerli değerleri yansıtmaktadır. Örnek ödeme planı oluşturduğunuz
ürünü Yapı Kredi’den kullanmaya karar verdiğinizde, Bankamızın ilan etmiş olduğu
güncel faiz, ücret ve komisyon tutarları geçerli olacaktır. Yapı Kredi faiz oranı,
ücret ve komisyon tutarlarında değişiklik yapma hakkını saklı tutar.
Bu ödeme planı, seçtiğiniz kredi ürününde sizi bilgilendirmek amacıyla hazırlanmış
olup, başvurunuza kesin onay taahhüdü içermemektedir. Başvurunuzun kesin onay alması,
sunacağınız bilgi ve belgeler üzerinden Bankamızca başvurunuza istinaden yapılacak
değerlendirme sonucunda belirlenecektir.
Toplam masraflara kredi açılış ücreti ve vergiler dahil edilmiş olup, krediye göre
farklılık gösterecek olan “sigorta masrafları” bu formda yer alan aylık ve yıllık
maliyet oranlarına dahil edilmemiştir.
Bu ödeme planında yer alan faiz oranı, ücret ve komisyon tutarları, Bankamızca özel
bir yükümlülük içermeksizin tüketicileri bilgilendirme amaçlı oluşturulmuştur. Örnek
ödeme planında yer alan bilgiler Ödeme Planının hazırlandığı tarih itibarıyla geçerli
değerleri yansıtmaktadır. Ödeme planı oluşturduğunuz ürünü Yapı Kredi’den kullanmaya
karar verdiğinizde, Bankamızın ilan etmiş olduğu güncel faiz, ücret ve komisyon
tutarları geçerli olacaktır. Yapı Kredi faiz oranı, ücret ve komisyon tutarlarında
değişiklik yapma hakkını saklı tutar.
Toplam masraflara tahsis, ekspertiz ve ipotek tesis ücreti dahil edilmiş olup, konutun
özelliğine göre farklılık gösterecek olan “sigorta masrafları” bu formda yer alan
aylık ve yıllık maliyet oranlarına dahil edilmemiştir.
Bu ödeme planı, seçtiğiniz eşit taksitli kredi ürününde sizi bilgilendirmek amacıyla
hazırlanmış olup, başvurunuza kesin onay taahhüdü içermemektedir. Başvurunuzun kesin
onay alması, sunacağınız bilgi ve belgeler üzerinden Bankamızca başvurunuza istinaden
yapılacak değerlendirme sonucunda belirlenecektir. Farklı ödeme planlarına sahip
ürünler için Yapıkredi şubelerinden bilgi alabilirsiniz.
Toplam masraflara tahsis, ekspertiz ve ipotek tesis ücreti dahil edilmiş olup, işyerinin
Başvurunuzu dilediğiniz
Yapı Kredi şubesinden
yapabilirsiniz.
Konut Kredisi başvurularınızı İnternet,SMS veya tüm
Yapı Kredi ATM
'leri üzerinden kolayca yapabilirsiniz. SMS ile başvurmak
için
KONUT (boşluk) TCKN (boşluk) Aylık Net Gelirinizi yazıp 4411’e gönderebilirsiniz.
Bireysel ihtiyaç kredisi başvurularınızı
hemen başvur butonuna tıklayarak, internet şubesi, SMS veya tüm
’leri üzerinden kolayca yapabilirsiniz. SMS ile başvurmak
için BIREYSEL (Boşluk) TCKN (Boşluk) Aylık Net Gelirinizi yazıp 4411’e gönderebilirsiniz.
HEMEN BAŞVUR
EN YAKIN ŞUBE & ATM
Vade(Ay)
Aylık Taksit Tutarı
Faiz Oranı
2.515,00 TL
% 0.01790
Seçiniz
Geri Ödeme Planını görmek için
HEMEN
BAŞVUR
Yükleniyor...
Dijitalden Bireysel İhtiyaç Kredisi
İnternet ve Mobil Şubeyi Tanıyın
YAPI KREDİLİ OLUN!",cb1bfa159a98d502f8b992cb592949d17f365a1ff2d549c07f3a7b3234c9e6de,https://www.yapikredi.com.tr/kampanyalar/detay/253386,yapı kredi'den firmalara özel 48.000 tl değerinde hoş geldin paketi! | kampanyalar,cb1bfa159a98d502f8b992cb592949d17f365a1ff2d549c07f3a7b3234c9e6de,2026-06-16T12:55:00.495507+00:00,detail_page_fetch,İlgili,,Good,,,2026-06-16,,Kampanya Başlangıç Tarihi,2026-06-16,,Kampanya başlangıç tarihi bulundu; recency için kullanıldı.,False,,False,,2026-06-16,Yüksek,campaign_start_date,False,2026-08-08,Kesim tarihinden eski: 2026-06-16 < 2026-08-08,Kampanya,True,Kampanya veya müşteri teklifi sinyali içeriyor.,True,True,,https://www.yapikredi.com.tr/kampanyalar/kategori/kobi/
RI-064031bb3d20,DOC-REG-062-20260616125046,REG-062,Tier 1,qnb_finansbank,QNB Finansbank,QNB Card KOBİ Ticari Kredi Kartı Kampanyaları,Resmi Kampanya Sayfası,https://www.qnbcard.com.tr/kartlar/ticari-kartlar/qnb-kobi-ticari-kredi-karti/qnb-kobi-ticari-kredi-karti-kampanyalari,Workinton Sanal Ofis Pratik Paket’te %50 İndirim Fırsatı! | QNB Kredi Kartı,25.05.2026,https://www.qnbcard.com.tr/kartlar/ticari-kartlar/qnb-kobi-ticari-kredi-karti/qnb-kobi-ticari-kredi-karti-kampanyalari/workinton-sanal-ofis-pratik-pakette-50-indirim-firsati,"Mastercard, Mastercard Ticari Kart sahibi kadın girişimcilere 25.05.2026 – 01.07.2026 tarihleri arasında Workinton Sanal Ofis Pratik Paketi’nde tek seferlik %50 indirim fırsatı sunuyor. Siz de QNB Mastercard Ticari Kartınızla bu fırsattan yararlanın.
İşini yeni kuran veya mevcut şirket adresini taşımak isteyen QNB Mastercard Ticari Kart sahibi kadın girişimciler, bu avantajla Workinton’un merkezi lokasyonlarında profesyonel ve prestijli bir iş adresine sahip olabiliyor.
Nasıl kullanırım?
1. Mastercard Ticari Kartınızı hazırlayın ve Mastercard kampanya sayfası (
link
) üzerinden “Hemen Katıl” butonuna tıklayın.
2. Giriş yapmadıysanız, kart numaranızın ilk 8 hanesini ve e-posta adresinizi girin.
3. Kampanya kodunuz ekranda görünecek ve giriş yapmak için kullandığınız e-posta adresine gönderilecektir.
4. Kodunuzu Workinton kampanya ekranında kullanabilirsiniz.
Kampanya Koşulları
Bu kampanya 25.05.2026 - 01.07.2026 tarihleri arasında geçerlidir.
Kampanya yalnızca Mastercard Ticari Kart sahibi kadın girişimciler için geçerlidir.
Kampanya, Workinton Sanal Ofis Pratik Paket için geçerlidir.
Mastercard Ticari Kart sahibi kadın girişimciler, Workinton Sanal Ofis Pratik Paket’te %50 indirimden yararlanabilir.
Workinton Sanal Ofis Pratik Paket kapsamında şirket kuruluşu için yasal adres gösterimi yapılabilir.
Paket kapsamında adınıza gelen kargo ve resmi evraklar Workinton tarafından teslim alınır.
Paket kapsamında prestijli lokasyonlarda iş adresi kullanımı sağlanır.
Ödemelerin Mastercard Ticari Kart ile yapılması gerekmektedir.
Daha önce başka bir bankanın Mastercard ticari kartı ile kampanyaya katılmış müşteriler, QNB Mastercard Ticari Kartları ile tekrar kampanyaya katılabilir.
QNB ve Mastercard herhangi bir ön bildirimde bulunmaksızın, kampanya koşullarını tek taraflı değiştirme ve kampanyayı durdurma hakkına sahiptir.
QNB Türkiye; herhangi bir iptal ve değişiklikten veya oluşabilecek herhangi bir ücretten, Workinton ve Mastercard’ın sunduğu hizmet kalitesinden sorumlu veya yükümlü değildir.
Kartlar
QNB Kredi Kartı
QNB Xtra
QNB Nakit Banka Kartı
Ticari Kartlar
QNB Corporate
QNB KOBİ
Ticari Banka Kartları
Ticari Sanal Kart
QNB KOBİ Fix
QNB Ticari Kredi Kartı Başvurusu
QNB Kredi Kartı Sanal Kart
QNB Kredi Kartı 25.000 TL'ye varan Faizsiz Taksitli Nakit Avans!
Diğer Kartlar
QNB GO
QNB Emekli
QNB Hemşire
QNB Fix
Ortak Markalı Kartlar
QNB Trendyol",3071169a2e637ebd01e6cd0a0b46e85501bd3344ff4e045d3394cfefe4582b62,https://www.qnbcard.com.tr/kartlar/ticari-kartlar/qnb-kobi-ticari-kredi-karti/qnb-kobi-ticari-kredi-karti-kampanyalari/workinton-sanal-ofis-pratik-pakette-50-indirim-firsati,workinton sanal ofis pratik paket’te %50 i̇ndirim fırsatı! | qnb kredi kartı,3071169a2e637ebd01e6cd0a0b46e85501bd3344ff4e045d3394cfefe4582b62,2026-06-16T12:55:53.356996+00:00,detail_page_fetch,İlgili,,Good,,,2026-05-25,2026-07-01,Kampanya Başlangıç Tarihi,2026-05-25,,Kampanya başlangıç tarihi bulundu; recency için kullanıldı.,False,,False,,2026-05-25,Yüksek,campaign_start_date,False,2026-08-08,Kesim tarihinden eski: 2026-05-25 < 2026-08-08,Kampanya,True,Kampanya veya müşteri teklifi sinyali içeriyor.,True,True,,https://www.qnbcard.com.tr/kartlar/ticari-kartlar/qnb-kobi-ticari-kredi-karti/qnb-kobi-ticari-kredi-karti-kampanyalari
RI-6764088a0677,DOC-REG-062-20260616125046,REG-062,Tier 1,qnb_finansbank,QNB Finansbank,QNB Card KOBİ Ticari Kredi Kartı Kampanyaları,Resmi Kampanya Sayfası,https://www.qnbcard.com.tr/kartlar/ticari-kartlar/qnb-kobi-ticari-kredi-karti/qnb-kobi-ticari-kredi-karti-kampanyalari,Folio AI üyeliklerinde %25 indirim! | QNB Kredi Kartı,01.06.2026,https://www.qnbcard.com.tr/kartlar/ticari-kartlar/qnb-kobi-ticari-kredi-karti/qnb-kobi-ticari-kredi-karti-kampanyalari/folio-ai-uyeliklerinde-25-indirim,"Mastercard® Ticari Kart sahibi kadın girişimcilere, Folio AI üyeliklerinde 01.06.2026 - 01.07.2026 tarihleri arasında tek seferlik %25 indirim fırsatı sunuyor! Siz de Mastercard logolu QNB Ticari Kartınızla bu fırsattan faydalanın.
Folio AI, girişimciler, işletmeler, üreticiler ve KOBİ’ler için özel olarak geliştirilmiş, yapay zekâ destekli bir akıllı katalog ve ticaret platformudur. Ürün fotoğraflarınızı, mevcut içeriklerinizi veya temel ürün bilgilerinizi yüklediğinizde, saniyeler içinde profesyonel ürün görselleri, detaylı açıklamalar, doğru kategori yapıları ve satışa hazır dijital kataloglar oluşturmanızı sağlar.
Kadın girişimciler için özel avantajlar:
Ürünlerinizi daha profesyonel, daha etkileyici bir şekilde sergileyebilirsiniz.
Dakikalar içinde online katalog hazırlayabilir, hemen paylaşmaya hazır hale getirebilirsiniz.
Sosyal medya ve WhatsApp üzerinden kolayca paylaşılabilir satış linkleri oluşturabilirsiniz — müşterileriniz sadece tıklayarak satın alabilir.
Yapay zekâ destekli içerik üretimi sayesinde, zaman alan ve tekrarlayan işleri otomatikleştirirsiniz — böylece operasyonel yükünüz azalır ve satışa, büyüme stratejilerine, müşteri ilişkilerine daha fazla odaklanabilirsiniz.
Nasıl Yararlanırsınız?
Mastercard Ticari Kart’ınızı hazırlayın ve “HEMEN KATIL” butonuna
tıklayın
Giriş yapmadıysanız, kart numaranızın ilk 8 hanesini ve e-posta adresinizi girin.
Kampanya kodunuz ekranda görünecek ve giriş yapmak için kullandığınız e-posta adresine gönderilecektir.
Kodunuzu Folio AI üyelik satın alma ekranında kullanabilirsiniz.
Kampanya Koşulları
Bu kampanya üyeliklerinde 01.06.2026 - 01.07.2026 tarihleri arasında geçerlidir.
Kampanya, sadece Mastercard® Ticari Kart sahibi kadın girişimci iseniz geçerlidir.
QNB Mastercard® Ticari Kart sahibi kadın girişimciler, Folio AI üyeliklerinde %25 indirimden yararlanabilir.
Kampanya, Folio AI üyelik paketlerinde geçerlidir.
Kampanyadan bir kez faydalanılabilir.
Kampanya kapsamında sunulan indirim, Folio AI üyelik satın alma ekranında kampanya kodunu girmeniz ile uygulanır.
Ödemelerin, Mastercard® Ticari Kartlarınızla yapılması gerekmektedir.
Kampanya, sadece Folio AI hizmetlerinde geçerlidir.
Kampanya, başka kampanyalar ve/veya indirim kuponları ile birleştirilemez.
ParaPuan kullanılarak yapılan harcamalar dahil değildir.
Kampanyaya katılan herkes, kampanya koşullarını peşinen kabul etmiş sayılır.
QNB, Folio AI ve/veya MasterKOBİ, kampanya kurallarını önceden haber vermeksizin değiştirme ve/veya kampanyayı durdurma hakkını saklı tutar.
Kampanya ile ilgili sorularınızı, e-posta adresi üzerinden iletebilirsiniz.
Kartlar
QNB Kredi Kartı
QNB Xtra
QNB Nakit Banka Kartı
Ticari Kartlar
QNB Corporate
QNB KOBİ
Ticari Banka Kartları
Ticari Sanal Kart
QNB KOBİ Fix
QNB Ticari Kredi Kartı Başvurusu
QNB Kredi Kartı Sanal Kart
QNB Kredi Kartı 25.000 TL'ye varan Faizsiz Taksitli Nakit Avans!
Diğer Kartlar
QNB GO
QNB Emekli
QNB Hemşire
QNB Fix
Ortak Markalı Kartlar
QNB Trendyol",74cdce3945bc520a3d105c1827da37c82b023ce8cb9c37e7922c9684ab381ed4,https://www.qnbcard.com.tr/kartlar/ticari-kartlar/qnb-kobi-ticari-kredi-karti/qnb-kobi-ticari-kredi-karti-kampanyalari/folio-ai-uyeliklerinde-25-indirim,folio ai üyeliklerinde %25 indirim! | qnb kredi kartı,74cdce3945bc520a3d105c1827da37c82b023ce8cb9c37e7922c9684ab381ed4,2026-06-16T12:55:54.032583+00:00,detail_page_fetch,İlgili,,Good,,,2026-06-01,2026-07-01,Kampanya Başlangıç Tarihi,2026-06-01,,Kampanya başlangıç tarihi bulundu; recency için kullanıldı.,False,,False,,2026-06-01,Yüksek,campaign_start_date,False,2026-08-08,Kesim tarihinden eski: 2026-06-01 < 2026-08-08,Kampanya,True,Kampanya veya müşteri teklifi sinyali içeriyor.,True,True,,https://www.qnbcard.com.tr/kartlar/ticari-kartlar/qnb-kobi-ticari-kredi-karti/qnb-kobi-ticari-kredi-karti-kampanyalari
RI-b79c88b3b6e5,DOC-REG-070-20260622120016,REG-070,Tier 1,visa,Visa,Visa Global Newsroom,Resmi Basın Bülteni Sayfası,https://usa.visa.com/about-visa/newsroom.html,"Visa Announces New AI, Stablecoin and Token Innovations to Power Intelligent, Programmable Commerce at Visa Payments Forum | Visa",6/10/2026,https://usa.visa.com/about-visa/newsroom/press-releases.releaseId.22491.html,"Visa Announces New AI, Stablecoin and Token Innovations to Power Intelligent, Programmable Commerce at Visa Payments Forum
6/10/2026
New Agent Scoring, Agentic Registry and Large Transaction Model capabilities, stablecoin settlement and token enhancements support the next gen of digital commerce
SAN FRANCISCO
--(BUSINESS WIRE)--Jun. 10, 2026--
Visa Payments Forum
2026,
Visa
(NYSE: V) today announced new AI, stablecoin and token capabilities designed to help clients unlock the next generation of commerce. These innovations reflect a simple objective: ensuring trust, security and control evolve alongside increasingly fast, automated and intelligent commerce experiences.
This press release features multimedia. View the full release here:
https://www.businesswire.com/news/home/20260610464331/en/
In a keynote presentation,
Jack Forestell
, Chief Product & Strategy Officer at
, outlined how two foundational shifts—artificial intelligence and stablecoins—are transforming both the front end and back end of money movement, and how
is enabling clients to participate.
“AI is transforming the front end of commerce. Stablecoins are reshaping the back end,” said Forestell. “Visa’s role is to enable it to work securely, reliably and at global scale, for every participant in the ecosystem.”
Powering the Front End of Commerce—and How It Gets Built—with AI
detailed how AI is reshaping how transactions are initiated, authorized and trusted—while also accelerating how new commerce experiences are designed, developed and delivered, particularly as AI agents increasingly act on behalf of consumers and businesses.
Intelligent Commerce, the company’s platform for agentic commerce, provides the trust, controls and connectivity needed for AI agents to securely discover, initiate and complete transactions.
To support this shift,
is working across the ecosystem—partnering with leading AI platforms, enabling new merchant capabilities and building infrastructure to ensure agent-initiated transactions are transparent and trusted, including:
Agent Score: Created with
New Generation
, it allows merchants to evaluate their websites for agentic commerce readiness—specifically, whether AI agents can navigate, understand and complete tasks on a merchant’s website.
Agentic Directory: Merchants need to know which agents can be trusted to transact on their sites, and agents need confidence that they are interacting with legitimate merchants. The directory includes agents and merchants that
has verified as legitimate participants in agentic commerce.
OpenAI Partnership
: a strategic collaboration with OpenAI to enable secure
payments within agentic commerce, enabling seamless and trusted payments across OpenAI. Through the partnership,
will provide its global network, credentialing capabilities and security infrastructure to support agentic commerce experiences, helping consumers and businesses interact and transact with confidence.
Large Transaction Model: An AI model trained on billions of transactions to improve fraud detection while increasing authorization performance and reducing false declines—a trade-off the industry has struggled with for years.
also demonstrated early development concepts from its
Crypto Labs
and developer teams. This included a Command Line Interface proof of concept that lets AI agents pay for digital services directly in the terminal using Visa’s tokenized credentials.
“We believe a growing share of creation and transactions will be led by developers using AI tools,” said Forestell. “We are working with the industry to make cards the best way to pay in the Command Line.”
Enhancing Tokens for AI-Driven Commerce
announced significant enhancements to its tokens, focused on bringing more data, context and assurance into the credentials used in digital commerce.
Today, tokens already carry a highly secure data set purpose-built for digital payments. As commerce extends to new channels and agents,
is enriching the data to provide more details on the transaction type, where the token is being used and who is making the payment.
A second key advancement is a token assurance signal
Token use is evaluated throughout its lifecycle—based on provisioning and behavioral history—to generate a signal of trust behind each transaction.
These enhancements provide issuers with stronger signals for authorization decisions, helping reduce false declines for merchants while minimizing friction for consumers.
Designed for AI-driven commerce, these developments embed identity, permissions and behavioral signals more deeply into credentials—allowing trust to travel with the transaction across devices, channels and use cases, including those initiated autonomously by AI agents.
Modernizing the Back End of
Money Movement
with Stablecoins
also shared progress in modernizing settlement and value transfer through stablecoins and blockchain-based infrastructure.
Tokenized Deposits:
announced it will build the technology layer that can allow banks to turn traditional deposits into programmable, always-on digital money. This gives banks a way to match the speed and flexibility of stablecoins while keeping funds on balance sheet.
Stablecoin Settlement
is expanding stablecoin settlement pilots across multiple regions, blockchains and currencies. Building on its first stablecoin settlement pilots in early 2025,
has moved billions of dollars in stablecoins across VisaNet, with an annualized run rate of approximately
$7 billion
as of
March 2026
. With issuing banks already settling seven days a week onchain with
is also working to extend seven-day settlement to include acquirers, increasing flexibility and frequency across the entire ecosystem.
Stablecoin-Linked Cards
continues to expand stablecoin-linked card programs, enabling consumers and businesses to spend stablecoin balances anywhere
is accepted. With more than 160 programs live or in development globally, adoption is expected to accelerate.
Helping Clients Modernize Without Disruption
Across these innovations,
emphasized a consistent theme from clients: modernization is essential, but full system replacement is not practical.
is addressing this with modular, cloud-native capabilities that integrate with existing infrastructure and enable banks, fintechs, acquirers and merchants to modernize at their own pace.
For issuers, the Pismo core banking platform enables flexible, real-time banking and processing capabilities with a phased path away from traditional systems.
For acquirers and merchants, Unified Checkout provides a consistent way to accept both card and non-card payments through a single orchestration layer—supporting evolving commerce models, including AI-driven transactions.
Intelligent Authorization uses real-time network signals and advanced models to help acquirers and their merchants optimize authorization approvals and capture incremental spend that might otherwise be declined.
Leading the Evolution of Commerce
Taken together, the announcements at
reflect a clear vision:
is becoming the platform that connects AI, programmable money, modern infrastructure and global trust so clients can win now and be ready for what’s next.
“History is filled with innovations that never reached scale,” said Forestell. “What determines success is trust, security and global reach. That’s what
brings to every new era of commerce – and what we’re building for the future.”
About Visa
Visa (NYSE: V) is a world leader in digital payments, facilitating transactions between consumers, merchants, financial institutions and government entities across more than 200 countries and territories. Our mission is to connect the world through the most innovative, convenient, reliable and secure payments network, enabling individuals, businesses and economies to thrive. We believe that economies that include everyone everywhere, uplift everyone everywhere and see access as foundational to the future of money movement. Learn more at
Visa.com
View source version on businesswire.com:
Media Contacts
Conor Febos -
press@visa.com
Jackie Dresch -
Source: Visa Inc.",9c00f8d85b749f257f580282335fee346003b236709473d6988c38f182da6f86,https://usa.visa.com/about-visa/newsroom/press-releases.releaseId.22491.html,"visa announces new ai, stablecoin and token innovations to power intelligent, programmable commerce at visa payments forum | visa",9c00f8d85b749f257f580282335fee346003b236709473d6988c38f182da6f86,2026-06-22T12:07:28.136463+00:00,detail_page_fetch,İlgili,,Good,,2026-06-10,,,Duyuru Tarihi,2026-06-10,,Duyuru/basın tarihi bulundu; recency için kullanıldı.,False,,False,,2026-06-10,Yüksek,visa_us_press_date,False,2026-08-08,Kesim tarihinden eski: 2026-06-10 < 2026-08-08,İş Birliği,True,"İş birliği, mutabakat veya entegrasyon duyurusu içeriyor.",True,True,,https://usa.visa.com/about-visa/newsroom.html
RI-b2c49f044f23,DOC-REG-070-20260622120016,REG-070,Tier 1,visa,Visa,Visa Global Newsroom,Resmi Basın Bülteni Sayfası,https://usa.visa.com/about-visa/newsroom.html,Visa Partners with OpenAI to Power the Next Generation of AI Commerce | Visa,6/10/2026,https://usa.visa.com/about-visa/newsroom/press-releases.releaseId.22496.html,"Visa Partners with OpenAI to Power the Next Generation of AI Commerce
6/10/2026
New collaboration brings Visa’s global payment network
to one of the largest AI platforms and aims to support seamless, secure transactions and broader AI-powered use cases across commerce environments supported by agents
SAN FRANCISCO
--(BUSINESS WIRE)--Jun. 10, 2026--
Visa
(NYSE: V) today announced a strategic collaboration with OpenAI to enable secure
payments within agentic commerce, enabling seamless and trusted payments across OpenAI. The companies made the announcement at the
Visa Payments Forum
San Francisco
. Through the partnership,
will provide its global network, credentialing capabilities and security infrastructure to support agentic commerce experiences, helping consumers and businesses interact and transact with confidence.
This press release features multimedia. View the full release here:
https://www.businesswire.com/news/home/20260610422687/en/
The collaboration is part of the broader
Intelligent Commerce initiative, which is focused on extending secure payment capabilities into new digital environments. Together,
and OpenAI will also explore a range of enterprise applications, including developer-focused experiences powered by Codex, as well as more automated and conversational workflows, as AI continues to evolve as an important interface for digital interactions.
As part of the partnership, Visa’s payment capabilities will be integrated into OpenAI experiences, giving developers and merchants a streamlined way to accept
payments initiated by agents. Alongside OpenAI,
will deliver the underlying network, tokenization and risk capabilities that support trusted and secure transactions.
Transactions will operate within clearly defined user permissions, policies and controls, such as spending limits, merchant categories or required approvals. Transactions will use tokenized
credentials and real-time authorization and fraud monitoring, helping enable new AI-enabled payment experiences to maintain strong security and consumer protection.
“AI will transform commerce more profoundly than the internet or mobile technology ever did,” said
Jack Forestell
, Chief Product and Strategy Officer,
. “As AI agents become active participants in the economy, Visa’s focus is to ensure transactions are trusted, secure and seamless. That’s the infrastructure we’re building with partners like OpenAI.”
“Commerce is going to happen in many more places and in many more ways than it does today, and agents will play an increasingly important role in helping people complete tasks that involve money—from purchases and payments to more complex transactions,” said Marco Mahrus, Head of Partnerships, Commerce at OpenAI. “By integrating with
Intelligent Commerce, we're building the infrastructure for secure, transparent, and user-controlled agentic transactions, helping people do more with AI agents while maintaining confidence that payments are being handled safely and securely.”
About Visa
Visa (NYSE: V) is a world leader in digital payments, facilitating transactions between consumers, merchants, financial institutions and government entities across more than 200 countries and territories. Our mission is to connect the world through the most innovative, convenient, reliable and secure payments network, enabling individuals, businesses and economies to thrive. We believe that economies that include everyone everywhere, uplift everyone everywhere and see access as foundational to the future of money movement. Learn more at
Visa.com
View source version on businesswire.com:
Media Contacts
Press@visa.com
Jackie Dresch
Conor Febos
Source: Visa Inc.",aea741aa77c40ad08afdf4df8cb9558d4024bfc851e3a7083dd9c296282af9b8,https://usa.visa.com/about-visa/newsroom/press-releases.releaseId.22496.html,visa partners with openai to power the next generation of ai commerce | visa,aea741aa77c40ad08afdf4df8cb9558d4024bfc851e3a7083dd9c296282af9b8,2026-06-22T12:07:29.521052+00:00,detail_page_fetch,İlgili,,Good,,2026-06-10,,,Duyuru Tarihi,2026-06-10,,Duyuru/basın tarihi bulundu; recency için kullanıldı.,False,,False,,2026-06-10,Yüksek,visa_us_press_date,False,2026-08-08,Kesim tarihinden eski: 2026-06-10 < 2026-08-08,İş Birliği,True,"İş birliği, mutabakat veya entegrasyon duyurusu içeriyor.",True,True,,https://usa.visa.com/about-visa/newsroom.html
RI-ebbca739f3c8,DOC-REG-070-20260622120016,REG-070,Tier 1,visa,Visa,Visa Global Newsroom,Resmi Basın Bülteni Sayfası,https://usa.visa.com/about-visa/newsroom.html,Visa and Brale Explore Private Stablecoin Settlement for Institutional Payments | Visa,6/04/2026,https://usa.visa.com/about-visa/newsroom/press-releases.releaseId.22481.html,"Visa and Brale Explore Private Stablecoin Settlement for Institutional Payments
6/04/2026
Proof of concept will test how privacy-enabled blockchain infrastructure can support secure, scalable settlement for institutional payment flows
SAN FRANCISCO
--(BUSINESS WIRE)--Jun. 4, 2026--
Visa
(NYSE: V) today announced a collaboration with Brale to explore stablecoin-based settlement using SBC, a
U.S
. dollar-backed stablecoin issued by Brale, on the Canton Network. The proof of concept will evaluate how privacy-enabled blockchain infrastructure can support faster, more programmable settlement while helping financial institutions and payment companies maintain control over the visibility of sensitive settlement transaction data.
began enabling stablecoin settlement in
2021
and continues to expand its capabilities, allowing VisaNet obligations to be settled using supported stablecoins. A central focus of this collaboration is the Canton Network’s privacy architecture. As stablecoin adoption grows, financial institutions are assessing how they can use blockchain-based settlement while meeting strict privacy and compliance requirements. Unlike many public blockchain networks, Canton is designed to allow participants to transact on shared infrastructure while limiting the visibility of sensitive transaction information.
Through the collaboration with Brale,
plans to evaluate support for SBC as an additional stablecoin option for institutional settlement use cases. SBC is natively supported on the Canton Network, enabling Brale and
to test how privacy-preserving infrastructure can be applied to real-world institutional payment flows.
“Stablecoin settlement has shown how blockchain infrastructure can improve the speed and efficiency of money movement,” said
Cuy Sheffield
, Head of Crypto,
. “Through our work with Brale, we’re exploring how SBC on the Canton Network can support institutional settlement use cases that require both programmability and privacy controls. This collaboration helps us evaluate what it takes to bring these capabilities into production environments.”
“Financial institutions are increasingly looking for stablecoin infrastructure that meets their operational, regulatory, and privacy requirements,” said
Ben Milne
, founder and CEO of Brale. “Working with
to explore SBC on Canton is an important step toward making stablecoin-based settlement more practical and scalable for real-world payment flows.”
believes stablecoins represent a scalable, next-generation settlement layer for global payments. Through collaborations like this, the company continues to advance how blockchain infrastructure can support the privacy, compliance, and interoperability standards required by financial institutions and payment networks.
About
(NYSE: V) is a world leader in digital payments, facilitating transactions between consumers, merchants, financial institutions and government entities across more than 200 countries and territories. Our mission is to connect the world through the most innovative, convenient, reliable and secure payments network, enabling individuals, businesses and economies to thrive. We believe that economies that include everyone everywhere, uplift everyone everywhere and see access as foundational to the future of money movement. Learn more at
Visa.com
About Brale
Brale is a regulated stablecoin infrastructure platform that enables companies to launch and operate fiat-backed digital currencies. Brale provides infrastructure across issuance, minting, redemption, compliance controls, treasury management, and blockchain interoperability through a modular API-based platform designed for institutional and enterprise use cases.
View source version on businesswire.com:
https://www.businesswire.com/news/home/20260604753418/en/
Media Contacts
Press@visa.com
Conor Febos
Jackie Dresch
Source: Visa Inc.",079b566d18abc765bda9792e8ddd1bcd657f4d56470a0867c1320c505668e68d,https://usa.visa.com/about-visa/newsroom/press-releases.releaseId.22481.html,visa and brale explore private stablecoin settlement for institutional payments | visa,079b566d18abc765bda9792e8ddd1bcd657f4d56470a0867c1320c505668e68d,2026-06-22T12:07:31.668151+00:00,detail_page_fetch,İlgisiz,,Good,,2026-06-04,,,Duyuru Tarihi,2026-06-04,,Duyuru/basın tarihi bulundu; recency için kullanıldı.,False,,False,,2026-06-04,Yüksek,visa_us_press_date,False,2026-08-08,Kesim tarihinden eski: 2026-06-04 < 2026-08-08,Ürün / Özellik Gelişmesi,True,"Ürün, API, POS, ödeme, tahsilat veya dijital özellik gelişmesi sinyali içeriyor.",True,True,,https://usa.visa.com/about-visa/newsroom.html
RI-6ee44cb3c25c,DOC-REG-070-20260622120016,REG-070,Tier 1,visa,Visa,Visa Global Newsroom,Resmi Basın Bülteni Sayfası,https://usa.visa.com/about-visa/newsroom.html,Visa Expands Commercial Solutions Hub with Integration of Visa Accounts Receivable Manager | Visa,5/27/2026,https://usa.visa.com/about-visa/newsroom/press-releases.releaseId.22471.html,"Visa Expands Commercial Solutions Hub with Integration of Visa Accounts Receivable Manager
5/27/2026
New integration allows issuers to send virtual card details to suppliers, helping automate virtual card adoption for suppliers at scale
SAN FRANCISCO
--(BUSINESS WIRE)--May 27, 2026--
Visa Inc.
(NYSE: V)
, a global leader in digital payments, today announced an expansion of the
Visa
Commercial Solutions Hub (VCS Hub), further strengthening how issuers and suppliers connect to scale virtual card programs. Through a new integration with
Accounts Receivable Manager (
AR Manager), eligible issuers gain built-in access to end-to-end processing designed to reduce operational friction and accelerate commercial card growth.
Virtual cards are among the fastest-growing payment methods in commercial payments yet scaling them remains complex. Issuers often face fragmented supplier connectivity, while suppliers are left with manual reconciliation and inconsistent payment flows. By bringing issuer and supplier networks together, by embedding access to
AR Manager in the VCS Hub,
is helping to simplify these connections and enable more automated, seamless payment experiences across the ecosystem.
Powering issuer growth through a unified commercial payments platform
Launched in 2025, VCS Hub is a globally available platform designed to help issuers support multiple commercial payment use cases through a single, scalable integration. By unifying Visa’s network capabilities, VCS Hub enables issuers to reduce technical complexity, accelerate time to market, and scale virtual card programs more efficiently across their commercial client portfolios.
“Issuers see strong demand for commercial card solutions, but scaling those programs can be unnecessarily complex,”
said
Gloria Colgan
, SVP, Global Product, Commercial Solutions,
“Visa Commercial Solutions Hub reduces that friction, making it easier to connect with suppliers, deliver new capabilities faster, and drive meaningful growth in commercial payments.”
Driving automation and unlocking scale
Now available in 69 geographies,
AR Manager, powered by proprietary AI capabilities, addresses key operational barriers that have historically limited virtual card adoption. Through this integration, issuers can send virtual card payments on behalf of their corporate buyers through
AR Manager.
AR Manager then provides a virtual card automation service to suppliers that reduces manual intervention, can accelerate reconciliation, potentially improving working capital outcomes for suppliers.
Early adopters of
AR Manager are already seeing measurable impact, including efficiency gains through increased automation. One customer reported an 89% reduction in days sales outstanding, realized a 300-basis-point net benefit, and enabled fully automated virtual card processing in under two weeks of implementation.
“Visa Accounts Receivable Manager brings true end-to-end automation to commercial payments,” said
Abhishek, Global Head of B2B Acceptance,
“By streamlining how payment and invoice data move between issuers and suppliers, we’re helping unlock the full growth potential of virtual card programs.”
Availability
The integrated capability for issuers is expected to launch in
September 2026
and will be available at no additional cost to eligible VCS Hub clients, subject to applicable terms and geographic availability. *
Frequently Asked Questions (FAQ)
What is
Commercial Solutions Hub (VCS Hub)?
Commercial Solutions Hub is a globally available, unified platform that enables issuers to access
and partner capabilities through a single integration. The VCS Hub provides access to a growing range of
capabilities and partner solutions, simplifying the deployment and scaling of commercial card programs.
AR Manager)?
AR Manager allows issuers to send virtual card details on behalf of their corporate buyer to suppliers enrolled in the
AR Manager service. For enrolled suppliers,
AR Manager automates accounts receivable processes by streamlining the exchange of payment, remittance, and invoice data. It is designed to reduce manual reconciliation and improve payment efficiency.
What is new in this announcement?
is integrating the
AR Manager service for issuers directly into VCS Hub. This gives eligible issuers built-in access to end-to-end virtual card processing and reconciliation capabilities through a single platform.
How does this benefit issuers?
Issuers can reduce technical complexity, accelerate time to market, and scale virtual card programs more efficiently. The integration may also help improve supplier enablement and overall program performance.
How does this benefit suppliers?
Suppliers can gain more consistent, automated payment and reconciliation processes. This can reduce manual work, improve cash flow visibility, and shorten payment cycles.
How does the integration improve virtual card adoption?
By simplifying supplier connectivity and automating payment and reconciliation workflows, the integration reduces key operational barriers that have historically limited virtual card adoption at scale.
What role does AI play in
AR Manager?
AR Manager uses proprietary AI capabilities to help match payments with invoices, streamline reconciliation, and reduce exceptions, improving overall processing efficiency.
Where is
AR Manager integration with the VCS Hub available?
AR Manager integration will be available in 69 areas globally where
AR Manager is currently available.
When will the integrated capability be available?
The integrated VCS Hub and
AR Manager capability for issuers is expected to launch in
, subject to geographic readiness.
Who is eligible to access this capability?
The integration will be available at no additional cost to eligible existing VCS Hub issuer clients. Availability for other clients will depend on commercial arrangements and jurisdictional conditions.
What results have
AR Manager early adopters seen?
Early adopters have reported significant efficiency gains, including up to an 89% reduction in days sales outstanding, measurable financial benefits, and the ability to enable fully automated virtual card processing within weeks.
About
(NYSE: V) is a world leader in digital payments, facilitating transactions between consumers, merchants, financial institutions and government entities across more than 200 countries and territories. Our mission is to connect the world through the most innovative, convenient, reliable and secure payments network, enabling individuals, businesses and economies to thrive. We believe that economies that include everyone everywhere, uplift everyone everywhere and see access as foundational to the future of money movement. Learn more at
Visa.com
Eligible issuers must agree to the VCS Hub Terms of Use, the VCS Hub Product Specific Terms for
AR Manager, and additional terms based on access channel to the VCS Hub: B2B Payables terms (if batch file or online), Embedded Payments terms (if embedded in ERP), or applicable
Developer Platform/VDP terms (if API). Please contact your
representative for more information.
View source version on
businesswire.com
https://www.businesswire.com/news/home/20260527308928/en/
Media Contact
Brooke Maggiotto
Brooke.maggiotto@visa.com
Source:",b324455ac2b21e6fe4585e8c1273224e54618221f321cc52d478de5b7ee12296,https://usa.visa.com/about-visa/newsroom/press-releases.releaseId.22471.html,visa expands commercial solutions hub with integration of visa accounts receivable manager | visa,b324455ac2b21e6fe4585e8c1273224e54618221f321cc52d478de5b7ee12296,2026-06-22T12:07:34.608370+00:00,detail_page_fetch,İlgili,,Good,,2026-05-27,,,Duyuru Tarihi,2026-05-27,,Duyuru/basın tarihi bulundu; recency için kullanıldı.,False,,False,,2026-05-27,Yüksek,visa_us_press_date,False,2026-08-08,Kesim tarihinden eski: 2026-05-27 < 2026-08-08,İş Birliği,True,"İş birliği, mutabakat veya entegrasyon duyurusu içeriyor.",True,True,,https://usa.visa.com/about-visa/newsroom.html
RI-949b7353941e,DOC-REG-070-20260622120016,REG-070,Tier 1,visa,Visa,Visa Global Newsroom,Resmi Basın Bülteni Sayfası,https://usa.visa.com/about-visa/newsroom.html,"Your Card, Your Security. Tap: A Safer Way to Verify Identity — Visa, Keyno, and Fidelity Bank (Bahamas) Lead the Transformation | Visa",5/11/2026,https://usa.visa.com/about-visa/newsroom/press-releases.releaseId.22406.html,"Your Card, Your Security. Tap: A Safer Way to Verify Identity — Visa, Keyno, and Fidelity Bank (Bahamas) Lead the Transformation
5/11/2026
Visa
and Keyno reimagine identity verification for the digital era, launching the next generation of Tap use cases — Tap to Confirm and Tap to Activate — first with
Fidelity Bank (Bahamas) Limited
MIAMI
--(BUSINESS WIRE)--May 11, 2026--
(NYSE: V) today announced a major step forward in how consumers verify their identity in the digital era, with the first-ever deployment of its Tap to Confirm and Tap to Activate technology for issuing banks. Launched in collaboration with fintech partner
Keyno
and
Fidelity Bank
Bahamas
) Limited, this innovation represents a paradigm shift in how consumers prove who they are to their financial institutions — turning the physical
card into a trusted identity credential that works with a simple tap inside the banking app they already use.
As commerce becomes increasingly digital, identity verification has emerged as one of the defining challenges of modern banking and payments. Instead of relying on one-time passcodes, call center verification, or other complex authentication processes, cardholders can now confirm their identity or activate a new card simply by tapping their
card to their mobile device — providing EMV-level security while delivering a frictionless user experience.
Powers the Next Era of Identity Verification
The breakthrough technology showcases
Visa's
innovation leadership by leveraging advanced EMV cryptography and
proprietary Chip Authenticate service. The solution integrates
robust Transaction Exchange (VTEX) API for real-time card data authentication directly through VisaNet — the world's most advanced payment processing network, handling over 150 billion transactions annually.
""Identity verification has become one of the defining challenges of digital commerce — and one of the biggest points of friction for consumers and issuers alike. With tap authentication,
is transforming the card in your wallet into a secure, intuitive identity credential, delivering an experience that is easier for consumers and more secure for issuers. This is what
payments expertise and global infrastructure make possible,” said,
Mike Romero
, Head of Digital Solutions,
Latin America and the
Caribbean
Enabling Issuers and Transforming Consumer Experience
Partnering with Keyno - whose technology provides secure digital card solutions - and launching first with Fidelity,
enhances issuers’ ability to:
Accelerate digital onboarding and activation
with instant card activation
Reduce bank call center costs
by turning users to in-app experiences
Reduce fraud significantly
with best-in-class EMV cryptogram validation that surpasses SMS-based authentication
Offer customers faster, tap-based authentication
for high-risk activity, like changes to passwords, mailing addresses. high value money transfers, or account limits
Eliminate friction
while strengthening security - no more wait times for call centers or delayed SMS codes
“Identity is the key to safe commerce. Now, your
card is the key to secure online identity verification. Keyno and
are leading the way—making digital banking safer, simpler, and more trusted with just a tap,” said, Robert J Steinman, CEO Keyno.
Following the successful Fidelity pilot,
is positioning Tap to Confirm as a premium security and authentication solution with global expansion planned throughout the year.
FAQ
Q: What is Tap to Confirm?
Tap to Confirm lets cardholders verify possession of their card for actions like high-value transfers or account changes by simply tapping their
card on their own mobile device using the issuer's banking app, replacing OTP with secure EMV authentication.
Q: What is Tap to Activate?
Tap to Activate allows cardholders to activate a new
card instantly and securely by tapping the card on their mobile phone within the issuer's app, eliminating the need to call support or enter activation codes.
Q: Who are the partners in this pilot?
has partnered with Keyno (
keyno.io
), a provider of secure digital card solutions, and Fidelity (
www.fidelitygroup.com
) for the first commercial rollout of these breakthrough tap features.
Q: How does this improve security?
The solutions use EMV chip cryptogram technology and
Chip Authenticate service for each tap, creating highly secure, fraud-resistant authentication that significantly exceeds the security of other authentication methods.
Q: What are the benefits for cardholders?
Faster, frictionless onboarding and card activation
Elimination of passwords, SMS delays, and phone calls
EMV-grade security for all authentication actions
Intuitive tap gesture requiring no learning curve
Q: When will these features be available?
The initial rollout with Fidelity is now live, with plans for expansion throughout 2026.
Q: Do I need a special app?
For this pilot, these features will be available within Fidelity's FIDSECURE mobile app powered by Keyno's technology and
Tap to Confirm authentication infrastructure.
Q: What makes this different from other authentication methods?
Unlike OTP or app-based authentication,
Tap technology uses the physical card's EMV chip as the authentication factor, providing stronger security while simplifying the user experience.
About
(NYSE: V) is a world leader in digital payments, facilitating transactions between consumers, sellers, financial institutions and government entities across more than 200 countries and territories. Our mission is to connect the world through the most innovative, convenient, reliable and secure payments network, enabling individuals, businesses and economies to thrive. We believe that economies that include everyone everywhere, uplift everyone everywhere and see access as foundational to the future of money movement. Learn more at
Visa.com
About Keyno
Keyno is a fintech innovator that helps issuers reduce card-not-present fraud and accelerate digital adoption through advanced card-security and enablement technologies. Its CVVkey® platform powers Dynamic CVV2, Digital Card Display with Full PAN, 3DS Biometric Authentication, Click-to-Pay Issuer Enablement, and Tap-to-X services for banks, credit unions, and fintechs worldwide.
www.keyno.io
View source version on
businesswire.com
https://www.businesswire.com/news/home/20260511068610/en/
Media Contacts
Catalina Bantula Camps
cbantula@visa.com
Source:
Visa Inc.",a553ba782d8311adf5fead62d208cf5900f0e8c304f78ab9ae3c225ed1766db5,https://usa.visa.com/about-visa/newsroom/press-releases.releaseId.22406.html,"your card, your security. tap: a safer way to verify identity — visa, keyno, and fidelity bank (bahamas) lead the transformation | visa",a553ba782d8311adf5fead62d208cf5900f0e8c304f78ab9ae3c225ed1766db5,2026-06-22T12:07:37.010167+00:00,detail_page_fetch,İlgisiz,,Good,,2026-05-11,,,Duyuru Tarihi,2026-05-11,,Duyuru/basın tarihi bulundu; recency için kullanıldı.,False,,False,,2026-05-11,Yüksek,visa_us_press_date,False,2026-08-08,Kesim tarihinden eski: 2026-05-11 < 2026-08-08,İş Birliği,True,"İş birliği, mutabakat veya entegrasyon duyurusu içeriyor.",True,True,,https://usa.visa.com/about-visa/newsroom.html
RI-b415e9977087,DOC-REG-003-20260624131426,REG-003,Tier 1,garanti_bbva,Garanti BBVA,Garanti BBVA Kurumsal communication / press releases,Resmi Basın Bülteni Sayfası,https://www.garantibbva.com.tr/kurumsal-iletisim,Garanti BBVA Sürdürülebilirlik Koordinasyonu,17 Haziran 2026,https://www.garantibbva.com.tr/content/public-website/kurumsal-iletisim/garanti-bbva-surdurulebilirlik-koordinasyonu,"Garanti BBVA Sürdürülebilirlik Koordinasyonu
17 Haziran 2026
Garanti BBVA, Kınalı-Malkara Otoyolu Projesi’nde sürdürülebilirlikle bağlantılı kredi ve türev işlemlerinin koordinasyonunu üstlendi
Garanti BBVA, Limak’ın Kınalı-Malkara Otoyolu Projesi kapsamında 400 milyon euro tutarındaki sürdürülebilirlikle bağlantılı kredi ile 575 milyon euro tutarındaki sürdürülebilirlikle bağlantılı faiz riskinden korunma (IRS)
işlemlerinde Sürdürülebilirlik Koordinatörü olarak görev aldı.
Garanti BBVA, Limak tarafından geliştirilen Kınalı-Malkara Otoyolu Projesi’nin finansmanında kredi ve türev işlemlerine yönelik sürdürülebilirlik koordinasyonunu üstlendi. Bu kapsamda Banka, uluslararası ve yerel finans kuruluşlarının katılımıyla gerçekleştirilen 400 milyon euro tutarındaki sürdürülebilirlikle bağlantılı kredi (SLL) ile 575 milyon euro tutarındaki sürdürülebilirlikle bağlantılı faiz riskinden korunma (IRS) işlemlerinde Sürdürülebilirlik Koordinatörü olarak görev aldı. Banka, söz konusu işlemlerde sürdürülebilirlik çerçevesinin oluşturulması, performans göstergelerinin belirlenmesi, bağımsız ikinci taraf görüşü (SPO) sürecinin koordinasyonu ve uygulama süreçlerinin yürütülmesinden sorumlu oldu.
Türkiye'nin önemli ulaşım altyapısı yatırımlarından biri olan proje için oluşturulan finansman yapısı, sürdürülebilirlik hedeflerini finansal performans göstergeleriyle ilişkilendirerek uzun vadeli değer yaratmayı amaçlıyor.
Garanti BBVA'nın sürdürülebilirlik koordinasyonunu üstlendiği 575 milyon euro tutarındaki işlem, Türkiye'nin en büyük sürdürülebilirlikle bağlantılı IRS işlemi olma özelliğini taşıyor. Bu yapı, sürdürülebilirlik kriterlerinin yalnızca kredi süreçlerine değil, türev ürünlere de entegre edilmesini sağlayarak sürdürülebilir finansman uygulamalarının kapsamının genişletilmesine katkıda bulunuyor. Böylece çevresel ve sosyal performans hedefleri finansman mekanizmalarının ayrılmaz bir parçası haline gelirken, altyapı yatırımlarında sürdürülebilir dönüşümü destekleyen yenilikçi bir finansman modeli ortaya konuyor.
Garanti BBVA Genel Müdür Yardımcısı Sinem Edige
, konuyla ilgili yaptığı değerlendirmede şunları söyledi: “Finans sektörünün sürdürülebilir dönüşümde oynadığı rol her geçen gün daha da önem kazanıyor. Kınalı-Malkara Otoyolu Projesi kapsamında yürüttüğümüz koordinasyon görevi, sürdürülebilir finansman alanındaki uzmanlığımızı farklı ürün ve çözümlere taşıma vizyonumuzun önemli bir yansıması. Sürdürülebilirlik kriterlerinin hem kredi hem de risk yönetimi araçlarıyla ilişkilendirilmesini destekleyerek, altyapı yatırımlarında uzun vadeli değer yaratımını teşvik eden yenilikçi finansman yapılarının gelişimine katkı sağlıyoruz. Müşterilerimizin sürdürülebilir dönüşümüne katkı sağlayan yenilikçi finansman çözümleri geliştirmeyi sürdürürken, sürdürülebilir finansman alanındaki öncü rolümüzü güçlendirmeye devam edeceğiz.”",571e94b381392fa365b33a3d0da34883b48fdd6e11f1ce4c2324905100ce4ceb,https://www.garantibbva.com.tr/content/public-website/kurumsal-iletisim/garanti-bbva-surdurulebilirlik-koordinasyonu,garanti bbva sürdürülebilirlik koordinasyonu,571e94b381392fa365b33a3d0da34883b48fdd6e11f1ce4c2324905100ce4ceb,2026-06-24T13:14:30.611815+00:00,detail_page_fetch,İlgisiz,,Good,,2026-06-17,,,Duyuru Tarihi,2026-06-17,,Duyuru/basın tarihi bulundu; recency için kullanıldı.,False,,True,CL-c74625293c40,2026-06-17,Yüksek,announcement_date,False,2026-08-08,Kesim tarihinden eski: 2026-06-17 < 2026-08-08,Ürün / Özellik Gelişmesi,True,"Ürün, API, POS, ödeme, tahsilat veya dijital özellik gelişmesi sinyali içeriyor.",True,True,,https://www.garantibbva.com.tr/kurumsal-iletisim
RI-99a532c48ce4,DOC-REG-011-20260624131554,REG-011,Tier 1,yapi_kredi,Yapı Kredi,Yapı Kredi KOBİ Kampanyaları,Resmi Kampanya Sayfası,https://www.yapikredi.com.tr/kampanyalar/kategori/kobi/,1 Yıllık Robom Ön Muhasebe Programı Yapı Kredi'den Hediye! | Kampanyalar | Yapı Kredi,31 Temmuz 2026,https://www.yapikredi.com.tr/kampanyalar/detay/256293,"Şu anda
sayfasına yönlendiriliyorsunuz. Devam etmek istiyor musunuz?
Evet
Hayır
Robom paketiniz Yapı Kredi'den!
1 Yıllık Robom Ön Muhasebe Programı Yapı Kredi'den Hediye!
Yapı Kredi Mobil’den şahıs işletmeniz için ilk defa ticari hesap açın ve World Business kartınıza başvurun; 2.988 TL değerindeki 1 yıllık Robom paketinin ücretini Yapı Kredi karşılasın.
Kampanyaya katılmak ve hem bireysel hem firmanızın bankacılık işlemlerini kolayca gerçekleştirmek için Yapı Kredili Ol butonuna tıklayarak Yapı Kredi Mobil’i akıllı telefonunuza anında indirebilirsiniz.
YAPI KREDİLİ OL
Kampanya 18 Haziran-31 Temmuz 2026 tarihleri arasında geçerlidir.
Kampanyadan Yapı Kredi Mobil’den ilk defa müşteri olan ve sonrasında Yapı Kredi Mobil’den ticari üyelik açılışını tamamlayan şahıs işletmesi sahibi müşteriler yararlanabilecektir.
Kampanyadan yararlanabilmek için kullanıcılar Yapı Kredi Mobil’de yer alan “Tüzel Müşteri Ol” adımından ilk defa Yapı Kredili olmalıdır.
Yukarıdaki adımlardan ilerleyerek hesap açılışını tamamlayan müşteriler Yapı Kredi Mobil’e devam ettikten sonra ticari üyelik açılışı için yönlendirilecektir.
Yapı Kredi Mobil üzerinden iş yerleri için tüzel hesap açılışı yapıldıktan sonra Yapı Kredi World Business kredi kartına başvurulmalıdır.
Kampanya tarihleri arasında business kredi kartı başvurusunda bulunan müşterilerimizin, başvurusu Yapı Kredi tarafından değerlendirildikten sonra onaylanması ve kartının kullanıma açılması durumunda kampanyadan yararlanılabilecektir.
Kullanıcılar Robom hizmeti için robom.com üzerinden kampanya tarihleri arasında 2.988 TL tutarında yaptıkları harcamanın tamamı 10 Ağustos 2026 tarihinde müşterilerimizin yeni açtıkları Yapı Kredi Business Card'larına yapılacaktır.
Kampanyadan faydalanılabilmesi için harcamanın iade edilmemesi gerekmektedir. İade yapılması durumunda indirim tutarları geri alınacaktır.
Kampanyadan faydalanılabilmesi için paket satın alımı sonrası yıl boyunca iade edilmemesi gerekmektedir. İade yapılması durumunda indirim tutarı geri alınacaktır.
Kampanya robom.com üzerinden yapılacak ilk ve tek harcama için geçerlidir.
Kampanyadan ilgili firmanın yalnızca bir kez faydalanabilme hakkı bulunmaktadır.
Yapı Kredi ve Robom kampanyayı durdurma ve kampanyada değişiklik yapma hakkını saklı tutar.
Bu sayfadaki bilgiler size yardımcı oldu mu?
Biraz
Geri bildiriminiz için teşekkür ederiz.
İşleminiz yapılamadı.
PDF dosyalarını okumak için bilgisayarınızda Adobe Acrobat Reader kurulu olmalıdır.
Bilgisayarınıza Adobe Acrobat Reader kurmak için
tıklayınız
Yardıma mı ihtiyacınız var?
Müşteri temsilcisine bağlanarak hemen destek alabilirsiniz.
ONLINE HİZMET
Bu alanda paylaşılan BIST 30 ve BIST100 endeks bilgileri, FOREKS Bilgi İletişim
Hizmetleri
A.Ş. tarafından sağlanmaktadır. Söz konusu veriler Borsa İstanbul A.Ş. ve FOREKS
Bilgi İletişim Hizmetleri A.Ş. tarafından Yapı Kredi Bankası A.Ş.’ne 15 dakika gecikmeli
olarak verilmektedir. Söz konusu süre uzayabilir ve gecikme nedeniyle fiyatlar güncel
fiyatları yansıtmayabilir. Bunun dışındaki yatırım ürünlerinde ise Yapı ve Kredi
Bankası A.Ş. sisteminde yer alan işlem fiyatları kullanılmaktadır. Verilen bilgiler
SPK Yatırım Hizmetleri Tebliği’nin 80. maddesi uyarınca finansal bilgi sunulması
kapsamında yatırımcının yatırım aracı bazında fikir edinmesi amacıyla paylaşılmıştır.
Finansal bilgi, sermaye piyasası araçları hakkında yönlendirici nitelikte olmayan
bilgi olup, finansal bilginin sunulması yatırım danışmanlığı faaliyeti ya da genel
yatırım tavsiyesi sunulması kapsamında sayılmamaktadır. Hiçbir şekilde herhangi
bir yatırım aracının alımı veya satılması için teklif, herhangi bir yatırım aracının
alım-satım önerisi veya aracılık teklifi olarak değerlendirilmemelidir. Bu nedenle,
sadece burada yer alan bilgilere dayanılarak yatırım kararı verilmesi beklentilerinize
uygun sonuçlar doğurmayabilir. Ayrıca Yapı Kredi Bankası A.Ş. söz konusu işlem fiyatlarını
oluşturmak için kulandığı Foreks Bilgi İletişim Hizmetleri A.Ş. tarafından sağlanan
bilgilerin tam veya doğru olmamasından, bu kaynakların kullanılması nedeni ile ortaya
çıkabilecek yanlışlık,hata ve eksikliklerden kaynaklı doğabilecek zararlardan Yapı
ve Kredi Bankası A.Ş. ve çalışanları sorumlu değildir. Bu alanda paylaşılan bilgilerin
tümü veya bir kısmı Yapı ve Kredi Bankası A.Ş.’nin yazılı izni olmadan çoğaltılamaz,
yayınlanamaz veya üçüncü kişilere gösterilemez.
Tarih
24.06.2026
Kredi Tutarı
Döviz Cinsi
Kredi Taksit Sayısı
Faiz Oranı (Aylık)
KKDF Oranı
BSMV Oranı
İlk Taksit Tutarı
Aylık Maliyet Oranı
Yıllık Maliyet Oranı
Müşteri Tipi
Kredi Türü
Kampanya
Toplam Geri Ödeme Tutarı
Masraf ve Komisyonlar
* Ödemesiz dönemlerin faizi, ilk taksit tutarına yansıtılmaktadır.
Taksit No
Taksit Tarihi
Taksit Tutarı
Taksit İçindeki Anapara
Taksit İçindeki Faiz
KKDF
BSMV
Kalan Anapara
Bu ödeme planında yer alan faiz oranı, ücret ve komisyon tutarları, tüketicilerin
bilgi edinmeleri amacıyla ve Bankamızca özel bir yükümlülük içermeksizin, bilgi
niteliğindedir. Bu ödeme planında yer alan bilgiler Ödeme Planının hazırlandığı
tarih itibarıyla geçerli değerleri yansıtmaktadır. Örnek ödeme planı oluşturduğunuz
ürünü Yapı Kredi’den kullanmaya karar verdiğinizde, Bankamızın ilan etmiş olduğu
güncel faiz, ücret ve komisyon tutarları geçerli olacaktır. Yapı Kredi faiz oranı,
ücret ve komisyon tutarlarında değişiklik yapma hakkını saklı tutar.
Bu ödeme planı, seçtiğiniz kredi ürününde sizi bilgilendirmek amacıyla hazırlanmış
olup, başvurunuza kesin onay taahhüdü içermemektedir. Başvurunuzun kesin onay alması,
sunacağınız bilgi ve belgeler üzerinden Bankamızca başvurunuza istinaden yapılacak
değerlendirme sonucunda belirlenecektir.
Toplam masraflara kredi açılış ücreti ve vergiler dahil edilmiş olup, krediye göre
farklılık gösterecek olan “sigorta masrafları” bu formda yer alan aylık ve yıllık
maliyet oranlarına dahil edilmemiştir.
Bu ödeme planında yer alan faiz oranı, ücret ve komisyon tutarları, Bankamızca özel
bir yükümlülük içermeksizin tüketicileri bilgilendirme amaçlı oluşturulmuştur. Örnek
ödeme planında yer alan bilgiler Ödeme Planının hazırlandığı tarih itibarıyla geçerli
değerleri yansıtmaktadır. Ödeme planı oluşturduğunuz ürünü Yapı Kredi’den kullanmaya
karar verdiğinizde, Bankamızın ilan etmiş olduğu güncel faiz, ücret ve komisyon
tutarları geçerli olacaktır. Yapı Kredi faiz oranı, ücret ve komisyon tutarlarında
değişiklik yapma hakkını saklı tutar.
Toplam masraflara tahsis, ekspertiz ve ipotek tesis ücreti dahil edilmiş olup, konutun
özelliğine göre farklılık gösterecek olan “sigorta masrafları” bu formda yer alan
aylık ve yıllık maliyet oranlarına dahil edilmemiştir.
Bu ödeme planı, seçtiğiniz eşit taksitli kredi ürününde sizi bilgilendirmek amacıyla
hazırlanmış olup, başvurunuza kesin onay taahhüdü içermemektedir. Başvurunuzun kesin
onay alması, sunacağınız bilgi ve belgeler üzerinden Bankamızca başvurunuza istinaden
yapılacak değerlendirme sonucunda belirlenecektir. Farklı ödeme planlarına sahip
ürünler için Yapıkredi şubelerinden bilgi alabilirsiniz.
Toplam masraflara tahsis, ekspertiz ve ipotek tesis ücreti dahil edilmiş olup, işyerinin
Başvurunuzu dilediğiniz
Yapı Kredi şubesinden
yapabilirsiniz.
Konut Kredisi başvurularınızı İnternet,SMS veya tüm
Yapı Kredi ATM
'leri üzerinden kolayca yapabilirsiniz. SMS ile başvurmak
için
KONUT (boşluk) TCKN (boşluk) Aylık Net Gelirinizi yazıp 4411’e gönderebilirsiniz.
Bireysel ihtiyaç kredisi başvurularınızı
hemen başvur butonuna tıklayarak, internet şubesi, SMS veya tüm
’leri üzerinden kolayca yapabilirsiniz. SMS ile başvurmak
için BIREYSEL (Boşluk) TCKN (Boşluk) Aylık Net Gelirinizi yazıp 4411’e gönderebilirsiniz.
HEMEN BAŞVUR
EN YAKIN ŞUBE & ATM
Vade(Ay)
Aylık Taksit Tutarı
Faiz Oranı
2.515,00 TL
% 0.01790
Seçiniz
Geri Ödeme Planını görmek için
HEMEN
BAŞVUR
Yükleniyor...
Dijitalden Bireysel İhtiyaç Kredisi
İnternet ve Mobil Şubeyi Tanıyın
YAPI KREDİLİ OLUN!",9fb8f29009c678f9390d12296c8b7ae95781df7fb4718f178f9e672a070e81cf,https://www.yapikredi.com.tr/kampanyalar/detay/256293,1 yıllık robom ön muhasebe programı yapı kredi'den hediye! | kampanyalar,9fb8f29009c678f9390d12296c8b7ae95781df7fb4718f178f9e672a070e81cf,2026-06-24T13:15:58.259959+00:00,detail_page_fetch,İlgili,,Good,,,2026-06-18,2026-07-31,Kampanya Başlangıç Tarihi,2026-06-18,,Kampanya başlangıç tarihi bulundu; recency için kullanıldı.,False,,False,,2026-06-18,Yüksek,campaign_start_date,False,2026-08-08,Kesim tarihinden eski: 2026-06-18 < 2026-08-08,Kampanya,True,Kampanya veya müşteri teklifi sinyali içeriyor.,True,True,,https://www.yapikredi.com.tr/kampanyalar/kategori/kobi/
RI-c691ef5bd769,DOC-REG-012-20260624131559,REG-012,Tier 1,yapi_kredi,Yapı Kredi,Yapı Kredi Basın Bültenleri,Resmi Basın Bülteni Sayfası,https://www.yapikredi.com.tr/yapi-kredi-hakkinda/basin-bultenleri,YAPI KREDİ’YE ULUSLARARASI PİYASALARDAN 700 MİLYON DOLARLIK YENİ KAYNAK,18.06.2026,https://www.yapikredi.com.tr/medium/file/yapi-krediye-uluslararasi-piyasalardan-700-milyon-dolarlik-yeni-kaynak_72582/download,"YAPI KREDİ’YE ULUSLARARASI PİYASALARDAN 700 MİLYON
DOLARLIK YENİ KAYNAK
Yapı Kredi, 700 milyon dolar tutarında DPR (Diversified Payment Rights) işlemi gerçekleştirdi.
Banka, 10 ila 12 yıl vadeler arasında havale akımlarına dayalı gelecekteki nakit akışları (future
flow) ve hazine işlemlerini içeren fonlama yapısını hayata geçirdi. Söz konusu işlem,
uluslararası piyasalarda Yapı Kredi’ye duyulan güçlü güveni ve Banka’nın uzun vadeli,
çeşitlendirilmiş fonlama stratejisindeki istikrarlı yaklaşımını bir kez daha ortaya koydu.
Uluslararası piyasalarda güçlü yatırımcı güveni
Güçlü risk yönetimi yaklaşımı ve etkin likidite yönetimi sayesinde uluslararası piyasalarda
istikrarlı şekilde kaynak yaratmaya devam ettiklerini söyleyen Yapı Kredi CEO’su Gökhan Erün,
şu değerlendirmede bulundu: “ Uzun vadeli ve çeşitlendirilmiş fonlama stratejimiz
doğrultusunda hayata geçirdiğimiz 700 milyon dolarlık DPR işlemi, uluslararası piyasalarda
Yapı Kredi’ye duyulan güçlü güvenin somut bir yansıması oldu. Bu sayede Bankamızın uzun
vadeli büyüme hedeflerini desteklerken, aynı zamanda Türkiye ekono misine de katkı
sağlamaya devam ediyoruz. Önümüzdeki dönemde de finansman kaynaklarımızı
çeşitlendirmeye, uluslararası yatırımcılarla ilişkilerimizi derinleştirmeye ve sürdürülebilir
büyüme stratejimiz doğrultusunda ülkemiz ekonomisine katkı sağlamaya kara rlılıkla devam
edeceğiz.”",6fea592150df3962d8ec4b49ef3ccef06fd950db98cb77dda68ce8937ab8825a,https://www.yapikredi.com.tr/medium/file/yapi-krediye-uluslararasi-piyasalardan-700-milyon-dolarlik-yeni-kaynak_72582/download,yapi kredi̇’ye uluslararasi pi̇yasalardan 700 mi̇lyon dolarlik yeni̇ kaynak,6fea592150df3962d8ec4b49ef3ccef06fd950db98cb77dda68ce8937ab8825a,2026-06-24T13:16:02.785608+00:00,detail_page_fetch,İlgisiz,,Good,,2026-06-18,,,Duyuru Tarihi,2026-06-18,,Duyuru/basın tarihi bulundu; recency için kullanıldı.,False,,False,,2026-06-18,Orta,announcement_date,False,2026-08-08,Kesim tarihinden eski: 2026-06-18 < 2026-08-08,Ürün / Özellik Gelişmesi,True,"Ürün, API, POS, ödeme, tahsilat veya dijital özellik gelişmesi sinyali içeriyor.",True,True,,https://www.yapikredi.com.tr/yapi-kredi-hakkinda/basin-bultenleri
RI-e4561838b13d,DOC-REG-062-20260624131613,REG-062,Tier 1,qnb_finansbank,QNB Finansbank,QNB Card KOBİ Ticari Kredi Kartı Kampanyaları,Resmi Kampanya Sayfası,https://www.qnbcard.com.tr/kartlar/ticari-kartlar/qnb-kobi-ticari-kredi-karti/qnb-kobi-ticari-kredi-karti-kampanyalari,TotalEnergies İstasyonlarında Yakıtmatik’te İndirim Kampanyası! | QNB Kredi Kartı,10.06.2026,https://www.qnbcard.com.tr/kartlar/ticari-kartlar/qnb-kobi-ticari-kredi-karti/qnb-kobi-ticari-kredi-karti-kampanyalari/totalenergies-istasyonlarinda-yakitmatikte-indirim-kampanyasi,"Mastercard, Mastercard Ticari Kart sahiplerine TotalEnergies Yakıtmatik ile yıl boyunca tüm benzin ve dizel akaryakıt alımlarında %4 anında indirim fırsatı sunuyor.
Mastercard Ticari Kart sahipleri, TotalEnergies Yakıtmatik kampanyası kapsamında alacakları kampanya kodu ile
TotalEnergies Yakıtmatik
başvuru/kayıt ekranından kayıt işlemlerini tamamladıktan sonra, yıl sonuna kadar Yakıtmatik hesabına tanımladığı Mastercard Ticari Kartı ile TotalEnergies istasyonlarında yapacakları akaryakıt alımlarında %4 anında indirim avantajından faydalanabilir.
Siz de QNB Mastercard Ticari Kartınızla 10.06.2026 – 31.12.2026 tarihleri arasında bu fırsattan yararlanın.
Nasıl Yararlanırsınız?
Mastercard Ticari Kart’ınızı hazırlayın ve
link
üzerinden “HEMEN KATIL” butonuna tıklayın.
Giriş yapmadıysanız, kart numaranızın ilk 8 hanesini ve e-posta adresinizi girin.
Kampanya kodunuz ekranda görünecek ve giriş yapmak için kullandığınız e-posta adresine gönderilecektir.
Kodunuzu TotalEnergies Yakıtmatik kampanya/kayıt ekranında kullanarak başvuru ve kayıt işleminizi tamamlayabilirsiniz.
Kayıt işleminizin tamamlanmasının ardından, yıl sonuna kadar TotalEnergies istasyonlarında yapacağınız akaryakıt alımlarında %4 anında indirimden yararlanabilirsiniz.
Kampanya Koşulları
Bu kampanya 10.06.2026 - 31.12.2026 tarihine kadar geçerlidir.
Kampanya yalnızca Mastercard Ticari Kart sahipleri için geçerlidir.
Kampanya, TotalEnergies Yakıtmatik hizmeti kapsamında geçerlidir.
QNB Mastercard Ticari Kart sahipleri, kampanya kapsamında TotalEnergies Yakıtmatik üzerinden Yakıtmatik hesabına tanımladıkları Mastercard Ticari Kartı ile yapacakları benzin ve dizel akaryakıt alımlarında %4 anında indirimden yararlanabilir.
Kampanyadan yararlanmak için kullanıcıların öncelikle MasterKOBİ üzerinden kampanya kodlarını almaları ve ardından
ön başvuru formunu doldurmaları gerekmektedir.
Ön başvuru formunu tamamlayan kullanıcılarla TotalEnergies Yakıtmatik ekibi telefon üzerinden iletişime geçecektir.
Kullanıcıların, telefon görüşmesi sırasında MasterKOBİ üzerinden aldıkları kampanya kodunu TotalEnergies Yakıtmatik ekibine iletmeleri gerekmektedir.
Ön başvuru sürecinin ardından kullanıcılara SMS ile referans kodu iletilecektir.
Kullanıcıların, SMS ile iletilen referans kodunu Yakıtmatik uygulamasındaki referans kodu alanına girerek başvuru sürecini tamamlamaları gerekmektedir
Başvuru sürecinin tamamlanmasının ardından şirket bilgileri alanının doldurulması yeterlidir. Gerekli belgeler ve süreç adımları için TotalEnergies Yakıtmatik ekibi kullanıcılara telefon üzerinden destek sağlayabilir.
Her işletme için bir Yakıtmatik hesabı oluşturulur, şirkete ait UTTS kurulu tüm araçlar yakıtmatik kaydı yapılarak indirimden yararlanabilir.
Kampanya kapsamında sağlanan %4 indirim, kayıt işlemi tamamlandıktan sonra 31.12.2026’ya kadar TotalEnergies istasyonlarında yapılan benzin ve dizel akaryakıt alımlarında geçerlidir.
İndirim yalnızca TotalEnergies Yakıtmatik sistemi üzerinden gerçekleştirilen akaryakıt alımlarında geçerlidir.
Ödemelerin Mastercard Ticari Kartları ile yapılması gerekmektedir.
ParaPuan kullanılarak yapılacak ödemeler kampanya kapsamında değildir.
Kampanya başka kampanyalar ve/veya indirim kuponları ile birleştirilemez.
Kampanyaya katılan herkes kampanya koşullarını peşinen kabul etmiş sayılır.
QNB, TotalEnergies ve/veya MasterKOBİ, kampanya kurallarını önceden haber vermeksizin değiştirme ve/veya kampanyayı durdurma hakkını saklı tutar.
Kampanya ile ilgili sorularınızı masterkobi@collwave.com kanalı üzerinden iletebilirsiniz.
Kartlar
QNB Kredi Kartı
QNB Xtra
QNB Nakit Banka Kartı
Ticari Kartlar
QNB Corporate
QNB KOBİ
Ticari Banka Kartları
Ticari Sanal Kart
QNB KOBİ Fix
QNB Ticari Kredi Kartı Başvurusu
QNB Kredi Kartı Sanal Kart
QNB Kredi Kartı 25.000 TL'ye varan Faizsiz Taksitli Nakit Avans!
Diğer Kartlar
QNB GO
QNB Emekli
QNB Hemşire
QNB Fix
Ortak Markalı Kartlar
QNB Trendyol",65b451e7ccbc8f7a5989de5d7f95e820c7bdea4353a705ec29206d673dc5bd99,https://www.qnbcard.com.tr/kartlar/ticari-kartlar/qnb-kobi-ticari-kredi-karti/qnb-kobi-ticari-kredi-karti-kampanyalari/totalenergies-istasyonlarinda-yakitmatikte-indirim-kampanyasi,totalenergies i̇stasyonlarında yakıtmatik’te i̇ndirim kampanyası! | qnb kredi kartı,65b451e7ccbc8f7a5989de5d7f95e820c7bdea4353a705ec29206d673dc5bd99,2026-06-24T13:16:20.980642+00:00,detail_page_fetch,İlgili,,Good,,,2026-06-10,2026-12-31,Kampanya Başlangıç Tarihi,2026-06-10,,Kampanya başlangıç tarihi bulundu; recency için kullanıldı.,True,Recency baz tarihi eski; kampanya bitiş tarihi kesim tarihinden sonra görünüyor.,False,,2026-06-10,Yüksek,campaign_start_date,False,2026-08-08,Kesim tarihinden eski: 2026-06-10 < 2026-08-08,Kampanya,True,Kampanya veya müşteri teklifi sinyali içeriyor.,True,True,,https://www.qnbcard.com.tr/kartlar/ticari-kartlar/qnb-kobi-ticari-kredi-karti/qnb-kobi-ticari-kredi-karti-kampanyalari
RI-b461fe1c2787,DOC-REG-083-20260625115344,REG-083,Tier 1,ing,ING,ING Basın Bültenleri 2026,Resmi Basın Bülteni Sayfası,https://www.ing.com.tr/tr/ing/basin-odasi/basin-bultenleri/2026,ING’den KOBİ’lere masrafsız bankacılık desteği,3 Haziran 2026,https://www.ing.com.tr/F/Documents/pdf/Basin_Odasi/2026/INGden_KOBIlere_masrafsiz_bankacilik_destegi.pdf,"Basın Bülteni
İletişim ve Marka Deneyimi Grubu
İstanbul, 3 Haziran 2026
ING’den KOBİ’lere masrafsız bankacılık desteği
En sevilen dijital banka olma hedefiyle ilerleyen ING Türkiye, masrafsız bankacılık yaklaşımıyla
KOBİ’lerin günlük bankacılık işlemlerinden kaynaklanan maliyetlerini ortadan kaldırarak
işletmelerin kazancını artıran çözümler sunuyor. EFT, havale ve FAST işlemlerini 7/24 ücretsiz
gerçekleştirme imkânı sunan ING Türkiye, masrafsız ticari kredi kartı ve nakit iade fırsatlarıyla
işletmelerin finansal süreçlerine doğrudan katkı sağlıyor. ING Türkiye Tüzel Bankacılık Genel Müdür
Yardımcısı Hüsniye Ulu, “Günlük bankacılık işlemlerinde masrafları ortadan kaldırarak KOBİ’lerin
finansal süreçlerini sadeleştirmeye ve görünmeyen maliyetleri kazanca dönüştürmeye
odaklanıyoruz. Dijital kanallarımız üzerinden sunduğumuz hızlı ve pratik çözümlerle ise
müşterilerimizin bankacılık işlemlerine ayırdıkları zamanı azaltarak işlerini büyütmeye daha fazla
odaklanmalarını destekliyoruz” dedi.
En sevilen dijital banka olma hedefiyle ilerleyen ING Türkiye, masrafsız bankacılık yaklaşımıyla KOBİ’lerin günlük
bankacılık işlemlerinden kaynaklanan maliyetlerini ortadan kaldırarak işletmelerin kazancını artıran çözümler
sunuyor. EFT, havale ve FAST işlemlerini 7/24 ücretsiz gerçekleştirme imkânı sunan ING Türkiye, masrafsız ticari kredi
kartı ve nakit iade fırsatlarıyla işletmelerin finansal süreçlerine doğrudan katkı sağlıyor. Günlük bankacılık
işlemlerinin işletmeler üzerinde yarattığı maliyet yükünü azaltmayı hedefleyen ING Türkiye, ayrıca ING Mobil
üzerinden sunduğu çözümlerle KOBİ’lerin para transferlerinden düzenli ödemelerine kadar tüm finansal süreçlerini
zahmetsiz ve hızlı bir şekilde yönetmesine imkân tanıyor.
İşletmelere maliyet avantajı sağlanıyor.
Dijitalleşmeyi stratejisinin merkezine alan ING, KOBİ’lerin bankacılık işlemlerine ayırdığı zaman ve maliyeti azaltarak
işletmelerin işlerine odaklanmasını destekliyor. Bu kapsamda para transferleri 7/24 ücretsiz olarak
gerçekleştirilebiliyor ve 250.000 TL’ye varan ING Bonus Business kredi kartına ticari kredi ile birlikte başvurulabilirken
yıllık kart aidatı da alınmıyor. Yeni yazarkasa POS’ları ile başvuru yapan işletmeler, 750.000 TL’ye kadar olan ciroda
5.000 TL’ye varan nakit iade fırsatından yararlana biliyor. Bunun yanı sıra, ING Mobil üzerinden verilen iki ve üzeri
otomatik ödeme talimatına da 2.500 TL’ye kadar nakit iade imkânı sunuluyor. ING müşterisi olma süreci ise
tamamen dijital kanallar üzerinden, şubeye gitmeye gerek kalmadan hızlı ve kolay bir şekilde tamamlanabiliyor.
Hüsniye Ulu: İşletmelere zahmetsiz ve masrafsız bankacılık hizmeti sunuyoruz.
ING Türkiye Tüzel Bankacılık Genel Müdür Yardımcısı Hüsniye Ulu, işletmelere zahmetsiz ve masrafsız bankacılık
hizmeti sunma hedefiyle ilerlediklerini aktararak “Günlük bankacılık işlemlerinde masrafları ortadan kaldırarak
KOBİ’lerin finansal süreçlerini sadeleştirmeye ve görünmeyen maliyetleri kazanca dönüştürmeye oda klanıyoruz.
7/24 ücretsiz para transferleri, masrafsız ticari kredi kartı ve nakit iade fırsatlarıyla işletmelerin nakit akışlarını daha
verimli yönetmelerine katkı sağlıyoruz. Dijital kanallarımız üzerinden sunduğumuz hızlı ve pratik çözümlerle ise
müşterilerimizin bankacılık işlemlerine ayırdıkları zamanı azaltarak işlerini büyütmeye daha fazla odaklanmalarını
destekliyoruz” dedi.
ING Türkiye Hakkında:
Faaliyetlerini ING Grubu’nun, insanların iş ve özel hayatlarında bir adım önde olmalarını mümkün kılma amacıyla gerçekleştire n ING, Türkiye'nin en
sevilen dijital bankası olma hedefiyle ilerliyor. Müşterilerine her zaman, her yerden, kolay ve zahmetsiz hizmet sunmayı hedefleyen ING Türkiye, “Sen
hayatını yaşa” marka yolu ile insanların hayatında bankacılığın daha az yer tutması gerektiğine dikkat çekerken; “Aslan gibi banka, arkanda”
söylemiyle de bankacılığı zahmetsiz hale getirerek hayatlarında istediklerini yapabilmeleri için müşterilerinin yan ında olduklarını vurguluyor.
Stratejisinde üstün müşteri deneyimini ve sürdürülebilirliği önceliklendiren ING Türkiye, Sabancı Üniversitesi İstanbul Ulusl ararası Enerji ve İklim
Merkezi (IICEC), İş Dünyası ve Sürdürülebilir Kalkınma Derneği Türkiye (SKD) ü yesi ve UN WEPs – Kadını Güçlendirme Prensipleri imzacısı.
ING Grubu Hakkında:
Güçlü bir Avrupa temeline sahip, dünya çapında bir finansal hizmetler şirketi olan ING Grubu, bankacılık faaliyetlerini ING B ank şirketi üzerinden
yürütüyor. İnsanları güçlendirerek özel ve iş hayatlarında bir adım önde olmalarını sağlamayı amaçlayan ING G rubu, 100’den fazla ülkede 60 binin
üzerindeki çalışanının gücü ile perakende ve kurumsal bankacılık hizmetleri sunuyor. ING Grubu hisseleri Amsterdam (INGA AS, INGA.AS), Brüksel ve
New York Menkul Kıymetler Borsası’nda (ADRs: ING US, ING.N) işlem görüyor. Sürdürülebilirliği işinin merkezinde konumlandırmayı hedefleyen ING’nin,
MSCI tarafından Ağustos 2024 yılında sağlanan ESG değerlendirmesinde “AA -List” derecelendirmesi bulunuyor. Ayrıca, Aralık 2023 itibarıyla
Sustainalytics, ING'nin ESG riskinin yönetim i güçlü olarak değerlendiriyor. Mevcut ESG Risk Derecelendirmesi ise 17,2 (düşük risk). ING Grup hisseleri
ayrıca, STOXX, Morningstar ve FTSE Russell gibi önemli sürdürülebilirlik endekslerinde yer alıyor. Dünya düşük karbon ekonomi sine geçiyor.
Müşterilerimiz ve biz de öyle. Hâlâ finanse ettiğimiz sürdürülebilir olmayan faaliyetler daha fazla olsa da giderek daha çok sürdürüleb ilir faaliyeti
finanse ediyoruz. Nasıl ilerlediğimizi görmek için ing.com/climate.",a0eef9311ba65b8dd2e3b0a68ba7913e9a53b57be3b93191e3da939d7a0f51c8,https://www.ing.com.tr/F/Documents/pdf/Basin_Odasi/2026/INGden_KOBIlere_masrafsiz_bankacilik_destegi.pdf,ing’den kobi̇’lere masrafsız bankacılık desteği,a0eef9311ba65b8dd2e3b0a68ba7913e9a53b57be3b93191e3da939d7a0f51c8,2026-06-25T12:22:37.432721+00:00,detail_page_fetch,İlgili,,Good,,2026-06-03,,,Duyuru Tarihi,2026-06-03,,Duyuru/basın tarihi bulundu; recency için kullanıldı.,False,,False,,2026-06-03,Yüksek,announcement_date,False,2026-08-08,Kesim tarihinden eski: 2026-06-03 < 2026-08-08,Kampanya,True,Kampanya veya müşteri teklifi sinyali içeriyor.,True,True,,https://www.ing.com.tr/tr/ing/basin-odasi/basin-bultenleri/2026
RI-11a75c9dc055,DOC-REG-083-20260625115344,REG-083,Tier 1,ing,ING,ING Basın Bültenleri 2026,Resmi Basın Bülteni Sayfası,https://www.ing.com.tr/tr/ing/basin-odasi/basin-bultenleri/2026,ING’nin araştırmasına göre masrafsız bankacılık temel beklenti haline geldi,20 Mayıs 2026,https://www.ing.com.tr/F/Documents/pdf/Basin_Odasi/2026/INGnin_arastirmasina_gore_masrafsiz_bankacilik_temel_beklenti_haline_geldi.pdf,"Basın Bülteni
İletişim ve Marka Deneyimi Grubu
İstanbul, 20 Mayıs 2026
ING’nin araştırmasına göre masrafsız bankacılık temel beklenti haline geldi
Her 3 kişiden 2’si masrafsızlık nedeniyle bankasını değiştirmeye istekli
ING Türkiye, masrafsız bankacılıkta öncü bir adım atarak ING Mobil üzerinden yurt içi para transferi ücretlerinde
masrafları ve kredi kartı aidatını kaldırdı. Bu adımın müşterilerin refahına doğrudan katkı sağladığına inanan
ING, günlük hayatın akışı içinde yapılan küçük harcamaların tüketicilerin algısı ve bütçesi üzerindeki etkisini
inceleyen bir araştırma gerçekleştirdi. Araştırma, günlük harcamalarda ve bankacılık işlemlerinde oluşan küçük
tutarların görünmeyen masraflar haline geldiğini ortaya koyuyor. Katılımcıların yarısı yaptığı günlük küçük
harcamalarının gerçek tutarını ancak ay sonunda fark ederken, bu harcamaların çoğundan tasarruf
edilebileceğini düşünüyor. Katılımcıların yüzde 63’ü son bir ayda banka/işlem ücreti ödediğini belirtirken,
yaklaşık yarısı para transferi sırasında beklemediği bir ücretle karşılaştığını söylüyor. Bu masraflar davranışı da
doğrudan etkiliyor. Katılımcıların neredeyse yarısı masraflar nedeniyle bankasını değiştirdiğini belirtiyor. Yüzde
64 ile çoğunluğu ise masraflar nedeniyle banka değiştirmeye istekli. Bu sonuçlar, bankacılıkta masrafsızlığın
artık bir tercih değil, temel bir beklenti haline geldiğini ortaya koyuyor.
En sevilen dijital banka olma hedefiyle ilerleyen ING Türkiye, masrafsız bankacılıkta öncü bir adım atarak ING Mobil
üzerinden yurt içi para transferi ücretlerinde masrafları ve kredi kartı aidatını kaldırdı. Bu adımın müşterilerin
refahına doğrudan katkı sağladığına inanan ING, günlük hayatın akışı içinde yapılan küçük harcamaların tüketicilerin
algısı ve bütçesi üzerindeki etkisini inceleyen bir araştırma gerçekleştirdi. Araştırma, günlük harcamalarda ve
bankacılık işlemlerinde oluşan küçük tutarların görünmeyen masraflar haline geldiğini ortaya koyuyor.
Küçük harcamalar günlük hayatın görünmeyen yükü
Araştırmaya göre, katılımcıların yüzde 93’ü son bir ayda plansız market alışverişi yaptığını belirtirken, yüzde 76’sı
kahve/içecek satın aldığını, yüzde 71’i ise dışarıdan yemek siparişi verdiğini ifade ediyor. Bu kalemler arasında banka
veya işlem ücretleri ise yüzde 63 ile dördüncü sırada yer alıyor. Bu harcamalar tek başına küçük görünse de birikerek
bütçe üzerinde bir yük yaratıyor. Katılımcıların yüzde 51’i plansız market alışverişlerinin yüzde 45’i ise dışarıdan
yemek harcamalarının ay sonunda yüksek bir tutara ulaştığını söylüyor. Yüzde 36 ise otomatik ödemeye koyup
unuttuğu abonelikler olduğunu belirtiyor. Tasarruf refleksi olarak ise yüzde 41 ile en çok dışarıdan yemek siparişleri
azaltılıyor. Araştırma, farkındalık tarafında önemli bir içgörü sunuy or; tüketicilerin yarısı yaptığı günlük küçük
harcamalarının gerçek tutarını ancak ay sonunda fark ediyor, aynı tür harcamayı ne kadar sık yaptığını sonradan
anlıyor ya da düzenli bir harcamanın arttığını geç fark ediyor. Bu tabloya göre küçük harcamalar g örünmeyen
masraflar haline geliyor. Araştırmaya göre küçük harcamalarla tasarruf etmek mümkün. Katılımcıların yarısı küçük
harcamaların çoğundan tasarruf edilebileceğini düşünürken, yüzde 95’i bu tasarrufun toplam bütçeye katkı
sağlayacağını ifade ediyor.
Masrafsızlık bankacılık temel beklenti haline geldi
Araştırma, bankacılık işlemlerinde oluşan küçük ücretlerin de tüketiciler üzerinde önemli bir etkisi olduğunu
gösteriyor. Katılımcıların yüzde 63’ü son bir ayda banka/işlem ücreti ödediğini belirtirken, yaklaşık yarısı para
transferi sırasında beklemediği bir ücretle karşılaştığını söylüyor. Ayrıca yüzde 62’si kredi kartının yıllık ücretini takip
ediyor, yüzde 73’ü ise başka bankaya para transferi yaptığında veya başka bir bankanın ATM’sini kullandığında
ödediği masrafa dikkat ediyor. Bu masraflar davranışı da doğrudan etkiliyor. Katılımcıların neredeyse yarısı bu
masraflar nedeniyle bankasını değiştirdiğini belirtiyor. Ayrıca yüzde 64 ile çoğunluğu da masraflar nedeniyle banka
değiştirmeye istekli. Bu sonuçlar, bankacılıkta masrafsızlığın artık bir tercih değil, temel bir beklenti haline geldiğini
ortaya koyuyor.
ING’den masrafsız bankacılıkta öncü adım
ING Türkiye, müşterilerinin finansal sağlığını desteklemek ve bu görünmeyen masrafları ortadan kaldırmak amacıyla
kredi kartı aidatı ve ING Mobil üzerinden yurt içi para transferi ücretlerinde masrafları kaldırdı. ING müşterileri,
EFT/havale/FAST işlemlerini ING Mobil üzerinden ücretsiz yapabilirken; aynı zamanda ING Dijital Kredi Kartı ve ING
Light Kredi Kartı’nı aidat ödemeden, ING Bonus Kredi Kartı’nı ise her ay 5.000 TL harcamayla ücretsiz olarak
kullanabiliyor.
Araştırma Künyesi: Araştırma, 24–26 Mart 2026 tarihlerinde Estima Araştırma Danışmanlık ve Ticaret A.Ş. tarafından ING adına, online
anket yöntemiyle gerçekleştirilmiştir. 18 yaş ve üzeri, ABC1C2 sosyoekonomik grupta yer alan 300 dijital bankacılık müşterisi yle
görüşülmüştür.
ING Türkiye Hakkında:
Faaliyetlerini ING Grubu’nun, insanların iş ve özel hayatlarında bir adım önde olmalarını mümkün kılma amacıyla gerçekleştire n ING, Türkiye'nin en
sevilen dijital bankası olma hedefiyle ilerliyor. Müşterilerine her zaman, her yerden, kolay ve zahmetsiz hizmet sunmayı hedefleyen ING Türkiye, “Sen
hayatını yaşa” marka yolu ile insanların hayatında bankacılığın daha az yer tutması gerektiğine dikkat çekerken; “Aslan gibi banka, arkanda”
söylemiyle de bankacılığı zahmetsiz hale getirerek hayatlarında istedikler ini yapabilmeleri için müşterilerinin yanında olduklarını vurguluyor.
Stratejisinde üstün müşteri deneyimini ve sürdürülebilirliği önceliklendiren ING Türkiye, Sabancı Üniversitesi İstanbul Ulusl ararası Enerji ve İklim
Merkezi (IICEC), İş Dünyası ve Sürdürülebilir Kalkınma Derneği Türkiye (SKD) üyesi ve UN WEPs – Kadını Güçlendirme Prensipleri imzacısı.
ING Grubu Hakkında:
Güçlü bir Avrupa temeline sahip, dünya çapında bir finansal hizmetler şirketi olan ING Grubu, bankacılık faaliyetlerini ING B ank şirketi üzerinden
yürütüyor. İnsanları güçlendirerek özel ve iş hayatlarında bir adım önde olmalarını sağlamayı amaçlayan ING G rubu, 100’den fazla ülkede 60 binin
üzerindeki çalışanının gücü ile perakende ve kurumsal bankacılık hizmetleri sunuyor. ING Grubu hisseleri Amsterdam (INGA AS, INGA.AS), Brüksel ve
New York Menkul Kıymetler Borsası’nda (ADRs: ING US, ING.N) işlem görüyor. Sürdürülebilirliği işinin merkezinde konumlandırmayı hedefleyen ING’nin,
MSCI tarafından Ağustos 2024 yılında sağlanan ESG değerlendirmesinde “AA -List” derecelendirmesi bulunuyor. Ayrıca, Aralık 2023 itibarıyla
Sustainalytics, ING'nin ESG riskinin yönetim i güçlü olarak değerlendiriyor. Mevcut ESG Risk Derecelendirmesi ise 17,2 (düşük risk). ING Grup hisseleri
ayrıca, STOXX, Morningstar ve FTSE Russell gibi önemli sürdürülebilirlik endekslerinde yer alıyor. Dünya düşük karbon ekonomi sine geçiyor.
Müşterilerimiz ve biz de öyle. Hâlâ finanse ettiğimiz sürdürülebilir olmayan faaliyetler daha fazla olsa da giderek daha çok sürdürüleb ilir faaliyeti
finanse ediyoruz. Nasıl ilerlediğimizi görmek için ing.com/climate.",be1211dd44530f2c52c91e55058a5cf920c9ee7019152f437391cb234dfb3c23,https://www.ing.com.tr/F/Documents/pdf/Basin_Odasi/2026/INGnin_arastirmasina_gore_masrafsiz_bankacilik_temel_beklenti_haline_geldi.pdf,ing’nin araştırmasına göre masrafsız bankacılık temel beklenti haline geldi,be1211dd44530f2c52c91e55058a5cf920c9ee7019152f437391cb234dfb3c23,2026-06-25T12:22:37.924985+00:00,detail_page_fetch,Bağlamsal Veri,,Good,,2026-05-20,,,Duyuru Tarihi,2026-05-20,,Duyuru/basın tarihi bulundu; recency için kullanıldı.,False,,False,,2026-05-20,Yüksek,announcement_date,False,2026-08-08,Kesim tarihinden eski: 2026-05-20 < 2026-08-08,Ürün / Özellik Gelişmesi,True,"Ürün, API, POS, ödeme, tahsilat veya dijital özellik gelişmesi sinyali içeriyor.",True,True,,https://www.ing.com.tr/tr/ing/basin-odasi/basin-bultenleri/2026
RI-f6167c763174,DOC-REG-118-20260625120733,REG-118,Tier 1,alternatif_bank,Alternatif Bank,Alternatif Bank Basın Bültenleri ve Duyurular,Resmi Basın Bülteni Sayfası,https://www.alternatifbank.com.tr/hakkimizda/basin-odasi/basin-bultenleri-ve-duyurular,"Alternatif Bank’a Kurumsal, Ticari Bankacılık ve Dış Ticarette 3 Uluslararası Ödül!",05 Mayıs 2026,https://www.alternatifbank.com.tr/hakkimizda/basin-odasi/basin-bultenleri-ve-duyurular/alternatif-banka-uc-uluslararasi-odul,"Alternatif Bank Mobil
Alternatif Bank A.Ş.
Ücretsiz İNDİR -
App Store'da
Play Store'da
Huawei Store'da
İndir
Basın Bültenleri ve Duyurular
Alternatif Bank’a Kurumsal, Ticari Bankacılık ve Dış Ticarette 3 Uluslararası Ödül!
05 Mayıs 2026
Alternatif Bank, Kurumsal, Ticari Bankacılık ve Dış Ticaret alanındaki yenilikçi ürün ve hizmetleriyle küresel ölçekte üç önemli ödülün sahibi oldu. Banka, VOV Tüzel Hesap ile Stevie Awards’ta Bronz Stevie Ödülü’nü kazanırken, Global Brands Magazine tarafından Ticaret Finansmanı ve İhracat Çözümlerinde Mükemmellik Ödülü’ne ve International Finance Corporation (IFC) tarafından sürdürülebilir dış ticaret alanındaki performansıyla Üstün Başarı Ödülü’ne layık görüldü.
Alternatif Bank, uluslararası finans ve iş dünyasının saygın platformlarından aldığı üç ayrı ödülle, kurumsal ve ticari bankacılık ile dış ticaret alanındaki güçlü konumunu bir kez daha ortaya koydu.
VOV Tüzel Hesap, Bronz Stevie’nin Sahibi Oldu
Alternatif Bank’ın kurumsal müşterilere yönelik geliştirdiği VOV Tüzel Hesap, 2026 Middle East & North Africa Stevie Awards kapsamında “Business-to-Business Ürünlerde İnovasyon” kategorisinde Bronz Stevie Ödülü’ne layık görüldü. Bu başarı, bankanın kurumsal bankacılıkta müşteri ihtiyacını merkeze alan yenilikçi çözüm geliştirme yaklaşımının uluslararası düzeyde de dikkat çektiğini gösterdi.
Ticaret Finansmanı ve İhracat Çözümlerine ‘Mükemmellik’ Ödülü!
Alternatif Bank, dış ticaret alanındaki yetkinliğiyle bir başka önemli başarıya daha imza attı. Banka, global iş dünyasının saygın yayınlarından biri olan Global Brands Magazine tarafından verilen Ticaret Finansmanı ve İhracat Çözümlerinde Mükemmellik Ödülü’nün sahibi oldu. İnovasyon, müşteri deneyimi, hizmet kalitesi ve genel performans gibi başlıklarda yapılan bağımsız değerlendirme sonucunda verilen ödül, Alternatif Bank’ın ticaret finansmanı ve ihracat çözümlerindeki güçlü konumunu uluslararası ölçekte bir kez daha teyit etti.
Alternatif Bank’ın Sürdürülebilir Dış Ticaret Yaklaşımı IFC’den “Üstün Başarı” Ödülü Getirdi
Bankanın uluslararası başarısı, sürdürülebilir dış ticaret alanındaki performansıyla aldığı ödülle daha da pekişti. Bu kapsamda Alternatif Bank, International Finance Corporation (IFC) tarafından düzenlenen Küresel Ticaret Partnerleri Toplantısı’nda “Üstün Başarı Ödülü”nün sahibi oldu. Bu ödül, bankanın uluslararası finans kuruluşlarıyla geliştirdiği güçlü iş birliklerinin ve sürdürülebilir ticaret alanındaki etkin rolünün önemli bir göstergesi olarak öne çıktı.
Layık görülen ödüllerle ilgili bir değerlendirme yapan
Alternatif Bank CEO’su Ozan Kırmızı,
“Kurumsal ve Ticari Bankacılıkta
müşterilerimizin ihtiyaçlarını merkeze alan, hızlı, çözüm odaklı ve sürdürülebilir
danışman bankacılık anlayışıyla hareket ediyoruz. Uluslararası ölçekte üç ayrı
ödüle layık görülmek, attığımız adımların ve ortaya koyduğumuz hizmet
yaklaşımının değerli bir teyidi oldu. Kompakt ve çevik yapımız sayesinde
değişen ihtiyaçlara hızla yanıt verebiliyor; kredi süreçlerinden dış ticaret
finansmanına kadar geniş bir alanda müşterilerimize etkin ve esnek çözümler
sunabiliyoruz. Bizim için bankacılıkta asıl farkı yaratan unsur, ürünün
kendisinden çok, müşterinin ihtiyacını doğru okuyarak ona en uygun çözümü doğru
zamanda sunabilmektir. Alternatif Bank olarak önümüzdeki dönemde de bu
anlayışla müşterilerimiz için değer üretmeye, dış ticarette güçlü desteğimizi
sürdürmeye ve sürdürülebilir büyümeye katkı sağlamaya devam edeceğiz”
dedi.
Müşteri Ol
Aramak istediğiniz kelimeyi giriniz
Önerilenler
{{ item.text }}
Mevduat
Başvurusu
Diners
Club
Alternatif Bank Mobil’i
Hemen İndirin
QR kodu okutarak Alternatif Bank Mobil uygulamasını hemen indirebilirsiniz.
Google Play'den Alın
App Store'dan İndirin
AppGallery ile keşfedin",f31607ee5641088d2fa5f3076dd6dcdaca6fb2b8ded09ac26b91300103a30418,https://www.alternatifbank.com.tr/hakkimizda/basin-odasi/basin-bultenleri-ve-duyurular/alternatif-banka-uc-uluslararasi-odul,"alternatif bank’a kurumsal, ticari bankacılık ve dış ticarette 3 uluslararası ödül!",f31607ee5641088d2fa5f3076dd6dcdaca6fb2b8ded09ac26b91300103a30418,2026-06-25T12:24:06.459565+00:00,detail_page_fetch,İlgisiz,,Good,,2026-05-05,,,Duyuru Tarihi,2026-05-05,,Duyuru/basın tarihi bulundu; recency için kullanıldı.,False,,False,,2026-05-05,Yüksek,announcement_date,False,2026-08-08,Kesim tarihinden eski: 2026-05-05 < 2026-08-08,İş Birliği,True,"İş birliği, mutabakat veya entegrasyon duyurusu içeriyor.",True,True,,https://www.alternatifbank.com.tr/hakkimizda/basin-odasi/basin-bultenleri-ve-duyurular
RI-25a788170d4d,DOC-REG-140-20260626055817,REG-140,Tier 2,sekerbank,Şekerbank,Şekerbank Basın Odası,Resmi Basın Bülteni Sayfası,https://www.sekerbank.com.tr/hakkimizda/basin-odasi,Şekerbank’ın “Yerinde Kredi” platformuna The Banker’dan ödül,15.05.2026,https://www.sekerbank.com.tr/hakkimizda/basin-odasi/basin-bultenlerimiz/2026/sekerbankin-yerinde-kredi-platformuna-the-bankerdan-odul,"15.05.2026
Şekerbank, The Financial Times bünyesinde yayımlanan ve finans sektörünün en prestijli yayınları arasında gösterilen The Banker tarafından düzenlenen ""Technology Awards 2026""da, çiftçi ve esnaf müşterilerinin finansmana erişimini kolaylaştıran Yerinde Kredi platformuyla ""Digital Transformation Project"" kategorisinde ödüle layık görüldü. Yerinde Kredi platformu, kendi kategorisinde değerlendirilen
30 global proje arasından birincilikle ödüllendirildi.
Dijital dönüşüm vizyonunu uluslararası ölçekte bir kez daha teyit eden Şekerbank, finans sektörünün önde gelen yayınlarından The Financial Times bünyesindeki The Banker tarafından düzenlenen ""Technology Awards 2026"" kapsamında, dijital finansman çözümü Yerinde Kredi ile ""Digital Transformation Project"" kategorisinde ödüle layık görüldü. Kendi kategorisinde değerlendirilen 30 global proje arasından birinci seçilen Yerinde Kredi platformu, öncelikli olarak tarımsal yatırımların desteklenmesine yönelik sunduğu yenilikçi yaklaşımı, müşteri deneyimini iyileştiren ve dijital dönüşüm odaklı yapısıyla öne çıktı.
Şekerbank’ın çiftçi ve esnaf müşterilerinin nakit ihtiyaçlarına yönelik finansman desteğine erişimini daha hızlı, kolay ve erişebilir hale getirmek amacıyla geliştirdiği Yerinde Kredi platformu, sahada anında kredi kullanımına imkân sağlayarak tarımsal üretiminin ve işletme faaliyetlerinin sürdürülebilirliğine katkı sunuyor.
Mustafa Çamlar: ""Bankamızın dijital dönüşüm yolculuğunda yeni başarılar sağlamaya yönelik çalışmalarımıza devam edeceğiz.""
Şekerbank Dijital Çözümler ve İşletme Bankacılığından Sorumlu Genel Müdür Yardımcısı Mustafa Çamlar; teknolojiyi, müşterilerin hayatını kolaylaştıran ve finansmana erişimi hızlandıran çözümler üretmenin önemli bir aracı olarak gördüğünü belirterek şunları söyledi: ""Yerinde Kredi platformumuz ile çiftçi ve esnaf müşterilerimizin ihtiyaç duydukları finansmana daha hızlı ve pratik şekilde ulaşmalarını sağlarken, bankacılık deneyimini de daha erişilebilir hale getiriyoruz. The Banker tarafından bu alanda ödüle layık görülmek, yıllardır kesintisiz sürdürdüğümüz dijital yatırımlarımızın karşılığını aldığımızın bir göstergesi. Bankamızın dijital dönüşüm yolculuğunda yeni başarılar sağlamaya yönelik çalışmalarımıza devam edeceğiz.""",27ae15cf84a97a59f11fcc564375875658ab0ed4d8fe24f07b551338a895174f,https://www.sekerbank.com.tr/hakkimizda/basin-odasi/basin-bultenlerimiz/2026/sekerbankin-yerinde-kredi-platformuna-the-bankerdan-odul,şekerbank’ın “yerinde kredi” platformuna the banker’dan ödül,27ae15cf84a97a59f11fcc564375875658ab0ed4d8fe24f07b551338a895174f,2026-06-26T06:30:42.478115+00:00,detail_page_fetch,İlgili,Yönetici Bilgilendirme,Good,2026-05-15,,,,Yayın Tarihi,2026-05-15,,Yayın tarihi bulundu; recency için kullanıldı.,False,,False,,2026-05-15,Yüksek,publication_date,False,2026-08-08,Kesim tarihinden eski: 2026-05-15 < 2026-08-08,Yönetici Bilgilendirme,True,product_or_commercial_award:explicit_sme_signal:esnaf,True,True,True,https://www.sekerbank.com.tr/hakkimizda/basin-odasi
RI-690d9a275508,DOC-REG-191-20260626110849,REG-191,Tier 1,turk_ticaret_bankasi,Türk Ticaret Bankası,Türk Ticaret Bankası Haberler,Resmi Haber Sayfası,https://www.turkticaretbankasi.com.tr/icerikler/haberler,2026 yılı ilk çeyreğini güçlü finansal sonuçlarla tamamladık,01.05.2026,https://www.turkticaretbankasi.com.tr/icerik/2026-yili-ilk-ceyregini-guclu-finansal-sonuclarla-tamamladik,"Türk Ticaret Bankası, 2026 yılı ilk çeyreğinde güçlü büyüme performansını sürdürerek toplam mevduat hacmini 50 milyar TL’ye, nakdi kredi hacmini ise 40,5 milyar TL seviyesine çıkardı. Aynı dönemde aktif büyüklük 62 milyar TL’ye ulaşırken, nakdi ve gayri nakdi kredilerin toplamı 79 milyar TL’ye yükseldi.
Faaliyete geçtikten çok kısa bir süre sonra kara geçen bankanın karlılığı, süregelen yatırımlarına rağmen, geçen yılın aynı dönemine göre % 326 düzeyinde artış gösterdi. Tamamına yakını ihracatçı kesimi finanse eden kredilerin aktif içindeki payı %65’e yükseldi. Bu gelişmeler, bankanın ihracatçının finansmanı misyonu doğrultusunda güçlü adımlarla ilerlediğini işaret ediyor.
İhracatçı odaklı büyüme stratejisini kararlılıkla sürdüren bankamız, şube sayısını 16’ya yükseltirken; şubeleşme faaliyetlerini ihracatın yoğun olduğu illerde konumlandırıyor. İhracatçıların finansmana erişimini destekleyen uzman bankacılık yaklaşımını sürdüren Türk Ticaret Bankası, stratejik öncelikleri çerçevesinde yatırım faaliyetlerine devam ediyor; sürdürülebilir büyüme odağıyla reel sektöre katkısını artırmayı hedefliyor.
Detaylı finansal bilgilere ve ilk çeyrek bağımsız denetim raporumuza
bu linkten
ulaşabilirsiniz.",b982bac56914e184dc57e4c5fd4286b590879c0f2f58f7395767dd33aff466fa,https://www.turkticaretbankasi.com.tr/icerik/2026-yili-ilk-ceyregini-guclu-finansal-sonuclarla-tamamladik,2026 yılı ilk çeyreğini güçlü finansal sonuçlarla tamamladık,b982bac56914e184dc57e4c5fd4286b590879c0f2f58f7395767dd33aff466fa,2026-06-26T11:48:44.550182+00:00,detail_page_fetch,İlgili,Yönetici Bilgilendirme,Good,2026-05-01,,,,Yayın Tarihi,2026-05-01,publication_date,Yayın tarihi bulundu; recency için kullanıldı.,False,,False,,2026-05-01,Orta,publication_date,False,2026-08-08,Kesim tarihinden eski: 2026-05-01 < 2026-08-08,Yönetici Bilgilendirme,True,financial_results_with_export_finance_evidence,True,True,True,https://www.turkticaretbankasi.com.tr/icerikler/haberler
RI-402f008bdb89,DOC-REG-003-20260629082719,REG-003,Tier 1,garanti_bbva,Garanti BBVA,Garanti BBVA Kurumsal communication / press releases,Resmi Basın Bülteni Sayfası,https://www.garantibbva.com.tr/kurumsal-iletisim,Miles&Smiles Garanti BBVA Diamond Limited Edition Kredi Kartı,24 Haziran 2026,https://www.garantibbva.com.tr/content/public-website/kurumsal-iletisim/garanti-bbva-ve-thyden-25-yillik-is-birligine-ozel-kredi-karti,"Miles&Smiles Garanti BBVA Diamond Limited Edition Kredi Kartı
24 Haziran 2026
Garanti BBVA ve Türk Hava Yolları’ndan 25 yıllık iş birliğine özel: Miles&Smiles Garanti BBVA Diamond Limited Edition Kredi Kartı
Garanti BBVA ve Türk Hava Yolları, 25 yıllık iş birliklerini Miles&Smiles Garanti BBVA Diamond Limited Edition kredi kartı ile taçlandırdı. Türk Hava Yolları filosunda aktif görev yapan Airbus A321neo uçağının bakım süreci kapsamında değiştirilen gerçek bir parçasından üretilen kart, Türkiye’de uçak parçasından yapılmış ilk kredi kartı özelliğini taşırken Garanti BBVA ve Türk Hava Yolları’nın kuruluş yıllarının toplamından ilhamla yalnızca 3.879 adet olarak sunuluyor.
Garanti BBVA ve Türk Hava Yolları, 25 yıldır devam eden güçlü iş birliklerinde Türkiye’de bir ilk’e imza attı; Miles&Smiles Garanti BBVA Diamond Limited Edition kredi kartını tanıttı. Türk Hava Yolları filosunda aktif olarak görev yapan Airbus A321neo (TC-LTL) uçağından alınan gerçek bir parçadan üretilen kart, havacılık ve ödeme sistemleri dünyasını özel bir hikâyede buluşturuyor.
Garanti BBVA’nın kuruluş yılı olan 1946 ile Türk Hava Yolları’nın kuruluş yılı olan 1933’ün toplamından ilham alınarak yalnızca 3.879 adet üretilen Miles&Smiles Garanti BBVA Diamond Limited Edition özel tasarımıyla müşterilere sunuluyor. Gökyüzünde binlerce saat uçuş gerçekleştiren bir uçağın parçasını taşıyan bu kart, seyahatin ruhunu somut bir hatıraya dönüştürürken, iki kurumun ortak vizyonunu da simgeliyor.
“Müşterilerimizin değişen ihtiyaçlarını anlamayı ve onlara doğru anda, doğru deneyimi sunmayı önceliklendiriyoruz”
Garanti BBVA Genel Müdürü Mahmut Akten
, değerlendirmesinde şu açıklamalarda bulundu: “25 yıl önce başlayan Miles&Smiles hikâyesi, seyahat ve ödeme deneyimini bir araya getiren yenilikçi bir fikirle başladı. Bugün ise bu fikrin ne kadar güçlü bir ekosisteme dönüştüğünü görüyoruz. Garanti BBVA Miles&Smiles ailesi bugün 675 bin müşteriye ulaştı. Kart portföyümüz 1 milyon 300 bin adedin üzerine çıktı ve son beş yılda yaklaşık yüzde 80 büyüdü. Sadece geçtiğimiz yıl yaklaşık 475 milyar TL işlem hacmine ulaştık. Bugüne kadar müşterilerimize 178 milyarın üzerinde Mil kazandırdık. Bu rakamlar bizim için yalnızca büyüklüğü değil, müşterilerimizin hayatlarında nasıl bir yer edindiğimizi de gösteriyor.
İnsanlar artık yalnızca bir ödeme aracı aramıyor; kendilerini anlayan, hayatlarını kolaylaştıran ve onlara değer katan deneyimler bekliyor. Amacımız müşterilerimize doğru anda, doğru deneyimi sunabilmek. Bugün tanıttığımız Miles&Smiles Garanti BBVA Diamond Limited Edition kredi kartı da bu anlayışın bir ürünü. Bu kartın bizim için en anlamlı tarafı ise geçmiş ile geleceği bir araya getirmesi. Gökyüzünde binlerce saat uçmuş, binlerce yolcunun hikâyesine eşlik etmiş bir uçağın parçası, şimdi yeni hikâyelerin parçası olmaya devam edecek.
Geride bıraktığımız 25 yılda çok önemli başarılara birlikte imza attık. Güçlü ortaklığımızın önümüzdeki yıllarda da milyonlarca müşterimizin hayatına değer katmaya devam edeceğine gönülden inanıyorum” dedi.
Türk Hava Yolları Genel Müdürü
Ahmet Olmuştur
ise açıklamasında şu ifadeleri kullandı: “Garanti BBVA ile 25 yıldır sürdürdüğümüz iş birliği, milyonlarca misafirimizin seyahat deneyimine değer katan güçlü bir ekosisteme dönüştü. Miles&Smiles Garanti BBVA Diamond Limited Edition kredi kartı, bu köklü ortaklığın yenilikçi yaklaşımını yansıtan anlamlı bir çalışma olmasının yanı sıra, filomuzun bir parçasını yeni hikâyelerin parçası haline getiriyor. Önümüzdeki dönemde de misafirlerimize ayrıcalıklı deneyimler sunmak için iş birliğimizi güçlendirmeyi sürdüreceğiz.”
Kartın üretiminde kullanılan ve Türk Hava Yolları filosunda aktif olarak görev yapmaya devam eden Airbus A321neo (TC-LTL) bugüne kadar 11.142 saatin üzerinde uçuş gerçekleştirdi ve 3.685 kez kalkış-iniş yaptı. Farklı coğrafyalar arasında binlerce yolculuğa eşlik eden uçak, Miles&Smiles Garanti BBVA Diamond Limited Edition kredi kartına dönüşerek hikâyesini şimdi yeni yolculuklarda yaşamaya devam edecek.
25 yıllık güçlü iş birliğinin yeni kilometre taşı
2000 yılında başlayan Türk Hava Yolları ve Garanti BBVA iş birliği, Türkiye’de seyahat ve ödeme deneyimini bir araya getiren en güçlü sadakat programlarından birine dönüştü. 25 yıllık süreçte müşterilere 178 milyarın üzerinde Mil kazandıran Miles&Smiles Garanti BBVA, günlük harcamaları yeni yolculuklara dönüştüren yapısıyla Türkiye’de sadakat programı kültürünün gelişimine öncülük etti. Bugün milyonlarca seyahat deneyiminin parçası olan program, müşterilerine hem finansal avantajlar hem de yeni rotalar ve yeni deneyimler sunmaya devam ediyor.",31ae63019c07d3477db104e545fde0a60c108d824b24d0511e34bb63464632a9,https://www.garantibbva.com.tr/content/public-website/kurumsal-iletisim/garanti-bbva-ve-thyden-25-yillik-is-birligine-ozel-kredi-karti,miles&smiles garanti bbva diamond limited edition kredi kartı,31ae63019c07d3477db104e545fde0a60c108d824b24d0511e34bb63464632a9,2026-06-29T08:27:22.802787+00:00,detail_page_fetch,İlgisiz,Bağımsız Gelişme,Good,2026-06-24,,,,Yayın Tarihi,2026-06-24,publication_date,Yayın tarihi bulundu; recency için kullanıldı.,False,,False,,2026-06-24,Yüksek,publication_date,False,2026-08-08,Kesim tarihinden eski: 2026-06-24 < 2026-08-08,Kampanya,True,Kampanya veya müşteri teklifi sinyali içeriyor.,True,True,,https://www.garantibbva.com.tr/kurumsal-iletisim
RI-486659a98116,DOC-REG-003-20260629082719,REG-003,Tier 1,garanti_bbva,Garanti BBVA,Garanti BBVA Kurumsal communication / press releases,Resmi Basın Bülteni Sayfası,https://www.garantibbva.com.tr/kurumsal-iletisim,TÜRKONFED ve Garanti BBVA’dan Ankara’da İkiz Dönüşüm Buluşması,23 Haziran 2026,https://www.garantibbva.com.tr/content/public-website/kurumsal-iletisim/turkonfed-ve-garanti-bbvadan-ankarada-ikiz-donusum-bulusmasi,"TÜRKONFED ve Garanti BBVA’dan Ankara’da İkiz Dönüşüm Buluşması
23 Haziran 2026
TÜRKONFED ve Garanti BBVA iş birliği ile yürütülen İkiz Dönüşümde Yeni Ufuklar Projesi’nin ilk fazının kapanışı Ankara’da düzenlenen etkinlikle gerçekleştirildi. TÜRKONFED Yönetim Kurulu Başkanı Süleyman Sönmez, “Türkiye’deki KOBİ’lerin verimlilik oranı, Avrupa’daki KOBİ’ler ile kıyaslandığında beşte bir seviyesinde. Bu döngüyü kırmamız gerekiyor” dedi. Garanti BBVA Genel Müdür Yardımcısı Sibel Kaya ise “Dijitalleşen, sürdürülebilirliği iş modeline entegre eden, yenilikçi ve rekabetçi KOBİ’ler Türkiye ekonomisinin geleceğini şekillendirecek. Bu yolda KOBİ’lerimize verdiğimiz mesaj çok net: Gelin birlikte yapalım.”
KOBİ’lerin sürdürülebilir iş modelleri, döngüsel ekonomi ve yeşil finansman süreçlerine katkı sağlamak amacıyla 2024 yılında Türk İş Dünyası Konfederasyonu (TÜRKONFED) ile Garanti BBVA tarafından hayata geçirilen İkiz Dönüşümde Yeni Ufuklar Projesi’nin bu dönemki kapanış etkinliği Ankara’da yapıldı. İç Anadolu Sanayici ve İş İnsanları Dernekleri Federasyonu (İÇASİFED) ev sahipliğinde OSTİM OSB’de gerçekleştirilen etkinliğe iş dünyası ve çeşitli sivil toplum kuruluşlarının temsilcileri katılım gösterdi.
Süleyman Sönmez: “Düşük verimlilik ve düşük katma değer döngüsünü kırmalıyız”
TÜRKONFED Yönetim Kurulu Başkanı Süleyman Sönmez,
programın açılışında yaptığı konuşmada dünya genelinde belirsizliğin norm haline geldiğine dikkat çekerek, “Şu an için barıştan yana kırılgan bir iyimserlik olsa da savaşın enerji ve ekonomideki sarsıcı etkilerine maruz kalmaya devam edeceğiz. Küresel tedarik zincirlerindeki kırılganlığa, yükselen korumacı politikalara, Çin’e olan bağımlılığı azaltmak ortaya konulan çabalara tanık oluyoruz. Tüm bunların yanında yurt içinde enflasyonla ve artan maliyetlerle mücadele devam ediyor. Küresel rekabet ikliminde, adeta var olmak için yeni yollar arıyoruz. Ancak Türkiye’deki KOBİ’lerin verimlilik oranı, Avrupa’daki KOBİ’ler ile kıyaslandığında beşte bir seviyesinde kalıyor. Düşük verimlilik oranları ve düşük katma değerle şekil almış o bildik döngü kırması gerekiyor. Üretimin devamlılığı, katma değer odaklı bir ekonomi ile refahın tesisi için, dijitalleşme, yeşil dönüşüm ve nitelikli insan gücünü asli meselemiz yapmak zorundayız. Bu noktada ikiz dönüşüm, şirketlerin kaderini belirleyecek bir kaldıraç; dahası hayal ettiğimiz rekabetçi, etkin ve söz sahibi Türkiye’ye ulaşmak için aşmamız gereken kritik bir eşiktir” dedi.
Sibel Kaya: “KOBİ’lerin yol arkadaşı ve uzun vadeli ortağıyız”
Garanti BBVA Genel Müdür Yardımcısı Sibel Kaya
, “İkiz Dönüşümde Yeni Ufuklar buluşmalarımızla son aylarda İzmir, Denizli ve Adana’da yüzlerce KOBİ ile bir araya geldik, bugün de Ankara’dayız. Türkiye’yi dolaştığınızda ülke ekonomisinin gerçek gücünü görüyorsunuz. Üreten, istihdam yaratan, yatırım yapan ve bulunduğu bölgeyi dönüştüren KOBİ’ler bu gücün merkezinde yer alıyor. Garanti BBVA olarak biz de KOBİ’lere yalnızca finansman sunmuyor; eğitimden dijital dönüşüme, sürdürülebilirlikten yeni pazarlara erişime kadar pek çok alanda destek oluyoruz. Biz bankacılığı yol arkadaşlığı, rehberlik ve uzun vadeli ortaklık olarak görüyoruz. Bugün işletmeler bir yandan sürdürülebilirlik diğer yandan dijitalleşme ekseninde tarihi bir dönüşümden geçiyor. Biz de TÜRKONFED iş birliğiyle hayata geçirdiğimiz ‘İkiz Dönüşümde Yeni Ufuklar’ projemizle sahaya iniyor ve KOBİ’lerin kendi sektörlerine ve ihtiyaçlarına uygun dönüşümleri için yol haritaları oluşturmalarına katkı sunuyoruz. İnanıyoruz ki; dijitalleşen, sürdürülebilirliği iş modeline entegre eden, yenilikçi ve rekabetçi KOBİ’ler Türkiye ekonomisinin geleceğini şekillendirecek. Bu yolda KOBİ’lerimize verdiğimiz mesaj çok net: Gelin birlikte yapalım.”
Süleyman Ekinci: “Güçlü ekosistemimizi iş birlikleriyle daha da ileriye taşımak zorundayız”
İÇASİFED Yönetim Kurulu Başkanı Süleyman Ekinci
ise Ankara ve İç Anadolu Bölgesi’nin üretim gücü, sanayi altyapısı ve girişimcilik potansiyeliyle Türkiye’nin kalkınmasında kritik bir role sahip olduğunu belirterek, “Savunma sanayinden makine imalatına, yazılımdan teknoloji girişimlerine kadar birçok alanda güçlü bir ekosisteme sahibiz. Şimdi bu gücü, dijital ve yeşil dönüşüm vizyonuyla daha ileriye taşımak zorundayız. Bunun yolu ise iş birliğinden geçiyor. Kamu, özel sektör, finans kuruluşları, üniversiteler, sivil toplum kuruluşları ve yerel yönetimler aynı hedef doğrultusunda birlikte hareket etmelidir. İÇASİFED olarak bizler de bu anlayışla hareket ediyor; üyelerimizin ve bölgemizdeki işletmelerin dönüşüm süreçlerine katkı sağlayacak projeleri desteklemeye devam ediyoruz. Çünkü biliyoruz ki güçlü işletmeler güçlü şehirleri, güçlü şehirler güçlü bir ekonomiyi oluşturur” açıklamasında bulundu.
Sürdürülebilirlik ve rekabetçiliğe odaklanıldı
Etkinlik, açılış konuşmalarının ardından oturum, panel ve çeşitli etkinliklerle devam etti. İlk olarak, EY Türkiye Şirket Ortağı & İklim Değişikliği ve Sürdürülebilirlik Hizmetleri Lideri Ece Sevin’in sunumuyla İkiz Dönüşüm Vizyon Oturumu düzenlendi. TÜRKONFED Yönetim Kurulu Başkan Yardımcısı ve Yeşil Dönüşüm Komisyonu Başkanı Onur Ünlü’nün moderatörlüğünde düzenlenen ‘Enerjiden Üretime Sürdürülebilir Dönüşüm ve Finansman Olanakları’ panelinde Garanti BBVA Sürdürülebilirlik Danışmanlığı Yöneticisi Emir Kozikoğlu ve ŞA-RA Grup Genel Müdürü Ünver Şahin konuşmacı olarak yer aldı. OSTİM OSB Dijital Dönüşüm Ofisi Yöneticisi Çağlar Öngüner’in tartışmacı moderatörlüğünü üstlendiği ‘Dijital Bankacılık Çözümleriyle Verimli ve Rekabetçi İşletmeler’ paneli ise Garanti BBVA Tüzel Müşteri Çözümleri Grup Müdürü Cüneyt Tırnava ve Balans Makina Genel Müdürü Cennet Tuğba Selbi katılımıyla gerçekleşti. Programın son kısmında da Sürdürülebilirlik Atölye Çalışması düzenlendi.
Güncel bilgiler ve iyi uygulama örnekleri sunuluyor
İkiz Dönüşümde Yeni Ufuklar Projesi; Anadolu’nun farklı bölgelerindeki KOBİ’lerin sürdürülebilir iş modellerine geçiş sürecini hızlandırmayı, yeşil finansman araçlarına erişimini artırmayı ve küresel piyasalardaki rekabet güçlerini artırmayı amaçlıyor. Etkinliklerde, sektör liderleri, uzmanlar ve akademisyenler, KOBİ’lerle bir araya gelerek döngüsel ekonomiden yenileyici tarıma uzanan konularda en güncel bilgileri paylaşıyor. Projenin ilk fazının sonunda, KOBİ’ler İçin Sürdürülebilir Dönüşüm Raporu adıyla kapsamlı bir analiz ve politika önerileri içeren bir çalışma yayımlanacak. Bu rapor, kamu ve özel sektör çevrelerinde stratejik bir savunuculuk aracı olarak kullanılacak ve sürdürülebilir büyümeye yönelik uzun vadeli politikaların şekillendirilmesine katkı sağlayacak.",42d01f6f900ddebbaa59f9ff910f2f2f97fc1c836964478e3bf5362a0c14585c,https://www.garantibbva.com.tr/content/public-website/kurumsal-iletisim/turkonfed-ve-garanti-bbvadan-ankarada-ikiz-donusum-bulusmasi,türkonfed ve garanti bbva’dan ankara’da i̇kiz dönüşüm buluşması,42d01f6f900ddebbaa59f9ff910f2f2f97fc1c836964478e3bf5362a0c14585c,2026-06-29T08:27:23.172300+00:00,detail_page_fetch,İlgili,Bağımsız Gelişme,Good,2026-06-23,,,,Yayın Tarihi,2026-06-23,publication_date,Yayın tarihi bulundu; recency için kullanıldı.,False,,False,,2026-06-23,Yüksek,publication_date,False,2026-08-08,Kesim tarihinden eski: 2026-06-23 < 2026-08-08,İş Birliği,True,"İş birliği, mutabakat veya entegrasyon duyurusu içeriyor.",True,True,,https://www.garantibbva.com.tr/kurumsal-iletisim
RI-4bd38c2acf44,DOC-REG-003-20260629082719,REG-003,Tier 1,garanti_bbva,Garanti BBVA,Garanti BBVA Kurumsal communication / press releases,Resmi Basın Bülteni Sayfası,https://www.garantibbva.com.tr/kurumsal-iletisim,Global Finance Türkiye’nin En İyi Nakit Yönetimi Bankası Ödülü,26 Haziran 2026,https://www.garantibbva.com.tr/content/public-website/kurumsal-iletisim/global-finance-turkiye-nin-en-iyi-nakit-yonetimi-bankasi-odulu-2026,"Global Finance Türkiye’nin En İyi Nakit Yönetimi Bankası Ödülü
26 Haziran 2026
Global Finance, Garanti BBVA’yı Türkiye’nin En İyi Nakit Yönetimi Bankası Seçti
Global Finance tarafından düzenlenen Dünyanın En İyi Hazine ve Nakit Yönetimi Ödülleri 2026’da Garanti BBVA, “Türkiye’nin En İyi Nakit Yönetimi Bankası” seçildi. Banka, nakit yönetimi alanındaki öncü uygulamaları ve dijital çözümleriyle ödülü üst üste bir kez daha kazandı.
Garanti BBVA, dünyanın önde gelen finans yayınlarından Global Finance’in “Dünyanın En İyi Hazine ve Nakit Yönetimi Ödülleri”nde geçen yılın ardından bu yıl da “Türkiye’nin En İyi Nakit Yönetimi Bankası” seçildi.
Banka, tahsilat, ödeme, finansman ve entegrasyon çözümlerinden oluşan geniş nakit yönetimi ekosistemi, dijital bankacılık altyapısı ve müşterilerine sunduğu yenilikçi ürünlerle ödüle layık görüldü. Garanti BBVA, nakit yönetimi alanında üst üste kazandığı bu ödülle sektördeki lider konumunu bir kez daha pekiştirdi.
Garanti BBVA Genel Müdürü Mahmut Akten
, ödülle ilgili değerlendirmesinde şunları söyledi: “Garanti BBVA olarak müşterilerimizin tahsilat, ödeme ve finansman süreçlerini daha verimli, hızlı ve güvenli hale getiren çözümler geliştirmeye odaklanıyoruz. Global Finance tarafından bir kez daha Türkiye’nin En İyi Nakit Yönetimi Bankası seçilmek, müşteri deneyimi, teknoloji ve inovasyon odağında yürüttüğümüz çalışmaların uluslararası ölçekte takdir görmesinden dolayı bizim için son derece değerli. Dijitalleşmeyi yalnızca süreçleri dönüştüren bir araç olarak değil, müşterilerimizin iş yapış biçimlerine doğrudan değer katan stratejik bir unsur olarak görüyoruz. Önümüzdeki dönemde de nakit yönetimi alanındaki liderliğimizi yeni nesil teknolojiler ve yenilikçi çözümlerle güçlendirmeye devam edeceğiz.”
Dijitalleşme ve inovasyon odağında liderlik
Garanti BBVA, Türkiye’de nakit yönetimi alanında birçok yeniliğe öncülük eden bankalar arasında yer alıyor. Banka; Doğrudan Borçlandırma Sistemi (DCS), Garantili Ödeme, tedarik zinciri finansmanı çözümleri, toplu ödeme sistemleri, SWIFT tabanlı entegrasyonlar, API servisleri ve dijital tahsilat altyapılarıyla şirketlerin finansal süreçlerini daha etkin yönetmelerine katkı sağlıyor.
Yaklaşık 650 bin müşteriye nakit yönetimi hizmeti sunan Garanti BBVA, tahsilat, ödeme, finansman ve entegrasyon sistemleri aracılığıyla yıllık trilyonlarca liralık işlem hacmine aracılık ediyor. Banka ayrıca SWIFT GPI, SWIFT Go, sanal IBAN, talep edilen ödeme (Request to Pay API), tedarik zinciri finansmanı ve dijital başvuru çözümleri gibi birçok yenilikçi uygulamayı Türkiye'de ilk hayata geçiren kurumlar arasında bulunuyor.",77397c15a3f08ad3cdadf8de31d2940e513147553dff6e22fb23e7e1fc0f1cde,https://www.garantibbva.com.tr/content/public-website/kurumsal-iletisim/global-finance-turkiye-nin-en-iyi-nakit-yonetimi-bankasi-odulu-2026,global finance türkiye’nin en i̇yi nakit yönetimi bankası ödülü,77397c15a3f08ad3cdadf8de31d2940e513147553dff6e22fb23e7e1fc0f1cde,2026-06-29T08:27:24.841995+00:00,detail_page_fetch,İlgili,Bağımsız Gelişme,Good,2026-06-26,,,,Yayın Tarihi,2026-06-26,publication_date,Yayın tarihi bulundu; recency için kullanıldı.,False,,False,,2026-06-26,Yüksek,publication_date,False,2026-08-08,Kesim tarihinden eski: 2026-06-26 < 2026-08-08,İş Birliği,True,"İş birliği, mutabakat veya entegrasyon duyurusu içeriyor.",True,True,,https://www.garantibbva.com.tr/kurumsal-iletisim
RI-bf6b1fa3bed3,DOC-REG-011-20260722085133,REG-011,Tier 1,yapi_kredi,Yapı Kredi,Yapı Kredi KOBİ Kampanyaları,Resmi Kampanya Sayfası,https://www.yapikredi.com.tr/kampanyalar/kategori/kobi/,Mobilden Yapı Kredili Olun | KOBİ | Yapı Kredi,22.07.2026,https://www.yapikredi.com.tr/kampanyalar/detay/248208,"Şu anda
sayfasına yönlendiriliyorsunuz. Devam etmek istiyor musunuz?
Evet
Hayır
Mobilden Yapı Kredili Olun
Mobilden müşterimiz olun, firmanız için EFT/havale, çek karnesi ve çek tahsilat işlem ücretlerinden 1 yıl boyunca muaf olun.
Kampanyaya katılmak ve hem bireysel hem firmanızın bankacılık işlemlerini kolayca gerçekleştirmek için Yapı Kredili Ol butonuna tıklayarak Yapı Kredi Mobil’i akıllı telefonunuza anında indirebilirsiniz.
YAPI KREDİLİ OL
Kampanyadan Yapı Kredi Mobil’den ilk defa müşteri olan ve sonrasında Yapı Kredi Mobil’den ticari üyelik açılışını tamamlayan şahıs işletmesi sahibi müşteriler ve limited şirketler yararlanabilecektir.
Kampanyadan yararlanabilmek için kullanıcılar Yapı Kredi Mobil’de yer alan “Müşteri Ol” adımından ilk defa Yapı Kredili olmalıdır. Şahıs işletmesi sahipleri Yapı Kredi Mobil’den ""Bireysel Yapı Kredi Müşterisi Ol"" adımından ilerlemeleri, Çalışma Şekli bilgisinde “Serbest Meslek” kapsamına giren bir meslek seçimi yaparak ticari üyelik açılışı yönlendirilmek istediklerini beyan etmeleri gerekmektedir. En fazla dört ortağı bulunan Limited Şirketler adına firma temsili yetkilisi tarafından “Tüzel Yapı Kredi Müşterisi Ol” adımından firma ve ortaklık bilgilerini girerek müşteri olma adımlarını tamamlamaları gerekmektedir.
Yukarıdaki adımlardan ilerleyerek hesap açılışını tamamlayan müşteriler Yapı Kredi Mobil’e devam ettikten sonra ticari üyelik açılışı için yönlendirilecektir.
Müşterilerimiz ticari üyelik açılışını tamamladıktan sonraki günden itibaren EFT, FAST, Havale işlemleri, çek karnesi ve çek tahsilat işlemleri 1 yıl boyunca ücretsiz olarak sunulacaktır.
Kampanyadan ilgili firmanın yalnızca bir kez faydalanabilme hakkı bulunmaktadır.
Bireysel müşteri olma adımından Yapı Kredili olan ve ticari üyelik açılışını tamamlayan müşterilerimiz, Yapı Kredi Mobil ana sayfada sağ üst köşede yer alan “İşim İçin” menüsünden dilediklerinde Kurumsal kullanıcılarına geçiş yaparak ticari ürün ve hizmetlerden faydalanabilir.
Muafiyetler sadece dijitalden yapılan işlemler için geçerli olacaktır.
1 yıl içinde alınacak 1 adet 25 yapraklı çek karnesi ücretsiz olup, değerli kağıt bedeli muafiyet kapsamı dışındadır.
Geç ve mesai dışı saatlerinde yapılan EFT / FAST işlemleri kampanya kapsamı dışındadır.
Yapı Kredi, kampanyayı durdurma ve kampanyada değişiklik yapma hakkını saklı tutar.
Bu sayfadaki bilgiler size yardımcı oldu mu?
Biraz
Geri bildiriminiz için teşekkür ederiz.
İşleminiz yapılamadı.
PDF dosyalarını okumak için bilgisayarınızda Adobe Acrobat Reader kurulu olmalıdır.
Bilgisayarınıza Adobe Acrobat Reader kurmak için
tıklayınız
Yardıma mı ihtiyacınız var?
Müşteri temsilcisine bağlanarak hemen destek alabilirsiniz.
ONLINE HİZMET
Bu alanda paylaşılan BIST 30 ve BIST100 endeks bilgileri, FOREKS Bilgi İletişim
Hizmetleri
A.Ş. tarafından sağlanmaktadır. Söz konusu veriler Borsa İstanbul A.Ş. ve FOREKS
Bilgi İletişim Hizmetleri A.Ş. tarafından Yapı Kredi Bankası A.Ş.’ne 15 dakika gecikmeli
olarak verilmektedir. Söz konusu süre uzayabilir ve gecikme nedeniyle fiyatlar güncel
fiyatları yansıtmayabilir. Bunun dışındaki yatırım ürünlerinde ise Yapı ve Kredi
Bankası A.Ş. sisteminde yer alan işlem fiyatları kullanılmaktadır. Verilen bilgiler
SPK Yatırım Hizmetleri Tebliği’nin 80. maddesi uyarınca finansal bilgi sunulması
kapsamında yatırımcının yatırım aracı bazında fikir edinmesi amacıyla paylaşılmıştır.
Finansal bilgi, sermaye piyasası araçları hakkında yönlendirici nitelikte olmayan
bilgi olup, finansal bilginin sunulması yatırım danışmanlığı faaliyeti ya da genel
yatırım tavsiyesi sunulması kapsamında sayılmamaktadır. Hiçbir şekilde herhangi
bir yatırım aracının alımı veya satılması için teklif, herhangi bir yatırım aracının
alım-satım önerisi veya aracılık teklifi olarak değerlendirilmemelidir. Bu nedenle,
sadece burada yer alan bilgilere dayanılarak yatırım kararı verilmesi beklentilerinize
uygun sonuçlar doğurmayabilir. Ayrıca Yapı Kredi Bankası A.Ş. söz konusu işlem fiyatlarını
oluşturmak için kulandığı Foreks Bilgi İletişim Hizmetleri A.Ş. tarafından sağlanan
bilgilerin tam veya doğru olmamasından, bu kaynakların kullanılması nedeni ile ortaya
çıkabilecek yanlışlık,hata ve eksikliklerden kaynaklı doğabilecek zararlardan Yapı
ve Kredi Bankası A.Ş. ve çalışanları sorumlu değildir. Bu alanda paylaşılan bilgilerin
tümü veya bir kısmı Yapı ve Kredi Bankası A.Ş.’nin yazılı izni olmadan çoğaltılamaz,
yayınlanamaz veya üçüncü kişilere gösterilemez.
Tarih
22.07.2026
Kredi Tutarı
Döviz Cinsi
Kredi Taksit Sayısı
Faiz Oranı (Aylık)
KKDF Oranı
BSMV Oranı
İlk Taksit Tutarı
Aylık Maliyet Oranı
Yıllık Maliyet Oranı
Müşteri Tipi
Kredi Türü
Kampanya
Toplam Geri Ödeme Tutarı
Masraf ve Komisyonlar
* Ödemesiz dönemlerin faizi, ilk taksit tutarına yansıtılmaktadır.
Taksit No
Taksit Tarihi
Taksit Tutarı
Taksit İçindeki Anapara
Taksit İçindeki Faiz
KKDF
BSMV
Kalan Anapara
Bu ödeme planında yer alan faiz oranı, ücret ve komisyon tutarları, tüketicilerin
bilgi edinmeleri amacıyla ve Bankamızca özel bir yükümlülük içermeksizin, bilgi
niteliğindedir. Bu ödeme planında yer alan bilgiler Ödeme Planının hazırlandığı
tarih itibarıyla geçerli değerleri yansıtmaktadır. Örnek ödeme planı oluşturduğunuz
ürünü Yapı Kredi’den kullanmaya karar verdiğinizde, Bankamızın ilan etmiş olduğu
güncel faiz, ücret ve komisyon tutarları geçerli olacaktır. Yapı Kredi faiz oranı,
ücret ve komisyon tutarlarında değişiklik yapma hakkını saklı tutar.
Bu ödeme planı, seçtiğiniz kredi ürününde sizi bilgilendirmek amacıyla hazırlanmış
olup, başvurunuza kesin onay taahhüdü içermemektedir. Başvurunuzun kesin onay alması,
sunacağınız bilgi ve belgeler üzerinden Bankamızca başvurunuza istinaden yapılacak
değerlendirme sonucunda belirlenecektir.
Toplam masraflara kredi açılış ücreti ve vergiler dahil edilmiş olup, krediye göre
farklılık gösterecek olan “sigorta masrafları” bu formda yer alan aylık ve yıllık
maliyet oranlarına dahil edilmemiştir.
Bu ödeme planında yer alan faiz oranı, ücret ve komisyon tutarları, Bankamızca özel
bir yükümlülük içermeksizin tüketicileri bilgilendirme amaçlı oluşturulmuştur. Örnek
ödeme planında yer alan bilgiler Ödeme Planının hazırlandığı tarih itibarıyla geçerli
değerleri yansıtmaktadır. Ödeme planı oluşturduğunuz ürünü Yapı Kredi’den kullanmaya
karar verdiğinizde, Bankamızın ilan etmiş olduğu güncel faiz, ücret ve komisyon
tutarları geçerli olacaktır. Yapı Kredi faiz oranı, ücret ve komisyon tutarlarında
değişiklik yapma hakkını saklı tutar.
Toplam masraflara tahsis, ekspertiz ve ipotek tesis ücreti dahil edilmiş olup, konutun
özelliğine göre farklılık gösterecek olan “sigorta masrafları” bu formda yer alan
aylık ve yıllık maliyet oranlarına dahil edilmemiştir.
Bu ödeme planı, seçtiğiniz eşit taksitli kredi ürününde sizi bilgilendirmek amacıyla
hazırlanmış olup, başvurunuza kesin onay taahhüdü içermemektedir. Başvurunuzun kesin
onay alması, sunacağınız bilgi ve belgeler üzerinden Bankamızca başvurunuza istinaden
yapılacak değerlendirme sonucunda belirlenecektir. Farklı ödeme planlarına sahip
ürünler için Yapıkredi şubelerinden bilgi alabilirsiniz.
Toplam masraflara tahsis, ekspertiz ve ipotek tesis ücreti dahil edilmiş olup, işyerinin
Başvurunuzu dilediğiniz
Yapı Kredi şubesinden
yapabilirsiniz.
Konut Kredisi başvurularınızı İnternet,SMS veya tüm
Yapı Kredi ATM
'leri üzerinden kolayca yapabilirsiniz. SMS ile başvurmak
için
KONUT (boşluk) TCKN (boşluk) Aylık Net Gelirinizi yazıp 4411’e gönderebilirsiniz.
Bireysel ihtiyaç kredisi başvurularınızı
hemen başvur butonuna tıklayarak, internet şubesi, SMS veya tüm
’leri üzerinden kolayca yapabilirsiniz. SMS ile başvurmak
için BIREYSEL (Boşluk) TCKN (Boşluk) Aylık Net Gelirinizi yazıp 4411’e gönderebilirsiniz.
HEMEN BAŞVUR
EN YAKIN ŞUBE & ATM
Vade(Ay)
Aylık Taksit Tutarı
Faiz Oranı
2.515,00 TL
% 0.01790
Seçiniz
Geri Ödeme Planını görmek için
HEMEN
BAŞVUR
Yükleniyor...
Dijitalden Bireysel İhtiyaç Kredisi
İnternet ve Mobil Şubeyi Tanıyın
YAPI KREDİLİ OLUN!",6d0eba74fdd5923546507d2d7a142756c9a495a6d97616836b3c68b5312fb472,https://www.yapikredi.com.tr/kampanyalar/detay/248208,mobilden yapı kredili olun | kobi̇,6d0eba74fdd5923546507d2d7a142756c9a495a6d97616836b3c68b5312fb472,2026-07-22T08:51:36.106997+00:00,detail_page_fetch,İlgili,Bağımsız Gelişme,Good,,,2026-07-22,,Kampanya Başlangıç Tarihi,2026-07-22,campaign_start_date,Kampanya başlangıç tarihi bulundu; recency için kullanıldı.,False,,False,,2026-07-22,Yüksek,campaign_start_date,False,2026-08-08,Kesim tarihinden eski: 2026-07-22 < 2026-08-08,Kampanya,True,Kampanya veya müşteri teklifi sinyali içeriyor.,True,True,,https://www.yapikredi.com.tr/kampanyalar/kategori/kobi/
RI-603fd6478d7f,DOC-REG-070-20260722085233,REG-070,Tier 1,visa,Visa,Visa Global Newsroom,Resmi Basın Bülteni Sayfası,https://usa.visa.com/about-visa/newsroom.html,"Visa Introduces Platform for Stablecoin Minting, Movement and Management | Visa",7/16/2026,https://usa.visa.com/about-visa/newsroom/press-releases.releaseId.22591.html,"Visa Introduces Platform for Stablecoin Minting, Movement and Management
7/16/2026
The
Visa
Stablecoin Platform gives financial institutions, fintechs and other payment providers a single environment to come onchain and run stablecoin operations with
SAN FRANCISCO
--(BUSINESS WIRE)--Jul. 16, 2026--
Today,
(NYSE: V) announced the
Stablecoin Platform (VSP)
, a new enterprise platform designed to help financial institutions, fintechs, and crypto natives access stablecoin capabilities through a single
-managed environment.
This press release features multimedia. View the full release here:
https://www.businesswire.com/news/home/20260716292689/en/
Building on Visa’s broader crypto strategy, VSP gives FIs, fintechs and other payment providers a simple way to access, store, and redeem stablecoins, beginning with Open USD (OUSD), a new stablecoin recently
introduced
by Open Standard. This includes onchain wallet infrastructure through a newly introduced Wallet-as-a-Service offering and connectivity for minting and burning Open USD.
“Stablecoins are opening up a new layer of programmable money, but for most institutions the hard part isn’t the concept, it’s the operational reality,” said
Jack Forestell
, Chief Product and Strategy Officer,
. “With the
Stablecoin Platform, we’re giving our clients a single place to mint, move and manage stablecoin operations with the controls, security and network reach they already expect from
. It’s how we help them turn interest in stablecoins into real products and real payment flows.”
Stablecoin Platform provides direct access to a range of stablecoin capabilities and flows alongside Visa’s network, risk and fraud capabilities, so institutions can move from exploration to implementation with greater confidence. This includes:
Access to Open USD:
VSP integrates seamlessly into the Open Standard, providing institutions with direct access to Open USD alongside Visa’s network services. This gives clients a way to easily mint, burn, manage and transfer Open USD, bringing fiat onchain and managing flows in an environment they already trust.
Onchain wallet infrastructure:
VSP packages the wallet infrastructure, controls and workflows needed to make stablecoins usable inside real-world treasury, settlement and product stacks for a range of institutional use cases.
Integration into Visa’s network:
VSP is designed to enable connectivity of stablecoins into Visa’s network and tools, allowing users to embed stablecoin capabilities into existing payment flows, treasury operations and settlement processes. For existing
clients using Visa’s settlement, treasury and currency solutions, VSP provides direct interoperability to seamlessly integrate stablecoins into the workflows and systems they rely on today.
Built for trust on day one:
VSP allows institutions to interact with stablecoin flows with the same security and trust that
is known for. Users will have access to features like dual-control approval for workflows, where one user initiates a sensitive action and another authorized user must approve it, comprehensive audit logging, and Wallet-as-a-Service features of secure passkeys and allow lists to control transfers, to help provide the level of security and control they require to operate.
VSP is interoperable with
Visa's
existing stablecoin offerings, including stablecoin settlement, stablecoin-linked cards, and stablecoin money movement. Together, these capabilities provide a full stack of solutions that help FIs and fintechs come onchain and enable crypto platforms to access
global network.
How to get Started
Onboard and operate:
Institutions can onboard into a
-managed wallet stack or connect existing wallets, creating a single home to manage stablecoin mint, burn, and transfer activity.
Connect bank accounts and controls:
Clients can link bank accounts and configure approvals, users and policies to govern who can initiate and approve stablecoin movements.
Mint, move and manage stablecoin operations:
From the start, VSP supports minting, redeeming, holding and transferring stablecoins, beginning with Open USD, as part of treasury, settlement and liquidity workflows.
VSP, including Wallet-as-a-Service, is initially available for beta testing with select clients, providing an early opportunity to explore how stablecoins fit into their strategies. As clients test and refine use cases,
will use those learnings to inform how and where the platform scales to broader market availability.
About Visa
Visa (NYSE: V) is a world leader in digital payments, facilitating transactions between consumers, merchants, financial institutions and government entities across more than 200 countries and territories. Our mission is to connect the world through the most innovative, convenient, reliable and secure payments network, enabling individuals, businesses and economies to thrive. We believe that economies that include everyone everywhere, uplift everyone everywhere and see access as foundational to the future of money movement. Learn more at
Visa.com
View source version on businesswire.com:
Media Contacts
press@visa.com
Jackie Dresch
Conor Febos
Source: Visa Inc.",de744f8719de24464af6d66dbe7ced5605643fc79df3ec25cd76d3663cc86689,https://usa.visa.com/about-visa/newsroom/press-releases.releaseId.22591.html,"visa introduces platform for stablecoin minting, movement and management | visa",de744f8719de24464af6d66dbe7ced5605643fc79df3ec25cd76d3663cc86689,2026-07-22T08:52:39.122921+00:00,detail_page_fetch,Beklemede,Bağımsız Gelişme,Good,,2026-07-16,,,Duyuru Tarihi,2026-07-16,publication_date,Duyuru/basın tarihi bulundu; recency için kullanıldı.,False,,False,,2026-07-16,Yüksek,visa_us_press_date,False,2026-08-08,Kesim tarihinden eski: 2026-07-16 < 2026-08-08,Basın Bülteni,True,Basın/haber kaynağından gelen tekil ve tarihli duyuru adayı.,True,True,,https://usa.visa.com/about-visa/newsroom.html
RI-541d649fc91f,DOC-REG-140-20260722085309,REG-140,Tier 2,sekerbank,Şekerbank,Şekerbank Basın Odası,Resmi Basın Bülteni Sayfası,https://www.sekerbank.com.tr/hakkimizda/basin-odasi,Şekerbank’ta üst düzey atama,02.07.2026,https://www.sekerbank.com.tr/hakkimizda/basin-odasi/basin-bultenlerimiz/2026/sekerbankta-ust-duzey-atama,"02.07.2026
Şekerbank
Finansal Piyasalardan Sorumlu
Genel
Müdür Yardımcılığı görevine Burak Somer atandı.
Bankacılık sektöründe 25 yılı aşkın deneyime sahip olan Burak Somer, Şekerbank Finansal Piyasalardan Sorumlu Genel Müdür Yardımcılığı görevine atandı.
Kariyerine
2001 yılında Koçbank’ta başlayan Somer, kariyeri boyunca Koçbank, Finans
Yatırım, Garanti Bankası, ING Türkiye ve ING Global’de ticari bankacılık,
hazine pazarlama ve kurumsal satış alanlarında önemli görevler üstlendi. Somer,
son olarak ING Group’ta, Türkiye dahil dokuz farklı ülkenin finansal piyasa
ürünlerinin dijitalleştirilmesi ve kurumsal müşteri çözümlerinin
yaygınlaştırılmasına yönelik ING Orta ve Doğu Avrupa Bölgesi Finansal Piyasalar
Kurumsal Satış Başkanlığı görevini sürdürmekteydi.
Lisans
eğitimini Bilkent Üniversitesi Bankacılık ve Finans bölümünde tamamlayan Somer’in
Boğaziçi Üniversitesi Executive MBA derecesi ile SPL Düzey 3 ve SPL Türev
lisansları bulunmaktadır.
ailesine katılmaktan büyük mutluluk duyduğunu belirten Burak Somer, “Finansal
piyasalar alanında yerel ve global ölçekte birçok kurumda edindiğim uzun
yıllara varan tecrübem ile Türkiye’nin şube ağı ve müşteri tabanı ile en köklü
bankalarından biri olan Şekerbank’ın büyüme hamlesine katkı sağlayacak olmaktan
büyük heyecan duyuyorum. 75 yıla varan geçmişi boyunca ülkemizde sayısız
kurumun büyüme yolculuğuna katkı sağlayan Şekerbank, önümüzdeki dönemde
müşterilerimize değişen piyasa koşullarında katma değer sağlayan tam donanımlı
çözümler sunarak tüm Türkiye genelindeki güçlü hizmet anlayışını daha da
kuvvetlendirecek” dedi.",7c08b10c9e47044ab406fe53017dc9a9bf1124f0f8629601453c0b6af04ac962,https://www.sekerbank.com.tr/hakkimizda/basin-odasi/basin-bultenlerimiz/2026/sekerbankta-ust-duzey-atama,şekerbank’ta üst düzey atama,7c08b10c9e47044ab406fe53017dc9a9bf1124f0f8629601453c0b6af04ac962,2026-07-22T08:53:12.203706+00:00,detail_page_fetch,İlgisiz,Bağımsız Gelişme,Good,2026-07-02,,,,Yayın Tarihi,2026-07-02,publication_date,Yayın tarihi bulundu; recency için kullanıldı.,False,,False,,2026-07-02,Yüksek,publication_date,False,2026-08-08,Kesim tarihinden eski: 2026-07-02 < 2026-08-08,Basın Bülteni,True,Basın/haber kaynağından gelen tekil ve tarihli duyuru adayı.,True,True,True,https://www.sekerbank.com.tr/hakkimizda/basin-odasi
RI-19e31e2d96e4,DOC-REG-054-20260722090332,REG-054,Tier 2,turkiye_bankalar_birligi,Türkiye Bankalar Birligi,Türkiye Bankalar Birligi Duyurular,Sektör Birliği,https://www.tbb.org.tr,Saha Çalışanları ile Ekonomi Sohbetleri etkinliği Ankara’da düzenlendi | Türkiye Bankalar Birliği,01/07/2026,https://www.tbb.org.tr/haberler/saha-calisanlari-ile-ekonomi-sohbetleri-etkinligi-ankarada-duzenlendi,"Saha Çalışanları ile Ekonomi Sohbetleri etkinliği Ankara’da düzenlendi
01/07/2026
Türkiye Bankalar Birliği tarafından düzenlenen “Saha Çalışanları ile Ekonomi Sohbetleri” etkinliği Ankara’da gerçekleştirildi.
Bankaların şube ve bölge yöneticilerinin katılımıyla düzenlenen etkinlikte, konuk konuşmacı Prof. Dr. Erhan Aslanoğlu, küresel ekonomide yaşanan güncel gelişmelerin Türkiye ekonomisine etkileri ile makroekonomik görünümü değerlendirdi. Sunumun ardından gerçekleştirilen soru-cevap bölümünde katılımcıların soruları yanıtlandı.
Finansal Okuryazarlık
Risk Merkezi
Finans ve Bankacılık Portalı
Bankacılık Ürün ve Hizmet Ücretleri",e7245c09badddcd3f28208a24c2b6db461c63909c549d599ec120a7ce0bc0b31,https://www.tbb.org.tr/haberler/saha-calisanlari-ile-ekonomi-sohbetleri-etkinligi-ankarada-duzenlendi,saha çalışanları ile ekonomi sohbetleri etkinliği ankara’da düzenlendi | türkiye bankalar birliği,e7245c09badddcd3f28208a24c2b6db461c63909c549d599ec120a7ce0bc0b31,2026-07-22T09:03:40.001837+00:00,detail_page_fetch,İlgisiz,Bağımsız Gelişme,Medium,2026-07-01,,,,Yayın Tarihi,2026-07-01,publication_date,Yayın tarihi bulundu; recency için kullanıldı.,False,,False,,2026-07-01,Yüksek,publication_date,False,2026-08-08,Kesim tarihinden eski: 2026-07-01 < 2026-08-08,Haber,True,Tekil haber veya duyuru adayı.,True,True,True,https://www.tbb.org.tr
RI-6fc00507da6f,DOC-REG-054-20260722090332,REG-054,Tier 2,turkiye_bankalar_birligi,Türkiye Bankalar Birligi,Türkiye Bankalar Birligi Duyurular,Sektör Birliği,https://www.tbb.org.tr,Haberler | Türkiye Bankalar Birliği,01.07.2026,https://www.tbb.org.tr/haberler,"Haberler
Yıl Seçiniz
2026
2025
2024
2023
2022
2021
2020
2019
2018
2017
2016
2015
2014
2013
2012
2011
2010
2009
2008
01.07.2026
Saha Çalışanları ile Ekonomi Sohbetleri etkinliği Ankara’da düzenlendi
Türkiye Bankalar Birliği tarafından düzenlenen “Saha Çalışanları ile Ekonomi Sohbetleri” etkinliği Ankara’da gerçekleştirildi.Bankaların şube ve bölge yöneticilerinin katılımıyla düzenlenen etkinlikte, konuk konuşmacı Prof. Dr. Erhan Aslanoğlu, küresel ekonomide yaşanan güncel gelişmelerin Türkiye ekonomisine etkileri ile makroekonomik görünümü değerlendirdi. Sunumun ardından gerçekleştirilen soru-cevap bölümünde katılımcıların soruları yanıtlandı.
Haberin Devamı
26.06.2026
Türkiye Bankalar Birliği Yönetim Kurulu, Bakan Murat Kurum ile bir araya geldi
Türkiye Bankalar Birliği Yönetim Kurulu, Başkan Alpaslan Çakar başkanlığında, Çevre, Şehircilik ve İklim Değişikliği Bakanı Murat Kurum ile bir araya geldi.Tarihi Ahmet Ratıp Paşa Köşkü’nde gerçekleştirilen toplantıda sürdürülebilirlik, yeşil dönüşüm ve finans sektörünün iklim değişikliğiyle mücadeledeki rolü ele alındı. Ayrıca, Antalya’da düzenlenecek COP31 hazırlıkları değerlendirildi.TBB Yönetim Kurulu Başkanı Alpaslan Çakar, bankacılık sektörünün sürdürülebilirliği stratejik bir öncelik olarak konumlandırdığını vurgulayarak, iklim değişikliğiyle mücadele ve düşük karbon ekonomisine geçiş sürecinde finans sektörünün kritik bir sorumluluk üstlendiğini ifade etti.
24.06.2026
Saha Çalışanları ile Ekonomi Sohbetleri etkinliği İzmir’de gerçekleştirildi
Türkiye Bankalar Birliği tarafından düzenlenen “Saha Çalışanları ile Ekonomi Sohbetleri” etkinliği İzmir’de gerçekleştirildi.Bankaların şube ve bölge yöneticilerinin yoğun ilgi gösterdiği seminerde, konuk konuşmacı Prof. Dr. Erhan Aslanoğlu küresel ekonomideki güncel gelişmeler ve bunların ekonomik yansımalarına ilişkin değerlendirmelerde bulundu; katılımcıların sorularını yanıtladı.
22.06.2026
Bankaların eğitim profesyonellerine yönelik Yapay Zeka Çağında Öğrenme ve Gelişim etkinliği düzenlendi
Türkiye Bankalar Birliği tarafından bankaların eğitim profesyonellerine yönelik “Yapay Zeka Çağında Öğrenme ve Gelişim” konulu bir etkinlik düzenlendi.Etkinlik kapsamında danışman ve eğitmen Murat Yerdekalmazer, yapay zekanın kurumlarda kültürel bir dönüşüm sürecini beraberinde getirdiğini vurguladı. Sunumda, liderlerin bu dönüşümdeki rolü ile yapay zeka okuryazarlığının kurum genelinde yaygınlaştırılmasına ilişkin değerlendirmeler paylaşıldı.
19.06.2026
Yapay Zeka ve Bilişim Sistemleri, Ceza Hukuku Açısından Değerlendirmesi başlıklı çevrimiçi konferans düzenlendi
Birliğimiz tarafından düzenlenen Hukuk Konferansları Serisi kapsamında, “Yapay Zeka ve Bilişim Sistemleri, Ceza Hukuku Açısından Değerlendirmesi” konulu çevrimiçi konferans gerçekleştirildi.Türkiye Bankalar Birliği Hukuk Danışmanları Koordinatörü Günay Günver'in açılış konuşmasıyla başlayan konferansta,&nbsp;Kadir Has Üniversitesi Hukuk Fakültesi Öğretim Üyesi Prof. Dr. Tuğrul Katoğlu, yapay zeka ve bilişim sistemlerinin ceza hukuku boyutuna ilişkin değerlendirmelerde bulundu. Program sonunda katılımcıların soruları yanıtlandı.
12.06.2026
Türkiye Bankalar Birliği’nin 69. Genel Kurul Toplantısı düzenlendi
Türkiye Bankalar Birliği'nin seçimli 69. Genel Kurulu, İstanbul Finans Merkezi Ziraat Kuleleri Oditoryumu’nda gerçekleştirildi.Genel Kurul'un açılış konuşmalarını; Hazine ve Maliye Bakanı Mehmet Şimşek, Türkiye Cumhuriyet Merkez Bankası Başkanı Dr. Fatih Karahan, Bankacılık Düzenleme ve Denetleme Kurumu Başkanı Prof. Dr. Şahap Kavcıoğlu ve TBB Yönetim Kurulu Başkanı Alpaslan Çakar yaptı.Genel Kurul'un açılış konuşmasını yapan TBB Yönetim Kurulu Başkanı Alpaslan Çakar, küresel ekonomide artan jeopolitik riskler, ticaret politikalarındaki değişimler ve yüksek belirsizlik ortamına rağmen Türkiye ekonomisinin dirençli bir performans sergilediğini söyledi. Çakar, ekonomi programının sağladığı kazanımlar sayesinde öngörülebilirliğin arttığını, makroekonomik göstergelerdeki iyileşmenin sürdüğünü vurguladı.Başkan Çakar, ""Sektörümüz güçlü bilanço yapısı, gelişmiş teknolojik altyapısı ve nitelikli insan kaynağıyla ekonomiye katkı sağlamayı sürdürüyor. 2026 yılı Nisan ayı itibarıyla sektörün aktif büyüklüğü 50 trilyon TL'yi, kredi hacmi ise 25 trilyon TL'yi aştı. Bankacılık sektörü olarak yatırım, üretim, ihracat, tarım ve KOBİ'lerin finansmanına destek vermeye devam edeceğiz” dedi.&nbsp;Türkiye Bankalar Birliği'nin faaliyetlerine ilişkin de değerlendirmelerde bulunan Çakar, Türk Devletleri Banka Birlikleri Konseyi çalışmaları, uluslararası iş birlikleri, finansal okuryazarlık projeleri ve sektör araştırmalarıyla bankacılık sektörünün gelişimine katkı sunmaya devam ettiklerini söyledi.Türkiye ve dünya ekonomisindeki gelişmeler ile bankacılık sektörünün görünümünün değerlendirildiği Genel Kurul’da, Türkiye Bankalar Birliği'nin faaliyet raporu, finansal tabloları ve 2026-2027 faaliyet dönemi bütçesi görüşüldü. Yönetim Kurulunun belirlenmesine yönelik seçim yapıldı.TBB Yönetim Kurulu Başkanı Sayın Çakar'ın yapmış olduğu konuşmanın metnine ulaşmak için bağlantı adresine tıklayınız.&nbsp;Yapılan sunuma ulaşmak için bağlantı adresine tıklayınız.&nbsp;Toplantının açılış bölümünde yapılan konuşmaların video kayıtlarına ulaşmak&nbsp;için bağlantı adresine tıklayınız.
10.06.2026
TBB Genel Sekreteri Nurullah Bakır, Bakü‘de düzenlenen Uluslararası Finans ve Bankacılık Zirvesi‘nin açılışında konuştu
Türkiye Bankalar Birliği Genel Sekreteri Nurullah Bakır, Azerbaycan Bankalar Birliği tarafından Bakü’de düzenlenen Uluslararası Finans ve Bankacılık Zirvesi’nin açılış konuşmasını gerçekleştirdi.Bakır konuşmasında; Türk Devletleri arasında finansal entegrasyonun güçlendirilmesi, bankacılıkta dijital dönüşüm, ödeme sistemleri ve sürdürülebilir finans alanlarında bölgesel iş birliğinin önemine dikkat çekti. Ortak teknoloji yatırımları ve bilgi paylaşımının, bölgenin küresel finans sistemindeki rekabet gücünü artıracağını vurguladı.
09.06.2026
Dünya Çevre Günü kapsamında İstanbul Cerrahpaşa Üniversitesi’nde düzenlenen etkinliğine katılım sağlandı
Türkiye Bankalar Birliği Sürdürülebilirlik Bölümü Direktör Yardımcısı Eyüp Keleş, Dünya Çevre Günü kapsamında İstanbul Cerrahpaşa Üniversitesi Çevre Kulübü tarafından düzenlenen etkinlikte konuştu.Eyüp Keleş, Cerrahpaşa Mühendislik Fakültesinde 4 Haziran’da düzenlenen konferansta, katılımcılarla “Sürdürülebilir Finans” başlıklı sunumunu paylaştı; iklim değişikliği riskleri, küresel sosyal zorluklar, ekonomik ve dijital risklere dair bilgi verdi. Keleş ayrıca, Bu alanlarda geliştirilen finansman mekanizmaları, kamu, sanayi ve finans sektörünün üstlendiği roller ile sürdürülebilirlik alanındaki mevcut düzenleme altyapısı hakkında paylaşımda bulundu.
Filistin Bankacılık Enstitüsü Genel Müdürü, Türkiye Bankalar Birliği‘ni ziyaret etti
Filistin Bankacılık Enstitüsü Genel Müdürü Dr. Akram Hamdan, Türkiye Bankalar Birliği’ni ziyaret etti. Ziyaret kapsamında, Türkiye Bankalar Birliği Genel Sekreteri Sayın Nurullah Bakır ile bir görüşme gerçekleştirildi.&nbsp;Ziyarette, iki kurum arasında sürdürülen işbirliğinin geliştirilmesi ve bölgede ihtiyaç duyulan eğitim konularına dair fikir alışverişinde bulunuldu. Dr. Hamdan, Türkiye Bankalar Birliği’nin eğitim ve mesleki gelişim çalışmaları hakkında detaylı bilgi aldı.&nbsp;
21.05.2026
İstanbul Ticaret Üniversitesi Türkiye Bankalar Birliği’ni ziyaret etti
İstanbul Ticaret Üniversitesi akademisyen ve öğrencileri, Türkiye Bankalar Birliği’ni ziyaret etti.Ekonominin Koordinasyonundan Sorumlu eski Devlet Bakanı, eski Başbakan Yardımcısı ve Üniversite’nin&nbsp;Düşünce ve Proje Üretim Akademisi Müdürü Prof. Dr. Nazım Ekren ile İşletme Fakültesi Dekan Yardımcısı Dr. Öğr. Üyesi Mefule Fındıkçı Erdoğan’ın öncülüğünde gerçekleşen program kapsamında, İktisat Bölümü öğrencilerine, Türkiye ve dünya finansal piyasaları ile bankacılık sektöründeki gelişmeler hakkında sunum yapıldı; öğrencilerin soruları yanıtlandı.
20.05.2026
Türkiye’den iki öğrenci Avrupa’nın en büyük finansal okuryazarlık yarışmasının finalinde yer aldı
Türkiye Bankalar Birliği’nin düzenlediği Finansal Okuryazarlık Bilgi Yarışması’nda dereceye giren iki öğrenci, Avrupa Finansal Okuryazarlık Yarışması (European Money Quiz) finaline katıldı.18-19 Mayıs tarihlerinde Belçika'nın başkenti Brüksel'de düzenlenen büyük finalde, Ankara’dan Mehmet Eymen Okyay ve Erzurum’dan Ali Çağrı Koçak yarıştı.Avrupa Bankacılık Federasyonu (EBF) koordinasyonunda düzenlenen European Money Quiz’e 30 farklı Avrupa ülkesinden toplam 60 öğrenci yer aldı.Türkiye’yi temsil eden öğrenciler, etkinlik boyunca farklı ülkelerden akranlarıyla bir araya gelme fırsatı buldu. Program kapsamında Brüksel Borsası ziyaret edildi. Ayrıca finansal eğitim merkezi Wikifin’de interaktif etkinliklere katılım sağlandı.Yarışmada öğrenciler, bütçe yönetimi, tasarruf alışkanlıkları, finansal planlama ve para yönetimi gibi konularda soruları yanıtladı. Güvenli dijital bankacılık kullanımı da yarışmanın önemli başlıkları arasında yer aldı.Yarışmaya katılan öğrencilerimizi tebrik ediyor, başarılarının devamını diliyoruz.
15.05.2026
TBB Genel Sekreteri Nurullah Bakır, Uluslararası Ekonomi, Finans ve İşletme Kongresi'ne katıldı
Türkiye Bankalar Birliği Genel Sekreteri Nurullah Bakır, mezunu olduğu Kayseri Erciyes Üniversitesi'nin Sivas Cumhuriyet Üniversitesi iş birliğiyle düzenlediği Uluslararası Ekonomi, Finans ve İşletme Kongresi’nin açılış konuşmasını yaptı.
Bakır, bankacılık sektörünün güçlü bilanço yapısı, reel sektöre sağlanan finansman desteği ve dijital dönüşüm sürecine ilişkin değerlendirmelerini paylaştı. Türkiye Bankalar Birliği’nin faaliyetlerine; finansal okuryazarlık, eğitim ve gençlere yönelik çalışmalarına değindi.
Kongre’nin ev sahipliği yapan Kayseri Erciyes Üniversitesi ve İktisadi ve İdari Bilimler Fakültesi Dekanı Prof. Dr. Levent Çıtak’a, Sivas Cumhuriyet Üniversitesi’ne ve katılım sağlayan tüm akademisyenler ile öğrencilere teşekkür ederiz.&nbsp;
13.05.2026
Kültür ve Turizm Bakanı Mehmet Nuri Ersoy, TBB Yönetim Kurulu ile bir araya geldi
Türkiye Bankalar Birliği Yönetim Kurulu, Başkan Alpaslan Çakar başkanlığında, Kültür ve Turizm Bakanı Mehmet Nuri Ersoy ile bir araya geldi. Toplantı, restorasyon süreci tamamlandığında Türkiye Bankalar Birliği'nin yeni merkez binası olacak tarihi Ahmet Ratıp Paşa Köşkü’nde gerçekleştirildi.Bakan Mehmet Nuri Ersoy 2026 yılının ilk çeyreğine ilişkin turizm verileri ile birlikte sektörün genel ekonomik görünümüne dair bilgi paylaşarak, yılın geri kalan dönemine yönelik beklentileri aktardı.Toplantıda, turizm sektörünün büyüme, istihdam ve cari dengeye katkısı ile finansmana erişim ihtiyaçları ele alındı.TBB Yönetim Kurulu Başkanı Alpaslan Çakar, bankacılık sektörünün turizm yatırımlarının finansmanı ve sektörün sürdürülebilir büyümesine katkı sağlamaya devam edeceğini ifade etti.
12.05.2026
Tezgâh Üstü İşlemler, Türev İşlemler ve Sermaye Piyasası İşlemleri konulu hukuk konferansı düzenlendi
Birliğimiz tarafından düzenlenen Hukuk Konferansları Serisi kapsamında, “Tezgâh Üstü İşlemler, Türev İşlemler ve Sermaye Piyasası İşlemleri Bakımından Bankalarca Dikkat Edilmesi Gereken Hususlar” konulu çevrimiçi konferans gerçekleştirildi.&nbsp;Türkiye Bankalar Birliği Hukuk Danışmanları Koordinatörü Günay Günver'in açılış konuşmasıyla başlayan konferansta, Prof. Dr. Çağlar Manavgat tarafından tezgâh üstü işlemler, türev işlemler ve sermaye piyasası işlemleri ilgili hukuki konular kapsamında önemli bilgiler paylaşıldı, katılımcıların soruları yanıtlandı.
07.05.2026
Marmara Üniversitesi Ekonomi ve Girişimcilik Kulübü öğrencileri, Türkiye Bankalar Birliği‘ne bir ziyaret gerçekleştirdi.
Marmara Üniversitesi Ekonomi ve Girişimcilik Kulübü öğrencileri, Türkiye Bankalar Birliği’ne bir ziyaret gerçekleştirdi.Ziyaret kapsamında öğrencilere Türkiye Bankalar Birliği’nin görev ve faaliyetleri ile yürüttüğü çalışmalar hakkında bilgi verildi. Türkiye’de bankacılık sektörünün işleyişi, finansal sistemin yapısı ile küresel ve ulusal ekonomik gelişmelere ilişkin sunumlar gerçekleştirildi.Programda, finans sektöründeki güncel gelişmeler, bankacılık sektörünün ekonomideki rolü ve kariyer fırsatlarına ilişkin değerlendirmeler de paylaşıldı. Öğrencilerin sektör, meslek hayatı ve kariyer planlamalarına yönelik soruları yanıtlandı.
Finansal Okuryazarlık
Risk Merkezi
Finans ve Bankacılık Portalı
Bankacılık Ürün ve Hizmet Ücretleri",07e3f079961d3847dd95c78ba4122a74c4dab93b22fabfd53e58035ebe5239a3,https://www.tbb.org.tr/haberler,haberler | türkiye bankalar birliği,07e3f079961d3847dd95c78ba4122a74c4dab93b22fabfd53e58035ebe5239a3,2026-07-22T09:03:40.797712+00:00,detail_page_fetch,İlgisiz,Bağımsız Gelişme,Good,2026-07-01,,,,Yayın Tarihi,2026-07-01,publication_date,Yayın tarihi bulundu; recency için kullanıldı.,False,,False,,2026-07-01,Yüksek,publication_date,False,2026-08-08,Kesim tarihinden eski: 2026-07-01 < 2026-08-08,Ürün / Özellik Gelişmesi,True,"Ürün, API, POS, ödeme, tahsilat veya dijital özellik gelişmesi sinyali içeriyor.",True,True,True,https://www.tbb.org.tr
RI-0add816b2447,DOC-REG-070-20260722111845,REG-070,Tier 1,visa,Visa,Visa Global Newsroom,Resmi Basın Bülteni Sayfası,https://usa.visa.com/about-visa/newsroom.html,Visa: AI and Digital Commerce Power Global Economy Growth Amid Rising Costs | Visa,6/30/2026,https://usa.visa.com/about-visa/newsroom/press-releases.releaseId.22536.html,"Visa: AI and Digital Commerce Power Global Economy Growth Amid Rising Costs
6/30/2026
SAN FRANCISCO
--(BUSINESS WIRE)--Jun. 30, 2026--
The global economy is expected to grow 2.4% in 2026, according to
Visa
Business and Economic Insights’ (VBEI)
2026 Midyear Global Economic Outlook. While higher energy prices are squeezing household budgets and creating fresh challenges, a surge in business investment—particularly in artificial intelligence, clean energy, and strategic industries—is helping offset the strain on consumers and keep the economy moving forward.
“As digital commerce continues to reshape how people shop and pay, consumers are finding more ways to compare prices and stretch their budgets, helping to keep inflation in check,” said
Wayne Best
, chief economist at
. “We’re also seeing business investment rising sharply, with companies building out AI, clean energy and stronger supply chains at levels we haven’t seen since 2010—a trend that is helping support global growth.”
The report explores three forces shaping the global economy: resilient consumers adjusting rather than retreating, digital commerce acting as a relief valve on prices, and a wave of business investment powering through uncertainty.
Consumer spending is adjusting, not collapsing
Even as higher costs weigh on household budgets, VBEI data shows discretionary spending holding relatively steady—evidence that consumers are adapting their behavior and seeking deals rather than pulling back sharply. Increasingly, that deal-seeking is happening online, where shoppers can compare prices and find lower-cost alternatives more easily than ever.
Digital commerce helps contain prices
In smaller, “peripheral” cities, online adoption has nearly doubled since before the pandemic—rising from about 31% to 56% across the nearly 600 cities VBEI analyzed. The trend spans markets as varied as
Bern, Switzerland
, and
San Juan, Puerto Rico
, where online shopping has climbed sharply since 2019. As more shoppers gain the power to compare prices and find alternatives, these markets are seeing stronger competition and lower inflation, helping ease the pressure on households as energy costs climb.
A global investment boom is powering growth
The global economy has entered its strongest industrial investment cycle since 2010. Capital spending by the world’s three largest economies—the
U.S
., EU, and China—is rising in tandem as businesses race to build out AI capabilities, transition to cleaner energy sources, and secure strategic supply chains. This broad-based uptick in investment is helping carry the economy.
Key Takeaways
Are consumers pulling back as costs rise?
economists describe the current environment as “more like adjustment than collapse.” Even as higher costs weigh on household budgets, discretionary spending is holding relatively steady, with tentative signs of firming—evidence that consumers are adapting their behavior and seeking deals rather than retreating. This also marks a softer starting point than earlier in the decade, which should limit how high prices ultimately climb.
How is digital commerce helping?
By giving consumers more ways to find value. As online shopping spreads beyond major hubs into smaller, “peripheral” markets, shoppers can compare prices and find lower-cost alternatives more easily. Markets with higher online penetration are seeing stronger price competition and lower inflation—extending the inflation-constraining effects of digital commerce into more communities.
What is keeping growth on track?
A broad-based surge in business investment. The global economy has entered its strongest industrial investment cycle since 2010, with the
., EU, and
China
investing in tandem across AI, clean energy, and strategic supply chains. As this investment broadens into jobs, it is helping support household spending and carry the economy through higher energy costs.
Access the full report at
https://usa.visa.com/partner-with-us/visa-consulting-analytics/economic-insights/2026-another-precedent-shattering-year.html
About VBEI’s 2026 Midyear Global Economic Outlook
Business and Economic Insights’ (VBEI) 2026 Midyear Global Economic Outlook provides analysis of global economic trends, consumer behavior and the evolution of digital commerce, based on proprietary
transaction data, economic modeling and analysis of emerging trends.
About
Business and Economic Insights (VBEI)
Business and Economic Insights (VBEI) provides data-driven analysis of global economic trends, consumer spending patterns and the evolution of digital commerce, drawing on proprietary VisaNet transaction data, economic modeling and third-party research. The team publishes regular research across macroeconomics, consumer behavior and payments innovation. To subscribe:
https://globalclient.visa.com/visaeconomicnews-subscribe
About Visa
Visa (NYSE: V) is a world leader in digital payments, facilitating transactions between consumers, sellers, financial institutions and government entities across more than 200 countries and territories. Our mission is to connect the world through the most innovative, convenient, reliable and secure payments network, enabling individuals, businesses and economies to thrive. We believe that economies that include everyone everywhere, uplift everyone everywhere and see access as foundational to the future of money movement. Learn more at
Visa.com
Forward-Looking Statement
This release contains forward-looking statements within the meaning of the U.S. Private Securities Litigation Reform Act of 1995 that relate to, among other things, our economic outlook. Forward-looking statements are generally identified by words such as “believes,” “estimates,” “expects,” “intends,” “may,” “projects,” “could,” “should,” “will,” “continue” and other similar expressions. All statements other than statements of historical fact could be forward-looking statements, which speak only as of the date they are made, are not guarantees of future performance and are subject to certain risks, uncertainties and other factors, many of which are beyond our control and are difficult to predict. We describe risks and uncertainties that could cause actual results to differ materially from those expressed in, or implied by, any of these forward-looking statements in our filings with the SEC. Except as required by law, we do not intend to update or revise any forward-looking statements as a result of new information, future events or otherwise.
Disclaimer
The views, opinions, and/or estimates, as the case may be (“views”), expressed herein are those of the Visa Business and Economic Insights team and do not necessarily reflect those of Visa executive management or other Visa employees and affiliates. This presentation and content, including estimated economic forecasts, statistics, and indexes are intended for informational purposes only and should not be relied upon for operational, marketing, legal, technical, tax, financial or other advice and do not in any way reflect actual or forecasted Visa operational or financial performance. Visa neither makes any warranty or representation as to the completeness or accuracy of the views contained herein, nor assumes any liability or responsibility that may result from reliance on such views. These views are often based on current market conditions and are subject to change without notice.
View source version on businesswire.com:
https://www.businesswire.com/news/home/20260630993602/en/
Media Contact:
Raelle Alfaro |
press@visa.com
Source: Visa Inc.",3d3c26205c332fa7a02b6cc08ad38e926804e6b9e227cdd31903d237923f8c0b,https://usa.visa.com/about-visa/newsroom/press-releases.releaseId.22536.html,visa: ai and digital commerce power global economy growth amid rising costs | visa,3d3c26205c332fa7a02b6cc08ad38e926804e6b9e227cdd31903d237923f8c0b,2026-07-22T11:18:52.628129+00:00,detail_page_fetch,Belirsiz,Bağımsız Gelişme,Good,,2026-06-30,,,Duyuru Tarihi,2026-06-30,publication_date,Duyuru/basın tarihi bulundu; recency için kullanıldı.,False,,False,,2026-06-30,Yüksek,visa_us_press_date,False,2026-08-08,Kesim tarihinden eski: 2026-06-30 < 2026-08-08,İş Birliği,True,"İş birliği, mutabakat veya entegrasyon duyurusu içeriyor.",True,True,,https://usa.visa.com/about-visa/newsroom.html
RI-52d6e0675be4,DOC-REG-041-20260722113507,REG-041,Tier 1,stripe,Stripe,Stripe Newsroom,Resmi Basın Bülteni Sayfası,https://stripe.com/newsroom,Ramp uses Stripe to power stablecoin payments and accounts,2026-07-21,https://stripe.com/newsroom/news/ramp-and-stripe,"July 21, 2026
Access instant, 24/7 bank-funded stablecoin payments with Ramp Bill Pay.
Hold, grow, and move stablecoins with Ramp Stablecoin Accounts.
SAN FRANCISCO AND DUBLIN—Stripe, the programmable financial services company, is powering two new stablecoin products from Ramp.
Ramp is adding stablecoins as a payment option in Bill Pay, allowing customers who don’t own crypto to benefit from the instant, inexpensive, and 24/7 nature of stablecoins—without ever touching the stablecoins themselves. Ramp customers can now pay bills with stablecoin payments funded from an external bank account, with Stripe's stablecoin orchestration platform Bridge converting the dollars and sending the funds to the recipient's wallet.
Ramp is also launching stablecoin accounts allowing users to hold balances, pay anywhere in the world at any hour, and earn up to 3.25% in rewards. Stripe’s crypto wallet infrastructure provider, Privy, securely stores customer balances as US dollar-denominated stablecoins. Ramp customers simply see a single balance across stablecoin and fiat accounts displayed as dollars. Transactions settle instantly, any time of day or night, meaning a US business could pay a supplier based in India in minutes, outside of regular banking hours.
“For Ramp customers, a dollar is a dollar, whether it's stablecoin or traditional fiat currency,” Andrew Chapello, product at Ramp, said. “Stripe’s stablecoin APIs make it easy to deliver that experience to our customers. Businesses can now hold and send stablecoins without any prior crypto expertise.”
Ramp Stablecoin Accounts reconcile every transaction with customers’ existing accounting systems. One Ramp beta customer found that stablecoin payments made up roughly 10% of its vendor payments but consumed 50% of its accounts payable time. Ramp Stablecoin Accounts are built to solve this problem.
“The world’s fastest-growing fintechs, like Ramp, are building on internet-native rails with stablecoins,” Henri Stern, CEO and cofounder of Privy, said. “We are proud to see Ramp use Stripe’s stablecoin stack to provide incredible products that uniquely solve their customers’ challenges globally.”",a0e0c175ba357b5e0c315fffe1472ab19a20870ca76563804d911a01f4e13965,https://stripe.com/newsroom/news/ramp-and-stripe,ramp uses stripe to power stablecoin payments and accounts,a0e0c175ba357b5e0c315fffe1472ab19a20870ca76563804d911a01f4e13965,2026-07-22T11:35:42.403254+00:00,detail_page_fetch,İlgili,Bağımsız Gelişme,Good,2026-07-21,,,,Yayın Tarihi,2026-07-21,publication_date,Yayın tarihi bulundu; recency için kullanıldı.,False,,False,,2026-07-21,Orta,publication_date,False,2026-08-08,Kesim tarihinden eski: 2026-07-21 < 2026-08-08,Ürün / Özellik Gelişmesi,True,"Ürün, API, POS, ödeme, tahsilat veya dijital özellik gelişmesi sinyali içeriyor.",True,True,True,https://stripe.com/newsroom
RI-6bf02ce2ed27,DOC-REG-233-20260722113508,REG-233,Tier 1,square,Square,Square Newsroom,Resmi Basın Bülteni Sayfası,https://squareup.com/us/en/press,"Square Introduces New ChatGPT and Claude Integrations, Helping Sellers Reach Customers Through AI-Powered Discovery",2026-07-01,https://squareup.com/us/en/press/claude-chatgpt-integrations,"Product News
Company News
Square Introduces New ChatGPT and Claude Integrations, Helping Sellers Reach Customers Through AI-Powered Discovery
Jul 01, 2026
Eligible sellers can participate with no additional technical setup or added Square marketplace commissions
DISTRIBUTED-WORKFORCE/OAKLAND, Calif. – July 1, 2026 –
Square today announced a new ChatGPT app and Claude plugin, helping sellers get discovered and transact at the exact moment customers are making purchasing decisions through AI-powered conversations. Square was built to help sellers accept payments where their customers are. This foundation has expanded to helping sellers reach customers across key digital channels, from search and maps to social and marketplaces. As consumers increasingly turn to AI to decide where to eat, shop, and book services, Square is extending this approach to help businesses show up with accurate information and, in supported AI experiences, directly order within these channels.
For sellers, this provides a new means of accessing customers without new complexity. Eligible sellers are opted in with no additional work, setup, or fees required. There is no API to build, no new tool to configure, and no added cost. Sellers manage AI discoverability through their existing Square Dashboard, while Square handles the infrastructure layer – syncing business information, menu data, hours of availability, and ordering information in real time.
Food & Beverage Discovery and Ordering via ChatGPT and Claude
Square Food & Beverage (F&B) sellers in the U.S. with an activated
Square Online Ordering
profile are the first to go live. Customers can discover participating restaurants, browse menus, and place orders using Order by Cash App. These route directly into sellers’ existing Square Online Ordering setup, including POS and Kitchen Display System. The source of the order is visible in Square’s reporting, giving operators clear insight into how the new channels are performing. Square does not charge additional marketplace commissions on orders placed through these integrations, marking a meaningful distinction as commission structures on traditional delivery platforms continue to compress restaurant margins.
Expanding Across AI Experiences
While
ChatGPT
and
Claude
are the first integrations live today, there are more to come. Square is also working with Amazon to bring sellers into Alexa+ experiences, extending AI-powered discovery into voice commerce. These partnerships reflect a broader ecosystem strategy: as new AI-powered channels emerge, Square sellers gain visibility across them without needing to manage each integration individually. Square is building the connective layer so that sellers can focus on running their businesses while their digital presence expands to surfaces where customers are looking.
Partners Coffee: What This Looks Like in Practice
Square collaborated with
Partners Coffee
, a Brooklyn-based specialty coffee brand, to develop and refine these experiences with real-world feedback on how AI-driven discovery surfaces seller information and what customers actually want to see.
“We don’t see coffee as transactional. To us, it’s an opportunity to pause and reflect, a chance to unwind, and a catalyst for connection,” said Andrew Costaris, Digital VP at Partners Coffee. “We encourage individuals to visit our cafes as a reprieve from the busyness of everyday life. The last thing we want is for our technology solutions to work against this mission or complicate the customer experience.”
“What Square has built not only allows our team to continue offering analog, experiential moments; it creates more of them,” continued Costaris. “With agentic commerce and AI tools working in the background, we’re confident knowing that our business is being digitally discovered and is consistently growing in efficiency, while our customers can continue to enjoy a lo-fi, specialty coffee-first environment.”
Why This Matters for Sellers
Customer discovery is changing. AI-powered chat, voice, and assistant experiences have become meaningful new surfaces where consumers research options, compare businesses, and complete purchases. More than 42% of consumers now use AI tools to assist with shopping tasks, such as product discovery, comparison, and selection.* And by 2030, agentic shoppers could drive nearly $385 billion in U.S. ecommerce spending.*
Most small and mid-size businesses lack the engineering teams or budgets to build their own integrations into these emerging channels. Square’s approach removes that barrier entirely with:
Integrated solutions:
Square’s
ChatGPT app
Claude plugin
help eligible sellers reach customers without requiring them to build or maintain separate tools.
Automatic enrollment:
Eligible sellers are live immediately. No technical resources or onboarding friction.
Zero added cost:
No new contracts, no marketplace commissions, no additional fees on orders placed through AI channels.
Square is seamlessly embedding these platform capabilities so that sellers can remain focused on the in-person hospitality, connection, and craft that keep customers coming back.
Giving Sellers Time Back
“Consumer behaviors and preferences are constantly evolving, and business owners can easily find themselves playing an impossible game of catch-up,” said Morgan Kuntze, Global Partnerships Lead at Block. “Our investment into agentic commerce aims to offload that responsibility by giving operators time back, helping connect them with customers in their communities, and keeping them at the industry’s cutting edge. Modern commerce is moving at a sprint, and we’re building Square to help sellers appear everywhere customers are going.”
Building the Infrastructure for What Comes Next
To shape the open standards that will define how AI agents and commerce platforms interact at scale, Square is actively participating in emerging agentic commerce protocol groups. These include the AAIF Agentic Commerce Working Group, the W3C Web Payments Working Group, and the Universal Commerce Protocol (UCP), through which Square is partnering with Google to
co-develop the UCP
spec for local food ordering and delivery. UCP is an open standard that supports the entire commerce journey so agents and systems can easily work together. On Google, it enables capabilities like discovery and checkout across Search, including AI Mode and the Gemini app. Square is committed to enabling business owners to tap into these capabilities as the protocol expands into new categories and UCP-powered features on Google roll out globally over time.
Square already helps more than 4.5 million sellers surface and transact across search, maps, social, and marketplaces. Agentic commerce partnerships extend this into the next generation of customer discovery, ensuring sellers are positioned to participate in a channel that is poised to become a meaningful driver of global commerce. The goal remains the same: giving sellers back time to focus on the character, craft, and community connections that make local businesses the heart of their neighborhoods.
To learn more about how Square supports intelligent seller discovery and agentic commerce, visit:
squareup.com/us/en/ai/agentic-commerce
*Research from NielsenIQ:
https://nielseniq.com/global/en/news-center/2026/42-of-consumers-now-use-ai-tools-to-shop-niq-data-shows/
*Research from Morgan Stanley:
https://www.morganstanley.com/insights/articles/agentic-commerce-market-impact-outlook
About Square
Square helps businesses turn transactions into connections and businesses into neighborhood favorites.
In 2009, Square started with a simple invention, the first mobile card reader, which changed how the entire financial system thinks about small businesses. Square has since grown into a global business platform helping millions of sellers of all sizes participate and thrive in their communities.
Whether independently run or a global chain, Square understands that sellers succeed when they have the freedom to focus on the experiences that keep customers coming back. From point of sale and payments to online commerce, staff management, cash flow tools, and more, Square brings together the tools sellers need to run and grow on one intelligent platform. For more information, visit squareup.com.
Choose your region and language
Australia (English)
Canada (English)
Canada (Français)
France (Français)
Ireland (English)
日本 (日本語)
España (Español)
Espanya (Català)
United Kingdom (English)
United States (English)
Estados Unidos (Español)",0b7d79604a71cce66eb6c609cb46ca74c8e1223e4159c9d559a824b393028c52,https://squareup.com/us/en/press/claude-chatgpt-integrations,"square introduces new chatgpt and claude integrations, helping sellers reach customers through ai-powered discovery",0b7d79604a71cce66eb6c609cb46ca74c8e1223e4159c9d559a824b393028c52,2026-07-22T11:35:48.200601+00:00,detail_page_fetch,İlgili,Bağımsız Gelişme,Good,2026-07-01,,,,Yayın Tarihi,2026-07-01,publication_date,Yayın tarihi bulundu; recency için kullanıldı.,False,,False,,2026-07-01,Orta,publication_date,False,2026-08-08,Kesim tarihinden eski: 2026-07-01 < 2026-08-08,İş Birliği,True,"İş birliği, mutabakat veya entegrasyon duyurusu içeriyor.",True,True,True,https://squareup.com/us/en/press
RI-81b000a6ea5e,DOC-REG-233-20260722113508,REG-233,Tier 1,square,Square,Square Newsroom,Resmi Basın Bülteni Sayfası,https://squareup.com/us/en/press,Honolulu Cookie Company Utilizes Square to Power Its Expanding Multi-Location Retail Operation,2026-07-15,https://squareup.com/us/en/press/honolulu-cookie-company,"Retail
Company News
Honolulu Cookie Company Utilizes Square to Power Its Expanding Multi-Location Retail Operation
Jul 15, 2026
The beloved Hawaii-based cookie brand is leveraging Square’s unified commerce platform across locations in Hawaii, Nevada, and Guam, with a first-of-its-kind experiential flagship opening July 2026
DISTRIBUTED-WORKFORCE/OAKLAND, Calif. – July 15, 2026 –
Square today announced that
Honolulu Cookie Company
, the iconic Hawaii-based brand celebrating 28 years in business, is continuing to expand its partnership with Square, which began in 2023. Honolulu Cookie Company is utilizing Square to scale their company footprint, which includes a new flagship store opening this month. Known for its signature pineapple-shaped shortbread cookies featuring island-inspired flavors, Honolulu Cookie Company is running Square across 14 locations spanning Oahu, Maui, Las Vegas, and Guam. Square’s platform supports the brand’s retail operations today and is positioned as the foundation for its next chapter of growth.
From a Single Shop to a Beloved Hawaii Brand
Honolulu Cookie Company was founded in 1998 by Keith and Janet Sung. A ceramics artist by training, Keith sought an opportunity to craft a unique, locally made product: a shortbread cookie in the shape of a pineapple, the international symbol of hospitality. Through trial, error, and an entrepreneurial spirit that continues to define the brand, the company grew from a single small shop to a brand of global reach, including 14 physical locations across Hawaii, Las Vegas, and Guam, ongoing expansions with global wholesale distribution, and a pop-up presence across Japan. Even as the brand scales, every cookie sold in-store remains baked in Hawaii with care. From hand-dipping their chocolate-dipped cookies to hand-placing pieces of fruit in their Hawaii-inspired flavored cookies, Honolulu Cookie Company’s commitment to craftsmanship exhibits itself as a constant pillar in production and service.
“As we grew across markets, we needed a partner who could help us expand our footprint and modernize our service, while still preserving our commitment to sharing aloha spirit with our guests,” said Julie Plant, Vice President of Retail at Honolulu Cookie Company. “Square’s platform adapts with us and protects what makes us special. What matters most to us is providing a seamless experience from the time they enter our store through check out. Square for Retail gives us the confidence that it will be, whether that’s in Oahu, Las Vegas, or wherever we go next.”
A Commerce Platform Built for High-Volume, High-Touch Retail
Before Square, Honolulu Cookie Company relied on a legacy POS system with a French-language interface, physical loyalty punch cards, and a reporting environment that pulled data one store at a time – a process that could take 30 minutes and still return errors. As the brand expanded, the gap between what the business needed and what the former system could deliver became untenable.
Honolulu Cookie Company selected Square based on the speed and reliability of its checkout experience, the intuitive interface for a diverse retail staff, integrated loyalty features, and the platform’s ability to handle the brand’s transaction volume reliably. For a retailer that serves a high proportion of international tourists and experiences volume peaks across tourist and holiday seasons, dependability was non-negotiable.
Square for Retail, Loyalty, and the Power of Real-Time Data
Honolulu Cookie Company deploys
Square for Retail
and the
Square Register
across its locations, paired with
Square Loyalty
, which marks a significant upgrade from its previous reliance on physical punch cards. The brand also uses the
Square Customer Directory
extensively, enabling the team to understand guest preferences, see purchase histories, and better tailor their experiences. On the operations side, Square’s reporting tools have transformed how leadership accesses data and makes more informed decisions. Demographic insights – including customer country of origin – were previously accessible to only four stores at a time, and required significant manual effort.
Honolulu Cookie Company also utilizes Square’s partner ecosystem to seamlessly integrate with other internal platforms that support their other areas of business. Integrations with the likes of Yellow Dog Inventory allow for increased inventory management efficiencies across locations, giving the operations team deep visibility into product movement and SKU interactions across a high-volume assortment.
A Foundation for the Next Generation of Honolulu Cookie Company
Honolulu Cookie Company’s next major milestone is the opening of their new Honolulu Cookie Company: the Aloha Experience store in Las Vegas, Nevada, featuring exciting new additions including expanded ‘Build Your Own Box’ product offerings, an interactive chocolate-dipping experience, a virtual peek into their bakery operations, and fun photo zones throughout the store.
As Honolulu Cookie Company opens their new store concept that is three times the size of a standard location, partnering with Square has eased their ability to add and open new locations. What previously required months of lead time and extensive coordination now moves with less friction, giving the brand the agility to grow, whether that involves adding a permanent store or deploying the
Square Handheld
for a pop-up event.
“Honolulu Cookie Company has built a brand that people travel to experience – and that kind of connection doesn’t happen by accident,” said Nick Molnar, Global Head of Sales and Marketing at Block. “From high-volume checkout to real-time reporting and customer data, Square gives their team the operational foundation to deepen their customer connections at every location, every day.”
To learn more about how Square powers retail businesses, visit
squareup.com/retail
About Honolulu Cookie Company
Honolulu Cookie Company is known for its iconic pineapple-shaped shortbread cookies. Family-owned since 1998, founders Keith and Janet Sung created a recipe for cookies that embody Hawaiian hospitality, using premium ingredients and Hawaii-inspired flavors. Each cookie is individually wrapped and hand-packed into beautiful packaging, perfect for gifting and sharing aloha. Learn more: honolulucookie.com.
About Square
Square helps businesses turn transactions into connections and businesses into neighborhood favorites.
In 2009, Square started with a simple invention – the first mobile card reader, which changed how the entire financial system thinks about small businesses. Square has since grown into a global business platform helping millions of sellers of all sizes participate and thrive in their communities.
Whether independently run or a global chain, Square understands that sellers succeed when they have the freedom to focus on the experiences that keep customers coming back. From point of sale and payments to online commerce, staff management, cash flow tools, and more, Square brings together the tools sellers need to run and grow on one intelligent platform. For more information, visit
squareup.com
Choose your region and language
Australia (English)
Canada (English)
Canada (Français)
France (Français)
Ireland (English)
日本 (日本語)
España (Español)
Espanya (Català)
United Kingdom (English)
United States (English)
Estados Unidos (Español)",f7998e5bfcb47901fc6a6ff7274e7ece09c7c47b7c1c4f511ee3e8f5258b0b6c,https://squareup.com/us/en/press/honolulu-cookie-company,honolulu cookie company utilizes square to power its expanding multi-location retail operation,f7998e5bfcb47901fc6a6ff7274e7ece09c7c47b7c1c4f511ee3e8f5258b0b6c,2026-07-22T11:36:00.766698+00:00,detail_page_fetch,İlgisiz,Bağımsız Gelişme,Good,2026-07-15,,,,Yayın Tarihi,2026-07-15,publication_date,Yayın tarihi bulundu; recency için kullanıldı.,False,,False,,2026-07-15,Orta,publication_date,False,2026-08-08,Kesim tarihinden eski: 2026-07-15 < 2026-08-08,İş Birliği,True,"İş birliği, mutabakat veya entegrasyon duyurusu içeriyor.",True,True,True,https://squareup.com/us/en/press
RI-73678a81bb43,DOC-REG-233-20260722113508,REG-233,Tier 1,square,Square,Square Newsroom,Resmi Basın Bülteni Sayfası,https://squareup.com/us/en/press,The American Dream of Business Ownership Is Alive and Well – But Evolving,2026-07-06,https://squareup.com/us/en/press/american-dream,"Research and Data
The American Dream of Business Ownership Is Alive and Well – But Evolving
Jul 06, 2026
As the United States turns 250 years old, Square data shows how entrepreneurs are adapting to each era of disruption, while holding onto the principles that have always defined small business success.
Katz’s Delicatessen
has been slicing pastrami on Manhattan’s Lower East Side since 1888.
Baker St Cafe
turned Thai recipes and traditions passed down through generations into a digital-first, neighborhood favorite.
Vines & Rushes
transformed a four-generation dairy farm into a winery, into a wine club, into an event space, and beyond. These businesses’ founding dates span more than a century, across different states, selling different products – but they share something that no era of disruption has managed to erode: the conviction that building something of your own is worth it.
As America marks its 250th anniversary, the story of small business ownership is not one of decline. It is one of relentless adaptation. From big-box retail, to ecommerce, to a global pandemic and now the rise of AI enablement, entrepreneurs have faced down every disruption their era presented – and Square data shows the results.
What has changed is almost everything about how a business is built and operated. What has not changed is why.
Main Street Meets the Mainframe: How New Businesses Are Born
For most of American business history, starting a company meant finding a physical space – a storefront, a counter, a workshop. In 2016, that held true: 98% of new Square sellers launched as brick-and-mortar only businesses. By the first half of 2026, that figure dropped to 74%, and the share of businesses launching as ecommerce-first grew from just 1.3% to 22%, a nearly 17-fold increase in a single decade.
17x increase in ecommerce-first business launches among new Square sellers since 2016.
The pandemic marked the clearest inflection point – ecommerce-only new businesses spiked from 4% in 2019 to 14% in 2020 – and the trend continued to accelerate after reopening. The shift reflects more than a change in tactics. It represents a generational change in what it means to start a business in America. Today’s business owner is expected to manage digital storefronts, accept online payments, and maintain social media channels from the outset – capabilities that did not exist in the small business toolkit a generation ago.
Donnie McClanahan, a longtime restaurant operator and founder of
Table & Ledger
, where he helps independent restaurants put AI to work on the floor, sees this shift as a fundamental democratization of expertise. “Distance barely matters anymore. I can do business with someone almost anywhere, whereas my parents were limited to who walked through the door. And I can see my own business clearly: why it’s working or why it isn’t, instead of guessing the way they had to,” McClanahan says. “But the biggest change sits under all of it. Technology compressed knowledge. The expertise you used to have to afford – the consultant, the specialist, the back office – it’s open to anyone willing to sit down and understand it now. It used to take money to know what to do. Now it takes the will to learn it.”
Adapting Without Abandoning: The Rise of the Omnichannel Entrepreneur
Square seller data points to a defining characteristic of this era: businesses are not choosing between physical and digital – they are layering atop and operating both. In 2016, fewer than 2% of active Square sellers operated across both physical and digital channels. By 2025, that number had grown to nearly 14%, in a nearly 8x increase. The share of brick-and-mortar sellers who added ecommerce has grown steadily every year since 2016.
~8x growth in omnichannel sellers operating both brick-and-mortar and ecommerce since 2016
Physical retail remains a cornerstone of American small business. Digital channels have expanded the reach of those businesses, not replaced them. The same entrepreneurial instinct – being where customers are – is now playing out across more channels simultaneously than any previous generation of business owners has had to manage, including
AI assistants
For Ryan Prellwitz of Vines & Rushes, a fourth-generation family farm in Wisconsin that he
transformed into a winery, event space, and café
, that layering is both a data challenge and a philosophy. “We have a weather station on site, an events calendar, a staffing calendar, social media advertising metrics – and we can cross-reference all of it,” he says. “But that doesn’t take into account what’s happening in town on a specific day, graduation parties, events in the region. No matter how far you take the data, there’s only so much you can build into a formula.” His solution mirrors the omnichannel instinct: blend both. “Knowing when to lean on the data and when to lean on the relational side – that’s one of the most critical things we can do.”
The Infinite Storefront and Increased Competition
Fon Khunsamart, owner of Baker St Cafe, a Thai kitchen and bubble tea shop,
built her business
on the foundation laid by parents who immigrated from Thailand, and operates it today with tools unavailable to prior generations.
“What has become easier today is access to information and technology. My parents built their lives through hard work, word of mouth, and determination,” she said. “Today, small business owners have tools that help them reach customers, understand their business, and compete in ways that weren’t possible before.”
The competitive landscape has shifted accordingly. A neighborhood restaurant today competes not only with businesses on the same street, but with every option visible on a customer’s phone. Consumer expectations have risen alongside that choice.
“Most customers discover us online before they ever walk through our doors. They read reviews, browse photos, visit our website, and learn about our story. Technology helps us share who we are before we ever meet them,” added Khunsamart.
Square data reflects this dynamic. Social commerce adoption – connecting a business’s Square presence to Instagram, Facebook, and other platforms – grew from essentially zero in 2018 to meaningful adoption rates by 2025. Health & Beauty has seen the sharpest growth, rising from 0.41% adoption in 2018 to 11.79% year-to-date in 2026.
The Timeless Principle: Regulars Are Everything
Across every generation of American business, one principle has held constant: the returning customer is more valuable than the first-time visitor.
Square data
quantifies that dynamic. Regular customers – defined as those who visit at least four times per year – generate six times the annual revenue of one-time visitors nationally. In Atlanta, that multiplier rises to seven. Regulars tip 11% more on average, and regular customer revenue grew 7.67% in 2025, outpacing overall revenue growth of 6.97%, even as transient customer spending declined.
6x more annual revenue generated by regular customers versus one-time visitors.
Baker St Cafe illustrates what that loyalty compounds into at the local level. Loyal customers at the café spend nearly double what non-loyalty customers spend on subsequent visits – $104 versus $52 on average. Loyalty revenue accounted for 22% of the café’s total revenue in 2025, and the business has now served more than 5,300 unique customers in McMinnville, Oregon – roughly one in seven residents of the town.
Usage of Square Loyalty has nearly tripled since 2021. Long-tenured sellers – those active with Square for 10 or more years – use loyalty tools at roughly double the rate of newer sellers, suggesting that retention becomes an increasing priority as businesses mature.
Product consistency is a key driver of that loyalty. Among beauty businesses, 78% of regulars purchase the same products each visit. At food and beverage businesses, 59% of regulars place the same order. Businesses that identify and reliably deliver on those preferences are best positioned to build the repeat customer base that sustains long-term growth.
What the Data Says About the Dream
Business ownership in America has never come with guarantees. Each generation of entrepreneurs has faced its own version of disruption, and each has had to develop new capabilities in response. What the data shows is that they consistently do.
Businesses that launched in 1970 navigated the rise of suburban retail. Those that opened in 2000 had to establish a presence alongside the early internet. Today’s entrepreneurs are expected to operate across physical, digital, and social channels simultaneously – while continuing to deliver the customer experience that drives return visits.
Square’s data captures American entrepreneurship at this inflection point, and reflects that ongoing adaptation. The ecommerce share of new businesses has climbed steadily. The omnichannel base has grown every year. Loyalty tool adoption continues to rise. And in a small town in Oregon, a Thai immigrant family has built a customer base by bringing authentic family recipes to the platforms where the next generation of consumers spends its time.
Prellwitz, who took the same land his grandfather farmed and evolved it into a multi-concept business none of his ancestors could have pictured, sees that continuity clearly. “It’s not as simple as saying technology is moving faster than it used to,” he says. “In reality, it’s all relative to where you are in history. The opportunity was always there – we’re just on the cutting edge of doing cool stuff with our version of it.”
McClanahan puts it this way: “I believe in the American Dream more than ever, but it has changed at the root. People still want to build and own something, that part is alive. What’s different is what they’re really trying to own. It isn’t just the store anymore, it’s the freedom. People want to run their business their way, on their own time, because time is the one thing none of us can make more of.”
Choose your region and language
Australia (English)
Canada (English)
Canada (Français)
France (Français)
Ireland (English)
日本 (日本語)
España (Español)
Espanya (Català)
United Kingdom (English)
United States (English)
Estados Unidos (Español)",80ae13175d9bac6dcac4806b53b4a85c5f3a507bdb1d12dbf10237786f34a761,https://squareup.com/us/en/press/american-dream,the american dream of business ownership is alive and well - but evolving,80ae13175d9bac6dcac4806b53b4a85c5f3a507bdb1d12dbf10237786f34a761,2026-07-22T11:36:00.960188+00:00,detail_page_fetch,İlgisiz,Bağımsız Gelişme,Good,2026-07-06,,,,Yayın Tarihi,2026-07-06,publication_date,Yayın tarihi bulundu; recency için kullanıldı.,False,,False,,2026-07-06,Orta,publication_date,False,2026-08-08,Kesim tarihinden eski: 2026-07-06 < 2026-08-08,Basın Bülteni,True,Basın/haber kaynağından gelen tekil ve tarihli duyuru adayı.,True,True,True,https://squareup.com/us/en/press
RI-13015ae78be4,DOC-REG-234-20260722113514,REG-234,Tier 1,paypal,PayPal,PayPal Newsroom,Resmi Basın Bülteni Sayfası,https://newsroom.paypal-corp.com/news,Press Release: PayPal Joins the European Payments Council,2026-07-02,https://newsroom.paypal-corp.com/2026-07-02-PayPal-Joins-the-European-Payments-Council,"Jul 2, 2026
Email link
Corporate Announcements
PayPal Joins the European Payments Council
PayPal has officially joined the European Payments Council (EPC), marking an important milestone in our commitment to the future of payments in Europe. The EPC brings together the organizations that help shape the rules, standards, and infrastructure underpinning European payments, and our membership provides a valuable opportunity to contribute to the industry's continued evolution. Together, the council manages the rules for payment schemes used across the Single Euro Payments Area (SEPA), spanning 41 European countries to ensure payments work consistently across Europe.
As Sean Byrne, CEO of PayPal Europe, explains in a new interview with the EPC, Europe remains one of the world's most dynamic and innovative payments markets.
“We see ourselves as an integral part of the conversation on how European payment infrastructure evolves – and a responsibility to help shape it,” says Sean. “We look forward to collaborating with stakeholders across the European payments ecosystem and playing a meaningful role in shaping, strengthening, and advancing the future of payments in Europe.”
By joining the EPC, PayPal will have a seat at the table in discussions that influence the future of interoperability, instant payments, fraud prevention, resilience, and consumer payment experiences across the region. As both a regulated European bank and a global payments leader serving more than 430 million active accounts worldwide, PayPal brings valuable expertise and perspective to these conversations.
This membership also reflects our broader vision for the future of commerce. Consumers increasingly expect seamless payment experiences regardless of the underlying payment rail, while AI and emerging technologies are reshaping how people discover, decide, and pay. Through collaboration with industry partners, regulators, and stakeholders across Europe, PayPal is well positioned to help build a more interoperable and trusted payments ecosystem for our customers and Europe as an economic area.
Read Sean Byrne’s full interview
with the European Payments Council.
Related Articles
From Scale to Impact: Introducing PayPal’s 2025 Global Impact Report
PayPal Announces New Global Goal to Support 25 Million People and Small Businesses by 2030
(Newsroom Ad tile) The Modern Enterprise
(Newsroom Ad tile) Small Business Spotlight
Stay up to date.
Sign up to receive the latest news to your email.
Subscribe",3ad6bf1e291415d8393b9cf5f976b9762bae562c5aed033ec52a4fd562406a19,https://newsroom.paypal-corp.com/2026-07-02-PayPal-Joins-the-European-Payments-Council,press release: paypal joins the european payments council,3ad6bf1e291415d8393b9cf5f976b9762bae562c5aed033ec52a4fd562406a19,2026-07-22T11:36:10.023518+00:00,detail_page_fetch,İlgisiz,Bağımsız Gelişme,Good,2026-07-02,,,,Yayın Tarihi,2026-07-02,publication_date,Yayın tarihi bulundu; recency için kullanıldı.,False,,False,,2026-07-02,Orta,publication_date,False,2026-08-08,Kesim tarihinden eski: 2026-07-02 < 2026-08-08,İş Birliği,True,"İş birliği, mutabakat veya entegrasyon duyurusu içeriyor.",True,True,True,https://newsroom.paypal-corp.com/news
RI-a298afd99ca3,DOC-REG-238-20260722121013,REG-238,Tier 1,checkout,Checkout.com,Checkout.com Newsroom,Resmi Basın Bülteni Sayfası,https://www.checkout.com/newsroom,Checkout.com scales stablecoin settlement for US merchants in partnership with Fireblocks,2026-06-03,https://www.checkout.com/newsroom/checkout-com-scales-stablecoin-settlement-for-us-merchants-in-partnership-with-fireblocks,"Sign in
Get in touch
Checkout.com scales stablecoin settlement for US merchants in partnership with Fireblocks
Now available across the US in supported jurisdictions*, the solution lets merchants settle into their preferred stablecoin wallet with a payment rail that operates 24/7/365 – a faster alternative to traditional banking rails.
London, UK – June 3, 2026
– Checkout.com, a leading global digital payments company, announced today a new partnership with Fireblocks, the enterprise platform securing more than $14 trillion in digital asset transactions, to bring stablecoin settlement to US enterprise merchants at scale. The solution gives eligible merchants the ability to receive settlement funds as stablecoins into their preferred stablecoin wallet, with a payment rail that operates 24/7/365.
Leveraging Fireblocks' regulated stablecoin conversion and payouts technology, Checkout.com’s merchants will have access to round-the-clock availability and an alternative to traditional banking rails – part of Checkout.com’s broader strategy of building a practical bridge between traditional payment infrastructure and digital money movement.
For merchants, Checkout.com is improving access to liquidity – allowing them to move funds with greater speed and predictability, and removing the constraints of fixed banking hours, cut-off times, and multi-day international transfers.
""Merchants want faster, more predictable access to their funds, and stablecoin settlement gives them exactly that: money that moves 24/7, without the constraints of fixed banking hours or multi-day transfers. With Fireblocks, we're making that available at scale, through infrastructure built for how enterprises want to move money,""
said Meron Colbeci, Chief Product Officer, Checkout.com.
""Moving money should be as fast and always-on as the internet itself,"" commented
Michael Shaulov, Co-Founder and CEO
at Fireblocks.
""By bringing our stablecoin payouts technology to Checkout.com's network, we're giving US enterprise merchants a real alternative to the cut-off times and settlement delays of traditional banking – funds that move 24/7, with the security and controls institutions require.""
*Stablecoin settlement is currently available to eligible merchants in all US states with the exception of New York, Virginia, and Alaska; it is also not available in Puerto Rico.",c8b6adb007d5847928cb9c1317991d193652d9211316d85aecd25087ce99f69f,https://www.checkout.com/newsroom/checkout-com-scales-stablecoin-settlement-for-us-merchants-in-partnership-with-fireblocks,checkout.com scales stablecoin settlement for us merchants in partnership with fireblocks,c8b6adb007d5847928cb9c1317991d193652d9211316d85aecd25087ce99f69f,2026-07-22T12:10:15.105145+00:00,detail_page_fetch,İlgili,Bağımsız Gelişme,Good,2026-06-03,,,,Yayın Tarihi,2026-06-03,publication_date,Yayın tarihi bulundu; recency için kullanıldı.,False,,False,,2026-06-03,Orta,publication_date,False,2026-08-08,Kesim tarihinden eski: 2026-06-03 < 2026-08-08,İş Birliği,True,"İş birliği, mutabakat veya entegrasyon duyurusu içeriyor.",True,True,True,https://www.checkout.com/newsroom
RI-96cd0f02ed2d,DOC-REG-238-20260722121013,REG-238,Tier 1,checkout,Checkout.com,Checkout.com Newsroom,Resmi Basın Bülteni Sayfası,https://www.checkout.com/newsroom,Checkout.com enables stablecoin acceptance for merchants in partnership with Coinbase,2026-06-02,https://www.checkout.com/newsroom/checkout-com-enables-stablecoin-acceptance-for-merchants-in-partnership-with-coinbase,"Sign in
Get in touch
Checkout.com enables stablecoin acceptance for merchants in partnership with Coinbase
New stablecoin acceptance capability gives consumers more ways to pay and helps enterprise merchants capture global demand – building a practical connection between traditional payments infrastructure and digital money movement.
London, UK – June 2, 2026
– Checkout.com, a leading global digital payments company, announced today at Money20/20 Europe a new stablecoin acceptance capability, powered by Coinbase Payments, Coinbase’s payments infrastructure platform. The capability allows eligible enterprise merchants to accept stablecoin payments from consumers, giving them more ways to capture global demand and meet growing customer appetite for digital money.
Stablecoins joins cards, bank transfers, digital wallets, and local payment methods, giving merchants and customers more choice in how value moves through the global financial system. Analysis from McKinsey and Artemis shows that real-world stablecoin payments volume doubled in 2025 to $390 billion, a sign that demand is moving well beyond early experimentation.
The launch marks the next step in Checkout.com's stablecoin strategy: building a practical connection between traditional payment infrastructure and digital money movement. With clearer regulatory frameworks emerging in key markets – from the MiCA Regulation in Europe to the GENIUS Act in the US – and stronger institutional participation, stablecoins have moved from experimentation into practical enterprise use cases.
For consumers, this provides another way to pay online – particularly in markets where access to cards is uneven, local currencies are volatile, or shoppers already hold digital dollars. For merchants, it opens access to new demand without adding operational complexity, through the infrastructure they already trust.
“Stablecoins are becoming a real way for people to pay, and our job is to make accepting them effortless for merchants. We're adding this to a network already trusted to move billions in payments – so merchants get a new way to capture consumer preference on top of the performance they rely on, not instead of it,""
said Meron Colbeci, Chief Product Officer, Checkout.com
“Stablecoins are no longer a future use case – they're a practical tool for how global commerce moves money today. We're excited to partner with Checkout.com because they're solving real problems for enterprise merchants at scale,""
said Alec Lovett, Head of Infrastructure Products at Coinbase
. ""Coinbase brings enterprise-ready payments product experience built on top of our regulated institutional product suite – including custody, fiat rails and 24/7 access to USDC.”",6e47b4ff949d8b306f5495ced663173d86ff029049be45b1484c1360ff35ff77,https://www.checkout.com/newsroom/checkout-com-enables-stablecoin-acceptance-for-merchants-in-partnership-with-coinbase,checkout.com enables stablecoin acceptance for merchants in partnership with coinbase,6e47b4ff949d8b306f5495ced663173d86ff029049be45b1484c1360ff35ff77,2026-07-22T12:10:15.265461+00:00,detail_page_fetch,İlgili,Bağımsız Gelişme,Good,2026-06-02,,,,Yayın Tarihi,2026-06-02,publication_date,Yayın tarihi bulundu; recency için kullanıldı.,False,,False,,2026-06-02,Orta,publication_date,False,2026-08-08,Kesim tarihinden eski: 2026-06-02 < 2026-08-08,İş Birliği,True,"İş birliği, mutabakat veya entegrasyon duyurusu içeriyor.",True,True,True,https://www.checkout.com/newsroom
RI-7cbb513f293a,DOC-REG-238-20260722121013,REG-238,Tier 1,checkout,Checkout.com,Checkout.com Newsroom,Resmi Basın Bülteni Sayfası,https://www.checkout.com/newsroom,Checkout.com partners with Agoda to deliver AI-powered payment performance for global travel,2026-06-30,https://www.checkout.com/newsroom/checkout-com-partners-with-agoda-to-deliver-ai-powered-payment-performance-for-global-travel,"Sign in
Get in touch
Checkout.com partners with Agoda to deliver AI-powered payment performance for global travel
Checkout.com
supports Agoda’s payment processing across more than six million properties worldwide.
Virtual card issuing delivers highly reliable payment operations for Agoda’s global supplier network.
LONDON, UK— 30 June 2026 —
Checkout.com, a leading global digital payments company, today announces its partnership with digital travel platform Agoda. The partnership delivers high-performance digital payments infrastructure that supports Agoda’s mission of bridging the world through travel.
Agoda connects travellers to over six million hotels and holiday properties worldwide as well as with flights, activities, and other travel experiences.
To deliver travel experiences at this scale, Agoda relies on payments that perform reliably across markets, currencies, and peak demand periods. Through its partnership with Checkout.com, Agoda strengthened its virtual card issuing capabilities, ensuring travellers can complete bookings smoothly while suppliers are paid without disruption.
A key driver of Agoda’s increased performance has been Intelligent Acceptance, Checkout.com’s proprietary AI solution that uses real-time network data to optimize each transaction. By intelligently routing payments and applying performance-enhancing adjustments, Intelligent Acceptance reduces failed transactions and improves approval rates. Combined with Network Tokens and Real-Time Account Updater, these enhancements help reduce false declines across complex payment flows common in global travel, including cross-border, multi-currency, and high-volume transactions.
Agoda and Checkout.com also partner on virtual card issuing to power payments to travel suppliers. Supplier payments are processed reliably at scale keeping the travel ecosystem running smoothly behind the scenes. Through a single connected platform, Agoda maintains clear oversight and control across its issuing operations.
Pitichoke Chulapamornsri, Senior Director, Head of Fintech & Business Initiatives at Agoda, said:
“Our mission is to make travel easy, accessible, and rewarding for everyone, and that requires payments infrastructure we can trust at global scale. We chose Checkout.com for its proven performance, resilience, and deep technical expertise. Their ability to improve acceptance rates gives us confidence as we continue to expand our platform and serve travellers around the world.”
Brian Sze, Head of APAC, Checkout.com, said
“Behind every booked trip is a digital moment that needs to work instantly and invisibly. As travel becomes increasingly digital, AI-driven optimisation and resilient payments systems are essential to connecting travellers, merchants, and partners worldwide. We’re proud to support Agoda with the technology that powers those connections.”",50760bec493c36277d3a152a178aa1e8528babd87f81598b138f2593124fc355,https://www.checkout.com/newsroom/checkout-com-partners-with-agoda-to-deliver-ai-powered-payment-performance-for-global-travel,checkout.com partners with agoda to deliver ai-powered payment performance for global travel,50760bec493c36277d3a152a178aa1e8528babd87f81598b138f2593124fc355,2026-07-22T12:10:17.609427+00:00,detail_page_fetch,İlgisiz,Bağımsız Gelişme,Good,2026-06-30,,,,Yayın Tarihi,2026-06-30,publication_date,Yayın tarihi bulundu; recency için kullanıldı.,False,,False,,2026-06-30,Orta,publication_date,False,2026-08-08,Kesim tarihinden eski: 2026-06-30 < 2026-08-08,İş Birliği,True,"İş birliği, mutabakat veya entegrasyon duyurusu içeriyor.",True,True,True,https://www.checkout.com/newsroom
RI-53f2888e960d,DOC-REG-238-20260722121013,REG-238,Tier 1,checkout,Checkout.com,Checkout.com Newsroom,Resmi Basın Bülteni Sayfası,https://www.checkout.com/newsroom,Checkout.com selected by Microsoft for digital payment performance,2026-06-18,https://www.checkout.com/newsroom/checkout-com-selected-by-microsoft-for-digital-payment-performance,"Sign in
Get in touch
Checkout.com selected by Microsoft for digital payment performance
Checkout.com selected by Microsoft as payments partner for its digital payments platform and global payments expertise
Checkout.com to use AI-powered optimization to improve payment performance, reliability, and acceptance rates at enterprise scale
Collaboration spans digital payments across key Microsoft products, including Xbox, Microsoft 365, and Microsoft Azure
LONDON, UK – 18th June, 2026 –
Checkout.com
, a leading global digital payments provider, today announced that it has been selected by Microsoft to power digital payments across key products in the EMEA region. This sees Checkout.com deliver card acceptance for a wide range of Microsoft business lines, including Xbox, Microsoft 365, and Microsoft Azure.
Microsoft is one of the world’s leading technology companies, with a mission to empower every person and organization on the planet to achieve more. Its products are woven into the fabric of daily digital life – from the apps people build on Azure, to the documents they create in Microsoft 365, to the games they enjoy on Xbox. These services form a key part of the cloud infrastructure and enterprise software that underpin much of the global digital economy. Ensuring fast, reliable access to these experiences makes high-performance payment infrastructure essential.
The collaboration gives Microsoft access to Checkout.com’s digital payments platform, selected for the performance, scalability and resilience required by a company operating at global enterprise scale. By connecting directly into Microsoft’s Payments API, Checkout.com enables the company to route payments through a single, adaptable system, ensuring a consistent, trusted and high-quality payment experience for millions of consumers and businesses worldwide.
Microsoft will utilize Checkout.com’s acquiring services to process its payments in the EMEA region. As part of the collaboration, Microsoft will also use Intelligent Acceptance, Checkout.com’s AI-powered optimization engine that uses real-time data from its global network to intelligently route transactions, reduce failures, and improve performance. Intelligent Acceptance has unlocked over $20 billion in merchant revenue, running 26,000 optimizations per minute, supporting improved authorization performance and a better payment experience for customers.
“Microsoft has been at the forefront of every major technological shift – from the rise of personal computing to the cloud, and now AI,” said
Guillaume Pousaz, CEO and Founder of Checkout.com
. “Supporting a company with this depth of legacy and forward momentum requires payments infrastructure that is resilient, adaptable and engineered for continuous innovation. This is a testament to the performance and flexibility our platform delivers, and we’re proud to play a role in powering the commerce layer behind the technologies millions rely on every day.”
“As a global business, we need payments partners that can support our business lines with a unified, high-performance way to accept payments worldwide,”
said Pankaj Gudimella, General Manager, Microsoft Treasury.
“Checkout.com brings a modern payments platform, along with strong payments expertise and robust global acquiring capabilities. Their technology supports the performance and reliability we need as we continue to enhance the commerce experience across Microsoft’s products and services.”",23ffcfa100240bee7690dbb0d95618f6a10149b69feed2eb78b48216fa112571,https://www.checkout.com/newsroom/checkout-com-selected-by-microsoft-for-digital-payment-performance,checkout.com selected by microsoft for digital payment performance,23ffcfa100240bee7690dbb0d95618f6a10149b69feed2eb78b48216fa112571,2026-07-22T12:10:17.781772+00:00,detail_page_fetch,İlgisiz,Bağımsız Gelişme,Good,2026-06-18,,,,Yayın Tarihi,2026-06-18,publication_date,Yayın tarihi bulundu; recency için kullanıldı.,False,,False,,2026-06-18,Orta,publication_date,False,2026-08-08,Kesim tarihinden eski: 2026-06-18 < 2026-08-08,İş Birliği,True,"İş birliği, mutabakat veya entegrasyon duyurusu içeriyor.",True,True,True,https://www.checkout.com/newsroom
RI-2cafef5a37e1,DOC-REG-238-20260722121013,REG-238,Tier 1,checkout,Checkout.com,Checkout.com Newsroom,Resmi Basın Bülteni Sayfası,https://www.checkout.com/newsroom,Checkout.com and Nahdi Partner to Drive Digital Payment Performance in Saudi and Across the GCC,2026-06-02,https://www.checkout.com/newsroom/checkout-com-and-nahdi-partner-to-drive-digital-payment-performance-in-saudi-and-across-the-gcc,"Sign in
Get in touch
Checkout.com and Nahdi Partner to Drive Digital Payment Performance in Saudi and Across the GCC
Checkout.com selected as the payment service provider for Nahdi across the GCC
The partnership leverages Checkout.com’s advanced payment technology to support Nahdi’s e-commerce platforms, ensuring high performance and stability during peak demand periods
Riyadh, KSA - June 3, 2026 —
Checkout.com
, a leading global digital payments provider, today announced a strategic partnership with Nahdi Medical Company, Saudi Arabia’s largest retail pharmacy chain and an integrated Omnihealth platform. This collaboration will integrate
's cutting-edge payment acquiring and processing technology into Nahdi’s online platforms, optimizing the digital payment experience and improving payment success rates for millions of its customers in KSA and across the GCC.
At its core, this partnership is focused on delivering a superior digital checkout experience for Nahdi’s customers, ensuring a frictionless journey for fulfilling their health, wellness, beauty, and other categories needs with a faster, more secure, and highly reliable payment platform.
Leveraging Checkout.com’s deep local expertise and advanced technology, this partnership maximizes payment success rates and ensures unwavering stability during high-volume sales periods. This robust infrastructure supports Nahdi’s growing ecommerce operations and the rising demand for fast and easy digital transactions. By leveraging Checkout’s support for local payment methods and conversion capabilities such as Flow and Remember Me, Nahdi is removing payment friction and directly addressing the challenge of cart abandonment. This collaboration ensures millions of customers have effortless access to health products. It marks a significant milestone in the digital transformation of the region’s health and wellness sector, setting a new benchmark for digital payments.
Commenting on this partnership,
Hossam Khattab, Chief Marketing and Commercial Officer at Nahdi
said:
“As we expand our ecommerce and omnichannel presence, providing a fluid and secure payment experience is essential to maintaining a superior guest journey. This high-performing infrastructure ensures that every digital interaction reflects the quality of care our guests expect at every touchpoint. Our commitment is to provide high-quality medical products and services, and a reliable payment experience.”
He continued: “Partnering with Checkout.com allows us to elevate our online experience, making it as smooth and dependable as the service we provide in our pharmacies. Their strong on-the-ground presence in Saudi Arabia, combined with the capabilities of a global payment leader, brings significant added value, giving us access to both local expertise and world-class innovation. This strategic collaboration ensures our digital infrastructure is built for scale, ready to meet the evolving needs of our customers and support our long-term growth ambitions in the region."" he added.
""By equipping Nahdi with the technology and insights they need to scale confidently, optimize performance, and deliver trusted, high-quality payment experiences to their customers, we help power their performance through payments, something we take great pride in. The Checkout.com platform is built to handle the complexities of regional markets, from diverse payment preferences, helping Nahdi unlock new opportunities for growth across the GCC,"" said
Remo Giovanni Abbondandolo, General Manager, MENA, Checkout.com
-END-
About Checkout.com
processes payments for thousands of companies that shape the digital economy. Our global digital payments network supports over 145 currencies and delivers high-performance payment solutions across the world, processing billions of transactions annually. In 2025, Checkout.com exceeded $300bn in ecommerce payments volume.
We help enterprise merchants boost acceptance rates, combat fraud, and turn payments into a major revenue driver. Headquartered in London and with 19 offices worldwide, Checkout.com is trusted by leading brands such as Alshaya Group, Botim, eBay, Dyson, HungerStation, Instashop, Qlub, Majid Al Futtaim, Netflix, SHEIN, Sony, Tamara and Uber.
Checkout.com. Where the world checks out.
About Nahdi Medical Company
Nahdi Medical Company is Saudi Arabia’s leading integrated pharmacy and Omnihealth platform, combining nationwide retail access, polyclinics, digital health services and advanced supply chain capabilities to deliver personalized, technology-enabled care to its Guests.
With 40 years of experience, Nahdi serves around 97% of the Kingdom’s population across nearly 150 cities and villages through more than 1,200 pharmacies and a growing network of polyclinics and digital channels.
Through its fully integrated Omnihealth model, Nahdi continues to enhance accessibility, convenience and health outcomes, while contributing to the transformation of the healthcare sector in line with Saudi Vision 2030.",c2695f24ba6fa35d4a7364e9717a4d9eccdab48f64d2d92ba41f31f0283efd34,https://www.checkout.com/newsroom/checkout-com-and-nahdi-partner-to-drive-digital-payment-performance-in-saudi-and-across-the-gcc,checkout.com and nahdi partner to drive digital payment performance in saudi and across the gcc,c2695f24ba6fa35d4a7364e9717a4d9eccdab48f64d2d92ba41f31f0283efd34,2026-07-22T12:10:17.980557+00:00,detail_page_fetch,İlgisiz,Bağımsız Gelişme,Good,2026-06-02,,,,Yayın Tarihi,2026-06-02,publication_date,Yayın tarihi bulundu; recency için kullanıldı.,False,,False,,2026-06-02,Orta,publication_date,False,2026-08-08,Kesim tarihinden eski: 2026-06-02 < 2026-08-08,İş Birliği,True,"İş birliği, mutabakat veya entegrasyon duyurusu içeriyor.",True,True,True,https://www.checkout.com/newsroom
RI-39bfa4ea7849,DOC-REG-239-20260722121014,REG-239,Tier 1,wise,Wise,Wise Newsroom Releases,Resmi Basın Bülteni Sayfası,https://newsroom.wise.com/releases/,Wise introduces first-of-its-kind multi-currency Interest feature in Canada,2026-05-04,https://newsroom.wise.com/en-NAM/265034-wise-introduces-first-of-its-kind-multi-currency-interest-feature-in-canada,"May 4 2026, 05:00 (EDT)
Wise introduces first-of-its-kind multi-currency Interest feature in Canada
Wise customers can now opt in to earn market-leading returns on CAD, USD, EUR and GBP from the convenience of one multi-currency account
Customers opted in can continue to send, spend and convert funds while earning a return, with no penalties or minimum balance requirements
Wise, the global technology company building the best way to move and manage the world’s money, today announced the launch of its new Interest feature for people and businesses in Canada. Wise is the first provider in Canada to enable customers to earn a return on balances held across multiple currencies within one consolidated account.
Millions of Canadians send international payments each year, with outbound remittances and cross-border commercial activity steadily increasing, according to public data from Payments Canada. However, options for holding and growing money across multiple currencies have historically required opening separate accounts with financial providers in each currency. These accounts often come with minimum balance thresholds and promotional rates that get more expensive over time. Wise Interest removes these barriers for Canadians.
Eligible customers can now opt into the new Interest feature to earn a market-leading return on balances held in CAD, USD, EUR and GBP from the convenience of their Wise multi-currency account. Once opted in, customers can continue to hold, spend, send and convert their money internationally from their balances with no penalties or minimum balance requirements.
Key features of the new feature include:
Earn market-leading returns across currencies:
Opt in to Interest and earn 2.22% in CAD, 3.14% in USD, 0.8% in EUR and 2.21% in GBP from the convenience of the Wise multi-currency account*
Instant access to your funds:
Continue to hold, spend, send funds internationally with no minimum balance requirements or lock-up periods
Simple opt-in:
Activate the feature in just a few taps within the Wise app
Vinay Nilakantan, Head of Product for North America at Wise, said:
“Earning a return on your money across currencies shouldn’t require opening and managing multiple accounts or giving up access to your funds — but that’s the reality many Canadians have grown accustomed to. With Wise’s Interest feature, we’re changing that. We’re offering a more flexible way for our customers to make their money work harder across currencies, combining market-leading returns with the ability to use funds instantly, all in one convenient account.”
This launch builds on Wise’s growing momentum in Canada, where its active customer base grew by more than 30% in FY25. As Wise continues to scale in the market, it is investing in local infrastructure to better serve its growing customer base. Wise became a member of Payments Canada earlier this year, making it eligible to apply for direct participation in Canada’s national payment systems, including ACSS, Lynx and the forthcoming Real-Time Rail. Over time, this direct access to local payment infrastructure would enable Wise to move money faster and reduce costs further for Canadians and people sending to and from Canada.
To find out more about Wise’s Interest feature in Canada, please visit
http://www.wise.com/ca/interest
Receive Wise news
by email
For which topics do you want to receive updates? *
Select news topics...
Select all
Clear
News
Employer
Corporate
Product
Insights
Public Policy
Policy Positions
Statements and Blogs
Reports and Research
Initiatives
Error message
Email frequency *
Immediate updates
Daily digest
Weekly digest
Monthly digest
I agree that Wise stores my data in order to send news updates *
Your information is only used to send you news and will never be shared with third parties. Your personal data will be processed in accordance with Wise's
Privacy Policy
If you are a human, ignore this field
Subscribe
Please confirm your subscription
Thank you for subscribing–we're almost there. We just need to confirm your email address so we know we're sending news to the right person.
The confirmation email will arrive in your inbox shortly.
You can
close this window
Receive Wise news on your
RSS reader
Subscribe with RSS
Or subscribe through Atom URL manually
Search the entire Wise Newsroom
Find news releases, media kits and clippings
Search
Navigate to a media section
Media kits
Find media files
News archive
Find news
Media inquiry?
Contact media team
About
Get to know us",b9302f9bc6b90377e0f665a088abbb695a00d6c12f75eec4ff1adffaae9428f2,https://newsroom.wise.com/en-NAM/265034-wise-introduces-first-of-its-kind-multi-currency-interest-feature-in-canada,wise introduces first-of-its-kind multi-currency interest feature in canada,b9302f9bc6b90377e0f665a088abbb695a00d6c12f75eec4ff1adffaae9428f2,2026-07-22T12:11:41.360473+00:00,detail_page_fetch,İlgili,Bağımsız Gelişme,Good,2026-05-04,,,,Yayın Tarihi,2026-05-04,publication_date,Yayın tarihi bulundu; recency için kullanıldı.,False,,False,,2026-05-04,Orta,publication_date,False,2026-08-08,Kesim tarihinden eski: 2026-05-04 < 2026-08-08,Ürün / Özellik Gelişmesi,True,"Ürün, API, POS, ödeme, tahsilat veya dijital özellik gelişmesi sinyali içeriyor.",True,True,True,https://newsroom.wise.com/releases/
RI-87a77dbdf0e3,DOC-REG-054-20260723070820,REG-054,Tier 2,turkiye_bankalar_birligi,Türkiye Bankalar Birligi,Türkiye Bankalar Birligi Duyurular,Sektör Birliği,https://www.tbb.org.tr,"Türkiye Bankalar Birliği Yönetim Kurulu, Bakan Murat Kurum ile bir araya geldi | Türkiye Bankalar Birliği",26/06/2026,https://www.tbb.org.tr/haberler/turkiye-bankalar-birligi-yonetim-kurulu-bakan-murat-kurum-ile-bir-araya-geldi,"Türkiye Bankalar Birliği Yönetim Kurulu, Bakan Murat Kurum ile bir araya geldi
26/06/2026
Türkiye Bankalar Birliği Yönetim Kurulu, Başkan Alpaslan Çakar başkanlığında, Çevre, Şehircilik ve İklim Değişikliği Bakanı Murat Kurum ile bir araya geldi.
Tarihi Ahmet Ratıp Paşa Köşkü’nde gerçekleştirilen toplantıda sürdürülebilirlik, yeşil dönüşüm ve finans sektörünün iklim değişikliğiyle mücadeledeki rolü ele alındı. Ayrıca, Antalya’da düzenlenecek COP31 hazırlıkları değerlendirildi.
TBB Yönetim Kurulu Başkanı Alpaslan Çakar, bankacılık sektörünün sürdürülebilirliği stratejik bir öncelik olarak konumlandırdığını vurgulayarak, iklim değişikliğiyle mücadele ve düşük karbon ekonomisine geçiş sürecinde finans sektörünün kritik bir sorumluluk üstlendiğini ifade etti.
Finansal Okuryazarlık
Risk Merkezi
Finans ve Bankacılık Portalı
Bankacılık Ürün ve Hizmet Ücretleri",68b028c20e7552c60662cbc687e8b931b29ccd2c60b9c4f091631b4781e85544,https://www.tbb.org.tr/haberler/turkiye-bankalar-birligi-yonetim-kurulu-bakan-murat-kurum-ile-bir-araya-geldi,"türkiye bankalar birliği yönetim kurulu, bakan murat kurum ile bir araya geldi | türkiye bankalar birliği",68b028c20e7552c60662cbc687e8b931b29ccd2c60b9c4f091631b4781e85544,2026-07-23T07:08:24.696722+00:00,detail_page_fetch,Belirsiz,Bağımsız Gelişme,Medium,2026-06-26,,,,Yayın Tarihi,2026-06-26,publication_date,Yayın tarihi bulundu; recency için kullanıldı.,False,,False,,2026-06-26,Yüksek,publication_date,False,2026-08-08,Kesim tarihinden eski: 2026-06-26 < 2026-08-08,Ürün / Özellik Gelişmesi,True,"Sürdürülebilir finansman, kredi, leasing veya sermaye piyasası işlemi içeriyor.",True,True,True,https://www.tbb.org.tr
RI-545bb7276e2e,DOC-REG-054-20260723070820,REG-054,Tier 2,turkiye_bankalar_birligi,Türkiye Bankalar Birligi,Türkiye Bankalar Birligi Duyurular,Sektör Birliği,https://www.tbb.org.tr,Türkiye Bankalar Birliği’nin 69. Genel Kurul Toplantısı düzenlendi | Türkiye Bankalar Birliği,12/06/2026,https://www.tbb.org.tr/haberler/turkiye-bankalar-birliginin-69-genel-kurul-toplantisi-duzenlendi,"Türkiye Bankalar Birliği’nin 69. Genel Kurul Toplantısı düzenlendi
12/06/2026
Türkiye Bankalar Birliği'nin seçimli 69. Genel Kurulu, İstanbul Finans Merkezi Ziraat Kuleleri Oditoryumu’nda gerçekleştirildi.
Genel Kurul'un açılış konuşmalarını; Hazine ve Maliye Bakanı Mehmet Şimşek, Türkiye Cumhuriyet Merkez Bankası Başkanı Dr. Fatih Karahan, Bankacılık Düzenleme ve Denetleme Kurumu Başkanı Prof. Dr. Şahap Kavcıoğlu ve TBB Yönetim Kurulu Başkanı Alpaslan Çakar yaptı.
Genel Kurul'un açılış konuşmasını yapan TBB Yönetim Kurulu Başkanı Alpaslan Çakar, küresel ekonomide artan jeopolitik riskler, ticaret politikalarındaki değişimler ve yüksek belirsizlik ortamına rağmen Türkiye ekonomisinin dirençli bir performans sergilediğini söyledi. Çakar, ekonomi programının sağladığı kazanımlar sayesinde öngörülebilirliğin arttığını, makroekonomik göstergelerdeki iyileşmenin sürdüğünü vurguladı.
Başkan Çakar, ""Sektörümüz güçlü bilanço yapısı, gelişmiş teknolojik altyapısı ve nitelikli insan kaynağıyla ekonomiye katkı sağlamayı sürdürüyor. 2026 yılı Nisan ayı itibarıyla sektörün aktif büyüklüğü 50 trilyon TL'yi, kredi hacmi ise 25 trilyon TL'yi aştı. Bankacılık sektörü olarak yatırım, üretim, ihracat, tarım ve KOBİ'lerin finansmanına destek vermeye devam edeceğiz” dedi.
Türkiye Bankalar Birliği'nin faaliyetlerine ilişkin de değerlendirmelerde bulunan Çakar, Türk Devletleri Banka Birlikleri Konseyi çalışmaları, uluslararası iş birlikleri, finansal okuryazarlık projeleri ve sektör araştırmalarıyla bankacılık sektörünün gelişimine katkı sunmaya devam ettiklerini söyledi.
Türkiye ve dünya ekonomisindeki gelişmeler ile bankacılık sektörünün görünümünün değerlendirildiği Genel Kurul’da, Türkiye Bankalar Birliği'nin faaliyet raporu, finansal tabloları ve 2026-2027 faaliyet dönemi bütçesi görüşüldü. Yönetim Kurulunun belirlenmesine yönelik seçim yapıldı.
TBB Yönetim Kurulu Başkanı Sayın Çakar'ın yapmış olduğu konuşmanın metnine ulaşmak için
bağlantı adresine tıklayınız.
Yapılan sunuma ulaşmak için
Toplantının açılış bölümünde yapılan konuşmaların video kayıtlarına ulaşmak için
Finansal Okuryazarlık
Risk Merkezi
Finans ve Bankacılık Portalı
Bankacılık Ürün ve Hizmet Ücretleri",0be4a321051d1fe6edb864d9cb1a85110bace9a6c429c066c9651ef885975987,https://www.tbb.org.tr/haberler/turkiye-bankalar-birliginin-69-genel-kurul-toplantisi-duzenlendi,türkiye bankalar birliği’nin 69. genel kurul toplantısı düzenlendi | türkiye bankalar birliği,0be4a321051d1fe6edb864d9cb1a85110bace9a6c429c066c9651ef885975987,2026-07-23T07:08:25.936799+00:00,detail_page_fetch,Belirsiz,Bağımsız Gelişme,Good,2026-06-12,,,,Yayın Tarihi,2026-06-12,publication_date,Yayın tarihi bulundu; recency için kullanıldı.,False,,False,,2026-06-12,Yüksek,publication_date,False,2026-08-08,Kesim tarihinden eski: 2026-06-12 < 2026-08-08,Ürün / Özellik Gelişmesi,True,"Ürün, API, POS, ödeme, tahsilat veya dijital özellik gelişmesi sinyali içeriyor.",True,True,True,https://www.tbb.org.tr
RI-67f9648a7a8c,DOC-REG-054-20260723070820,REG-054,Tier 2,turkiye_bankalar_birligi,Türkiye Bankalar Birligi,Türkiye Bankalar Birligi Duyurular,Sektör Birliği,https://www.tbb.org.tr,Saha Çalışanları ile Ekonomi Sohbetleri etkinliği İzmir’de gerçekleştirildi | Türkiye Bankalar Birliği,24/06/2026,https://www.tbb.org.tr/haberler/saha-calisanlari-ile-ekonomi-sohbetleri-etkinligi-izmirde-gerceklestirildi,"Saha Çalışanları ile Ekonomi Sohbetleri etkinliği İzmir’de gerçekleştirildi
24/06/2026
Türkiye Bankalar Birliği tarafından düzenlenen “Saha Çalışanları ile Ekonomi Sohbetleri” etkinliği İzmir’de gerçekleştirildi.
Bankaların şube ve bölge yöneticilerinin yoğun ilgi gösterdiği seminerde, konuk konuşmacı Prof. Dr. Erhan Aslanoğlu küresel ekonomideki güncel gelişmeler ve bunların ekonomik yansımalarına ilişkin değerlendirmelerde bulundu; katılımcıların sorularını yanıtladı.
Finansal Okuryazarlık
Risk Merkezi
Finans ve Bankacılık Portalı
Bankacılık Ürün ve Hizmet Ücretleri",b78a7a147374dc0ec3ed13aea769644353669e48b6c2b02b8cefa6309cb7835f,https://www.tbb.org.tr/haberler/saha-calisanlari-ile-ekonomi-sohbetleri-etkinligi-izmirde-gerceklestirildi,saha çalışanları ile ekonomi sohbetleri etkinliği i̇zmir’de gerçekleştirildi | türkiye bankalar birliği,b78a7a147374dc0ec3ed13aea769644353669e48b6c2b02b8cefa6309cb7835f,2026-07-23T07:08:50.570959+00:00,detail_page_fetch,Belirsiz,Bağımsız Gelişme,Medium,2026-06-24,,,,Yayın Tarihi,2026-06-24,publication_date,Yayın tarihi bulundu; recency için kullanıldı.,False,,False,,2026-06-24,Yüksek,publication_date,False,2026-08-08,Kesim tarihinden eski: 2026-06-24 < 2026-08-08,Haber,True,Tekil haber veya duyuru adayı.,True,True,True,https://www.tbb.org.tr
RI-ebfe9a58089f,DOC-REG-236-20260723112435,REG-236,Tier 1,airwallex,Airwallex,Airwallex Newsroom,Resmi Basın Bülteni Sayfası,https://www.airwallex.com/global/newsroom,"Airwallex secures $320 million in Series H funding, valuation hits $11 billion",2026-06-25,https://www.airwallex.com/global/newsroom/airwallex-secures-320-million-in-series-h-funding-valuation-hits-11-billion,"Newsroom
Company Announcement
Airwallex Secures $320 Million in Series H Funding, Valuation Hits $11 Billion
25 June 2026
SAN FRANCISCO
— Airwallex, a leading global payments and financial platform for modern businesses, today announced it has raised $320 million in Series H funding, bringing the company’s valuation to $11 billion, up from its $8 billion valuation in December 2025.
The round was led by returning investor Addition, with participation from Baillie Gifford, Hummingbird, QED Investors, T. Rowe Price, Hedosophia, Haun Ventures, Washington University in St. Louis and Amex Ventures.
The investment will help Airwallex accelerate product development across autonomous finance and agentic commerce, expand its infrastructure and regulatory footprint into new markets, and continue scaling the teams building its next generation AI native financial software.
""We believe this is the most consequential moment in the history of global finance, and we are building accordingly,"" said
Jack Zhang, co-founder and CEO of Airwallex.
""A decade ago, we did not know exactly what the agentic economy would look like, but we built a foundation for it. The licenses, local network integrations, and settlement rails we spent ten years constructing are precisely the kind of infrastructure it needs. This new capital lets us move faster into Airwallex’s next chapter: autonomous finance, agentic commerce, and the infrastructure to power both.”
“What Airwallex has built is unusually hard to replicate,” said Lee Fixel of Addition. “As AI transforms the competitive landscape, the winners will be the companies building on top of real financial infrastructure, not around it. Airwallex has already shown it can translate that foundation into meaningful software capabilities at scale.”
Building the AI native financial operating system with T:0 and Airi
Airwallex is announcing two new product initiatives to accelerate its expansion into autonomous finance and agentic commerce:
T:0 - Your autonomous finance department from Day Zero
T:0
is a new AI-native financial platform from Airwallex designed to run the full finance function of a business end to end. T:0 automates bookkeeping, forecasting, taxes, compliance, and reporting from day zero. It’s designed to give founders CFO-grade books with compliance built in and no migration required. T:0 is currently in private beta and will be made more widely available in the coming weeks.
Airi - The wallet infrastructure for agentic commerce
Airi
is a new agentic consumer wallet from Airwallex. At launch, it will incorporate our existing one-click checkout capability, which has delivered up to a 14% increase in successful checkout conversions for digital merchants in early testing. In the coming months, we plan for Airi to evolve into broader wallet infrastructure for agentic commerce, including delegated agent payments, spend limits, permission controls, and multi-currency balances. Pairing Airi with Airwallex’s
Agentic Commerce Suite
will give merchants and consumers an end-to-end commerce flow built on Airwallex’s regulated infrastructure.
Strong momentum across the core business
Airwallex is scaling rapidly as demand for borderless financial infrastructure accelerates. In March 2026, Airwallex reached $1.3 billion in annualized revenue, up 74% year-over-year, and $287 billion in annualized transaction volume, up more than 120% year-over-year. More than 90% of Airwallex’s revenue now comes from customers using more than one Airwallex product, highlighting deeper adoption across the platform.
Jack Zhang, Co-founder and CEO of Airwallex, shares more about this announcement
here
About Airwallex
Airwallex is an AI native financial operating system for modern businesses. We are building the future of global banking for a borderless, real-time, intelligent economy.
We serve more than 676,000 businesses worldwide, either directly or through our platform customers. From startups to public enterprises, our customers use Airwallex to manage their global banking and financial operations, or to build and monetise their own financial products.
Founded in Melbourne in 2015, Airwallex holds 85+ licenses across North America, Europe, the Middle East, and Asia-Pacific, forming one of the most comprehensive financial infrastructures in the world. This regulated backbone powers Airwallex products at global scale, including payment acceptance, billing, global accounts, corporate cards, and spend management.
The company is co-headquartered in San Francisco and Singapore with over 2,300 employees across 27 offices. Learn more at
www.airwallex.com
*Accounts advised by T. Rowe Price Associates, Inc.
Share
Latest Announcements
23 July 2026
Visa and Airwallex join forces to build the next generation of financial infrastructure for freight platforms
Read more
24 June 2026
Airwallex signals next phase of global scale with appointment of Chief Financial Officer
CFO appointed at Airwallex to drive new phase of growth in intelligent financial systems
4 June 2026
Airwallex acquires Leapfin, expanding financial lifecycle capabilities
Airwallex acquires Leapfin to automate revenue recognition and reconciliation, helping global finance teams close the books faster. Learn more.
Back to newsroom",850d1f63b1f7635f7f6d21171a358c800dd332d8e1a90546403294f291ac3606,https://www.airwallex.com/global/newsroom/airwallex-secures-320-million-in-series-h-funding-valuation-hits-11-billion,"airwallex secures $320 million in series h funding, valuation hits $11 billion",850d1f63b1f7635f7f6d21171a358c800dd332d8e1a90546403294f291ac3606,2026-07-23T11:24:41.099190+00:00,detail_page_fetch,Belirsiz,Bağımsız Gelişme,Good,2026-06-25,,,,Yayın Tarihi,2026-06-25,publication_date,Yayın tarihi bulundu; recency için kullanıldı.,False,,False,,2026-06-25,Orta,publication_date,False,2026-08-08,Kesim tarihinden eski: 2026-06-25 < 2026-08-08,Ürün / Özellik Gelişmesi,True,"Ürün, API, POS, ödeme, tahsilat veya dijital özellik gelişmesi sinyali içeriyor.",True,True,True,https://www.airwallex.com/global/newsroom
RI-fa14bab4ad1d,DOC-REG-054-20260724110915,REG-054,Tier 2,turkiye_bankalar_birligi,Türkiye Bankalar Birligi,Türkiye Bankalar Birligi Duyurular,Sektör Birliği,https://www.tbb.org.tr,Kurumsal Sürdürülebilirlik Raporlama Sertifikasyon Eğitim Programı başladı | Türkiye Bankalar Birliği,23/07/2026,https://www.tbb.org.tr/haberler/kurumsal-surdurulebilirlik-raporlama-sertifikasyon-egitim-programi-basladi,"Kurumsal Sürdürülebilirlik Raporlama Sertifikasyon Eğitim Programı başladı
23/07/2026
Türkiye Katılım Bankaları Birliği ve Türkiye Bankalar Birliği iş birliğinde, Kamu Gözetimi, Muhasebe ve Denetim Standartları Kurumu (KGK) akreditasyonuyla Kurumsal Sürdürülebilirlik Raporlama Sertifikasyon Eğitimi hayata geçirildi. Eğitim, 23 Temmuz tarihinde gerçekleştirilen açılış programıyla başladı.
Programın açılış dersi, KGK Başkan Yardımcısı Murat Yünlü tarafından yapıldı. Yünlü, sürdürülebilirlik raporlamasının küresel ölçekte artan önemine, Türkiye Sürdürülebilirlik Raporlama Standartlarının uygulanma sürecine ve bu alanda nitelikli insan kaynağının geliştirilmesinin gerekliliğine ilişkin değerlendirmelerini katılımcılarla paylaştı.
Açılışta konuşan Türkiye Katılım Bankaları Birliği Genel Sekreteri İsmail Vural, sürdürülebilirlik raporlamasının finans sektörünün geleceğinde stratejik bir rol üstlendiğini vurgulayarak, hazırlanan eğitim programının katılımcıların mesleki yetkinliklerini geliştirmesinin yanı sıra sektörün sürdürülebilirlik dönüşümüne ve kurumsal kapasitesinin güçlenmesine önemli katkılar sağlayacağına olan inancını ifade etti.
Türkiye Bankalar Birliği Genel Sekreteri Nurullah Bakır ise konuşmasında, sürdürülebilirlik alanında ortak bilgi birikiminin geliştirilmesi ve kurumlar arası iş birliğinin güçlendirilmesinin önemine dikkat çekti. Bakır, iki Birliğinin ortaklığında yürütülen bu eğitim programının, finans sektöründe uluslararası standartlarla uyumlu sürdürülebilirlik raporlama kültürünün yaygınlaşmasına ve sektörde nitelikli insan kaynağının yetiştirilmesine önemli katkılar sunacağına inandığını belirterek tüm katılımcılara başarılı ve verimli bir eğitim dönemi temennisinde bulundu.
15 modül ve 61 saatten oluşan eğitim programıyla, sürdürülebilirlik raporlaması alanında uzman insan kaynağının yetiştirilmesi, sektörde ortak bir bilgi birikiminin oluşturulması ve uluslararası standartlarla uyumlu raporlama uygulamalarının yaygınlaştırılması hedefleniyor.
Finansal Okuryazarlık
Risk Merkezi
Finans ve Bankacılık Portalı
Bankacılık Ürün ve Hizmet Ücretleri",5a9f248abd0cb26db81bbdcf1f8c0cd39ddf1e1597a498c73e54fa02eed743dd,https://www.tbb.org.tr/haberler/kurumsal-surdurulebilirlik-raporlama-sertifikasyon-egitim-programi-basladi,kurumsal sürdürülebilirlik raporlama sertifikasyon eğitim programı başladı | türkiye bankalar birliği,5a9f248abd0cb26db81bbdcf1f8c0cd39ddf1e1597a498c73e54fa02eed743dd,2026-07-24T11:09:36.634751+00:00,detail_page_fetch,Belirsiz,Bağımsız Gelişme,Good,2026-07-23,,,,Yayın Tarihi,2026-07-23,publication_date,Yayın tarihi bulundu; recency için kullanıldı.,False,,False,,2026-07-23,Yüksek,publication_date,False,2026-08-08,Kesim tarihinden eski: 2026-07-23 < 2026-08-08,İş Birliği,True,"İş birliği, mutabakat veya entegrasyon duyurusu içeriyor.",True,True,True,https://www.tbb.org.tr
RI-a4f7c7ccbabe,DOC-REG-233-20260724111037,REG-233,Tier 1,square,Square,Square Newsroom,Resmi Basın Bülteni Sayfası,https://squareup.com/us/en/press,"A Taste of Paris, Powered by Square: Ladurée Canada Goes All-In on Square’s Commerce Platform",2026-06-24,https://squareup.com/us/en/press/laduree-canada,"Restaurants
A Taste of Paris, Powered by Square: Ladurée Canada Goes All-In on Square’s Commerce Platform
Jun 24, 2026
The iconic Parisian patisserie brings Square to its growing Canadian footprint, from flagship tea salons to airport carriages
DISTRIBUTED-WORKFORCE/OAKLAND, Calif & TORONTO – June 24, 2026 –
Square today announced that
Ladurée Canada
, the Canadian franchise of the world-renowned Parisian patisserie, has selected Square as its exclusive commerce platform across all Canadian locations. The partnership brings Square to Ladurée Canada’s expanding footprint – from boutique tea salons and café-style locations to its airport carriages, pop-ups, and pastry laboratories – as they accelerate their next phase of growth across the country.
Founded in Paris in 1862 by Louis Ernest Ladurée, Maison Ladurée is credited with both popularizing the French tea salon and inventing the Parisian macaron, the colorful, ganache-filled double shell that has become a ubiquitous staple in patisserie windows around the world. With locations across four continents, Ladurée is one of the most globally recognizable names in gourmet pastries.
In March 2016, Olesya Krakhmalyova brought the very first Ladurée location to Canada, opening a boutique on Robson Street in Vancouver – a location designed to channel the ambiance and style of Ladurée’s original Paris salon. In the decade since, Ladurée Canada has grown into a sophisticated, multi-format operation spanning boutique tea salons, grab-and-go cafés, carriage kiosks, airport outposts, and pastry laboratories across Toronto and Vancouver, where French-trained pastry chefs craft Ladurée’s iconic viennoiseries and cakes fresh each morning.
A Decade in the Making
Ladurée Canada first came to Square in 2017, initially adopting the platform to power its carriage locations. But years of using separate systems for their full-service tea salons and cafe locations led to increasing operational friction as the brand grew with a lean team. Ultimately, Square’s flexibility, versatility, and ease-of-use prompted Olesya to shift all Ladurée Canada locations to Square.
“When I first opened, my goal was simple: bring a piece of Paris to the heart of Vancouver,” said Olesya Krakhmalyova, owner of Ladurée Canada. “Nearly a decade later, Square is part of how we live that mission every day across Canada. We’re a small team representing a world-renowned brand. The priority of my dedicated team is to deliver Ladurée products and experiences to our clients, not deal with IT complexities. We truly value business tools that are efficient and allow us to focus on our core work, and Square meets that criteria. Square works the same way whether we’re running a full tea salon at Yorkdale, processing payments at a weekend pop-up, or welcoming travellers at one of our airport carriages. My managers can add a product, pull a sales report, or configure a new location themselves. That kind of simplicity is what lets us operate at a high standard.”
One Platform for Every Format
Ladurée Canada’s deployment of Square span a variety of distinct commerce environments: the tasteful seated table-service of its boutique tea salons; the fast-paced throughput of grab-and-go cafés; their compact carriage kiosks in bustling airport terminals; the two bi-coastal pastry laboratories where Square facilitates payments for retail purchases from participants; and all manner of mobile commerce engagements, from catering and corporate events to buzzy pop-ups.
Square Terminal
Square Register
Square Handheld
, and
Square Reader
devices anchor the in-person experience across locations and concepts, with hardware configurations tailored to the specific requirements of each format. On the back end, Square’s reporting tools give Ladurée Canada’s controller consolidated visibility into sales, taxes, and tips across the entire portfolio. Ladurée Canada also uses Square’s integrations with Yellowdog for inventory management, and QuickBooks for financial management.
Scaling with Taste
With a unified technology foundation now in place, Ladurée Canada is moving quickly. Two new airport carriage locations opened in spring 2026: Vancouver International Airport in May, and Toronto Pearson International Airport in June – bringing Ladurée’s macarons and pastries to travelers at two of the country’s busiest airports.
“Ladurée is a brand that has defined luxury patisserie for more than 160 years, and the way Ladurée Canada has built its business reflects that standard at every touchpoint,” said James Schonzeit, Head of Food & Beverage at Square. “What stands out about this partnership is the full picture – Square started with Ladurée Canada’s smallest format locations nearly ten years ago, and has grown with the business to the point that it now powers all of their concepts. That’s the kind of relationship we aim to build with every seller: one that earns trust over time and scales as the business does.”
To visit Ladurée Canada, find a location at
ladureecanada.ca
. For more information about Square’s solutions for food and beverage businesses, visit
squareup.com/us/en/restaurants
About Ladurée Canada
Ladurée is a world-renowned luxury French pâtisserie with a rich history dating back to 1862. Ladurée is best known for creating the world’s most delectable macarons presented in exquisite gift boxes alongside delicious pastries, sweets and savoury treats. Around the world Ladurée tea rooms offer irresistible culinary delights in elegant and traditional surroundings, a veritable hymn to innovative sweets and pastries.
In 2016, Ladurée entered the Canadian market with its first location in Vancouver, B.C. It has since opened locations in Toronto at Yorkdale Mall, Exchange Tower, and Yorkville. Ladurée Canada operates two pastry making laboratories where Ladurée Paris trained Chefs create Ladurée pastries and cakes according to the recipes and techniques from Ladurée Paris.
Ladurée in Canada is also represented by the distinct Ladurée Carriage locations bringing the Ladurée experience to customers at various locations such as in Vancouver at CF Pacific Centre and Vancouver International Airport, and now at Toronto Pearson Airport.
About Square
Square helps businesses turn transactions into connections and businesses into neighborhood favorites.
In 2009, Square started with a simple invention – the first mobile card reader, which changed how the entire financial system thinks about small businesses. Square has since grown into a global business platform helping millions of sellers of all sizes participate and thrive in their communities.
Whether independently run or a global chain, Square understands that sellers succeed when they have the freedom to focus on the experiences that keep customers coming back. From point of sale and payments to online commerce, staff management, cash flow tools, and more, Square brings together the tools sellers need to run and grow on one intelligent platform. For more information, visit
squareup.com
Choose your region and language
Australia (English)
Canada (English)
Canada (Français)
France (Français)
Ireland (English)
日本 (日本語)
España (Español)
Espanya (Català)
United Kingdom (English)
United States (English)
Estados Unidos (Español)",c51dc115fb974c6c07dd3c7fdc706419a5129e494fda146a08361ee5395dd181,https://squareup.com/us/en/press/laduree-canada,"a taste of paris, powered by square: ladurée canada goes all-in on square’s commerce platform",c51dc115fb974c6c07dd3c7fdc706419a5129e494fda146a08361ee5395dd181,2026-07-24T11:10:52.216982+00:00,detail_page_fetch,Belirsiz,Bağımsız Gelişme,Good,2026-06-24,,,,Yayın Tarihi,2026-06-24,publication_date,Yayın tarihi bulundu; recency için kullanıldı.,False,,False,,2026-06-24,Orta,publication_date,False,2026-08-08,Kesim tarihinden eski: 2026-06-24 < 2026-08-08,İş Birliği,True,"İş birliği, mutabakat veya entegrasyon duyurusu içeriyor.",True,True,True,https://squareup.com/us/en/press
RI-83971d7414f5,DOC-REG-236-20260724111059,REG-236,Tier 1,airwallex,Airwallex,Airwallex Newsroom,Resmi Basın Bülteni Sayfası,https://www.airwallex.com/global/newsroom,Visa and Airwallex join forces to build the next generation of financial infrastructure for freight platforms,2026-07-23,https://www.airwallex.com/global/newsroom/visa-and-airwallex-join-forces-to-build-the-next-generation-of-financial-infrastructure-for-freight-platforms,"Newsroom
Company Announcement
Visa and Airwallex join forces to build the next generation of financial infrastructure for freight platforms
23 July 2026
Collaboration to help freight and shipping platforms modernise payments, improve cash flow and unlock new growth opportunities through embedded finance
LONDON:
Visa and Airwallex today announced a collaboration to develop embedded-finance solutions tailored to the needs of freight and shipping platforms, helping modernise how businesses manage payments, working capital and cross-border commerce across one of the world's most complex industries.
The collaboration brings together Visa's expertise in commercial payments, acceptance strategy, risk management and industry-specific solution design with Airwallex's embedded-finance capabilities, multi-currency infrastructure and global platform technology. Together, they’ll address longstanding challenges across the freight ecosystem, where businesses continue to face lengthy settlement cycles, working-capital constraints, foreign-exchange complexity and operational friction.
Rather than applying a one-size-fits-all approach to payments, Visa and Airwallex are collaborating to create solutions designed specifically around the operational realities of freight and shipping. The goal is to enable platforms to embed payment and financial capabilities directly into freight workflows, helping their customers manage costs more efficiently, access working capital when needed and simplify the movement of funds across multiple countries and currencies.
As freight platforms, digital forwarders and logistics marketplaces continue to transform how goods are booked, managed and moved, the financial infrastructure supporting those interactions has often struggled to keep pace. Despite growing digitisation across the sector, many freight businesses still rely on fragmented payment processes that can delay settlement, increase administrative costs and place pressure on cash flow.
In shipping, payments take on average 42 days to reach the invoicing company*, while processing and administrative costs can make up nearly one-fifth of the total transportation costs due to labour-intensive manual document handling.
The initiative builds on the broader Visa-Airwallex relationship and represents a natural next step from enabling cross-border B2B payments toward developing more specialised, industry-specific solutions. By combining their respective strengths, Visa and Airwallex aim to create a repeatable model that can help unlock the benefits of embedded finance for complex B2B verticals where traditional payment infrastructure has often failed to keep pace with digital innovation.
Alessandro Figueroa, Head of New Verticals & Partnerships, Visa Commercial Solutions, Europe, said,
“Freight and shipping are fundamental to the global economy, yet many businesses continue to operate with payment processes that are fragmented, manual and inefficient. As digital freight platforms continue to scale, there is a growing need for financial solutions that can be embedded seamlessly into existing workflows without creating additional complexity. By combining Visa's commercial payments expertise with Airwallex's technology platform, we're helping bring new solutions to market quickly, enabling platforms to simplify payments, improve working capital and deliver greater value to the businesses they serve.""
Christos Chamberlain, General Manager for UK and Europe at Airwallex, said:
""Cash sitting in limbo while payments clear across borders is capital that should be funding the next shipment, not stuck in transit. Reputations are built on reliability - can you get the container there, on time, every time. Payments need to work the same way. Together with Visa, we're giving freight operators the speed and precision that global shipping demands.""
*https://www.csis.org/analysis/ships-dont-lie-blockchain-and-secure-future-global-shipping
About Airwallex
Airwallex is an AI native financial operating system for modern businesses. We are building the future of global banking for a borderless, real-time, intelligent economy.
We serve more than 676,000 businesses worldwide, either directly or through our platform customers. From startups to public enterprises, our customers use Airwallex to manage their global banking and financial operations, or to build and monetise their own financial products.
Founded in Melbourne in 2015, Airwallex holds 85+ licenses across North America, Europe, the Middle East, and Asia-Pacific, forming one of the most comprehensive financial infrastructures in the world. This regulated backbone powers Airwallex products at global scale, including payment acceptance, billing, global accounts, corporate cards, and spend management.
The company is co-headquartered in San Francisco and Singapore with over 2,300 employees across 27 offices. Learn more at
www.airwallex.com
Share
Latest Announcements
25 June 2026
Airwallex Secures $320 Million in Series H Funding, Valuation Hits $11 Billion
Funding fuels expansion into autonomous finance and agentic commerce as the company drives toward its next billion in revenue
Read more
24 June 2026
Airwallex signals next phase of global scale with appointment of Chief Financial Officer
CFO appointed at Airwallex to drive new phase of growth in intelligent financial systems
4 June 2026
Airwallex acquires Leapfin, expanding financial lifecycle capabilities
Airwallex acquires Leapfin to automate revenue recognition and reconciliation, helping global finance teams close the books faster. Learn more.
Back to newsroom",f4e3c12792ac88f00c89a6a5840871a9e5308cfc28b254e7f641982c92d715d4,https://www.airwallex.com/global/newsroom/visa-and-airwallex-join-forces-to-build-the-next-generation-of-financial-infrastructure-for-freight-platforms,visa and airwallex join forces to build the next generation of financial infrastructure for freight platforms,f4e3c12792ac88f00c89a6a5840871a9e5308cfc28b254e7f641982c92d715d4,2026-07-24T11:11:05.120376+00:00,detail_page_fetch,Belirsiz,Bağımsız Gelişme,Good,2026-07-23,,,,Yayın Tarihi,2026-07-23,publication_date,Yayın tarihi bulundu; recency için kullanıldı.,False,,False,,2026-07-23,Orta,publication_date,False,2026-08-08,Kesim tarihinden eski: 2026-07-23 < 2026-08-08,İş Birliği,True,"İş birliği, mutabakat veya entegrasyon duyurusu içeriyor.",True,True,True,https://www.airwallex.com/global/newsroom
RI-d95210e266a4,DOC-REG-054-20260727133232,REG-054,Tier 2,turkiye_bankalar_birligi,Türkiye Bankalar Birligi,Türkiye Bankalar Birligi Duyurular,Sektör Birliği,https://www.tbb.org.tr,"TBB Genel Sekreteri Nurullah Bakır, Arap Bankalar Birliği Genel Sekreteri Dr. Wissam Fattouh’u kabul etti | Türkiye Bankalar Birliği",27/07/2026,https://www.tbb.org.tr/haberler/tbb-genel-sekreteri-nurullah-bakir-arap-bankalar-birligi-genel-sekreteri-dr-wissam,"TBB Genel Sekreteri Nurullah Bakır, Arap Bankalar Birliği Genel Sekreteri Dr. Wissam Fattouh’u kabul etti
27/07/2026
Türkiye Bankalar Birliği Genel Sekreteri Nurullah Bakır, Arap Bankalar Birliği ve Dünya Arap Bankacılar Birliği Genel Sekreteri Dr. Wissam Fattouh’u kabul etti.
Yapılan görüşmede bankacılık sektörü nezdinde olası işbirliği alanlarına dair fikir alışverişinde bulunuldu.
Finansal Okuryazarlık
Risk Merkezi
Finans ve Bankacılık Portalı
Bankacılık Ürün ve Hizmet Ücretleri",1e021ce228927d07a507c89757879079db561e8ac381d00ecc68bc0502c8ab11,https://www.tbb.org.tr/haberler/tbb-genel-sekreteri-nurullah-bakir-arap-bankalar-birligi-genel-sekreteri-dr-wissam,"tbb genel sekreteri nurullah bakır, arap bankalar birliği genel sekreteri dr. wissam fattouh’u kabul etti | türkiye bankalar birliği",1e021ce228927d07a507c89757879079db561e8ac381d00ecc68bc0502c8ab11,2026-07-27T13:32:54.115029+00:00,detail_page_fetch,Belirsiz,Bağımsız Gelişme,Medium,2026-07-27,,,,Yayın Tarihi,2026-07-27,publication_date,Yayın tarihi bulundu; recency için kullanıldı.,False,,False,,2026-07-27,Yüksek,publication_date,False,2026-08-08,Kesim tarihinden eski: 2026-07-27 < 2026-08-08,Ürün / Özellik Gelişmesi,True,"Ürün, API, POS, ödeme, tahsilat veya dijital özellik gelişmesi sinyali içeriyor.",True,True,True,https://www.tbb.org.tr
RI-32f8ace278a7,DOC-REG-056-20260727133311,REG-056,Tier 2,webrazzi,Webrazzi,Webrazzi Fintech,Fintech Haberi,https://webrazzi.com/kategori/fintech/,Samsung ve Broadcom’dan yapay zeka altyapısı için 200 milyar dolarlık iş birliği - Webrazzi,2026/07/27,https://webrazzi.com/2026/07/27/samsung-ve-broadcom-dan-yapay-zeka-altyapisi-icin-200-milyar-dolarlik-is-birligi/,"Insights kapsamlı içerikleri ve raporlarıyla içgörü yaratıyor, stratejilere yön veriyor. Popüler Insights içeriklerine göz atın.
Yapay zeka çağında kazanan meslekler: Hangi uzmanlıklara talep arttı?
Yapay zeka iş süreçlerini nasıl dönüştürüyor?
Yapay zekanın yazılım geliştirme pazarına etkisi
Yapay zekanın eğitim sektörüne etkisi: Global trendler, fırsatlar ve endişeler
Avrupa & Türkiye Teknoloji ve Yatırım Raporu: 2025'in İlk Yarısında Öne Çıkanlar
Son teknolojinin etkilerini Webrazzi merceğiyle inceleyin, detayları görün, güçlü stratejiler yaratın. Özel makaleler ve raporlara erişmek için hemen harekete geçin.
Avantajları ve Paketleri İnceleyin
Yapay Zeka
Samsung ve Broadcom’dan yapay zeka altyapısı için 200 milyar dolarlık iş birliği
Taraflar, ortaklığın 2030’a kadar 200 milyar doların üzerinde bir iş hacmi oluşturmasını bekliyor.
Tuğçe İçözü
3 dakika önce
Paylaş
Facebook
Twitter
Linkedin
Samsung Electronics
Broadcom
, yapay zeka altyapısına yönelik iş birliklerini genişletmek üzere yeni bir anlaşma
imzaladı
. San Francisco’daki The Midway’de düzenlenen AI Summit kapsamında duyurulan anlaşma, yüksek bant genişliğine sahip belleklerden gelişmiş üretim süreçlerine ve çip paketleme teknolojilerine kadar uzanan geniş bir alanı kapsıyor.
Şirketlerin açıklamasına göre iş birliğinin, bellek ve yarı iletken üretimi alanlarında önümüzdeki beş yıl içinde, yani 2030’a kadar 200 milyar doların üzerinde bir iş hacmine ulaşması bekleniyor. Buradaki rakamın tek seferlik bir satın alma anlaşmasını değil, iş birliği kapsamında oluşması öngörülen toplam ticari hacmi ifade ettiğini belirtelim.
Samsung, Broadcom’un yapay zeka hızlandırıcılarına HBM sağlayacak
Anlaşmanın bellek tarafında Samsung, Broadcom’un yeni nesil yapay zeka hızlandırıcılarında kullanılmak üzere yüksek bant genişliğine sahip bellek çözümleri sunmayı planlıyor. HBM olarak bilinen bu bellekler, yapay zeka modellerinin eğitilmesi ve çalıştırılması sırasında işlemcilerin büyük miktardaki veriye daha hızlı erişmesini sağlıyor.
Broadcom, özellikle büyük teknoloji şirketleri için geliştirilen özelleştirilmiş yapay zeka hızlandırıcıları ve bağlantı çözümleriyle yapay zeka altyapısı pazarındaki konumunu güçlendiriyor. Samsung ile kurulacak bellek ortaklığı da Broadcom’un gelecek nesil hızlandırıcılarının performans ve enerji verimliliği hedeflerini destekleyecek.
İş birliğinin üretim tarafında ise Broadcom’un bazı ürünlerinin Samsung’un 2 nanometre ve daha ileri üretim teknolojileri kullanılarak üretilmesi planlanıyor. Bu kapsamda Broadcom’un Wireless Broadband Communications çözümleri de Samsung Foundry’nin üretim süreçlerinden yararlanacak ürünler arasında yer alıyor.
Gelişmiş paketleme teknolojileri de anlaşmaya dahil
Samsung ve Broadcom arasındaki ortaklık yalnızca bellek tedariki ve çip üretimiyle sınırlı kalmayacak. Taraflar, Samsung’un 2 nanometre üretim süreci üzerine inşa edilen 2.3D ve 2.5D entegrasyon gibi gelişmiş paketleme teknolojilerinde de birlikte çalışacak. Bu teknolojilerin yapay zeka ve ağ çiplerinde daha yüksek performans elde edilmesine ve enerji tüketiminin azaltılmasına katkı sağlaması hedefleniyor.
Samsung Electronics Device Solutions Bölümü CEO’su Young Hyun Jun
, yapay zekanın bellek, mantık devreleri ve gelişmiş paketleme teknolojilerinin daha sıkı biçimde entegre edilmesine yönelik benzeri görülmemiş bir talep oluşturduğunu belirtti.
Broadcom Semiconductor Solutions Group Başkanı Charlie Kawwas
ise yapay zeka altyapısı büyüdükçe yarı iletken ekosistemindeki yakın iş birliklerinin daha önemli hale geldiğini vurguladı.
Samsung
Yorum Yaz
Yorumlar
İlk Yorumu yazmak ister misiniz?
Yorum Yazmak için Giriş Yap
Teknoloji dünyasındaki gelişmeleri takip edin. Neleri size ulaştırmamızı istersiniz?
Günlük Bülten
Etkinlikler
Webrazzi'nin hizmet ve ürünleri ile günlük Webrazzi haberlerine ilişkin olarak epostalar göndermesini onaylıyorum.
Seçimlerimi kaydet
Abonelik kaydınız başarıyla oluşturuldu.
Sıradaki haber
SIRADAKİ
Öğrenme teknolojileri şirketi Enocta, Aquila tarafından satın alındı
Öğrenme teknolojileri şirketi Enocta, dikey pazar yazılım şirketlerine uzun vadeli yatırımlar…
Candeğer Muradoğlu",8709fb9f2cd3034a6966eaade1d83c5334c5e5f0fa0eef47e19d01184d61824e,https://webrazzi.com/2026/07/27/samsung-ve-broadcom-dan-yapay-zeka-altyapisi-icin-200-milyar-dolarlik-is-birligi,samsung ve broadcom’dan yapay zeka altyapısı için 200 milyar dolarlık iş birliği - webrazzi,8709fb9f2cd3034a6966eaade1d83c5334c5e5f0fa0eef47e19d01184d61824e,2026-07-27T13:33:15.276946+00:00,detail_page_fetch,Belirsiz,Bağımsız Gelişme,Good,2026-07-27,,,,Yayın Tarihi,2026-07-27,publication_date,Yayın tarihi bulundu; recency için kullanıldı.,False,,False,,2026-07-27,Orta,publication_date,False,2026-08-08,Kesim tarihinden eski: 2026-07-27 < 2026-08-08,Kampanya,True,Kampanya veya müşteri teklifi sinyali içeriyor.,True,True,True,https://webrazzi.com/kategori/fintech/
RI-72bb02062512,DOC-REG-238-20260727133404,REG-238,Tier 1,checkout,Checkout.com,Checkout.com Newsroom,Resmi Basın Bülteni Sayfası,https://www.checkout.com/newsroom,Checkout.com strengthens UAE offering with in-principle Stored Value Facilities licence,2026-07-27,https://www.checkout.com/newsroom/checkout-com-uae-offering-in-principle-stored-value-facilities-licence,"Sign in
Get in touch
Checkout.com strengthens UAE offering with in-principle Stored Value Facilities licence
With in-principle approval by the Central Bank of the UAE, Checkout.com is set to bring acquiring and issuing together on a unified platform for merchants in the UAE.
Dubai, United Arab Emirates – July 27th, 2026 –
Checkout.com, a leading global digital payments company, today announced that it has been granted in-principle approval for a Stored Value Facilities (SVF) licence by the Central Bank of the UAE (CBUAE). The regulatory milestone will allow Checkout.com to introduce issuing capabilities alongside its existing acquiring services in the UAE on a single platform built for performance.
With complex payments flows often operating across borders, enterprise merchants increasingly require the ability to accept funds and manage new payment experiences for customers, partners and their own teams.
Checkout.com offers acquiring and issuing as modular solutions, so merchants can adopt either one independently based on their needs. For those that choose both, bringing acquiring and issuing together will provide a more connected way to manage the movement of money across their businesses, with shared data, simpler operations and greater opportunities to improve performance.
Through Checkout.com’s unified platform, businesses will be able to link acquiring, issuing and business account capabilities, so they can fund cards directly from acquired balances. This removes the operational burden of pre-funding card programmes, improves liquidity and provides businesses with greater visibility and control over their funds.
Remo Giovanni Abbondandolo, General Manager for MENA at Checkout.com, comments:
“The UAE has firmly established itself as a leading global fintech hub, with a high level of digital adoption and a forward-looking regulatory environment that makes it an exceptional place for businesses to innovate and grow. On behalf of Checkout.com, I would like to thank the Central Bank of the UAE for its continued support and close collaboration throughout this process.
“This milestone moves us closer to providing UAE merchants with a truly unified payments platform, bringing acquiring and issuing together with performance at the centre of the equation. Once operational, this connected approach will help merchants reduce complexity, improve liquidity and create new payment experiences for their customers, partners and teams.”
Checkout.com has built significant momentum across the MENA region, with total processing volume growing 62% year-on-year between 2024 and 2025. For Checkout.com, today’s announcement aligns with the UAE’s FinTech Strategy, implemented by CBUAE, and is a significant step towards delivering the full breadth of its global payments proposition to merchants in the country.",55ffecc657cd056238d05d8b6ee7c724084a53b55cdc81b1a030b4b9e4f0c5f9,https://www.checkout.com/newsroom/checkout-com-uae-offering-in-principle-stored-value-facilities-licence,checkout.com strengthens uae offering with in-principle stored value facilities licence,55ffecc657cd056238d05d8b6ee7c724084a53b55cdc81b1a030b4b9e4f0c5f9,2026-07-27T13:34:07.321994+00:00,detail_page_fetch,Belirsiz,Bağımsız Gelişme,Good,2026-07-27,,,,Yayın Tarihi,2026-07-27,publication_date,Yayın tarihi bulundu; recency için kullanıldı.,False,,False,,2026-07-27,Orta,publication_date,False,2026-08-08,Kesim tarihinden eski: 2026-07-27 < 2026-08-08,İş Birliği,True,"İş birliği, mutabakat veya entegrasyon duyurusu içeriyor.",True,True,True,https://www.checkout.com/newsroom
RI-f5899cb3d032,DOC-REG-242-20260727145433,REG-242,Tier 2,the_paypers,The Paypers,The Paypers Payments News,Fintech Haberi,https://thepaypers.com/news,"Zero Hash, Marqeta partner on stablecoin card spending | The Paypers",2026-07-27,https://thepaypers.com/crypto-web3-and-cbdc/news/zero-hash-and-marqeta-partner-on-stablecoin-card-spending,"News
Crypto, Web3 and CBDC
Zero Hash and Marqeta partner on stablecoin card spending
Sinziana Albu
27 Jul 2026 / 5 Min Read
Zero Hash and Marqeta have announced a partnership to enable stablecoin spending across global card networks.
According to the official press release, the partnership is intended to let Marqeta's customers embed stablecoin payments into new and existing financial products without altering their core systems or taking on additional regulatory obligations.
The partnership follows continued growth in stablecoin adoption across financial services. In February 2026, stablecoin monthly transaction volume reached USD 7.2 trillion, surpassing the US ACH network, which recorded USD 6.8 trillion, for the first time. On its own platform, Zero Hash reported that transaction volume grew by 690% year-on-year in 2025, while transaction frequency increased by 208%, reflecting wider use of stablecoins within financial workflows. The company currently supports instant global payouts for platforms including Gusto and Worldpay, and provides real-time account funding for Interactive Brokers, Kalshi, and tastytrade, among others.
Extending Marqeta's card issuing platform
Marqeta has previously worked with crypto-focused companies, powering debit card programmes in the US and Europe that allow users to spend fiat currency drawn from crypto holdings and earn rewards in crypto. The partnership with Zero Hash is intended to extend this capability so that both crypto-native and non-crypto companies can make use of stablecoins through Marqeta's card issuing infrastructure.
Under the arrangement, users will be able to spend digital dollar balances at tens of millions of merchants worldwide using a standard payment card, with merchants continuing to receive payment in fiat currency as with any other card transaction. Zero Hash will provide the infrastructure for custody, compliance, and liquidity related to the custody and movement of onchain money, while Marqeta will manage card issuance, acceptance, and relationships with banks and card networks. At the same time, according to the companies, the integration is intended to give platforms a faster route to enabling stablecoin spending, supported by real-time settlement and improved capital efficiency.
Anthony Peculic, interim chief product officer at Marqeta, said the integration with Zero Hash would allow the company's customers to deliver multinational and stablecoin-backed card programmes designed to meet compliance requirements while operating at a global scale. Edward Woodford, founder and chief executive officer of Zero Hash, said compatibility between stablecoins and traditional payment networks was intended to make onchain money usable within everyday payments, while creating opportunities for traditional businesses through stablecoin-backed cards.
Keywords:
partnership
crypto
crypto payments
digital dollars
stablecoin infrastructure
Countries:
World
News on Crypto, Web3 and CBDC
27 Jul 2026
5 min read
BitMEX to close crypto exchange by September 2026
China completes first cross-border digital yuan payment to Singapore
OpenPayd expands institutional reach through Fireblocks’ payments network
24 Jul 2026
Ramp launches AI Token Spend Management platform
Expert views on Crypto, Web3 and CBDC
Can stablecoins fix cross-border payments? Industry experts weigh in
17 Jul 2026
An opportunity for a fundamental shift in the architecture of the financial systems
09 Jul 2026
Inside Latvia's strategy to win the European crypto race
29 Jun 2026
16 min read
Unfiltered: The payments sovereignty decoy
26 Jun 2026
8 min read
Digital assets and the future of money movement: where stablecoins and tokenized deposits are creating value today
17 Jun 2026
The Paypers is a global hub for market insights, real-time news, expert interviews, and in-depth analyses and resources across payments, fintech, and the digital economy. We deliver reports, webinars, and commentary on key topics, including regulation, real-time payments, cross-border payments and ecommerce, digital identity, payment innovation and infrastructure, Open Banking, Embedded Finance, crypto, fraud and financial crime prevention, and more – all developed in collaboration with industry experts and leaders.
Categories
Payments
Fraud and Fincrime
Fintech
Regulations
M&A and Investments
Current themes
A2A Payments
Payment Orchestration
TradFi and DeFi Convergence
KYC, KYB and Digital Identity
Scams and Fraud
Embedded Finance
Real-Time Payments
The Paypers
Team
Advertise
About
Contact
Prinsengracht 777e
1017 JZ Amsterdam
P: +31 20 658 0652
E: editor@thepaypers.com
No part of this site can be reproduced without explicit permission of The Paypers (v2.7).
Privacy Policy
Cookie Statement
Copyright",f144bb63bb53953c2e0e611a695d9aa7c86ac5ac850e1e8751b7dae963d8def4,https://thepaypers.com/crypto-web3-and-cbdc/news/zero-hash-and-marqeta-partner-on-stablecoin-card-spending,"zero hash, marqeta partner on stablecoin card spending | the paypers",f144bb63bb53953c2e0e611a695d9aa7c86ac5ac850e1e8751b7dae963d8def4,2026-07-27T14:54:38.245684+00:00,detail_page_fetch,İlgisiz,Bağımsız Gelişme,Good,2026-07-27,,,,Yayın Tarihi,2026-07-27,publication_date,Yayın tarihi bulundu; recency için kullanıldı.,False,,False,,2026-07-27,Orta,publication_date,False,2026-08-08,Kesim tarihinden eski: 2026-07-27 < 2026-08-08,İş Birliği,True,"İş birliği, mutabakat veya entegrasyon duyurusu içeriyor.",True,True,True,https://thepaypers.com/news
RI-cca8a4554f6d,DOC-REG-242-20260727145433,REG-242,Tier 2,the_paypers,The Paypers,The Paypers Payments News,Fintech Haberi,https://thepaypers.com/news,Unlimit and Xiaomi GetApps expand payments partnership | The Paypers,2026-07-27,https://thepaypers.com/payments/news/unlimit-and-xiaomi-getapps-expand-payments-partnership,"News
Payments
Unlimit and Xiaomi GetApps expand payments partnership
Sinziana Albu
27 Jul 2026 / 5 Min Read
Unlimit and Xiaomi GetApps have expanded their partnership to combine cross-border payments with global app distribution for game studios.
The expanded agreement combines Unlimit's cross-border payment infrastructure with GetApps' distribution network, allowing game studios and developers to manage user acquisition and financial operations through a single arrangement.
Under the terms of the expansion, game studios and developers working with Unlimit gain access to preferential rates and dedicated opportunities on GetApps, intended to reduce distribution costs and support user acquisition. In turn, GetApps partners and developers can use Unlimit's business accounts and payment services, including IBAN accounts and cross-border settlement, to manage their financial operations and fund expansion into new markets. The two companies describe the arrangement as connecting distribution and payment infrastructure that studios have typically had to manage separately.
Market context
According to the official press release, the mobile gaming sector was valued at USD 157.6 billion in 2025 and is projected to reach USD 256.2 billion by 2030, according to Grand View Research, implying annual growth of more than 10%. As studios expand into new markets to capture this growth, cross-border payment processing has remained largely manual: LexisNexis Risk Solutions research cited by the companies puts the average global straight-through processing rate for cross-border business payments at 26%, meaning most transactions require manual intervention. For studios operating across multiple jurisdictions, this creates operational overhead that the expanded partnership is intended to address on both the distribution and payments side.
Sergejs Dupleca
, Head of Business Growth and Partnerships at Unlimit,
said the collaboration reflects the company's aim to connect the infrastructure that game studios and digital businesses need to operate internationally, describing the extension of the GetApps relationship as a continuation of an existing partnership rather than a new initiative.
The expansion forms part of Unlimit's broader activity in the gaming and digital economy sector, where the company has said it is building out its presence across markets in Asia, Europe, and Latin America. Xiaomi GetApps, meanwhile, continues to operate as Xiaomi's official channel for app distribution, giving developers a route to users across the markets where Xiaomi devices are sold.
The partnership illustrates a broader trend of payment providers and app distribution platforms aligning their services for game studios, whose growth increasingly depends on operating across borders. Moreover, through the process of pairing distribution reach with settlement and account infrastructure, the companies aim to reduce the number of separate providers studios need to manage as they scale internationally.
Keywords:
partnership
payments
ecommerce
cross-border payments
app distribution
Countries:
United States of America
News on Payments
27 Jul 2026
5 min read
Revolut RevTag pass now available in Apple Wallet and Google Wallet
Lidl selects Wero for online payments in Germany
Zilch partners with Rezolve Ai to expand fee-free payments
4 min read
Juspay integrates Hyperswitch payment platform with Recurly
Expert views on Payments
Unfiltered: the interchange fees illusion
8 min read
Consolidating treasury with a single multi-currency account
17 Jul 2026
6 min read
FIFA World Cup 2026: fraud and payments lessons from the biggest tournament yet
15 Jul 2026
10 min read
Switzerland: an analysis of payments and ecommerce trends
08 Jul 2026
Mastercard's new scam merchant initiative: from monitoring fraud to monitoring trust
07 Jul 2026
The Paypers is a global hub for market insights, real-time news, expert interviews, and in-depth analyses and resources across payments, fintech, and the digital economy. We deliver reports, webinars, and commentary on key topics, including regulation, real-time payments, cross-border payments and ecommerce, digital identity, payment innovation and infrastructure, Open Banking, Embedded Finance, crypto, fraud and financial crime prevention, and more – all developed in collaboration with industry experts and leaders.
Categories
Fraud and Fincrime
Fintech
Crypto, Web3 and CBDC
Regulations
M&A and Investments
Current themes
A2A Payments
Payment Orchestration
TradFi and DeFi Convergence
KYC, KYB and Digital Identity
Scams and Fraud
Embedded Finance
Real-Time Payments
The Paypers
Team
Advertise
About
Contact
Prinsengracht 777e
1017 JZ Amsterdam
P: +31 20 658 0652
E: editor@thepaypers.com
No part of this site can be reproduced without explicit permission of The Paypers (v2.7).
Privacy Policy
Cookie Statement
Copyright",649f06d6ef960ddbdae25b5d9607d03873cc99e440ded24779c1644d11db8789,https://thepaypers.com/payments/news/unlimit-and-xiaomi-getapps-expand-payments-partnership,unlimit and xiaomi getapps expand payments partnership | the paypers,649f06d6ef960ddbdae25b5d9607d03873cc99e440ded24779c1644d11db8789,2026-07-27T14:54:39.339809+00:00,detail_page_fetch,İlgisiz,Bağımsız Gelişme,Good,2026-07-27,,,,Yayın Tarihi,2026-07-27,publication_date,Yayın tarihi bulundu; recency için kullanıldı.,False,,False,,2026-07-27,Orta,publication_date,False,2026-08-08,Kesim tarihinden eski: 2026-07-27 < 2026-08-08,İş Birliği,True,"İş birliği, mutabakat veya entegrasyon duyurusu içeriyor.",True,True,True,https://thepaypers.com/news
RI-382534e301f5,DOC-REG-242-20260727145433,REG-242,Tier 2,the_paypers,The Paypers,The Paypers Payments News,Fintech Haberi,https://thepaypers.com/news,Lidl selects Wero for online payments in Germany | The Paypers,2026-07-27,https://thepaypers.com/payments/news/lidl-selects-wero-for-online-payments-in-germany,"News
Payments
Lidl selects Wero for online payments in Germany
Sinziana Albu
27 Jul 2026 / 5 Min Read
Lidl has selected Wero, the European Payments Initiative's A2A payment method, for online purchases on Lidl.de.
The rollout begins in Germany, with EPI and Lidl planning to extend Wero acceptance to the online shops in Belgium and France later in 2026. According to the official press release, in-store payment acceptance is planned for later in the year as well.
Wero allows consumers to pay directly from their bank account via a mobile application, without routing the transaction through a card scheme. The method is designed for online and, eventually, in-store use, and is positioned by EPI as an alternative to existing card-based and wallet payment options in Europe.
Context: EPI's rollout strategy
EPI was established by a group of European banks and payment service providers to develop a domestic A2A payment scheme intended to reduce reliance on non-European card networks. Wero, the initiative's consumer-facing brand, has been rolled out progressively across EU markets, first for peer-to-peer transfers before extending into ecommerce and, in some markets, point-of-sale payments.
The agreement with Lidl follows this pattern: an initial launch in one market ahead of expansion into other countries where Lidl and Schwarz Group operate online shops. The phased approach mirrors EPI's broader go-to-market model, which has prioritised building acceptance among large-scale retailers before pursuing wider merchant coverage.
Nicola Bracht
, Head of Schwarz Payment Solutions, said the launch reflects the company's focus on a seamless customer experience alongside data protection and IT security aligned with European standards, and that the group anticipates further expansion of Wero into a cross-channel payment method.
Moreover,
Iryna Agieieva
, Director of Product Management at Mollie, a payment service provider involved in EPI's merchant workshops, said that dialogue between EPI and payment service providers has shaped elements of Wero's rollout, including changes intended to support merchant adoption.
The addition of Lidl.de to Wero's acceptance network extends the scheme's reach among high-volume European online retailers. Whether Wero achieves broader adoption will depend on continued expansion into other national markets, extension to in-store payments, and the pace at which additional merchants and banks join the scheme. The Lidl agreement is one of several retailer partnerships EPI is pursuing as it builds out Wero's merchant-side acceptance following the earlier consumer-transfer phase of its rollout.
Keywords:
partnership
payments
A2A payments
ecommerce
digital payments
Countries:
Germany
Interviews on Payments
Executive Conversations by The Paypers with PayFuture: Moving money into the markets that break everyone else
08 Jul 2026
4 min read
From local champions to a pan-European solution – Interview with Arjan Bol, Dutch Payments Association
28 Jan 2026
8 min read
[Payments Unleashed] Video interview with Ron Shultz, ACI Worldwide
14 Nov 2025
5 min read
RTPs and A2A payments in Australia – where are we now? | Exclusive interview with Australian Payments Plus
13 Nov 2025
6 min read
SEPA 3.0: Entering a new era of European payments – Interview with Gijs Boudewijn, EPC Chair
29 Oct 2025
Expert views on Payments
Unfiltered: the interchange fees illusion
27 Jul 2026
Consolidating treasury with a single multi-currency account
17 Jul 2026
FIFA World Cup 2026: fraud and payments lessons from the biggest tournament yet
15 Jul 2026
10 min read
Switzerland: an analysis of payments and ecommerce trends
Mastercard's new scam merchant initiative: from monitoring fraud to monitoring trust
07 Jul 2026
The Paypers is a global hub for market insights, real-time news, expert interviews, and in-depth analyses and resources across payments, fintech, and the digital economy. We deliver reports, webinars, and commentary on key topics, including regulation, real-time payments, cross-border payments and ecommerce, digital identity, payment innovation and infrastructure, Open Banking, Embedded Finance, crypto, fraud and financial crime prevention, and more – all developed in collaboration with industry experts and leaders.
Categories
Fraud and Fincrime
Fintech
Crypto, Web3 and CBDC
Regulations
M&A and Investments
Current themes
A2A Payments
Payment Orchestration
TradFi and DeFi Convergence
KYC, KYB and Digital Identity
Scams and Fraud
Embedded Finance
Real-Time Payments
The Paypers
Team
Advertise
About
Contact
Prinsengracht 777e
1017 JZ Amsterdam
P: +31 20 658 0652
E: editor@thepaypers.com
No part of this site can be reproduced without explicit permission of The Paypers (v2.7).
Privacy Policy
Cookie Statement
Copyright",41404bf90f2ba8b43042e062790299f68d0229bbc1b6ac88ac4ce571e6b2094b,https://thepaypers.com/payments/news/lidl-selects-wero-for-online-payments-in-germany,lidl selects wero for online payments in germany | the paypers,41404bf90f2ba8b43042e062790299f68d0229bbc1b6ac88ac4ce571e6b2094b,2026-07-27T14:54:40.423297+00:00,detail_page_fetch,İlgisiz,Bağımsız Gelişme,Good,2026-07-27,,,,Yayın Tarihi,2026-07-27,publication_date,Yayın tarihi bulundu; recency için kullanıldı.,False,,False,,2026-07-27,Orta,publication_date,False,2026-08-08,Kesim tarihinden eski: 2026-07-27 < 2026-08-08,İş Birliği,True,"İş birliği, mutabakat veya entegrasyon duyurusu içeriyor.",True,True,True,https://thepaypers.com/news
RI-643aaf1b7f50,DOC-REG-242-20260727145433,REG-242,Tier 2,the_paypers,The Paypers,The Paypers Payments News,Fintech Haberi,https://thepaypers.com/news,China completes first digital yuan payment to Singapore | The Paypers,2026-07-27,https://thepaypers.com/crypto-web3-and-cbdc/news/china-completes-first-cross-border-digital-yuan-payment-to-singapore,"News
Crypto, Web3 and CBDC
China completes first cross-border digital yuan payment to Singapore
Sinziana Albu
27 Jul 2026 / 5 Min Read
China has completed its first cross-border digital yuan payment to Singapore, involving ICBC, ICBC Singapore, and W Company.
The transaction was carried out through China's Digital Currency Express (CBETS) platform and covered import shipping fees of approximately ten million yuan (CNY), which were transferred to Singapore on the same day. The payment forms part of broader efforts in China to extend the use of the digital yuan, also known as e-CNY, in cross-border trade settlement.
The transaction was completed on behalf of W Company, described as a subsidiary of a centrally owned trading platform that regularly imports iron ore and pays overseas shipping charges. It was carried out through a joint effort between the Shanghai branch of the Industrial and Commercial Bank of China (ICBC) and ICBC Singapore, and represents the first digital yuan cross-border payment recorded between China and Singapore.
According to the source, the digital payment method differs from traditional international transfer channels by offering a more direct route for settlement, shortening transaction times, and reducing exchange costs. In this case, the funds covering shipping fees were transferred to Singapore on the same day the payment was initiated, rather than following the multi-day settlement cycles typically associated with correspondent banking arrangements for cross-border trade payments.
Expansion of digital yuan infrastructure
The report frames the transaction as part of a wider effort to strengthen the payment infrastructure supporting the digital yuan. The Digital Currency Express platform was developed under the guidance of the People's Bank of China's Digital Currency Research Institute and was restructured in 2026. Moreover, the platform is designed to support both centralised and blockchain-based systems, which the source states makes it compatible with existing international payment infrastructure.
The platform also allows foreign financial institutions to connect via an access point in Hong Kong, referred to as 'One Point of Access'. This connectivity mechanism is intended to enable overseas banks to link into the digital yuan payment network without requiring a separate direct integration with Chinese domestic systems.
Relevance for trade settlement
The transaction underscores continued efforts by Chinese authorities to position the digital yuan as a settlement option for cross-border trade, particularly for transactions involving commodity imports such as iron ore. Through the process of routing shipping-fee payments through CBETS rather than conventional correspondent banking channels, the parties involved were able to complete settlement on the same day, according to the source. Further details on the volume of digital yuan cross-border transactions processed since the CBETS platform's 2026 restructuring were not provided in the original report.
Keywords:
digital yuan
digital currency
Cross-Border Payment
cross-border ecommerce
Countries:
China
News on Crypto, Web3 and CBDC
Zero Hash and Marqeta partner on stablecoin card spending
27 Jul 2026
5 min read
BitMEX to close crypto exchange by September 2026
OpenPayd expands institutional reach through Fireblocks’ payments network
24 Jul 2026
Ramp launches AI Token Spend Management platform
Expert views on Crypto, Web3 and CBDC
Can stablecoins fix cross-border payments? Industry experts weigh in
17 Jul 2026
An opportunity for a fundamental shift in the architecture of the financial systems
09 Jul 2026
Inside Latvia's strategy to win the European crypto race
29 Jun 2026
16 min read
Unfiltered: The payments sovereignty decoy
26 Jun 2026
8 min read
Digital assets and the future of money movement: where stablecoins and tokenized deposits are creating value today
17 Jun 2026
The Paypers is a global hub for market insights, real-time news, expert interviews, and in-depth analyses and resources across payments, fintech, and the digital economy. We deliver reports, webinars, and commentary on key topics, including regulation, real-time payments, cross-border payments and ecommerce, digital identity, payment innovation and infrastructure, Open Banking, Embedded Finance, crypto, fraud and financial crime prevention, and more – all developed in collaboration with industry experts and leaders.
Categories
Payments
Fraud and Fincrime
Fintech
Regulations
M&A and Investments
Current themes
A2A Payments
Payment Orchestration
TradFi and DeFi Convergence
KYC, KYB and Digital Identity
Scams and Fraud
Embedded Finance
Real-Time Payments
The Paypers
Team
Advertise
About
Contact
Prinsengracht 777e
1017 JZ Amsterdam
P: +31 20 658 0652
E: editor@thepaypers.com
No part of this site can be reproduced without explicit permission of The Paypers (v2.7).
Privacy Policy
Cookie Statement
Copyright",b22601cb11c206f033b419388f3dd21baad0b5eedd00186d1bd6f6ebe95ffda7,https://thepaypers.com/crypto-web3-and-cbdc/news/china-completes-first-cross-border-digital-yuan-payment-to-singapore,china completes first digital yuan payment to singapore | the paypers,b22601cb11c206f033b419388f3dd21baad0b5eedd00186d1bd6f6ebe95ffda7,2026-07-27T14:54:42.015839+00:00,detail_page_fetch,İlgisiz,Bağımsız Gelişme,Good,2026-07-27,,,,Yayın Tarihi,2026-07-27,publication_date,Yayın tarihi bulundu; recency için kullanıldı.,False,,False,,2026-07-27,Orta,publication_date,False,2026-08-08,Kesim tarihinden eski: 2026-07-27 < 2026-08-08,İş Birliği,True,"İş birliği, mutabakat veya entegrasyon duyurusu içeriyor.",True,True,True,https://thepaypers.com/news
RI-ad8101eb8bc3,DOC-REG-242-20260727145433,REG-242,Tier 2,the_paypers,The Paypers,The Paypers Payments News,Fintech Haberi,https://thepaypers.com/news,Visa and Airwallex partner on freight payments | The Paypers,2026-07-24,https://thepaypers.com/payments/news/visa-and-airwallex-to-build-freight-payment-infrastructure,"News
Payments
Visa and Airwallex to build freight payment infrastructure
Sinziana Albu
24 Jul 2026 / 5 Min Read
Visa and Airwallex have announced a collaboration to develop Embedded Finance solutions for freight and shipping platforms.
The companies plan to combine Visa's commercial payments, acceptance, and risk management expertise with Airwallex's Embedded Finance infrastructure and multi-currency platform technology. The collaboration targets long-standing issues in the freight sector, including extended settlement cycles, working-capital constraints, foreign-exchange complexity, and operational friction tied to cross-border trade.
Addressing settlement delays in freight
According to the companies, payments in the shipping industry take an average of 42 days to reach the invoicing company, while processing and administrative costs linked to manual document handling can account for close to one-fifth of total transportation costs. These figures illustrate the scale of inefficiency that persists despite growing digitisation across freight booking and logistics management.
Rather than applying standardised payment tools across sectors, Visa and Airwallex intend to design solutions around the specific operational needs of freight and shipping businesses. The aim is to allow freight platforms, digital forwarders, and logistics marketplaces to embed payment and financial capabilities directly into existing workflows, enabling customers to manage costs, access working capital, and move funds across multiple countries and currencies within the same digital environment.
The initiative builds on the companies' broader working relationship, which has previously focused on cross-border B2B payments. This latest step extends that collaboration into a more specialised, vertical-specific model, with the stated intention of creating a repeatable framework that could later apply to other complex B2B sectors where payment infrastructure has not kept pace with digital transformation.
Alessandro Figueroa
, Head of New Verticals & Partnerships, Visa Commercial Solutions, Europe, mentioned that
the freight and shipping sector remains fundamental to the global economy but continues to rely on fragmented and manual payment processes, adding that combining Visa's commercial payments expertise with Airwallex's technology platform is intended to help bring Embedded Finance solutions to market for the sector.
Moreover,
Christos Chamberlain
, General Manager for UK and Europe at Airwallex,
said capital tied up during cross-border settlement represents funds that could otherwise support operational needs such as financing shipments, and that the partnership with Visa aims to improve the speed and reliability of payments for freight operators.
Industry context
The freight and logistics sector has seen increased platform digitisation in recent years, with marketplaces and digital forwarders changing how goods are booked and tracked. However, financial processes underpinning these transactions have often remained separate from operational systems, contributing to cash-flow pressure for smaller operators in particular. Embedded Finance has emerged as one approach used by payments providers to integrate financial services directly into industry-specific software, reducing reliance on manual reconciliation and delayed settlement.
Keywords:
partnership
payments
B2B payments
ecommerce
cross-border payments
Embedded Finance
Countries:
World
News on Payments
Unlimit and Xiaomi GetApps expand payments partnership
27 Jul 2026
5 min read
Revolut RevTag pass now available in Apple Wallet and Google Wallet
Lidl selects Wero for online payments in Germany
Zilch partners with Rezolve Ai to expand fee-free payments
4 min read
Juspay integrates Hyperswitch payment platform with Recurly
Expert views on Payments
Unfiltered: the interchange fees illusion
8 min read
Consolidating treasury with a single multi-currency account
17 Jul 2026
6 min read
FIFA World Cup 2026: fraud and payments lessons from the biggest tournament yet
15 Jul 2026
10 min read
Switzerland: an analysis of payments and ecommerce trends
08 Jul 2026
Mastercard's new scam merchant initiative: from monitoring fraud to monitoring trust
07 Jul 2026
The Paypers is a global hub for market insights, real-time news, expert interviews, and in-depth analyses and resources across payments, fintech, and the digital economy. We deliver reports, webinars, and commentary on key topics, including regulation, real-time payments, cross-border payments and ecommerce, digital identity, payment innovation and infrastructure, Open Banking, Embedded Finance, crypto, fraud and financial crime prevention, and more – all developed in collaboration with industry experts and leaders.
Categories
Fraud and Fincrime
Fintech
Crypto, Web3 and CBDC
Regulations
M&A and Investments
Current themes
A2A Payments
Payment Orchestration
TradFi and DeFi Convergence
KYC, KYB and Digital Identity
Scams and Fraud
Real-Time Payments
The Paypers
Team
Advertise
About
Contact
Prinsengracht 777e
1017 JZ Amsterdam
P: +31 20 658 0652
E: editor@thepaypers.com
No part of this site can be reproduced without explicit permission of The Paypers (v2.7).
Privacy Policy
Cookie Statement
Copyright",b00736cad5856729c6b0220548866b3abba5495a36fe0fb8aa0ed23c078c850e,https://thepaypers.com/payments/news/visa-and-airwallex-to-build-freight-payment-infrastructure,visa and airwallex partner on freight payments | the paypers,b00736cad5856729c6b0220548866b3abba5495a36fe0fb8aa0ed23c078c850e,2026-07-27T14:54:44.801783+00:00,detail_page_fetch,İlgili,Bağımsız Gelişme,Good,2026-07-24,,,,Yayın Tarihi,2026-07-24,publication_date,Yayın tarihi bulundu; recency için kullanıldı.,False,,False,,2026-07-24,Orta,publication_date,False,2026-08-08,Kesim tarihinden eski: 2026-07-24 < 2026-08-08,İş Birliği,True,"İş birliği, mutabakat veya entegrasyon duyurusu içeriyor.",True,True,True,https://thepaypers.com/news
RI-0cae9dfad4ac,DOC-REG-242-20260727145433,REG-242,Tier 2,the_paypers,The Paypers,The Paypers Payments News,Fintech Haberi,https://thepaypers.com/news,Mastercard updates virtual card platform | The Paypers,2026-07-24,https://thepaypers.com/payments/news/mastercard-adds-new-controls-to-virtual-card-platform,"News
Payments
Mastercard adds new controls to virtual card platform
Sinziana Albu
24 Jul 2026 / 5 Min Read
Mastercard has updated its virtual card platform, In Control, adding new security controls and embedded payment features, with Citi named as first adopter.
According to the official press release, the company’s VCN ecosystem now spans issuers, direct platforms and corporates operating across 43 countries and territories, including 14 in Asia Pacific, and supports 174 currencies.
A central part of the update is Commercial Connect API, which Mastercard describes as a single point of access for customers to manage and scale virtual card capabilities. The company said the API is intended to address integration challenges in the sector, citing data indicating that 69% of companies struggle to connect payment and business systems. Furthermore, new additions to the platform include the ability to apply multiple control sets at the physical card level, so that controls extend across all related virtual cards without exposing card credentials, as well as a combined process for virtual card creation and payment initiation.
Controls across the payment lifecycle
Mastercard has also introduced Issuer Enforced Controls, a new feature that applies at the point a virtual card number is created. It allows issuers to set baseline parameters such as spend limits, transaction caps, and validity periods before a card is used. This builds on Clearing Controls, introduced in 2025, which extend control checks beyond authorisation into the clearing stage. At the same time, the updated version of Clearing Controls allows corporates and platforms to block invalid transactions, apply more granular rules, and manage payment timing, with centralised policy management as programmes grow. Mastercard said fraud rates on virtual cards are less than one-fifth of those on non-virtual cards, a figure it said is lower still for virtual cards issued through In Control. Citi has already implemented both Issuer Enforced Controls and Clearing Controls and is expected to extend them globally later in 2026.
Embedded payments network expands
Mastercard launched its embedded VCN programme globally in March 2025, and the company said partners across expense management, ERP, accounts payable, travel, hospitality, healthcare, and ecommerce have since joined. In Asia Pacific, Mastercard, Coupa, and HSBC completed the region’s first fully embedded finance virtual card transaction, enabling Pact Group to pay suppliers using virtual cards embedded in its procurement platform. Mastercard also cited partnerships with Juniper Travel, HBX Group, and TravelSoft in the travel sector, and a collaboration with Volo Health in India aimed at automating payment, collection, and reconciliation processes in healthcare.
The updates come as virtual card adoption continues to grow in B2B payments, with providers increasingly differentiating on platform capabilities, integration options, and control features rather than on the underlying card product alone.
Keywords:
product launch
product upgrade
payments
digital wallets
Countries:
World
News on Payments
Unlimit and Xiaomi GetApps expand payments partnership
27 Jul 2026
5 min read
Revolut RevTag pass now available in Apple Wallet and Google Wallet
Lidl selects Wero for online payments in Germany
Zilch partners with Rezolve Ai to expand fee-free payments
4 min read
Juspay integrates Hyperswitch payment platform with Recurly
Expert views on Payments
Unfiltered: the interchange fees illusion
8 min read
Consolidating treasury with a single multi-currency account
17 Jul 2026
6 min read
FIFA World Cup 2026: fraud and payments lessons from the biggest tournament yet
15 Jul 2026
10 min read
Switzerland: an analysis of payments and ecommerce trends
08 Jul 2026
Mastercard's new scam merchant initiative: from monitoring fraud to monitoring trust
07 Jul 2026
The Paypers is a global hub for market insights, real-time news, expert interviews, and in-depth analyses and resources across payments, fintech, and the digital economy. We deliver reports, webinars, and commentary on key topics, including regulation, real-time payments, cross-border payments and ecommerce, digital identity, payment innovation and infrastructure, Open Banking, Embedded Finance, crypto, fraud and financial crime prevention, and more – all developed in collaboration with industry experts and leaders.
Categories
Fraud and Fincrime
Fintech
Crypto, Web3 and CBDC
Regulations
M&A and Investments
Current themes
A2A Payments
Payment Orchestration
TradFi and DeFi Convergence
KYC, KYB and Digital Identity
Scams and Fraud
Embedded Finance
Real-Time Payments
The Paypers
Team
Advertise
About
Contact
Prinsengracht 777e
1017 JZ Amsterdam
P: +31 20 658 0652
E: editor@thepaypers.com
No part of this site can be reproduced without explicit permission of The Paypers (v2.7).
Privacy Policy
Cookie Statement
Copyright",2b90f1e0a7c71c6ce6fcbd3027d189952ee8317e2051b085d3bbddeb17a1d0b9,https://thepaypers.com/payments/news/mastercard-adds-new-controls-to-virtual-card-platform,mastercard updates virtual card platform | the paypers,2b90f1e0a7c71c6ce6fcbd3027d189952ee8317e2051b085d3bbddeb17a1d0b9,2026-07-27T14:54:46.739338+00:00,detail_page_fetch,İlgili,Bağımsız Gelişme,Good,2026-07-24,,,,Yayın Tarihi,2026-07-24,publication_date,Yayın tarihi bulundu; recency için kullanıldı.,False,,False,,2026-07-24,Orta,publication_date,False,2026-08-08,Kesim tarihinden eski: 2026-07-24 < 2026-08-08,İş Birliği,True,"İş birliği, mutabakat veya entegrasyon duyurusu içeriyor.",True,True,True,https://thepaypers.com/news
RI-232be7d4e9cf,DOC-REG-241-20260727145426,REG-241,Tier 2,payments_dive,Payments Dive,Payments Dive Technology,Fintech Haberi,https://www.paymentsdive.com/topic/technology/,"Nium targets stablecoins, growth","July 23, 2026",https://www.paymentsdive.com/news/nium-targets-stablecoins-growth/826027,"Skip to main content
CONTINUE TO SITE ➞
Don't miss tomorrow's Payments industry news
Let Payments Dive's free newsletter keep you informed, straight from your inbox.
By signing up to receive our newsletter, you agree to our
Terms of Use
and
Privacy Policy
. You can unsubscribe at anytime.
Informa TechTarget
Banking Dive
Restaurant Dive
Retail Dive
Explore our brands
An Informa TechTarget Publication
An article from
Q&A
Nium targets stablecoins, growth
The cross-border payments company bought Cypher this month to roll forward its stablecoin strategy, says CEO Prajit Nanu.
Published July 23, 2026
Lynne Marek
Lead Editor
Getty Images
The payments company Nium has made a business in cross-border payments, fittingly from its dual headquarters in Singapore and San Francisco. It has also created a platform for card issuing that reaches across boundaries.
In March, the company fortified its business for the advance of cryptocurrencies by adding more stablecoin services, allowing its financial institution, corporate and fintech clients that hold stablecoins to
issue cards on the Visa and Mastercard networks
. That allows the card holders to spend the cryptocurrency at merchants worldwide.
This month, the company took another step in that direction by
buying the cryptocurrency digital wallet business Cypher
(financial details weren’t released). While Nium already supported funding and settlement of stablecoins, the acquisition will let it further develop crypto services in the blockchain ecosystem for digital transactions.
In an interview last week, Nium CEO Prajit Nanu talked about the company’s acquisition, growth plans and stablecoin strategy. The company has raised $339 million to pursue its goals.
Editor’s note: This interview has been edited for clarity and brevity.
PAYMENTS DIVE: Why did Nium buy Cypher?
PRAJIT NANU: Digital assets [have] gotten a big push recently, thanks to stablecoins becoming a thing. If you think about the Genius Act, which came in place like a year ago, [it] made stablecoins a legit use case. We see a significant aspect of usage in stablecoins. I believe a lot of countries where traditional finance has had difficulty in penetration, they [will] have more people coming on chain or and experiencing finance, versus traditional finance…So, we bought a consumer company which has significant understanding of how this works, and our intention is that we will relabel this consumer company, make it into [application programming interfaces], so anyone can launch a massive infrastructure [for] on-chain financial services using our infrastructure.
Who are your corporate customers, aside from banks?
It could be international conglomerates trying to pay employees. It could be international companies with multiple entities across the globe where they need the treasury movement to happen. It could be payroll companies, [or] marketplaces like e-commerce companies.
That business-to-business arena is fairly competitive. How fierce do you find those rivalries?
We believe we have a right to win in this space, like we don't spray and pray. It's just very sticky, and that's what our strength is. That's why some of the largest banks in the world work with us to build this out because their view is very simple that they need one platform which they can trust as they scale and grow. That's where our strength has been. We're very, very focused. We don't get distracted. We don't do any acquiring – a lot of our peers are veering into card acquiring. We don't do any card acquiring. Our focus is on a more efficient way to move money on the bank networks.
Does Nium see promise in using real-time payments, such as the Federal Reserve’s instant payments system FedNow, which is piloting features that could support cross-border?
There's a massive opportunity. Payments today [need] to be instant, right? Like if I send money from Europe to the U.K., or from the U.K. to Singapore, money arrives instantly because there's an instant switch on both sides where you can accept and basically pull money instantly. So, I think it's time that that transformation does come to the U.S.
Do you have more acquisitions and mergers planned?
M & A is a core part of what we do. This is our fourth acquisition. We believe we have a good book of companies we want to buy. We know exactly what we want to buy…So, we believe that there is more consolidation possible in this market.
Which companies are you targeting?
We are very strong in Asia, Europe and the U.S. So, Latin America and Africa are two places where we are not really strong. So those are places where we’ll double down, and figure out assets to basically buy.
Stablecoins roll on as rules evolve
April 2, 2026
InstaRem rebrands as Nium amid repositioning to global enterprise payments platfom
Mobile Payments Today
Filed Under:
Banking,
Technology,
B2B
Keep up with the story. Subscribe to the Payments Dive free daily newsletter
Email:
Select user consent:
Sign up
A valid email address is required.
Please select at least one newsletter.
Subscribe to Payments Dive for top news, trends & analysis
Sign up for the free
newsletter.
Interested? Explore more of what
has to offer.
One-click newsletter signup
Thanks for signing up!
Please keep an eye out for a confirmation email from
[email protected]
To ensure we make it into your inbox regularly,
add us to your allow list, mark us as a safe sender, or add us to your address book.
Check out more from
Amex ups marketing, tech spend
5 payments podcasts for a listen
Ramp, FIS make AI moves
OCC denies Wise a trust charter
Virtual Event Playback
How the payments landscape is evolving in retail
Infographic
The GTM Guide to Embedded Payments
Custom content for
Adyen
Trendline
Trends and opportunities in embedded payments
Supported by
NMI
View all
Post a press release
TechCrunch
Jack Dorsey is taking on Slack with Buzz, a group chat platform for teams and their AI agents
Reuters
Citigroup hires five US tech investment banking executives from rivals
CX Dive
How Bank of America’s rewards program courts Gen Z
Promote an event",b7c5f1610e6432ff371c38697ad24592e542dade7bf9e8026c480af6b738633f,https://www.paymentsdive.com/news/nium-targets-stablecoins-growth/826027,"nium targets stablecoins, growth",b7c5f1610e6432ff371c38697ad24592e542dade7bf9e8026c480af6b738633f,2026-07-27T14:57:05.951841+00:00,detail_page_fetch,İlgisiz,Bağımsız Gelişme,Good,2026-07-23,,,,Yayın Tarihi,2026-07-23,publication_date,Yayın tarihi bulundu; recency için kullanıldı.,False,,False,,2026-07-23,Yüksek,english_publication_date,False,2026-08-08,Kesim tarihinden eski: 2026-07-23 < 2026-08-08,Ürün / Özellik Gelişmesi,True,"Ürün, API, POS, ödeme, tahsilat veya dijital özellik gelişmesi sinyali içeriyor.",True,True,True,https://www.paymentsdive.com/topic/technology/
RI-778eb201c777,DOC-REG-241-20260727145426,REG-241,Tier 2,payments_dive,Payments Dive,Payments Dive Technology,Fintech Haberi,https://www.paymentsdive.com/topic/technology/,Bottomline adds stablecoin tools,"July 16, 2026",https://www.paymentsdive.com/news/fintech-bottomline-brings-stablecoin-capabilities-cfo-suite/825337,"Skip to main content
CONTINUE TO SITE ➞
Don't miss tomorrow's Payments industry news
Let Payments Dive's free newsletter keep you informed, straight from your inbox.
By signing up to receive our newsletter, you agree to our
Terms of Use
and
Privacy Policy
. You can unsubscribe at anytime.
Informa TechTarget
Banking Dive
Restaurant Dive
Retail Dive
Explore our brands
An Informa TechTarget Publication
An article from
Dive Brief
Bottomline adds stablecoin tools
The company is betting the new digital currency will gain traction across corporate payment, treasury and liquidity workflows.
Published July 16, 2026
Alexei Alexis
Reporter
Getty Images
First published on
Dive Brief:
Financial technology firm Bottomline has
added stablecoin capabilities
to its suite of services, giving corporate finance teams a way to incorporate digital dollar transactions into existing payment and treasury workflows, the company said Monday.
The new features are designed to allow chief financial officers and their finance teams to send, receive and manage stablecoins while establishing approvals, controls and audit processes, according to a press release from the company.
“Stablecoins are becoming more relevant to corporate finance, but adoption depends on whether finance teams can manage them with the same visibility, controls, and governance they expect from existing payment methods,” Colin Swain, global head of product for corporate solutions at Bottomline, said in the release. “Bringing stablecoin into the CFO Suite gives finance teams a way to explore and use it without stepping outside the workflows they already trust.”
Dive Insight:
The move marks the latest effort by payments and financial technology providers to bring digital assets closer to mainstream business transactions.
Stablecoins are typically pegged to the value of a traditional currency like the dollar, making them less volatile than other digital currencies like Bitcoin.
Stripe
Visa
Mastercard
PayPal
are among companies that have launched stablecoin-related initiatives, reflecting growing interest in digital dollars as a potential payment rail.
The push comes amid growing regulatory clarity for stablecoins in the United States.
The GENIUS Act, signed into law last year, established the first federal framework for dollar-backed payment stablecoins. Federal banking regulators have since begun developing rules to implement the law.
The digital, stable and secure nature of stablecoins makes them ideal for instantaneous, real-time,
24/7 payment settlements
, Jim DeLoach, managing director for global consulting firm Protiviti, said in a March article published by Forbes.
He said CFOs should begin evaluating targeted stablecoin use cases while considering the potential risks and benefits before moving forward.
“Digital asset opportunities are likely to materialize very quickly, so finance leaders should have in place a disciplined evaluation framework that’s ready to use when needed,” DeLoach wrote.
While stablecoins are attracting growing interest for payments and liquidity management, many corporate finance teams still lack a practical way to manage them within existing treasury and finance operations, according to Bottomline’s release.
The fintech’s new capabilities allow companies to explore stablecoin payments “within the same controls, visibility, and governance frameworks they use to run corporate finance operations,” the release said.
Last month, Bottomline announced the
launch of its CFO suite
, a platform designed for managing cash flow across the finance function.
The company was
acquired by private equity
firm Thoma Bravo in 2022 in a transaction valued at about $2.6 billion.
Filed Under:
Technology,
B2B
Subscribe to Payments Dive for top news, trends & analysis
Email:
Select user consent:
Sign up
A valid email address is required.
Please select at least one newsletter.
Sign up for the free
newsletter.
Interested? Explore more of what
has to offer.
One-click newsletter signup
Thanks for signing up!
Please keep an eye out for a confirmation email from
[email protected]
To ensure we make it into your inbox regularly,
add us to your allow list, mark us as a safe sender, or add us to your address book.
Check out more from
Amex ups marketing, tech spend
5 payments podcasts for a listen
Ramp, FIS make AI moves
OCC denies Wise a trust charter
Virtual Event Playback
How the payments landscape is evolving in retail
Infographic
The GTM Guide to Embedded Payments
Custom content for
Adyen
Trendline
Trends and opportunities in embedded payments
Supported by
NMI
View all
Post a press release
TechCrunch
Jack Dorsey is taking on Slack with Buzz, a group chat platform for teams and their AI agents
Reuters
Citigroup hires five US tech investment banking executives from rivals
CX Dive
How Bank of America’s rewards program courts Gen Z
Promote an event",cfd13461283257dd41a876b184445f20b6a82e26b3371b5d11882aef8883aba7,https://www.paymentsdive.com/news/fintech-bottomline-brings-stablecoin-capabilities-cfo-suite/825337,bottomline adds stablecoin tools,cfd13461283257dd41a876b184445f20b6a82e26b3371b5d11882aef8883aba7,2026-07-27T14:57:06.131717+00:00,detail_page_fetch,İlgili,Bağımsız Gelişme,Good,2026-07-16,,,,Yayın Tarihi,2026-07-16,publication_date,Yayın tarihi bulundu; recency için kullanıldı.,False,,False,,2026-07-16,Yüksek,english_publication_date,False,2026-08-08,Kesim tarihinden eski: 2026-07-16 < 2026-08-08,Ürün / Özellik Gelişmesi,True,"Ürün, API, POS, ödeme, tahsilat veya dijital özellik gelişmesi sinyali içeriyor.",True,True,True,https://www.paymentsdive.com/topic/technology/
RI-e871eafd584c,DOC-REG-241-20260727145426,REG-241,Tier 2,payments_dive,Payments Dive,Payments Dive Technology,Fintech Haberi,https://www.paymentsdive.com/topic/technology/,"Card networks, banks, fintechs partner on ‘low-cost’ stablecoin","July 1, 2026",https://www.paymentsdive.com/news/stablecoin-open-standard-bridge-abrams-bny-stripe-mastercard-visa-coinbase-adyen/824223,"Skip to main content
CONTINUE TO SITE ➞
Don't miss tomorrow's Payments industry news
Let Payments Dive's free newsletter keep you informed, straight from your inbox.
By signing up to receive our newsletter, you agree to our
Terms of Use
and
Privacy Policy
. You can unsubscribe at anytime.
Informa TechTarget
Banking Dive
Restaurant Dive
Retail Dive
Explore our brands
An Informa TechTarget Publication
An article from
Card networks, banks, fintechs partner on ‘low-cost’ stablecoin
Visa, Mastercard, Klarna and MoneyGram were among the companies that lent their backing to a digital asset launched Tuesday by Open Standard.
Published July 1, 2026
Dan Ennis
Senior Editor
Getty Images
First published on
More than 140 businesses, including the card network Visa and the fintech Stripe, partnered Tuesday on the
launch of a stablecoin
its founder billed as “open, low-cost, high-throughput, broadly accessible, and aligned to [partners’] interests.”
The new stablecoin, Open USD, will be operated by the company Open Standard, with a board made up of Open USD partners. The company will be led, at least in the interim, by Zach Abrams, who is CEO of the Stripe subsidieary Bridge. Open USD is expected to be live “later this year,” according to the launch statement.
The other major card networks Mastercard and American Express have also joined the consortium backing the new stablecoin, called Open USD, as have many digital payments players, including Adyen, Klarna Group and Affirm Holdings. Legacy money transfer companies Western Union and MoneyGram also are taking part as are many banks, including U.S. Bank, Citizens Bank and BNY.
Importantly, the new consortium also includes the cryptocurrency firm Coinbase, which has previously backed Circle Internet Group’s USD Coin, a stablecoin known as USDC, that has been in the market since 2018. Now, Open USD,
will compete with USDC
, which has been a significant player.
In its launch announcement, Open Standard noted three “key design principles” it aims to solve with its stablecoin. First, businesses face prohibitive fees to mint and redeem stablecoins at scale, the consortium said. Open USD would allow users such access at no cost and with no artificial volume limits, the organization said.
Second, earnings from Open USD’s reserves would be split among partners, minus a management fee for operational costs, the consortium said.
And third, Open USD would be run “collaboratively” because Open Standard’s board would be composed of partner members, “ensuring decisions are made for the collective interest, not a single entity,” according to Tuesday’s announcement.
Stablecoins are digital assets that are typically pegged on a one-to-one basis with fiat currencies. They can offer 24/7 market access and near-instant settlement of cross-border payments.
U.S. lawmakers have been working to
forge guidance
surrounding the regulation of stablecoins following passage of the
Genius Act last year
providing a framework for that oversight.
Bridge, which is owned by Stripe, received
conditional approval
in February for a national trust bank charter from the Office of the Comptroller of the Currency. Stripe bought stablecoin platform Bridge
early last year
in a
deal worth $1.1 billion
“Businesses need a stablecoin designed to work … not at the scale of the 2026 economy, but of the 2040 economy, with flurries of activity we can only begin to imagine,”
Stripe’s president of technology and business, Will Gaybrick, said in a statement, adding that Open USD will be the “default stablecoin” for the payment processor’s partner businesses.
Other executives projected Open USD’s impact on the payments segment.
“The more great infrastructure this industry builds together, the faster we close the gap between what payments are today and what they should be,” Shan Aggarwal, Coinbase’s chief business officer, said in a statement.
“In payments, scale only comes with trust,” Jack Forestell, Visa’s chief product and strategy officer, said in a statement. “As stablecoins evolve, the focus must shift from speed to reliability, governance and interoperability.”
Forestell said Visa would bring “the same discipline, risk standards and operational rigor” to Open USD that it applies to its card network.
An executive from Visa’s chief rival, Mastercard, focused on what he saw as a universal tenet of innovation.
“The technologies that changed the world, from the internet to mobile networks, succeeded because they became shared infrastructure that anyone could build on,” said Jorn Lambert, Mastercard’s chief product officer. “As stablecoins become a new way to move value globally, we believe the infrastructure behind them should follow the same path: open, interoperable and broadly accessible.”
Still other partners appeared to have their eyes trained on end users.
“As commerce evolves, so do the expectations of our customers and merchants,” Tom Adams, Adyen’s chief technology officer, said in a statement. “We need to continue to adapt and provide them with clarity, which is why we’re joining OS to help shape an open, merchant-first foundation for stablecoin utility.”
Carolyn Weinberg, BNY’s chief product and innovation officer, noted that her bank expects stablecoins to account for $1.5 trillion in value by 2030.
“A stablecoin with neutral governance and shared economics is a unique combination that has potential to unlock the next phase of digital assets growth,” Weinberg said in Tuesday’s release.
Filed Under:
Technology
Keep up with the story. Subscribe to the Payments Dive free daily newsletter
Email:
Select user consent:
Sign up
A valid email address is required.
Please select at least one newsletter.
Subscribe to Payments Dive for top news, trends & analysis
Sign up for the free
newsletter.
Interested? Explore more of what
has to offer.
One-click newsletter signup
Thanks for signing up!
Please keep an eye out for a confirmation email from
[email protected]
To ensure we make it into your inbox regularly,
add us to your allow list, mark us as a safe sender, or add us to your address book.
Check out more from
Amex ups marketing, tech spend
5 payments podcasts for a listen
Ramp, FIS make AI moves
OCC denies Wise a trust charter
Virtual Event Playback
How the payments landscape is evolving in retail
Infographic
The GTM Guide to Embedded Payments
Custom content for
Adyen
Trendline
Trends and opportunities in embedded payments
Supported by
NMI
View all
Post a press release
TechCrunch
Jack Dorsey is taking on Slack with Buzz, a group chat platform for teams and their AI agents
Reuters
Citigroup hires five US tech investment banking executives from rivals
CX Dive
How Bank of America’s rewards program courts Gen Z
Promote an event",3eac933f7ab75673c29434b107c13e565d13f0bf83ee4cbeac0e7c9a80944664,https://www.paymentsdive.com/news/stablecoin-open-standard-bridge-abrams-bny-stripe-mastercard-visa-coinbase-adyen/824223,"card networks, banks, fintechs partner on ‘low-cost’ stablecoin",3eac933f7ab75673c29434b107c13e565d13f0bf83ee4cbeac0e7c9a80944664,2026-07-27T14:57:06.356419+00:00,detail_page_fetch,İlgili,Bağımsız Gelişme,Good,2026-07-01,,,,Yayın Tarihi,2026-07-01,publication_date,Yayın tarihi bulundu; recency için kullanıldı.,False,,False,,2026-07-01,Yüksek,english_publication_date,False,2026-08-08,Kesim tarihinden eski: 2026-07-01 < 2026-08-08,İş Birliği,True,"İş birliği, mutabakat veya entegrasyon duyurusu içeriyor.",True,True,True,https://www.paymentsdive.com/topic/technology/
RI-8819eef5c833,DOC-REG-056-20260728113552,REG-056,Tier 2,webrazzi,Webrazzi,Webrazzi Fintech,Fintech Haberi,https://webrazzi.com/kategori/fintech/,"X, dijital ödeme hizmeti X Money'yi ABD'de kullanıma sundu - Webrazzi",2026/07/28,https://webrazzi.com/2026/07/28/x-dijital-odeme-hizmeti-x-moneyyi-abdde-kullanima-sundu/,"Insights kapsamlı içerikleri ve raporlarıyla içgörü yaratıyor, stratejilere yön veriyor. Popüler Insights içeriklerine göz atın.
Yapay zeka çağında kazanan meslekler: Hangi uzmanlıklara talep arttı?
Yapay zeka iş süreçlerini nasıl dönüştürüyor?
Yapay zekanın yazılım geliştirme pazarına etkisi
Yapay zekanın eğitim sektörüne etkisi: Global trendler, fırsatlar ve endişeler
Avrupa & Türkiye Teknoloji ve Yatırım Raporu: 2025'in İlk Yarısında Öne Çıkanlar
Son teknolojinin etkilerini Webrazzi merceğiyle inceleyin, detayları görün, güçlü stratejiler yaratın. Özel makaleler ve raporlara erişmek için hemen harekete geçin.
Avantajları ve Paketleri İnceleyin
Fintech
X, dijital ödeme hizmeti X Money'yi ABD'de kullanıma sundu
İlk etapta Premium ve Premium+ abonelerine açılan hizmet, para transferi, Visa destekli ödeme kartı ve Apple Wallet entegrasyonu sunuyor.
Gözde Ulukan
4 saat önce
Paylaş
Facebook
Twitter
Linkedin
Elon Musk'ın sosyal medya platformu
, uzun süredir geliştirdiği dijital ödeme ve finans hizmeti
X Money
'yi ABD'de kullanıma sundu. İlk aşamada yalnızca ABD'deki
X Premium ve Premium+ abonelerine açılan hizmet
, kullanıcıların platform üzerinden para gönderip almasına, bakiye tutmasına ve Visa destekli ödeme kartını Apple Wallet ile kullanmasına olanak tanıyor.
X Money ile kullanıcılar platform üzerinden anlık para transferi gerçekleştirebiliyor, hesaplarına para yatırabiliyor ve
Visa altyapısını kullanan sanal ya da fiziksel X Card ile harcama
yapabiliyor. Şirketin sunduğu fiziksel metal kartın üzerinde kullanıcının X kullanıcı adı yer alırken,
kart Apple Wallet'a da eklenebiliyor
. Böylece temassız ödeme desteği bulunan noktalarda doğrudan iPhone üzerinden ödeme yapılabiliyor.
Hizmet, X'in uzun süredir hedeflediği ""her şey uygulaması"" (everything app) vizyonunun en önemli adımlarından biri diyebiliriz. Zira Elon Musk, platformun yalnızca sosyal ağ olmaktan çıkmasını; mesajlaşma, içerik üretimi, ödeme, alışveriş ve finansal işlemlerin tek bir uygulama üzerinden gerçekleştirilebildiği kapsamlı bir ekosisteme dönüşmesini hedefliyor.
X Money kapsamında kullanıcılar bakiyeleri üzerinden faiz geliri de elde edebiliyor. Şirket,
yıllık yüzde 6'ya varan getiri
sunduğunu belirtirken, bu avantaj Premium+ abonelerine doğrudan sağlanıyor. Premium abonelerinin ise belirli bakiye koşullarını karşılaması gerekiyor. Ayrıca içerik üreticilerine yapılan ödemelerin de zamanla doğrudan X Money hesaplarına aktarılması planlanıyor.
Platform, bugüne kadar yalnızca davet usulü beta kullanıcıları tarafından test ediliyordu. ABD'de genel kullanıma açılan X Money'nin ilerleyen dönemde daha fazla kullanıcıya ve yeni pazarlara sunulması bekleniyor.
Sosyal Ağlar
Yorum Yaz
Yorumlar
İlk Yorumu yazmak ister misiniz?
Yorum Yazmak için Giriş Yap
Teknoloji dünyasındaki gelişmeleri takip edin. Neleri size ulaştırmamızı istersiniz?
Günlük Bülten
Etkinlikler
Webrazzi'nin hizmet ve ürünleri ile günlük Webrazzi haberlerine ilişkin olarak epostalar göndermesini onaylıyorum.
Seçimlerimi kaydet
Abonelik kaydınız başarıyla oluşturuldu.
Sıradaki haber
SIRADAKİ
Fintables'tan finansal yapay zeka asistanı: Evo
Hisse senetlerine dair analizler sunan platform Fintables'tan sizlere daha önce bahsetmiştik. …
Tuğçe İçözü",4da65dac4345018bdb7a43d8f3edf39503ccf5facf59ab8b5c58d5c11bafdec1,https://webrazzi.com/2026/07/28/x-dijital-odeme-hizmeti-x-moneyyi-abdde-kullanima-sundu,"x, dijital ödeme hizmeti x money'yi abd'de kullanıma sundu - webrazzi",4da65dac4345018bdb7a43d8f3edf39503ccf5facf59ab8b5c58d5c11bafdec1,2026-07-28T11:35:56.174186+00:00,detail_page_fetch,Belirsiz,Bağımsız Gelişme,Good,2026-07-28,,,,Yayın Tarihi,2026-07-28,publication_date,Yayın tarihi bulundu; recency için kullanıldı.,False,,False,,2026-07-28,Orta,publication_date,False,2026-08-08,Kesim tarihinden eski: 2026-07-28 < 2026-08-08,Kampanya,True,Kampanya veya müşteri teklifi sinyali içeriyor.,True,True,True,https://webrazzi.com/kategori/fintech/
RI-f5e74f432216,DOC-REG-241-20260728113652,REG-241,Tier 2,payments_dive,Payments Dive,Payments Dive Technology,Fintech Haberi,https://www.paymentsdive.com/topic/technology/,Apple delves deeper into payments,"June 16, 2026",https://www.paymentsdive.com/news/apple-delves-deeper-into-payments-ai-iphone-siri-retail-merchants/822664,"Skip to main content
CONTINUE TO SITE ➞
Don't miss tomorrow's Payments industry news
Let Payments Dive's free newsletter keep you informed, straight from your inbox.
By signing up to receive our newsletter, you agree to our
Terms of Use
and
Privacy Policy
. You can unsubscribe at anytime.
Informa TechTarget
Banking Dive
Restaurant Dive
Retail Dive
Explore our brands
An Informa TechTarget Publication
An article from
Apple delves deeper into payments
The iPhone maker is using artificial intelligence to simplify payments, changing its consumer wallet and payment technology.
Published June 16, 2026
Justin Bachman
Senior Reporter
Apple plans changes to its iOS operating system that could deepen the tech giant's role in the payments industry.
Getty Images
Listen to the article
5 min
This audio is auto-generated. Please let us know if you have
feedback
Apple is planning significant but subtle changes for its digital wallet and payment tools as the tech giant leans into artificial intelligence to make consumer transactions simpler.
The company’s
“tap to share” function
planned for release later this year will let shoppers with an Apple device share data such as billing and shipping addresses, or loyalty program rewards details, with a merchant.
That change extends the common consumer sharing of photos or contact information with phone taps into the business domain, noted Kris Winckler, a senior associate with payments consulting firm The Strawhecker Group. That kind of data sharing also helps avoid the need for a consumer to type in a phone number or scan a loyalty card separately, he said Wednesday in an interview.
“All those things kind of just add to making it a lower-friction, better experience for the consumer,” said Winckler, a former payments executive with Bank of the West and software provider Intuit. “People are going to use what's easy. So, if you make that even easier in the normal payment experience, (Apple) is going to get a bigger kind of share.”
Apple revealed the wallet and payment options last week as part of its annual
WWDC event
featuring software developments integrated into the new iOS 27 release that’s expected
in September
. Apple used the event to focus attention on its revamped Siri AI – technology the company has significantly reconfigured
with Google’s Gemini AI model
Apple aims to give its wallet more features – especially in terms of presenting more information about loyalty program balances, the funds in a debit account and pay-later options, according to the
press release
Apple spokespeople did not reply to messages seeking comment on how merchants will incorporate the data sharing into their sales process.
AI is likely to play a bigger role in payments because of the myriad ways to pay – credit, debit, buy now, pay later, store charge cards – and the various merchant rewards that come with different cards, said Justin Miller, a partner in the financial services and private equity practices at the consulting firm Bain in New York.
“There’s a lot of different ways to pay for stuff, and at the same time, how you pay is getting more complicated,” Miller said in an interview Wednesday. Smaller merchants’ surcharges and discounts, fueled by interchange costs, affect payment decisions, as do loyalty reward bonuses, he noted. It’s also easy to forget how much money a particular payment account may have.
“Today, we leave that poor consumer to themselves,” Miller said. In the future, “a truly smart AI assistant wallet” could advise which payment method offers the best reward or automatically apply a credit card’s monthly $100 dining credit.
That’s not yet the world Apple or its payment rivals have created, Miller said, but the forthcoming OS release hints at the evolution.
Apple’s wallet changes also will let people swap among their digital payment cards more easily. The wallet will gain more utility for handling identification documents like passports and drivers licenses, while also creating virtual “passes” to replicate physical cards, such as those for the retailer Costco Wholesale or for a gym membership, Apple said.
The arrival of debit card balance information was “sort of hidden” in the barrage of new features, Miller said, but could prove to be a powerful factor helping determine which card a shopper selects.
Bank and fintech card issuers could “broadcast” balance information to the wallet, Miller said. That wallet change opens “an interface for issuers to give us more information that might help influence the consumer's choice of payment vehicle,"" he said.
While Apple appreciates revenue derived from transactions, that is strictly ancillary to the task of selling devices and drawing more people into the ecosystem, said Aaron Press, a research director for IDC who focuses on payments.
“Everything Apple does around payments is designed to make the Apple ecosystem more attractive and drive adoption of iOS,” Press said Wednesday in an email. “If the user experience of Apple Wallet, Apple Cash, etc., is better, more people will buy Apple devices.”
Apple has a user base of about 2.5 billion
active devices
, a record the company reported this year. Half of Apple’s revenue is from the iPhone alone, said Tom Forte, a s
enior consumer internet analyst at Maxim Group
in New York.
The multi-billion device base offers further growth for both Apple Pay and the digital wallet in terms of selling new devices, as Apple and Android phone users rarely switch to a rival system, Forte said in an interview Tuesday.
“The good news for Apple when it comes to artificial intelligence is that OpenAI, Anthropic – really, anyone – hasn’t created a hardware device that enables consumers to engage with AI that is superior to the iPhone and the iPad,” he said.
Apple also debuted an AI-driven bill-splitting feature in the new operating system at its event last week. The function offers two options: request funds or a “pay your share” selection, based on the itemized list of menu items on the bill. The diner can send the amount of the meal, with a customized gratuity, to the person who’s paying the restaurant.
However, everyone in the dining group would need to have an Apple Cash debit card for the splitting feature to function, Press noted. PayPal Holdings’ Venmo and Block’s Cash App payment features do the same thing, he said.
Apple, Google wallets get personal
March 3, 2026
Digital wallet use outpaces regulators
Shaun Lucas
Julia Himmel
Dec. 3, 2025
Filed Under:
Retail,
Technology
Keep up with the story. Subscribe to the Payments Dive free daily newsletter
Email:
Select user consent:
Sign up
A valid email address is required.
Please select at least one newsletter.
Subscribe to Payments Dive for top news, trends & analysis
Sign up for the free
newsletter.
Interested? Explore more of what
has to offer.
One-click newsletter signup
Thanks for signing up!
Please keep an eye out for a confirmation email from
[email protected]
To ensure we make it into your inbox regularly,
add us to your allow list, mark us as a safe sender, or add us to your address book.
Check out more from
Amex ups marketing, tech spend
Mastercard bolsters scam defense
5 payments podcasts for a listen
OCC denies Wise a trust charter
Virtual Event Playback
How the payments landscape is evolving in retail
Infographic
The GTM Guide to Embedded Payments
Custom content for
Adyen
Trendline
Trends and opportunities in embedded payments
Supported by
NMI
View all
Post a press release
Bloomberg
Credit Card Holders Are Using ‘Friendly Fraud’ to Get Back at Retailers
Stressed parents turn to BNPL for back-to-school shopping
Reuters
AmEx’s steady profit outlook clouds revenue forecast boost; shares fall
Promote an event",dc43d279cc92bb74c50d182bb2faf9182bc4e21aa6e634f1c2cb18ddfa6f7468,https://www.paymentsdive.com/news/apple-delves-deeper-into-payments-ai-iphone-siri-retail-merchants/822664,apple delves deeper into payments,dc43d279cc92bb74c50d182bb2faf9182bc4e21aa6e634f1c2cb18ddfa6f7468,2026-07-28T11:36:55.510379+00:00,detail_page_fetch,Belirsiz,Bağımsız Gelişme,Good,2026-06-16,,,,Yayın Tarihi,2026-06-16,publication_date,Yayın tarihi bulundu; recency için kullanıldı.,False,,False,,2026-06-16,Yüksek,english_publication_date,False,2026-08-08,Kesim tarihinden eski: 2026-06-16 < 2026-08-08,İş Birliği,True,"İş birliği, mutabakat veya entegrasyon duyurusu içeriyor.",True,True,True,https://www.paymentsdive.com/topic/technology/
RI-c5ff43dd63ae,DOC-REG-242-20260728113657,REG-242,Tier 2,the_paypers,The Paypers,The Paypers Payments News,Fintech Haberi,https://thepaypers.com/news,Airwallex launches local payment methods for Shopify,2026-07-28,https://thepaypers.com/payments/news/airwallex-adds-onsite-local-payment-methods-to-shopify,"News
Payments
Airwallex adds onsite local payment methods to Shopify
Sinziana Albu
28 Jul 2026 / 5 Min Read
Airwallex has introduced Additional Payments, letting Shopify merchants offer local payment methods within checkout without redirects.
The application is aimed at merchants selling across multiple markets on Shopify, where checkout design can influence whether a transaction is completed. According to research by the Baymard Institute cited by Airwallex, the average online cart abandonment rate stands at 70%. Among shoppers who abandon a purchase, 10% cite an insufficient choice of payment methods, while 18% point to checkout being too long or complicated.
Local payment methods integrated into checkout
According to the official press release, with Additional Payments, shoppers can choose from more than 80 local payment methods, including WeChat Pay, KakaoPay, GrabPay, PayNow, Bancontact, TWINT, and BLIK, within the Shopify checkout interface itself, rather than being sent to an external provider page to make the selection. Airwallex noted that many existing payment applications on Shopify require this kind of off-site step before a shopper can choose a method, adding a stage to the purchase process.
The application displays payment methods according to the shopper's country and the store's settlement currency, and can be installed directly from the Shopify App Store without additional custom development. In addition, it can also run alongside Airwallex Card Payments, allowing card and local payment methods to be offered within a single checkout setup.
Cross-border settlement and fraud screening
Acting as the merchant's payments service provider, Airwallex settles cross-border sales in the currency in which they were made, across more than 20 currencies, rather than converting them into the merchant's home currency. Transactions are also screened through a real-time fraud detection system that includes 3-D Secure support.
Airwallex referenced separate Baymard research indicating that improvements to checkout design can raise conversion rates by up to 35% for large-scale ecommerce sites. The company positioned Additional Payments as a way for Shopify merchants operating across borders to offer region-specific payment options within a single checkout flow, rather than through external redirects.
Keywords:
partnership
checkout experience
payments
online payments
ecommerce
Countries:
World
News on Payments
Checkout.com receives in-principle UAE SVF licence
28 Jul 2026
5 min read
EBANX, Pagaleve launch Pix instalment BNPL solution in Brazil
4 min read
Cross River to power P2P payments on X Money in the US
TSG partners with Stripe on payments growth strategy
Expert views on Payments
Why treasury’s next competitive advantage will be in payments data
7 min read
Unfiltered: the interchange fees illusion
27 Jul 2026
8 min read
Consolidating treasury with a single multi-currency account
17 Jul 2026
6 min read
FIFA World Cup 2026: fraud and payments lessons from the biggest tournament yet
15 Jul 2026
10 min read
Switzerland: an analysis of payments and ecommerce trends
08 Jul 2026
The Paypers is a global hub for market insights, real-time news, expert interviews, and in-depth analyses and resources across payments, fintech, and the digital economy. We deliver reports, webinars, and commentary on key topics, including regulation, real-time payments, cross-border payments and ecommerce, digital identity, payment innovation and infrastructure, Open Banking, Embedded Finance, crypto, fraud and financial crime prevention, and more – all developed in collaboration with industry experts and leaders.
Categories
Fraud and Fincrime
Fintech
Crypto, Web3 and CBDC
Regulations
M&A and Investments
Current themes
A2A Payments
Payment Orchestration
TradFi and DeFi Convergence
KYC, KYB and Digital Identity
Scams and Fraud
Embedded Finance
Real-Time Payments
The Paypers
Team
Advertise
About
Contact
Prinsengracht 777e
1017 JZ Amsterdam
P: +31 20 658 0652
E: editor@thepaypers.com
No part of this site can be reproduced without explicit permission of The Paypers (v2.7).
Privacy Policy
Cookie Statement
Copyright",814207a6a0b1f99f3ca06bde58d0f210845c39dd32ad824335471f0b4c40173c,https://thepaypers.com/payments/news/airwallex-adds-onsite-local-payment-methods-to-shopify,airwallex launches local payment methods for shopify,814207a6a0b1f99f3ca06bde58d0f210845c39dd32ad824335471f0b4c40173c,2026-07-28T11:37:03.179895+00:00,detail_page_fetch,Belirsiz,Bağımsız Gelişme,Good,2026-07-28,,,,Yayın Tarihi,2026-07-28,publication_date,Yayın tarihi bulundu; recency için kullanıldı.,False,,False,,2026-07-28,Yüksek,english_publication_date,False,2026-08-08,Kesim tarihinden eski: 2026-07-28 < 2026-08-08,İş Birliği,True,"İş birliği, mutabakat veya entegrasyon duyurusu içeriyor.",True,True,True,https://thepaypers.com/news
RI-284c727a297f,DOC-REG-011-20260729114331,REG-011,Tier 1,yapi_kredi,Yapı Kredi,Yapı Kredi KOBİ Kampanyaları,Resmi Kampanya Sayfası,https://www.yapikredi.com.tr/kampanyalar/kategori/kobi/,Siz de Tüzel Yapı Kredi müşterisi olun ve çalışanlarınızın maaşını Yapı Kredi üzerinden ödeyin ilk ay toplamda 40.000 TL'ye varan nakit iade kazanın! | Kampanyalar | Yapı Kredi,31 Temmuz 2026,https://www.yapikredi.com.tr/kampanyalar/detay/256791,"Şu anda
sayfasına yönlendiriliyorsunuz. Devam etmek istiyor musunuz?
Evet
Hayır
Tüzel Yapı Kredi müşterisi olanlara özel fırsat!
Siz de Tüzel Yapı Kredi müşterisi olun ve çalışanlarınızın maaşını Yapı Kredi üzerinden ödeyin ilk ay toplamda 40.000 TL'ye varan nakit iade kazanın!
Tüzel Yapı Kredi müşterisi olanlara çalışanların maaşlarını öderken ilk ay toplamda 40.000 TL'ye varan nakit iade!
YAPI KREDİ MOBİL İNDİR
Kampanyadan sadece 28-31 Temmuz 2026 tarihleri arasında Yapı Kredi Mobil'i indirip, "" Tüzel Yapı Kredi Müşterisi Ol"" adımından ilerleyerek süreci tamamlayan müşteriler yararlanabilecektir. Süreci bu şekilde tamamlamayan müşteriler kampanyadan yararlanamayacaktır. Daha önce Yapı Kredi Bankasında hesabı veya kredi kartı bulunanlar kampanyadan faydalanamayacaklardır.
Yapı Kredi Mobil üzerinden Tüzel Yapı Kredi müşterisi olunduktan sonra World Business Kartı başvurusunda bulunan müşterilerin, başvurusu Yapı Kredi tarafından değerlendirildikten sonra onaylanması ve kartının kullanıma açılmalıdır.
Müşterimiz şahıs firması ise Yapı Kredi Mobil'den tüzel müşteri olduğu ay içerisinde çalışan maaşlarını Yapı Kredi’den ödediği takdirde maaş ödenen çalışan başına 1.000 TL toplamda 20 çalışan için 20.000 TL’ye varan nakit iade olarak World Business kartına yüklenecektir.
Müşterimiz limited veya anonim firması ise Yapı Kredi Mobil'den tüzel müşteri olduğu ay içerisinde çalışan maaşlarını Yapı Kredi’den ödediği takdirde maaş ödenen çalışan başına 2.000 TL toplamda 20 çalışan için 40.000 TL’ye varan nakit iade olarak World Business kartına yüklenecektir.
Yapı Kredi müşterisi olduktan sonra, kredi kartı onaylanan müşteriler Yapı Kredi Mobil üzerinden Kredi Kartlarım menüsü altındaki (+) butonuna basarak “Dijital Kart Tanımlama” seçeneği ile ya da kart seçimi yaptıktan sonra Daha Fazlası > Dijital Kart İşlemleri adımlarını izleyerek kurye sürecini beklemeden dijital kart oluşturabilir ve kampanyadan yararlanabilir.
Ödüllendirme tarihinde müşterinin en az 1 adet kullanıma açık ticari kredi kartı bulunmalıdır.
Bir müşteri kampanyadan yalnızca bir kez yararlanabilir.
Kampanya, bankanın başka indirim ve kampanyaları ile birleştirilemez.
Kampanya bankanın başka maaş promosyon anlaşması ile birleştirilemez.
Yapı Kredi kampanyada değişiklik yapma hakkını saklı tutar.
Kampanya içeriği ve indirim iadesi kazanılmasına ilişkin tüm unsurlara dair sorumluluk Yapı Kredi’ye aittir.
Bu sayfadaki bilgiler size yardımcı oldu mu?
Biraz
Geri bildiriminiz için teşekkür ederiz.
İşleminiz yapılamadı.
PDF dosyalarını okumak için bilgisayarınızda Adobe Acrobat Reader kurulu olmalıdır.
Bilgisayarınıza Adobe Acrobat Reader kurmak için
tıklayınız
Yardıma mı ihtiyacınız var?
Müşteri temsilcisine bağlanarak hemen destek alabilirsiniz.
ONLINE HİZMET
Bu alanda paylaşılan BIST 30 ve BIST100 endeks bilgileri, FOREKS Bilgi İletişim
Hizmetleri
A.Ş. tarafından sağlanmaktadır. Söz konusu veriler Borsa İstanbul A.Ş. ve FOREKS
Bilgi İletişim Hizmetleri A.Ş. tarafından Yapı Kredi Bankası A.Ş.’ne 15 dakika gecikmeli
olarak verilmektedir. Söz konusu süre uzayabilir ve gecikme nedeniyle fiyatlar güncel
fiyatları yansıtmayabilir. Bunun dışındaki yatırım ürünlerinde ise Yapı ve Kredi
Bankası A.Ş. sisteminde yer alan işlem fiyatları kullanılmaktadır. Verilen bilgiler
SPK Yatırım Hizmetleri Tebliği’nin 80. maddesi uyarınca finansal bilgi sunulması
kapsamında yatırımcının yatırım aracı bazında fikir edinmesi amacıyla paylaşılmıştır.
Finansal bilgi, sermaye piyasası araçları hakkında yönlendirici nitelikte olmayan
bilgi olup, finansal bilginin sunulması yatırım danışmanlığı faaliyeti ya da genel
yatırım tavsiyesi sunulması kapsamında sayılmamaktadır. Hiçbir şekilde herhangi
bir yatırım aracının alımı veya satılması için teklif, herhangi bir yatırım aracının
alım-satım önerisi veya aracılık teklifi olarak değerlendirilmemelidir. Bu nedenle,
sadece burada yer alan bilgilere dayanılarak yatırım kararı verilmesi beklentilerinize
uygun sonuçlar doğurmayabilir. Ayrıca Yapı Kredi Bankası A.Ş. söz konusu işlem fiyatlarını
oluşturmak için kulandığı Foreks Bilgi İletişim Hizmetleri A.Ş. tarafından sağlanan
bilgilerin tam veya doğru olmamasından, bu kaynakların kullanılması nedeni ile ortaya
çıkabilecek yanlışlık,hata ve eksikliklerden kaynaklı doğabilecek zararlardan Yapı
ve Kredi Bankası A.Ş. ve çalışanları sorumlu değildir. Bu alanda paylaşılan bilgilerin
tümü veya bir kısmı Yapı ve Kredi Bankası A.Ş.’nin yazılı izni olmadan çoğaltılamaz,
yayınlanamaz veya üçüncü kişilere gösterilemez.
Tarih
29.07.2026
Kredi Tutarı
Döviz Cinsi
Kredi Taksit Sayısı
Faiz Oranı (Aylık)
KKDF Oranı
BSMV Oranı
İlk Taksit Tutarı
Aylık Maliyet Oranı
Yıllık Maliyet Oranı
Müşteri Tipi
Kredi Türü
Kampanya
Toplam Geri Ödeme Tutarı
Masraf ve Komisyonlar
* Ödemesiz dönemlerin faizi, ilk taksit tutarına yansıtılmaktadır.
Taksit No
Taksit Tarihi
Taksit Tutarı
Taksit İçindeki Anapara
Taksit İçindeki Faiz
KKDF
BSMV
Kalan Anapara
Bu ödeme planında yer alan faiz oranı, ücret ve komisyon tutarları, tüketicilerin
bilgi edinmeleri amacıyla ve Bankamızca özel bir yükümlülük içermeksizin, bilgi
niteliğindedir. Bu ödeme planında yer alan bilgiler Ödeme Planının hazırlandığı
tarih itibarıyla geçerli değerleri yansıtmaktadır. Örnek ödeme planı oluşturduğunuz
ürünü Yapı Kredi’den kullanmaya karar verdiğinizde, Bankamızın ilan etmiş olduğu
güncel faiz, ücret ve komisyon tutarları geçerli olacaktır. Yapı Kredi faiz oranı,
ücret ve komisyon tutarlarında değişiklik yapma hakkını saklı tutar.
Bu ödeme planı, seçtiğiniz kredi ürününde sizi bilgilendirmek amacıyla hazırlanmış
olup, başvurunuza kesin onay taahhüdü içermemektedir. Başvurunuzun kesin onay alması,
sunacağınız bilgi ve belgeler üzerinden Bankamızca başvurunuza istinaden yapılacak
değerlendirme sonucunda belirlenecektir.
Toplam masraflara kredi açılış ücreti ve vergiler dahil edilmiş olup, krediye göre
farklılık gösterecek olan “sigorta masrafları” bu formda yer alan aylık ve yıllık
maliyet oranlarına dahil edilmemiştir.
Bu ödeme planında yer alan faiz oranı, ücret ve komisyon tutarları, Bankamızca özel
bir yükümlülük içermeksizin tüketicileri bilgilendirme amaçlı oluşturulmuştur. Örnek
ödeme planında yer alan bilgiler Ödeme Planının hazırlandığı tarih itibarıyla geçerli
değerleri yansıtmaktadır. Ödeme planı oluşturduğunuz ürünü Yapı Kredi’den kullanmaya
karar verdiğinizde, Bankamızın ilan etmiş olduğu güncel faiz, ücret ve komisyon
tutarları geçerli olacaktır. Yapı Kredi faiz oranı, ücret ve komisyon tutarlarında
değişiklik yapma hakkını saklı tutar.
Toplam masraflara tahsis, ekspertiz ve ipotek tesis ücreti dahil edilmiş olup, konutun
özelliğine göre farklılık gösterecek olan “sigorta masrafları” bu formda yer alan
aylık ve yıllık maliyet oranlarına dahil edilmemiştir.
Bu ödeme planı, seçtiğiniz eşit taksitli kredi ürününde sizi bilgilendirmek amacıyla
hazırlanmış olup, başvurunuza kesin onay taahhüdü içermemektedir. Başvurunuzun kesin
onay alması, sunacağınız bilgi ve belgeler üzerinden Bankamızca başvurunuza istinaden
yapılacak değerlendirme sonucunda belirlenecektir. Farklı ödeme planlarına sahip
ürünler için Yapıkredi şubelerinden bilgi alabilirsiniz.
Toplam masraflara tahsis, ekspertiz ve ipotek tesis ücreti dahil edilmiş olup, işyerinin
Başvurunuzu dilediğiniz
Yapı Kredi şubesinden
yapabilirsiniz.
Konut Kredisi başvurularınızı İnternet,SMS veya tüm
Yapı Kredi ATM
'leri üzerinden kolayca yapabilirsiniz. SMS ile başvurmak
için
KONUT (boşluk) TCKN (boşluk) Aylık Net Gelirinizi yazıp 4411’e gönderebilirsiniz.
Bireysel ihtiyaç kredisi başvurularınızı
hemen başvur butonuna tıklayarak, internet şubesi, SMS veya tüm
’leri üzerinden kolayca yapabilirsiniz. SMS ile başvurmak
için BIREYSEL (Boşluk) TCKN (Boşluk) Aylık Net Gelirinizi yazıp 4411’e gönderebilirsiniz.
HEMEN BAŞVUR
EN YAKIN ŞUBE & ATM
Vade(Ay)
Aylık Taksit Tutarı
Faiz Oranı
2.515,00 TL
% 0.01790
Seçiniz
Geri Ödeme Planını görmek için
HEMEN
BAŞVUR
Yükleniyor...
Dijitalden Bireysel İhtiyaç Kredisi
İnternet ve Mobil Şubeyi Tanıyın
YAPI KREDİLİ OLUN!",7971345338ebafada6e55164c2101673af02f7c17690eca9b07a8fd12e46431b,https://www.yapikredi.com.tr/kampanyalar/detay/256791,siz de tüzel yapı kredi müşterisi olun ve çalışanlarınızın maaşını yapı kredi üzerinden ödeyin ilk ay toplamda 40.000 tl'ye varan nakit iade kazanın! | kampanyalar,7971345338ebafada6e55164c2101673af02f7c17690eca9b07a8fd12e46431b,2026-07-29T11:43:37.596528+00:00,detail_page_fetch,Belirsiz,Bağımsız Gelişme,Good,,,2026-07-28,2026-07-31,Kampanya Başlangıç Tarihi,2026-07-28,campaign_start_date,Kampanya başlangıç tarihi bulundu; recency için kullanıldı.,False,,False,,2026-07-28,Yüksek,campaign_start_date,False,2026-08-08,Kesim tarihinden eski: 2026-07-28 < 2026-08-08,Kampanya,True,Kampanya veya müşteri teklifi sinyali içeriyor.,True,True,,https://www.yapikredi.com.tr/kampanyalar/kategori/kobi/
RI-6a92820372a3,DOC-REG-235-20260729114549,REG-235,Tier 1,shopify,Shopify,Shopify Newsroom,Resmi Haber Sayfası,https://www.shopify.com/news,Spring '26 Edition: Five apps that show what Catalog API and UCP make possible,2026-06-17,https://www.shopify.com/news/spring-26-edition-design,"Skip to Content
by Shopify
Share this story
Read more
Selling everything, everywhere, all at once: The Spring '26 Edition
Agentic commerce for every developer: The Spring '26 Edition
Shopify brings native B2B features to millions more merchants
A trip, a film, a horoscope, a game night, a room. Five shopping apps built on Catalog API and UCP show what becomes possible when commerce can live anywhere.
With AI, commerce no longer needs a destination. Discovery can happen inside activities people are already doing: planning a trip, reading a horoscope, watching a film, picking out board games, or even just styling a room.
A small group of designers and developers at Shopify built five shopping demos in a few days that do exactly those things. Each app was built directly on top of Catalog API and UCP.
Not long ago, this would have meant dedicated engineering teams, custom backends, and integrations with merchant systems for every store you wanted to feature. Now it’s just an API key, structured data, and an idea.
Shopify Catalog is the data intelligence layer for commerce. It's billions of products from nearly every merchant on Shopify, standardized so AI can query, surface, and recommend. The
Catalog API
is the access point that AI agents and developers use to tap into it, so merchants' products show up accurately in AI conversations. And UCP (
Universal Commerce Protocol
) houses it all, from discovery to checkout to post-purchase. Together, they open the full commerce flow, anywhere on the internet.
The point isn’t that we built some fun apps. It’s that they show what’s possible. Catalog + UCP is the infrastructure that was missing from commerce. With monetization coming in developer preview, the builders behind apps like these will have a path to earn revenue when their Catalog-powered experiences drive sales. It turns ideas into businesses.
Five apps today. Thousands of shopping experiences tomorrow. As code becomes easier to create, a new wave of niche applications will democratize retail reach. Every merchant gets context that was once only available to the biggest players.
Spring ‘26 Edition
, the threshold for who gets to build commerce has dropped, and the door is open to anyone who wants to walk through it.
Check out these demos for inspiration.
1. Showroom 📺
There are people who pause a show to look at the furniture or the clothes. Showroom is built for those people. Imagine you're watching season 3 of
Severance
on your phone or tablet
and you can't pull yourself away from the screen. Not because of the show, but because of the brass lamp on Mark's terminal. Showroom turns that curiosity into a click. Tap the lamp, get the lamp. Showroom returns similar options from other merchants: same shade, same swing arm, in stock and ready to ship.
Visual matching is mostly a solved problem. AI can identify a mid-century brass desk lamp with a swing arm in a video frame. The harder part is finding that lamp in stock from a merchant. Showroom works because Catalog turns the AI's visual identification into matches: same material, same style era, same general form. That's only possible because Catalog API normalizes product data across countless merchants. Every brass lamp gets tagged consistently. Every ""mid-century"" gets defined the same way. The standardization is invisible to the shopper, but it's the reason visual search actually finds the right product.
2. All Set ✈️
All Set feels more like an editorial spread than a packing app. You pick a destination (Paris in summer, Kyoto in spring, Marrakech in fall), and then you get a shoppable list. A wool dress with the right hemline, or weatherproof boots that won't read ""hiking.”
All Set thinks about your trip the way you would. So not just ""poncho"" but how a plastic poncho for backpacking reads differently from a knit poncho for a music festival. AI can do that contextual interpretation. What it can't do is verify those products are real, in stock, and priced right.
That's where Catalog API comes in. It gives the AI a clean, structured view of products across millions of Shopify merchants, with consistent taxonomy and real-time accuracy. The AI can filter by size, gender, color, 3D model, and video — the building blocks for narrowing billions of products down to the right few. When All Set tells you what to pack, the items are real, current, and buyable. Catalog is the platform that turns AI's contextual reasoning into recommendations you can act on.
3. Starred ♏
Meet Starred, where your daily horoscope arrives with a small constellation of things to try.
You tap your sign, and you get a reading plus three shoppable items that complement it: a piece of black tourmaline for grounding, magnesium bath salts for good sleep, a beeswax candle from a small Brooklyn maker. Real products from real Shopify merchants, most of whom probably never imagined themselves on a horoscope app.
The crystal sellers and candle makers showing up in Starred didn't optimize for this. They didn't have to. Their products live in Catalog with rich, structured detail about what they are and how they can be used. So when Starred queries for ""grounding crystal"" or ""calming bath salt"" tied to a specific astrological moment, it finds matches because the Shopify Catalog has already done the contextual work. Catalog is the search layer underneath all of this. It organizes products so any AI-powered experience can find the right thing for the moment, even one no merchant planned for.
4. Sourced 🛍️
With Sourced, you drop an image and watch it explode into products. Upload a photo of a kid's bedroom with a fox motif, and matching products fan out around the image like a Pinterest moodboard pulled apart for inspection: the bunk bed, the fox prints, the camel plush, the paper lanterns, the matching dressers. Tap any item to source closer matches.
Sourced is the cleanest demonstration of Catalog's ability to match similar products found across its dataset. When Sourced sees a rocking chair in your photo, it queries Catalog for products matching that category and aesthetic. The type of input doesn’t matter to Catalog; it returns structured data that any experience can use.
5. Pippin 🎲
Pippin is a sleepy twenty-sided die that helps you craft the perfect game night. When you wake it up, Pippin asks you a few questions out loud—how many players, how long, how chaotic—and pulls board games from real merchants that match the vibe you want. You talk to it. It talks back.
Pippin shops by listening, which doesn't sound like much until you realize what that means. If Catalog can power commerce through a back-and-forth spoken conversation with a bookish polyhedron, it can power commerce through anything: a chatbot, a terminal, a screen on a refrigerator. Catalog works across any surface. And when new surfaces emerge, Shopify merchants are there. They put their products in Catalog once, and Catalog handles the rest.
The door is open
For developers, designers, anyone with an idea, Catalog API turns Shopify into a commerce backbone for the rest of the internet. Build a niche app for a specific community, a specific moment, a specific surface no one has thought of yet. Catalog handles the product complexity. UCP handles the full commerce journey. You bring the imagination.
Anything built on Catalog is a new surface where merchants' products can show up. The real story is what gets built next.
See what else you can build in the
Spring ‘26 Edition.",9a7c29e967f1e58037e0761d298c6c7ba2cd7be0c701feab0de444f689e18955,https://www.shopify.com/news/spring-26-edition-design,spring '26 edition: five apps that show what catalog api and ucp make possible,9a7c29e967f1e58037e0761d298c6c7ba2cd7be0c701feab0de444f689e18955,2026-07-29T11:45:52.066619+00:00,detail_page_fetch,Belirsiz,Bağımsız Gelişme,Good,2026-06-17,,,,Yayın Tarihi,2026-06-17,publication_date,Yayın tarihi bulundu; recency için kullanıldı.,False,,False,,2026-06-17,Yüksek,english_publication_date,False,2026-08-08,Kesim tarihinden eski: 2026-06-17 < 2026-08-08,Ürün / Özellik Gelişmesi,True,"Ürün, API, POS, ödeme, tahsilat veya dijital özellik gelişmesi sinyali içeriyor.",True,True,True,https://www.shopify.com/news
RI-94357fb37ad1,DOC-REG-235-20260729114549,REG-235,Tier 1,shopify,Shopify,Shopify Newsroom,Resmi Haber Sayfası,https://www.shopify.com/news,"Selling everything, everywhere, all at once: The Spring '26 Edition",2026-06-17,https://www.shopify.com/news/spring-26-edition-merchant,"Skip to Content
by Shopify
Share this story
Read more
Agentic commerce for every developer: The Spring '26 Edition
Spring '26 Edition: Five apps that show what Catalog API and UCP make possible
Shopify brings native B2B features to millions more merchants
Shopify's Spring '26 Edition: 150+ updates that put your products everywhere people are buying.
As AI collapses the cost of building software, anyone can create their own agent-powered app with commerce baked in. Before long, wherever a shopper lands, they'll expect to find and buy what they want then and there.
Shopify's Spring '26 Edition
is built for this shift: Wherever commerce goes next, Shopify merchants and their products get there first.
If you're on Shopify, you're already everywhere
Shopify Catalog
and the Universal Commerce Protocol (UCP) are the infrastructure that makes this possible. Catalog structures your product data and distributes it across AI channels, so agents can discover, understand, and recommend your products. UCP is the open standard for how agents and merchants interact that covers the full commerce journey. For Shopify merchants, both are enabled by default. For developers, they're the building blocks for new agentic shopping experiences, and every one they build becomes another place your products can show up.
Catalog: one source of truth for your product data
is the search infrastructure for shopping: a global, structured dataset that agents can search and understand, spanning billions of products from brands all over the world. Merchants on Shopify with
eligible products
are in Catalog by default. Catalog syndicates product details to ChatGPT, Copilot, Shop app, and others, with no extra apps or manual feeds.
AI searches powered by Shopify Catalog convert at 2x the rate of those using scraped data. Clean, structured data is easier for agents to read and surface accurately, so your products show up complete and current right when someone is ready to buy.
New this Edition
: The Catalog API now supports sign in with Shop, so signed-in shoppers see personalized results. And developers and partners will soon be able to earn revenue when their Catalog-powered experiences drive sales.
Developers can also build with new Catalog API capabilities like
image search
and
lookup
, plus richer product attributes like size and color, so shoppers have more ways to find your products.
Find more details here
UCP: the open standard for every AI surface
The
Universal Commerce Protocol
(UCP), co-developed with Google, is the open standard for agentic commerce from discovery to checkout. UCP gives AI agents one shared language to understand commerce. Shopify merchants are UCP-enabled by default, so any surface that builds with it incorporates a merchant’s specific checkout rules, discounts, and customizations.
: Building on UCP and Catalog is now easier and open for any developer to build new commerce experiences. This means more places your products can show up.
A glimpse at what's now possible
An app store sneak peek
To show the power of Catalog and UCP in action, we built five demo apps that make everyday activities shoppable— like planning a trip, checking a horoscope, or watching a TV show—with commerce woven into the experience itself.
Check out the apps.
Operate your business from one spot
Everywhere now runs from your Admin: one place to see, market, and sell across every surface, so your reach grows, not your workload.
Agentic Storefronts in the Admin: your command center for AI commerce
Agentic Storefronts in the admin
You can now centrally manage your AI channels from a
single place in the admin
. You decide where you show up, see what’s working, and fix what’s not, all in the same admin you already use to run your business.
Manage your AI channels:
See which channels are active, and control whether to
enable product discovery (through Catalog)
and direct checkout for each one.
See how you're performing
: Orders, sales, and conversions from ChatGPT, Copilot, AI Mode in Google Search, the Gemini app, and Shop are all in one view, so you know which channels are growing and where to focus.
Find the searches you don't rank for
: Search intelligence shows the top AI queries in your category, which ones you rank for, and where you're not showing up yet.
Fix what's not converting
: When your products surface in AI conversations but aren't turning into sales, Sidekick tells you what to change, like adding specifications to product titles, improving descriptions, or filling in missing product details.
And it's already adding up: In March, red light therapy mask brand Omnilux saw AI channels drive 3.2% of total revenue, and, according to luxury bedding brand Cozy Earth, overall revenue from AI channels was up 20x YoY.
Sidekick: ubiquitous AI across your business
Sidekick
is now more deeply integrated with your business. It can access more data, take more action, deliver deeper insights in context, and is more capable across more devices.
Sidekick App Extensions
Connect to all of your tools:
connect third-party apps directly to Sidekick, so you can get answers and take action across all your tools in conversation. Now live for 15+ partners, including Klaviyo, Loop, and Smile. ""Merchants can now ask Sidekick real questions about their Klaviyo campaigns, flows, and revenue performance right inside the Shopify Admin,"" says Anne Prins, VP of Product Partnerships at Klaviyo.
Proactive recommendations, no prompt needed
: Sidekick Pulse, which turns your store's own sales, traffic, and inventory into your next best actions, now greets you on a
redesigned Admin home
that puts Sidekick at its center.
Use it anywhere you work
: Sidekick is on every screen in the Shopify app, through typing or voice, with no full-screen takeover. Merchants can ask Sidekick to make changes to their online store, on their phone, on the go. They can now even ask Sidekick for business insights
from their Apple Watch
Heirloom Leathercraft is a two-person leather atelier founded by Joanne Hsieh and Tristan Walker. The company uses Sidekick as well as Shopify's Claude connector,
part of our recently announced AI agent integrations
, to help run the parts of the business that usually pull small founding teams in every direction.
As a result, the duo says they’ve been able to invest more heavily into the artisans at the heart of the company: ""They don't have to worry about marketing. They don't have to worry about accounting. They don't need to worry about inventory,"" Walker says. ""We can focus artisans on artisanship.""
Marketing that works harder for you
Campaign Autopilot
Marketing is merchants' top business challenge, year after year. These tools use Shopify's commerce intelligence to get you in front of more customers, convert them, and keep them coming back, without the overhead.
Answer buyers any time
: A new
AI sales associate joins Inbox
. It lives on your storefront, where it can answer buyer questions, suggest products, and handle order inquiries using the data already in your admin—like catalog, inventory, and policies. If a buyer signs in with Shop, it can personalize recommendations in chat. Merchants have control over the tone and when to loop a human into the conversation.
Promote your products on more channels
Shop Campaigns
, which lets merchants target customers at a set price across Shop, other merchants’ stores and external channels like Meta, Google, X, Bing and Snap, now includes ChatGPT, Pinterest, and advertising on the open web via Microsoft Monetize. You only pay when the customer converts.
Expert marketing in the Shopify admin
runs AI-powered marketing campaigns automatically across Facebook, Instagram, Shop, and email, and uses commerce intelligence to optimize over time within guardrails you set. More channels are coming soon: Microsoft Advertising, ChatGPT Ads, and Snapchat. Now in early access.
Smoother shopping, online and in-store
More personalized recommendations and smoother shopping experiences, whether your customers are buying online, in app or IRL.
Shop: one buyer profile, everywhere they go
Offer Shop Pay with any provider
: Now brands of all sizes not on Shopify
can offer Shop Pay
at checkout, gaining access to 250M+ shoppers and one-click purchasing for better conversion.
Show up in conversational search in Shop
AI-powered Shop Search
lets buyers search for products the way they’d ask a friend (“I need a waterproof jacket for a weekend hiking trip”), and tailors results to their shopping history.
Speed-up sign-in
: With
Sign in with Shop
, a buyer's profile, history, and saved details follow them across surfaces, and builders can drop the same trusted sign-in into anything they make.
Connect online with in-store
: Now your
retail locations surface in the Shop app
, product pages show local inventory for in-store pickup, and returns started in Shop finish at your counter with a QR code. Digital browsing turns into foot traffic, and a return becomes a reason to come back in.
Save time at checkout:
With POS v11, Retail staff
now save over a minute
on complex cart builds, and the cart now stays on screen through the entire transaction, with discounts, edits, and customer lookups opening in a side panel so they never lose their place.
Sell on fresh hardware:
The new
Verifone Victa mobile for Shopify POS
scans barcodes, takes card payments, and doubles as a countertop terminal when connected to a tablet.
Ready for wherever comes next
Surfaces will keep multiplying and shoppers will keep changing how they buy. With your products structured once and syncing everywhere automatically, keeping up stops being your job. That frees you to do the work only you can: building world-class products, and the business behind them.
See all 150+ updates in the Spring '26 Edition",d7abc168d85e7223405dc4f7e0addf4823c5307d448a6880feee7ceb80714367,https://www.shopify.com/news/spring-26-edition-merchant,"selling everything, everywhere, all at once: the spring '26 edition",d7abc168d85e7223405dc4f7e0addf4823c5307d448a6880feee7ceb80714367,2026-07-29T11:45:52.826294+00:00,detail_page_fetch,Belirsiz,Bağımsız Gelişme,Good,2026-06-17,,,,Yayın Tarihi,2026-06-17,publication_date,Yayın tarihi bulundu; recency için kullanıldı.,False,,False,,2026-06-17,Yüksek,english_publication_date,False,2026-08-08,Kesim tarihinden eski: 2026-06-17 < 2026-08-08,İş Birliği,True,"İş birliği, mutabakat veya entegrasyon duyurusu içeriyor.",True,True,True,https://www.shopify.com/news
RI-614699204019,DOC-REG-235-20260729114549,REG-235,Tier 1,shopify,Shopify,Shopify Newsroom,Resmi Haber Sayfası,https://www.shopify.com/news,Agentic commerce for every developer: The Spring '26 Edition,2026-06-17,https://www.shopify.com/news/spring-26-edition-dev,"Skip to Content
by Shopify
Share this story
Read more
Selling everything, everywhere, all at once: The Spring '26 Edition
Spring '26 Edition: Five apps that show what Catalog API and UCP make possible
Shopify brings native B2B features to millions more merchants
Anyone can now build end-to-end agentic commerce on Shopify, and the platform underneath every app gets a foundational rebuild.
AI is changing how buyers find products, and Shopify makes sure merchants show up wherever that's happening.
The Universal Commerce Protocol (UCP) is what makes that possible. It’s the open standard for how AI agents transact with merchants. Meanwhile Catalog API is UCP's discovery layer, turning billions of products from millions of merchants into structured, queryable data across AI surfaces.
In Winter '26, Shopify went all-in on agentic commerce and rebuilt the dev platform for AI.
Spring '26 throws the doors wide open.
The agentic commerce infrastructure is now self-serve for every developer. Underneath, the foundation gets rebuilt for production scale, and the friction developers have been working around smooths out.
Here's what's new.
1. Agentic commerce is open to the entire developer ecosystem.
Building on Shopify's agentic commerce layer used to require approval. That requirement is gone. With UCP and Catalog API, we give developers the tools to build end-to-end agentic experiences all on their own. Developers don't apply for UCP access, they register their agent profile in the Developer Dashboard and call the public MCP endpoint. From there, they can build across the full flow, from product search to checkout. (If you want to see what this looks like, check out
these shopping app demos
we made.)
UCP
The
Universal Commerce Protocol
is the standard Shopify co-developed with Google. It's the infrastructure for how AI agents transact with merchants, covering the full commerce journey from discovery to carts to checkout. UCP has broad industry support from Amazon, Meta, Microsoft, Salesforce, Stripe, Etsy, Target, and Wayfair.
What's new in Spring '26 is that any developer can access millions of Shopify merchants using Shopify's tools.
The UCP Skill, part of Shopify's open-source AI Toolkit, packages 20 years of commerce knowledge into something an agent can use out of the box. It helps agents navigate UCP on their own: introspect what's available, pull schemas, learn the shape of any operation without a human wiring it up. UCP CLI provides structured commands alongside. Overall, Universal Commerce Protocol gives builders the tools they need to create new shopping experiences. Full documentation lives
here
Catalog API
Catalog API turns Shopify's global product catalog into structured, queryable infrastructure for AI agents. Products from millions of merchants on Shopify are optimized with standardized data and real-time accuracy, so agents can discover, understand, and present them correctly across AI surfaces.
There are three things to know about Catalog API this Edition.
It opens up.
Catalog access takes just an API key, no approval needed. ChatGPT, Copilot, and the Shop App are the most visible surfaces today, but the same product data can power the next wave of apps, agents, and marketplaces forming around them.
It gets more useful.
Catalog was already queryable. This Edition makes it smarter at finding the right product.
Image search
returns visually similar products across Catalog. Multi-modal search combines text and image. The lookup endpoint resolves a list of product URLs into real Catalog matches. Richer metadata like size, color, and delivery estimates gives agents more context to present products accurately. AI searches powered by Shopify Catalog convert at 2x the rate of those using scraped data.
And Catalog API
supports Shop sign-in
, so developers can add it to experiences they build on top, allowing shoppers to connect their Shop account and bring their saved details with them. Developers get a trusted, ready-made buyer identity instead of building their own login layer.
It will pay builders.
Promoted placements will give developers and partners a future path to earn revenue when their Catalog-powered experiences drive sales. That gives developers a direct way to participate in the value they help create.
2. Shopify becomes native to how developers build and how merchants work.
Context switching breaks momentum for developers and merchants. Developers lose flow when they leave the editor to check docs or test an API. Merchants lose time when they leave Sidekick to switch between apps.
Sidekick App Extensions: Simplifying merchant workflows
With the number of weekly active shops using Sidekick up 4x year over year in Q1, Sidekick is becoming where merchants run their business. Apps need to be there too. Now, any developer in Shopify’s ecosystem can build a Sidekick App Extension. App developers can surface their app's data and actions directly inside Sidekick conversations.
Data extensions let Sidekick surface a partner app's data when a merchant asks a relevant question whether it’s about campaign performance or loyalty stats. Sidekick pairs that data with Shopify store context and returns one response.
Action extensions go further. Sidekick routes merchants to the right spot inside an app and stages changes for confirmation. Merchants act without leaving the conversation.
App Extensions launches with 15+ partners, including Klaviyo, Loop, Smile, Judge.me, Matrixify, Avia, Seguno, Checkout Links, and Yotpo. Any developer in Shopify's ecosystem can now build in Sidekick.
AI Toolkit
Shopify AI Toolkit
is now GA, and it dramatically reduces the time needed to build apps and integrations. One plugin gives your editor (Cursor, Claude Code, Codex, VS Code, and more) direct access to Shopify's reference guides, live store data, and admin tools. Your assistant auto-fills the right data structures and catches errors as you write, all without leaving the editor. The AI toolkit bundles a set of skills and the Shopify CLI together. The skills help agents understand
how
to build and the CLI then executes the appropriate commands. This combination is powerful and
highly token efficient,
reducing spend.
Static Apps
Developers can build and deploy a fully functional Shopify app without running a server. Shopify handles the hosting, App Bridge and Polaris are auto-injected, and authentication is handled by direct API access.
Static apps
can also leverage Shopify metaobjects and metafields to store relevant merchant data. These updates are great for agencies building apps for merchants, because they don’t need to worry about hosting costs or their data security.
3. The infrastructure developers depend on gets rebuilt.
Great developer tools are only as strong as the systems underneath them. This Edition strengthens the foundation. Webhooks you can trust to deliver, billing handled end-to-end by Shopify, and a single dashboard for everything you manage.
Next Gen Events
Apps need to know precisely when a commerce event happens, like a price change. In order to enable this, Shopify has
rebuilt its webhook system
from the ground up. Field-level change filtering lets developers subscribe to specific changes like customer address information or inventory updates, rather than every update on a resource. Customizable GraphQL payloads let developers define exactly the data they need.
App Events
Understanding how merchants leverage your app used to require separate analytics tools. Apps could receive data from Shopify (webhook deliveries, Function executions, API calls) but if a sync failed, a feature went unused, or a merchant hit an error, you had no way to log that back to Shopify. Debugging meant switching between your own monitoring tools, separate databases, and dashboards outside of Shopify.
App Events changes that.The
App Events API
accepts any event from your app that you want to track. Define the `event_handle` and attributes (e.g. `bulk_edit_completed`, `report_generated`, `onboarding_completed`, `email_sent` and more), and it flows into your Dev Dashboard Logs automatically, alongside your existing data, giving you a complete view of your app’s performance in one dashboard.
App Pricing
Shopify App Pricing
is the new home for app billing. If you've ever shipped a Shopify app with anything more complex than a flat monthly fee, you've probably spent weeks on billing infrastructure you didn't want to write: metering, invoicing, payment collection, edge cases for refunds and plan changes. All of it has to work and none of it is the commerce product you set out to build.
Shopify App Pricing is powered by the App Events API for usage charges. Developers send billable events (and custom app events) to one endpoint and Shopify meters them automatically, calculates charges based on the pricing model configured, and includes them on the merchant's Shopify invoice with clear line items.
Shopify App Pricing replaces both Managed Pricing and the legacy Billing API.
Flexible Fulfillment
Shopify is evolving how our fulfillment works. Buyers shop across channels, mix online and in-person purchases, and expect their delivery options to match. The first piece of that rebuild lands this Edition with
ship and pickup in one order
, which is moving from developer preview to GA.
Buyers can now select different delivery methods for different items within the same checkout—some shipped, some picked up in-store. The depth of the work shows up in small details: checkout makes delivery options easy to scan, and buyers can switch between ship and pickup for individual items.
For developers, this means apps, functions, integrations, and workflows that touch delivery, fulfillment, or order logic should be tested mixed-fulfillment orders. Mixed-fulfillment orders introduce patterns most apps weren't built for, with most assuming a single delivery method per order. Now's the time to make critical updates to be compatible with this release.
Like Events and App Pricing, fulfillment is the kind of foundational layer most people don't think about until it breaks. Shopify is rebuilding it now so that doesn’t happen.
Developer Dashboard
is now the home for all building. Dev stores, client transfer stores, and collaborator access all live in the same surface. Logs and monitoring get a full overhaul with time-series visualization, group-by filtering, and app health gauges. Navigation is simplified, with a cleaner structure replacing three-level nesting.
Shopify treats developer surfaces with the same care as the rest of the platform. Developers spend most of their time in a dashboard, so investing in this one matters.
Your move
AI is expanding who gets to build, and the ecosystem is wider than it's ever been. Shopify builds, partners build, and merchants grow.
Spring '26 Edition puts the commerce layer and the infrastructure in developers' hands.
See everything that shipped.",796d9bc091bd24e66441b6189148327caf0f4dcedea3a0b9e964789ae3f37084,https://www.shopify.com/news/spring-26-edition-dev,agentic commerce for every developer: the spring '26 edition,796d9bc091bd24e66441b6189148327caf0f4dcedea3a0b9e964789ae3f37084,2026-07-29T11:45:53.548696+00:00,detail_page_fetch,Belirsiz,Bağımsız Gelişme,Good,2026-06-17,,,,Yayın Tarihi,2026-06-17,publication_date,Yayın tarihi bulundu; recency için kullanıldı.,False,,False,,2026-06-17,Yüksek,english_publication_date,False,2026-08-08,Kesim tarihinden eski: 2026-06-17 < 2026-08-08,İş Birliği,True,"İş birliği, mutabakat veya entegrasyon duyurusu içeriyor.",True,True,True,https://www.shopify.com/news
RI-caeec0d23d21,DOC-REG-235-20260729114549,REG-235,Tier 1,shopify,Shopify,Shopify Newsroom,Resmi Haber Sayfası,https://www.shopify.com/news,"The next era of commerce, built by partners",2026-07-28,https://www.shopify.com/news/a-world-with-more-builders,"Skip to Content
by Atlee Clark
Share this story
Read more
The developers behind Shopify's $1.3 billion app ecosystem
Agentic commerce for every developer: The Spring '26 Edition
Spring '26 Edition: Five apps that show what Catalog API and UCP make possible
Every partner building on Shopify is making an entrepreneurial bet. Shopify’s VP of Partnerships believes AI will make that bet pay off for more people than ever.
The first time I visited our app partner Gorgias, I wasn't sure I had the right address. The directions took me to a garage in SoMa. Above the garage were founders Romain and Alex, hunched over laptops, building customer service software for online stores.
Back in 2016, that whole category belonged to a much bigger, well-funded incumbent. But there they were, betting they could do it better.
Gorgias
grew from that garage into a platform now woven into the tech stacks of more than 17,000 brands ranging from solo entrepreneurs to household names.
Romain and Alex were entrepreneurs, doing exactly what any founder does: spotting a problem, believing they could solve it better than anyone else, and getting to work.
Every partner is an entrepreneur
On the partnerships team, we spend our days working with entrepreneurs who are building agencies, apps, and service businesses in around 100 countries* that support millions of merchants around the world. We're all working on one mission, but from different angles.
Most people picture Shopify in the middle, with thousands of apps and agencies radiating out from it. That's not it. This ecosystem is a living, evolving thing. It’s connected to us, but constantly changing and growing on its own. Every new person, company, or technology that joins makes the whole ecosystem more valuable to belong to. The value compounds.
And that compounding value is what sets this ecosystem apart. Those that are a part of it, don’t just invite new players in, they embrace them and help set them up for success. It’s what we like to call collaborative competition: partners who compete for the same customers will still share everything they know with each other because that brings better outcomes for merchants and for themselves.
It's what makes
DotDev
, Shopify's annual developer and partner gathering, so impactful. Two thousand people come from all over the world for two days to share what they know, get hands-on with what Shopify is building next, and meet the teams behind our products. DotDev gives this community time to connect with each other. People spend most of the year heads-down in their own work, so something magical happens when you get them all in the same room.
Last year, 40,000 partners referred a new merchant to us.* That doesn't happen unless you believe in what's being built. That belief is what fills this community: entrepreneurs, taking a risk on an idea and trusting they can build it into something life-changing.
And when a partner helps a merchant win, it doesn't stop with them. As a merchant grows, takes on new opportunities, expands to new countries or builds out new product lines, partners are there, shoulder to shoulder with Shopify, to support them. This is the part people get wrong when they talk about market share like there's a fixed slice to fight over. The pie is infinite. Every new builder makes room for the next one. In 2025, the partner ecosystem generated nearly 7x Shopify’s total revenue. To be precise, that means for every dollar Shopify earns, the ecosystem around us generates $6.86.**
Say someone builds an app that helps a merchant sell more. Or helps a merchant get off the ground with a storefront that is beautiful and fast. That merchant grows, hires, and needs more apps and more custom optimization. Those get built by more partners, who hire too.
The Shopify platform is a growth engine for merchants. The partner ecosystem is the same for the people who build on it. Last year, the ecosystem supported more than 1.5 million jobs, up 2.5 times from 2021.** Every one of those jobs is a person who chose to build here.
AI puts a premium on expertise
AI is expanding who gets to participate. It makes building faster, easier, and more accessible. If this is your craft, it's understandable how this can feel less like an opportunity and more like uncertainty. But when the floor gets lower, the ceiling rises even higher.
While fewer people need help getting from zero to one, they still need help getting from one to two to three and beyond. App store installs are growing for this exact reason. Merchants still want real expertise and judgment. As the price of building is coming down, the value of expertise is going up. The hardest problems of building aren't budging: what to build, why it matters, and how to make it hold up in the real world with real users.
That's where partners come in. What we keep seeing is that AI lets them move quicker and take on more business than they could before. The partners who thrive are already picking up these tools and tinkering. They win by solving the problems you can't vibe-code your way out of. Where the value sits has changed.
We believe in the future of this ecosystem so much, we changed the way we reward our partners to show it. Incentives are where a company tells you what it values. For years, ours were simple: a partner earned a percentage of the subscription fees a merchant paid us. Over time, it got more complicated than it needed to be, with tiers and rules that weighed the ecosystem down. So this month we simplified, and
changed what we reward.
We built it around what should matter most: the success of the merchant.
For the agencies who build and launch stores, that means sharing in the growth. When a merchant they helped launch sells more, they earn more. For app developers, it means continuing to earn on top of the
$1.3 billion the app ecosystem earned
last year. And for everyone, we've introduced a new opportunity by opening
Shopify Catalog
—which makes it possible to build experiences that reach
well beyond a traditional storefront
. Soon partners will be able to
earn commission on the sales those experiences drive
. This all comes back to a single worldview: we want everyone on the same side of the table.
And we’re still early
We're twenty years in, and people ask if the big moments are behind us. I think it's the opposite.
Every time a new technology shows up, you get to start over and ask what's possible now that wasn't the day before. That’s the question in front of every partner right now.
Somewhere someone in a garage is hunched over a laptop, locked in on a vision, convinced the rest of the world just hasn't caught on yet. They aren’t waiting for permission, they’re already building.
There's so much left to build, and we get to do it together.
*Shopify Partner Survey 2026 (Shopify Market Insights, internal research; fielded May 29 to June 4, 2026). Base: all partners (n=2,501), weighted to be representative of active Shopify Partners; revenue-change items: partners with 2+ years tenure (n=2,018). Significance tested at 95%.
**Partnership revenue is based on 2025 activity across on platform partnership engagements and merchant activity.",83ab697839b3ff4b1e1b000d6bfa0a261c5374f6066ead8cb1c526c97a525c79,https://www.shopify.com/news/a-world-with-more-builders,"the next era of commerce, built by partners",83ab697839b3ff4b1e1b000d6bfa0a261c5374f6066ead8cb1c526c97a525c79,2026-07-29T11:45:54.187193+00:00,detail_page_fetch,Belirsiz,Bağımsız Gelişme,Good,2026-07-28,,,,Yayın Tarihi,2026-07-28,publication_date,Yayın tarihi bulundu; recency için kullanıldı.,False,,False,,2026-07-28,Yüksek,english_publication_date,False,2026-08-08,Kesim tarihinden eski: 2026-07-28 < 2026-08-08,İş Birliği,True,"İş birliği, mutabakat veya entegrasyon duyurusu içeriyor.",True,True,True,https://www.shopify.com/news
RI-d8be7f1b3409,DOC-REG-235-20260729114549,REG-235,Tier 1,shopify,Shopify,Shopify Newsroom,Resmi Haber Sayfası,https://www.shopify.com/news,Two decades building commerce infrastructure: Jeanne DeWitt Grosser joins Shopify’s board,2026-06-16,https://www.shopify.com/news/jeanne-dewitt-grosser-board,"Skip to Content
by Shopify
Share this story
Read more
Joe Natale joins Shopify’s board: From code to customer obsession
David Heinemeier Hansson joins Shopify’s board: 20 years in the making
Shopify’s board just got insta-ntly better: Instacart CEO Fidji Simo joins Shopify’s Board of Directors
Jeanne spent two decades building the infrastructure behind modern commerce that help businesses grow, compete, and win.
Today,
Jeanne DeWitt Grosser
joins Shopify’s board of directors.
Jeanne has spent two decades at the infrastructure layer of commerce. At Stripe, she built the commercial organization from the ground up and scaled revenue across every major function. Now, as COO of Vercel, she's helping build the AI-native foundation for the next generation of developers.
She also brings a clear view of what the AI era demands. Deep expertise matters more, not less. The people who have gone furthest in their craft are best positioned to put AI to work because they can encode real judgment into the systems they use.
That kind of thinking sharpens a company and makes Jeanne a great fit for Shopify.",1380eb218505084c8398d73d479242d6c51191dca146ab2edc0df300c69167e7,https://www.shopify.com/news/jeanne-dewitt-grosser-board,two decades building commerce infrastructure: jeanne dewitt grosser joins shopify’s board,1380eb218505084c8398d73d479242d6c51191dca146ab2edc0df300c69167e7,2026-07-29T11:45:54.708280+00:00,detail_page_fetch,Belirsiz,Bağımsız Gelişme,Good,2026-06-16,,,,Yayın Tarihi,2026-06-16,publication_date,Yayın tarihi bulundu; recency için kullanıldı.,False,,False,,2026-06-16,Yüksek,english_publication_date,False,2026-08-08,Kesim tarihinden eski: 2026-06-16 < 2026-08-08,Ürün / Özellik Gelişmesi,True,"Ürün, API, POS, ödeme, tahsilat veya dijital özellik gelişmesi sinyali içeriyor.",True,True,True,https://www.shopify.com/news
RI-f5c1adbaebe9,DOC-REG-242-20260729114606,REG-242,Tier 2,the_paypers,The Paypers,The Paypers Payments News,Fintech Haberi,https://thepaypers.com/news,"YouLend, REA Card partner on SME fnancing in Germany",2026-07-29,https://thepaypers.com/payments/news/youlend-and-rea-card-launch-sme-financing-partnership,"News
Payments
YouLend and REA Card launch SME financing partnership
Sinziana Albu
29 Jul 2026 / 5 Min Read
YouLend and REA Card have partnered to give German SMEs embedded access to card-transaction-based financing.
The agreement is designed to give small and medium-sized enterprises (SMEs) direct access to working capital through the payment infrastructure they already use.
Merchants using REA Card's POS terminals, cash register systems, or SoftPOS solutions can now receive financing offers from YouLend directly through the platform, without submitting a separate application. Financing decisions are based on merchants' actual card transaction data rather than the credit checks typically used in traditional banking assessments. According to the companies, this approach is intended to shorten the application process, speed up payouts, and extend access to capital for small businesses that are often underserved by conventional lenders.
In addition, the partnership targets sectors that process card payments on a daily basis and periodically require capital for inventory purchases, seasonal fluctuations, or growth investment, including restaurants, kiosks, retailers, taxi operators, and hair salons. Because financing offers are generated from existing transaction data, eligible merchants can receive an offer without initiating a separate application process.
Leonard Strigel
, General Manager Europe at YouLend,
said that small businesses often lack the time to navigate lengthy financing processes, and that integrating instant financing into the card terminal environment is intended to remove that obstacle at the point where merchants operate daily.
Integration status and next steps
Technical integration between the two companies has already been completed, meaning eligible REA Card merchants can access YouLend's financing offers immediately. The companies have said they plan to deepen the integration further, with the aim of embedding YouLend's financing more comprehensively into REA Card's existing product portfolio over time.
The partnership combines REA Card's established merchant relationships and payment infrastructure with YouLend's embedded financing technology, which uses automated decision models based on transaction data rather than traditional credit scoring.
Phillip Becker
, CEO at REA Card,
said the company aims to support merchants not only with payment processing but also with access to capital based on their actual business performance.
The announcement adds to a broader trend of embedded finance offerings being integrated into payment infrastructure across Europe, where payment providers increasingly package financing alongside transaction processing services. For YouLend, the agreement extends its network of integrated financing partnerships in the German market, an area where access to working capital for smaller merchants has traditionally depended on conventional bank lending criteria.
Keywords:
partnership
payments
ecommerce
SME financing
embedded finance
Countries:
Germany
News on Payments
29 Jul 2026
5 min read
Mastercard, Manifest launch business debit card for creators
ACI Worldwide and dLocal partner on Latin America payments
28 Jul 2026
Checkout.com receives in-principle UAE SVF licence
Airwallex adds onsite local payment methods to Shopify
Expert views on Payments
Why treasury’s next competitive advantage will be in payments data
7 min read
Unfiltered: the interchange fees illusion
27 Jul 2026
8 min read
Consolidating treasury with a single multi-currency account
17 Jul 2026
6 min read
FIFA World Cup 2026: fraud and payments lessons from the biggest tournament yet
15 Jul 2026
10 min read
Switzerland: an analysis of payments and ecommerce trends
08 Jul 2026
The Paypers is a global hub for market insights, real-time news, expert interviews, and in-depth analyses and resources across payments, fintech, and the digital economy. We deliver reports, webinars, and commentary on key topics, including regulation, real-time payments, cross-border payments and ecommerce, digital identity, payment innovation and infrastructure, Open Banking, Embedded Finance, crypto, fraud and financial crime prevention, and more – all developed in collaboration with industry experts and leaders.
Categories
Fraud and Fincrime
Fintech
Crypto, Web3 and CBDC
Regulations
M&A and Investments
Current themes
A2A Payments
Payment Orchestration
TradFi and DeFi Convergence
KYC, KYB and Digital Identity
Scams and Fraud
Embedded Finance
Real-Time Payments
The Paypers
Team
Advertise
About
Contact
Prinsengracht 777e
1017 JZ Amsterdam
P: +31 20 658 0652
E: editor@thepaypers.com
No part of this site can be reproduced without explicit permission of The Paypers (v2.7).
Privacy Policy
Cookie Statement
Copyright",fef9a7b61d7089e68fd3844ffacd6fd781235e6609f564ae90b2859990baa1c4,https://thepaypers.com/payments/news/youlend-and-rea-card-launch-sme-financing-partnership,"youlend, rea card partner on sme fnancing in germany",fef9a7b61d7089e68fd3844ffacd6fd781235e6609f564ae90b2859990baa1c4,2026-07-29T11:46:21.198098+00:00,detail_page_fetch,Belirsiz,Bağımsız Gelişme,Good,2026-07-29,,,,Yayın Tarihi,2026-07-29,publication_date,Yayın tarihi bulundu; recency için kullanıldı.,False,,False,,2026-07-29,Yüksek,english_publication_date,False,2026-08-08,Kesim tarihinden eski: 2026-07-29 < 2026-08-08,İş Birliği,True,"İş birliği, mutabakat veya entegrasyon duyurusu içeriyor.",True,True,True,https://thepaypers.com/news
RI-41d3427c18a1,DOC-REG-242-20260729114606,REG-242,Tier 2,the_paypers,The Paypers,The Paypers Payments News,Fintech Haberi,https://thepaypers.com/news,Indian payment firms oppose UPI one-click checkout,2026-07-29,https://thepaypers.com/payments/news/indian-payment-firms-oppose-upi-one-click-checkout-plan,"News
Payments
Indian payment firms oppose UPI one-click checkout plan
Sinziana Albu
29 Jul 2026 / 5 Min Read
Several Indian digital payments firms have opposed a proposal to enable one-click checkouts on the Unified Payments Interface network.
According to
Reuters
, companies including Paytm, Meta-backed CRED, and Flipkart's Super.money have told the National Payments Corporation of India (NPCI), which oversees the UPI network, that a proposed one-click checkout framework could entrench the dominance of larger payment apps and reduce competition in the sector.
Details of the proposal
The framework, referred to as UPI Meta or UPI Checkout, would allow customers to save a preferred payment handle or linked bank account with a merchant, removing the need to select a payment app for each transaction. Under the current system, users choose their preferred UPI app at the point of purchase. However, under the proposed model, customers would instead proceed directly to authentication using a PIN or biometric verification, a process similar to how saved card details are used for expedited checkouts.
In a letter dated 23 July 2026 and reviewed by Reuters, the signatory companies argued that the framework is expected to increase the persistence of customer preference towards the third-party app selected during the initial setup process. They added that once a customer saves a UPI ID for payment, that choice is unlikely to change, making it more difficult for smaller apps to compete for the same customer base. NPCI and the named companies did not immediately respond to requests for comment.
UPI processed more than 227 billion transactions worth over USD 289.94 billion in June 2026, according to NPCI data, making it one of the most widely used real-time payment networks globally. Walmart-backed PhonePe and Alphabet's Google Pay together account for roughly four-fifths of total UPI transaction volume, a concentration that has previously drawn regulatory attention.
Regulatory background
NPCI introduced a plan in 2020 to cap the market share of any single UPI app at 30%, but implementation has been delayed multiple times. The current compliance deadline for the market-share cap is set for December 2026. In addition, the opposition to the one-click checkout proposal comes as NPCI continues to weigh measures aimed at reducing concentration risk within the UPI ecosystem, while also considering product changes intended to improve the checkout experience for consumers and merchants.
The outcome of the consultation is likely to influence how competitive dynamics evolve within India's UPI network, particularly for smaller payment apps seeking to expand their user base against two dominant incumbents.
Keywords:
payments
one click checkout
checkout experience
payment experience
ecommerce
Countries:
India
News on Payments
YouLend and REA Card launch SME financing partnership
29 Jul 2026
5 min read
Mastercard, Manifest launch business debit card for creators
ACI Worldwide and dLocal partner on Latin America payments
28 Jul 2026
Checkout.com receives in-principle UAE SVF licence
Airwallex adds onsite local payment methods to Shopify
Expert views on Payments
Why treasury’s next competitive advantage will be in payments data
7 min read
Unfiltered: the interchange fees illusion
27 Jul 2026
8 min read
Consolidating treasury with a single multi-currency account
17 Jul 2026
6 min read
FIFA World Cup 2026: fraud and payments lessons from the biggest tournament yet
15 Jul 2026
10 min read
Switzerland: an analysis of payments and ecommerce trends
08 Jul 2026
The Paypers is a global hub for market insights, real-time news, expert interviews, and in-depth analyses and resources across payments, fintech, and the digital economy. We deliver reports, webinars, and commentary on key topics, including regulation, real-time payments, cross-border payments and ecommerce, digital identity, payment innovation and infrastructure, Open Banking, Embedded Finance, crypto, fraud and financial crime prevention, and more – all developed in collaboration with industry experts and leaders.
Categories
Fraud and Fincrime
Fintech
Crypto, Web3 and CBDC
Regulations
M&A and Investments
Current themes
A2A Payments
Payment Orchestration
TradFi and DeFi Convergence
KYC, KYB and Digital Identity
Scams and Fraud
Embedded Finance
Real-Time Payments
The Paypers
Team
Advertise
About
Contact
Prinsengracht 777e
1017 JZ Amsterdam
P: +31 20 658 0652
E: editor@thepaypers.com
No part of this site can be reproduced without explicit permission of The Paypers (v2.7).
Privacy Policy
Cookie Statement
Copyright",ea252a9f37af5e2d3a6fe921fe8354e984e67e03ae036982a33067cec61b4fa0,https://thepaypers.com/payments/news/indian-payment-firms-oppose-upi-one-click-checkout-plan,indian payment firms oppose upi one-click checkout,ea252a9f37af5e2d3a6fe921fe8354e984e67e03ae036982a33067cec61b4fa0,2026-07-29T11:46:23.219265+00:00,detail_page_fetch,Belirsiz,Bağımsız Gelişme,Good,2026-07-29,,,,Yayın Tarihi,2026-07-29,publication_date,Yayın tarihi bulundu; recency için kullanıldı.,False,,False,,2026-07-29,Yüksek,english_publication_date,False,2026-08-08,Kesim tarihinden eski: 2026-07-29 < 2026-08-08,İş Birliği,True,"İş birliği, mutabakat veya entegrasyon duyurusu içeriyor.",True,True,True,https://thepaypers.com/news
RI-acc9d97d8350,DOC-REG-242-20260729114606,REG-242,Tier 2,the_paypers,The Paypers,The Paypers Payments News,Fintech Haberi,https://thepaypers.com/news,ANNA Money acquires UKBF and BDG for SME platform,2026-07-29,https://thepaypers.com/mergers-aquisitions-and-investments/news/anna-money-acquires-ukbf-and-bdg-to-expand-ai-sme-platform,"News
M&A and Investments
ANNA Money acquires UKBF and BDG to expand AI SME platform
Sinziana Albu
29 Jul 2026 / 5 Min Read
ANNA Money has acquired UK Business Forums and Business Data Group to build an AI-powered platform for small businesses.
The two transactions form part of the company's strategy to develop an AI-powered operating system intended to support entrepreneurs through the stages of starting, running, and growing a business.
UKBF is a community platform used by more than 160.000 small business owners and entrepreneurs across the UK. Following the acquisition, ANNA Money will continue to invest in the UKBF community and plans to make its business support tools available to members, with the stated aim of reducing time spent on administrative tasks.
BDG operates in the UK company formations market. Its offering includes eFiling, a partner programme, and a banking comparison page used by formation agents. Through the process of integrating eFiling into its platform, ANNA Money intends to allow entrepreneurs who form companies through BDG's agent network to move directly into managing bookkeeping, tax, and compliance functions within the same system.
Positioning within a broader platform strategy
ANNA Money has described the acquisitions as an important step in a wider effort to consolidate services that are typically handled through separate software providers and advisers, including company formation, banking, accounting, tax, payments, and administration. The company's stated objective is to bring these functions into a single platform that supports businesses as they scale.
Eduard Panteleev
, co-founder and co-CEO at ANNA Money, said that the company’s growth is linked to the success of the businesses it supports, and that supporting the independent formation agents who use BDG's eFiling platform is intended to help those agents grow in turn. It was also added that the company aims to invest in technology, automation, and tools that strengthen agents' position in the market, rather than compete directly with them.
Market context
The acquisitions bring together a long-standing SME community platform and a company formations infrastructure provider under a single fintech, at a time when several providers in the sector have been extending their offerings beyond core banking into adjacent business services such as accounting, compliance, and tax administration. Combining a company formation channel with ongoing account management and community engagement tools reflects an approach in which customer acquisition and retention are addressed within one connected system rather than through separate, standalone products.
Further details on integration timelines for UKBF and BDG services within the ANNA Money platform have not been disclosed.
Keywords:
acquisition
banking
financial services
Embedded Finance
financial institutions
SME
Countries:
United Kingdom
News on M&A and Investments
29 Jul 2026
5 min read
Carlyle, Bain vie for Wealth Enhancement in USD 7 bln deal
28 Jul 2026
4 min read
Circle acquires IBM blockchain patent portfolio
OTP Bank agrees to acquire Baltic lender Luminor
22 Jul 2026
Nubank agrees to acquire Brazil-based Banco Porto Real
Expert views on M&A and Investments
Fintech M&A: what founders and buyers are getting wrong
18 Jun 2026
14 min read
Mergers and acquisitions activity in the payments space
05 Dec 2018
A Review of 2017 in Online Payments and Ecommerce
27 Dec 2017
Payment data: valuable insights to drive profitability on merchant sites
03 Mar 2017
Paysafe enables Revolut to launch an innovative currency exchange solution and prepaid card
18 Nov 2015
The Paypers is a global hub for market insights, real-time news, expert interviews, and in-depth analyses and resources across payments, fintech, and the digital economy. We deliver reports, webinars, and commentary on key topics, including regulation, real-time payments, cross-border payments and ecommerce, digital identity, payment innovation and infrastructure, Open Banking, Embedded Finance, crypto, fraud and financial crime prevention, and more – all developed in collaboration with industry experts and leaders.
Categories
Payments
Fraud and Fincrime
Fintech
Crypto, Web3 and CBDC
Regulations
Current themes
A2A Payments
Payment Orchestration
TradFi and DeFi Convergence
KYC, KYB and Digital Identity
Scams and Fraud
Real-Time Payments
The Paypers
Team
Advertise
About
Contact
Prinsengracht 777e
1017 JZ Amsterdam
P: +31 20 658 0652
E: editor@thepaypers.com
No part of this site can be reproduced without explicit permission of The Paypers (v2.7).
Privacy Policy
Cookie Statement
Copyright",e728a97773726a942b0079db83ae4693379dd059f70f29c1c20ed06f041d7eb2,https://thepaypers.com/mergers-aquisitions-and-investments/news/anna-money-acquires-ukbf-and-bdg-to-expand-ai-sme-platform,anna money acquires ukbf and bdg for sme platform,e728a97773726a942b0079db83ae4693379dd059f70f29c1c20ed06f041d7eb2,2026-07-29T11:46:24.211477+00:00,detail_page_fetch,Belirsiz,Bağımsız Gelişme,Good,2026-07-29,,,,Yayın Tarihi,2026-07-29,publication_date,Yayın tarihi bulundu; recency için kullanıldı.,False,,False,,2026-07-29,Yüksek,english_publication_date,False,2026-08-08,Kesim tarihinden eski: 2026-07-29 < 2026-08-08,İş Birliği,True,"İş birliği, mutabakat veya entegrasyon duyurusu içeriyor.",True,True,True,https://thepaypers.com/news
RI-b839d27698f6,DOC-REG-242-20260729114606,REG-242,Tier 2,the_paypers,The Paypers,The Paypers Payments News,Fintech Haberi,https://thepaypers.com/news,ACI Worldwide and dLocal bring LatAm payments,2026-07-28,https://thepaypers.com/payments/news/aci-worldwide-and-dlocal-partner-on-latin-america-payments,"News
Payments
ACI Worldwide and dLocal partner on Latin America payments
Sinziana Albu
28 Jul 2026 / 5 Min Read
ACI Worldwide and dLocal have partnered to give global merchants access to local payment methods in Brazil and Mexico.
The companies plan to extend coverage to Argentina, Chile, Colombia, and Peru in a future phase.
Merchants can now onboard and process transactions using six local payment methods across the two markets: Pix, PicPay, Mercado Pago, and NuPay in Brazil, and Mercado Pago, OXXO, and SPEI in Mexico. In addition, the arrangement allows ACI's enterprise merchants and fintech partners to expand into Latin America through one integration, while retaining control over their payment strategy and routing decisions.
dLocal contributes its local payment network and regional coverage to ACI's orchestration platform, which combines transaction routing, fraud prevention, and payments intelligence tools. According to the companies, this reduces the integration work merchants would otherwise need to undertake market by market.
A fragmented regional market
Latin America has more than 638 million consumers, with internet penetration above 75% and smartphone adoption above 80%, according to figures cited by ACI and dLocal. Payment preferences differ considerably between markets. Alternative payment methods, including e-wallets, real-time bank transfers, and instant payment schemes, account for around 50% of online transactions across the region and are already the dominant method in several countries.
Brazil's Pix instant payment system has surpassed 170 million users, while account-to-account transfers are commonly used in e-commerce in markets such as Colombia. The companies note that reliance on card payments alone can restrict conversion opportunities in some of the region's digital commerce markets.
Moreover, company representatives said the partnership is intended to address the operational complexity merchants face when entering new markets, positioning it as a way to combine local payment method access with orchestration and fraud management under a single platform. ACI cited internal research indicating that 96% of merchants using multiple acquirers report higher revenue, and that nearly two-thirds identify payment flexibility as a factor in growth.
The rollout begins with Brazil and Mexico, with the additional four markets (Argentina, Chile, Colombia, and Peru) planned for a subsequent phase. No specific timeline was given for this expansion.
Keywords:
partnership
payments
local payments
ecommerce
digital payments
Countries:
World
News on Payments
YouLend and REA Card launch SME financing partnership
29 Jul 2026
5 min read
Mastercard, Manifest launch business debit card for creators
28 Jul 2026
Checkout.com receives in-principle UAE SVF licence
Airwallex adds onsite local payment methods to Shopify
Expert views on Payments
Why treasury’s next competitive advantage will be in payments data
7 min read
Unfiltered: the interchange fees illusion
27 Jul 2026
8 min read
Consolidating treasury with a single multi-currency account
17 Jul 2026
6 min read
FIFA World Cup 2026: fraud and payments lessons from the biggest tournament yet
15 Jul 2026
10 min read
Switzerland: an analysis of payments and ecommerce trends
08 Jul 2026
The Paypers is a global hub for market insights, real-time news, expert interviews, and in-depth analyses and resources across payments, fintech, and the digital economy. We deliver reports, webinars, and commentary on key topics, including regulation, real-time payments, cross-border payments and ecommerce, digital identity, payment innovation and infrastructure, Open Banking, Embedded Finance, crypto, fraud and financial crime prevention, and more – all developed in collaboration with industry experts and leaders.
Categories
Fraud and Fincrime
Fintech
Crypto, Web3 and CBDC
Regulations
M&A and Investments
Current themes
A2A Payments
Payment Orchestration
TradFi and DeFi Convergence
KYC, KYB and Digital Identity
Scams and Fraud
Embedded Finance
Real-Time Payments
The Paypers
Team
Advertise
About
Contact
Prinsengracht 777e
1017 JZ Amsterdam
P: +31 20 658 0652
E: editor@thepaypers.com
No part of this site can be reproduced without explicit permission of The Paypers (v2.7).
Privacy Policy
Cookie Statement
Copyright",234a219ef7702390aac1fb0f5167c98f7788243bfe1510ba2e3a31ccfc4da066,https://thepaypers.com/payments/news/aci-worldwide-and-dlocal-partner-on-latin-america-payments,aci worldwide and dlocal bring latam payments,234a219ef7702390aac1fb0f5167c98f7788243bfe1510ba2e3a31ccfc4da066,2026-07-29T11:46:26.109213+00:00,detail_page_fetch,Belirsiz,Bağımsız Gelişme,Good,2026-07-28,,,,Yayın Tarihi,2026-07-28,publication_date,Yayın tarihi bulundu; recency için kullanıldı.,False,,False,,2026-07-28,Yüksek,english_publication_date,False,2026-08-08,Kesim tarihinden eski: 2026-07-28 < 2026-08-08,İş Birliği,True,"İş birliği, mutabakat veya entegrasyon duyurusu içeriyor.",True,True,True,https://thepaypers.com/news
RI-c236518b82f4,DOC-REG-052-20260730112439,REG-052,Tier 2,bddk,BDDK,BDDK Duyurular,Regülatör,https://www.bddk.org.tr/Duyuru/Liste,Fintürk 2026 Haziran verileri yayımlanmıştır.,30.07.2026,https://www.bddk.org.tr/Duyuru/Detay/3294,"Fintürk 2026 Haziran verileri yayımlanmıştır.
Resmi İstatistik Programı kapsamında, Fintürk – İllere Göre Seçilmiş Bankacılık Sektörü Verileri yayımlanmıştır.
İnteraktif bültene ulaşmak için
tıklayınız.
Açıklama:
Kurumumuz tarafından yayımlanan veriler, Kurumumuzun denetim ve gözetim yetkisi altında bulunan bankalardan BDDK Veri Transfer Sistemi (BVTS) aracılığıyla periyodik olarak alınan bilgilerden derlenmektedir. Mevcut bilgiler Fonksiyon Gruplarına göre katılım, kalkınma ve yatırım ile mevduat bankası, Sahiplik Grubu açısından ise kamu, yerli özel ve yabancı banka nezdinde ayrıma gidilerek şeffaflık ve kamuyu aydınlatma hedefleri doğrultusunda üç aylık olarak sunulmaktadır.
Fintürk – İllere Göre Seçilmiş Bankacılık Sektörü Verilerinde sunulan tablolar:
Krediler
Mevduat
Bireysel Bankacılık
Seçilmiş Sektörel Krediler
Oranlar
Şubeler (Adet) ve Nüfusa Göre Dağılım
Altın Kredileri ve Altın Mevduatı
Bankalar tarafından Kurumumuza raporlanan Haziran 2026 verilerine göre hazırlanan Türk Bankacılık Sektörünün konsolide olmayan ana göstergelerini içeren Haber Bültenine ulaşmak için",41f0516fe9d5bcb96919ad91ecd5ae651b9d5850c4d1376b18e23509a53c7a22,https://www.bddk.org.tr/Duyuru/Detay/3294,fintürk 2026 haziran verileri yayımlanmıştır.,41f0516fe9d5bcb96919ad91ecd5ae651b9d5850c4d1376b18e23509a53c7a22,2026-07-30T11:24:47.495187+00:00,detail_page_fetch,Belirsiz,Bağımsız Gelişme,Good,2026-07-30,,,,Yayın Tarihi,2026-07-30,publication_date,Yayın tarihi bulundu; recency için kullanıldı.,False,,False,,2026-07-30,Orta,publication_date,False,2026-08-08,Kesim tarihinden eski: 2026-07-30 < 2026-08-08,Regülasyon,True,Regülasyon veya resmi karar sinyali içeriyor.,True,True,True,https://www.bddk.org.tr/Duyuru/Liste
RI-aa835b7f2ad0,DOC-REG-052-20260730112439,REG-052,Tier 2,bddk,BDDK,BDDK Duyurular,Regülatör,https://www.bddk.org.tr/Duyuru/Liste,İnteraktif Aylık Bülten 2026 Haziran verileri yayımlanmıştır,30.07.2026,https://www.bddk.org.tr/Duyuru/Detay/3295,"İnteraktif Aylık Bülten 2026 Haziran verileri yayımlanmıştır
Resmi İstatistik Programı kapsamında, Aylık Bankacılık Sektörü Verileri yayımlanmıştır.
İnteraktif bültene ulaşmak için
tıklayınız.
Açıklama:
Kurumumuz tarafından yayımlanan veriler, Kurumumuzun denetim ve gözetim yetkisi altında bulunan bankalardan BDDK Veri Transfer Sistemi (BVTS) aracılığıyla periyodik olarak alınan bilgilerden derlenmektedir. Mevcut bilgiler Fonksiyon Gruplarına göre katılım, kalkınma ve yatırım ile mevduat bankası, Sahiplik Grubu açısından ise kamu, yerli özel ve yabancı banka nezdinde ayrıma gidilerek şeffaflık ve kamuyu aydınlatma hedefleri doğrultusunda aylık olarak sunulmaktadır.
Aylık Bankacılık Sektörü Bülteninde sunulan tablolar:
Bilanço
Kar Zarar
Krediler
Tüketici Kredileri
Sektörel Kredi Dağılımı
KOBİ Kredileri
Menkul Kıymetler
Türler ve Vade İtibarıyla Mevduat
Likidite Durumu
Sermaye Yeterliliği
Yabancı Para Pozisyonu
Bilanço Dışı İşlemler
Rasyolar
Diğer Bilgiler
Yurt Dışı Şube Rasyoları
Bankalar tarafından Kurumumuza raporlanan Haziran 2026 verilerine göre hazırlanan Türk Bankacılık Sektörünün konsolide olmayan ana göstergelerini içeren Haber Bültenine ulaşmak için",7297a7dbe5afc46fc6559ed17874d5f7bb6b0d3b1066ba619f69fc15f25db917,https://www.bddk.org.tr/Duyuru/Detay/3295,i̇nteraktif aylık bülten 2026 haziran verileri yayımlanmıştır,7297a7dbe5afc46fc6559ed17874d5f7bb6b0d3b1066ba619f69fc15f25db917,2026-07-30T11:24:49.531829+00:00,detail_page_fetch,Belirsiz,Bağımsız Gelişme,Good,2026-07-30,,,,Yayın Tarihi,2026-07-30,publication_date,Yayın tarihi bulundu; recency için kullanıldı.,False,,False,,2026-07-30,Orta,publication_date,False,2026-08-08,Kesim tarihinden eski: 2026-07-30 < 2026-08-08,Regülasyon,True,Regülasyon veya resmi karar sinyali içeriyor.,True,True,True,https://www.bddk.org.tr/Duyuru/Liste
RI-673b867955fe,DOC-REG-052-20260730112439,REG-052,Tier 2,bddk,BDDK,BDDK Duyurular,Regülatör,https://www.bddk.org.tr/Duyuru/Liste,İnteraktif Aylık Bülten 2026 Mayıs verileri yayımlanmıştır,29.06.2026,https://www.bddk.org.tr/Duyuru/Detay/2294,"İnteraktif Aylık Bülten 2026 Mayıs verileri yayımlanmıştır
Resmi İstatistik Programı kapsamında, Aylık Bankacılık Sektörü Verileri yayımlanmıştır.
İnteraktif bültene ulaşmak için
tıklayınız.
Açıklama:
Kurumumuz tarafından yayımlanan veriler, Kurumumuzun denetim ve gözetim yetkisi altında bulunan bankalardan BDDK Veri Transfer Sistemi (BVTS) aracılığıyla periyodik olarak alınan bilgilerden derlenmektedir. Mevcut bilgiler Fonksiyon Gruplarına göre katılım, kalkınma ve yatırım ile mevduat bankası, Sahiplik Grubu açısından ise kamu, yerli özel ve yabancı banka nezdinde ayrıma gidilerek şeffaflık ve kamuyu aydınlatma hedefleri doğrultusunda aylık olarak sunulmaktadır.
Aylık Bankacılık Sektörü Bülteninde sunulan tablolar:
Bilanço
Kar Zarar
Krediler
Tüketici Kredileri
Sektörel Kredi Dağılımı
KOBİ Kredileri
Menkul Kıymetler
Türler ve Vade İtibarıyla Mevduat
Likidite Durumu
Sermaye Yeterliliği
Yabancı Para Pozisyonu
Bilanço Dışı İşlemler
Rasyolar
Diğer Bilgiler
Yurt Dışı Şube Rasyoları
Bankalar tarafından Kurumumuza raporlanan Mayıs 2026 verilerine göre hazırlanan Türk Bankacılık Sektörünün konsolide olmayan ana göstergelerini içeren Haber Bültenine ulaşmak için",3b29abba0d9264786a51f75558dc17941fc227a3d8a5689f4fbd2c10b427dfcd,https://www.bddk.org.tr/Duyuru/Detay/2294,i̇nteraktif aylık bülten 2026 mayıs verileri yayımlanmıştır,3b29abba0d9264786a51f75558dc17941fc227a3d8a5689f4fbd2c10b427dfcd,2026-07-30T11:24:51.100196+00:00,detail_page_fetch,Belirsiz,Bağımsız Gelişme,Good,2026-06-29,,,,Yayın Tarihi,2026-06-29,publication_date,Yayın tarihi bulundu; recency için kullanıldı.,False,,False,,2026-06-29,Orta,publication_date,False,2026-08-08,Kesim tarihinden eski: 2026-06-29 < 2026-08-08,Regülasyon,True,Regülasyon veya resmi karar sinyali içeriyor.,True,True,True,https://www.bddk.org.tr/Duyuru/Liste
RI-5ffe4aca9c7a,DOC-REG-052-20260730112439,REG-052,Tier 2,bddk,BDDK,BDDK Duyurular,Regülatör,https://www.bddk.org.tr/Duyuru/Liste,Mart 2026 dönemi Üçer Aylık Temel Göstergeler yayımlanmıştır.,18.06.2026,https://www.bddk.org.tr/Duyuru/Detay/2292,"Mart 2026 dönemi Üçer Aylık Temel Göstergeler yayımlanmıştır.
Bankacılık Düzenleme ve Denetleme Kurumu (BDDK) tarafından üçer aylık dönemler itibarıyla hazırlanan ve Kurumumuz internet sitesinde yayımlanan “Türk Bankacılık Sektörü Temel Göstergeleri, sektörün mali yapısına, aktif ve pasif kompozisyonuna, sermaye yeterliliğine, kârlılık performansına, likidite durumuna ve risk göstergelerine ilişkin temel verileri; sahiplik grupları ve fonksiyon grupları ayrımında kamuoyu ile paylaşmaktadır.
Söz konusu yayın, Türk bankacılık sektörünün güncel ve karşılaştırılabilir veriler üzerinden izlenmesini sağlamak, veri şeffaflığını güçlendirmek ve paydaşların karar alma süreçlerini güvenilir bilgiyle desteklemek amacıyla 2012 yılından bu yana düzenli ve periyodik olarak hazırlanmakta; şeffaflık ve erişilebilirlik ilkeleri doğrultusunda Türkçe ve İngilizce olarak yayımlanmaktadır.
Rapor kapsamında yer verilen göstergeler; düzenli raporlama çerçevesinde temin edilen finansal veriler ile kamuya açıklanan bilgiler esas alınarak oluşturulmakta olup veri bütünlüğü, tutarlılık ve karşılaştırılabilirlik ilkeleri gözetilmektedir. Bu yönüyle yayın, kamuoyuna açıklanan finansal verilerin grafiksel ve karşılaştırmalı sunumlarla bütüncül bir çerçevede değerlendirilmesini kolaylaştırarak bilgiye erişilebilirliği ve analiz edilebilirliği güçlendirmeyi amaçlamaktadır.
BDDK, hesap verebilirlik ve kurumsal şeffaflık ilkeleri doğrultusunda; finansal istikrarın güçlendirilmesi ve veri temelli politika geliştirme süreçlerinin desteklenmesi amacıyla düzenli ve erişilebilir veri paylaşımını sürdürmektedir.
Üçer aylık temel göstergelere ulaşmak için
tıklayınız.",d67fd4fbd6750a5bddb281f3b4bddec356bbfc3775e3e9f352b0e7ebeb6bffc8,https://www.bddk.org.tr/Duyuru/Detay/2292,mart 2026 dönemi üçer aylık temel göstergeler yayımlanmıştır.,d67fd4fbd6750a5bddb281f3b4bddec356bbfc3775e3e9f352b0e7ebeb6bffc8,2026-07-30T11:24:54.535370+00:00,detail_page_fetch,Belirsiz,Bağımsız Gelişme,Good,2026-06-18,,,,Yayın Tarihi,2026-06-18,publication_date,Yayın tarihi bulundu; recency için kullanıldı.,False,,False,,2026-06-18,Orta,publication_date,False,2026-08-08,Kesim tarihinden eski: 2026-06-18 < 2026-08-08,Ürün / Özellik Gelişmesi,True,"Ürün, API, POS, ödeme, tahsilat veya dijital özellik gelişmesi sinyali içeriyor.",True,True,True,https://www.bddk.org.tr/Duyuru/Liste
RI-f6eff529c2d4,DOC-REG-236-20260730112745,REG-236,Tier 1,airwallex,Airwallex,Airwallex Newsroom,Resmi Basın Bülteni Sayfası,https://www.airwallex.com/global/newsroom,Airwallex Appoints Yuna Kwon as Head of SME for south Korea to accelerate growth and global expansion for local businesses,2026-07-30,https://www.airwallex.com/global/newsroom/yuna-kwon-head-of-sme,"Newsroom
Company Announcement
Airwallex Appoints Yuna Kwon as Head of SME for South Korea to Accelerate Growth and Global Expansion for Local Businesses
30 July 2026
Seoul, South Korea –
Airwallex, a leading global financial platform, today announced the appointment of Yuna Kwon as Head of SME for South Korea. In this role, Yuna will be responsible for leading Airwallex’s Korea operations, building strategic partnerships with financial institutions, strengthening engagement with industry stakeholders and key media, and expanding customer success initiatives. Through Airwallex’s cross-border financial solutions, she will support Korean businesses to scale seamlessly into international markets.
The appointment comes at a pivotal time for Airwallex in South Korea. Earlier this year, the company significantly bolstered its local capabilities by obtaining Payment Gateway (PG) and Prepaid Electronic Payment Instrument licenses, as well as a Foreign Exchange Business registration, through a strategic acquisition. These milestones provide the regulatory foundation for Airwallex to offer its full suite of proprietary financial infrastructure directly within the Korean market -
the fifth-largest e-commerce market in the world and where online sales now account for nearly half of all retail activity
Yuna joins Airwallex with over a decade of leadership experience across the e-commerce and management consulting sectors. She most recently served as Head of Korea and Japan Cross-border at Shopee, where she was instrumental in driving regional expansion and facilitating international trade for local merchants. Prior to her leadership roles at Shopee, Yuna was a consultant at The Boston Consulting Group (BCG), specializing in commercial due diligence and investment strategy.
""I am honored to take on the role at such an important juncture for Airwallex in South Korea,"" said
Yuna Kwon, Korea Head of SME
Airwallex.
""Having been in the market for some time, we are now in a prime position to deepen our impact. My focus will be on building a high-performing team and strengthening our local partnerships to help Korean businesses navigate the complexities of global finance and expand overseas. With our new licenses in place, we are excited to launch a series of innovative products later this year that will redefine how Korean companies manage money globally.""
""We are incredibly excited to have Yuna join us to lead our South Korean operations,"" said
Arnold Chan, APAC General Manager, Airwallex
. ""Airwallex is here to accelerate the digital transformation journey for Korean businesses, and to support more global companies in entering Korea and operating their businesses successfully. Yuna is a proven leader with a deep understanding of the local ecosystem. I have full confidence that she will take our Korea team to the next level, enhancing our service delivery and ensuring that we are the partner of choice for Korean businesses looking to go global.""
Following the successful acquisition and licensing phase completed at the start of the year, Airwallex is scheduled to roll out its core product offerings—including global business accounts and advanced payment acquiring solutions—to South Korean customers later in 2026. With Airwallex, Korean businesses will gain access to a comprehensive platform for managing financial operations in multiple markets and currencies, empowering them to expand and thrive globally.
The Australian-founded company reported an 61% year-on-year increase in revenue and a 78% year-on-year growth in transaction volume in Q1 2026 in the APAC region. Globally, the fintech achieved US$1.2 billion in annualised revenue and US$266 billion in annualised transaction volume in December 2025 – a testament to the growing demand for its trusted solutions and global financial infrastructure.
Share
Latest Announcements
23 July 2026
Visa and Airwallex join forces to build the next generation of financial infrastructure for freight platforms
Collaboration to help freight and shipping platforms modernise payments, improve cash flow and unlock new growth opportunities through embedded finance
Read more
25 June 2026
Airwallex Secures $320 Million in Series H Funding, Valuation Hits $11 Billion
Funding fuels expansion into autonomous finance and agentic commerce as the company drives toward its next billion in revenue
24 June 2026
Airwallex signals next phase of global scale with appointment of Chief Financial Officer
CFO appointed at Airwallex to drive new phase of growth in intelligent financial systems
Back to newsroom",9ed38dcbc2681f6390438faf6102ac540a014d3e1d70bbabf09735721efb478c,https://www.airwallex.com/global/newsroom/yuna-kwon-head-of-sme,airwallex appoints yuna kwon as head of sme for south korea to accelerate growth and global expansion for local businesses,9ed38dcbc2681f6390438faf6102ac540a014d3e1d70bbabf09735721efb478c,2026-07-30T11:27:49.000292+00:00,detail_page_fetch,Belirsiz,Bağımsız Gelişme,Good,2026-07-30,,,,Yayın Tarihi,2026-07-30,publication_date,Yayın tarihi bulundu; recency için kullanıldı.,False,,False,,2026-07-30,Yüksek,english_publication_date,False,2026-08-08,Kesim tarihinden eski: 2026-07-30 < 2026-08-08,İş Birliği,True,"İş birliği, mutabakat veya entegrasyon duyurusu içeriyor.",True,True,True,https://www.airwallex.com/global/newsroom
RI-1d2508aa932a,DOC-REG-242-20260730112808,REG-242,Tier 2,the_paypers,The Paypers,The Paypers Payments News,Fintech Haberi,https://thepaypers.com/news,PayPal goes live on Rootline for platform merchants,2026-07-29,https://thepaypers.com/payments/news/paypal-integrates-with-rootline-for-platform-merchants,"News
Payments
PayPal integrates with Rootline for platform merchants
Sinziana Albu
29 Jul 2026 / 5 Min Read
PayPal has gone live on Rootline, giving platforms and their merchants the ability to offer the payment method through the API they already use.
The integration means platforms operating on Rootline can extend PayPal to their entire merchant base without additional development work. At checkout, PayPal appears alongside other available payment methods, while transactions are settled and reconciled within Rootline's existing infrastructure. Moreover, refunds, cancellations, and disputes are managed through the same tools platforms currently use for other payment methods.
How the integration works
Rootline provides payments infrastructure for platforms, enabling them to embed payment processing, account management, and reporting into their own products, in a model comparable to how a payment service provider works directly with a merchant. The addition of PayPal follows this structure: platforms enable the payment method for their merchants through their existing integration and checkout flow. Disputes appear in reports merchants already use, and payouts run through the same Rootline accounts.
Barry Landegent
, Operations at Rootline, said the company built PayPal directly into its platform so that it would be available to every merchant and reconciled alongside other payment activity. Moreover,
Maarten Zwaan
, Director, Market Lead for Benelux and Ireland at PayPal, added that, since going live with Rootline in January 2026, the companies have observed increased usage, which they attribute to demand among consumers, platforms, and merchants for PayPal availability at checkout.
Account structure and merchant options
The integration is built on a SaaS model in which the platform holds a single PayPal account covering all merchants it serves, removing the need for individual merchants to open separate accounts. Transaction volume is pooled under this account, allowing the platform to set pricing for its merchants and to retain PayPal as part of its own revenue structure. Previously, merchants seeking to offer PayPal needed to contract with the company directly; under the new setup, they can instead be onboarded under the platform's existing contract.
Rootline also continues to support merchants that hold their own PayPal contracts, including in hybrid configurations that combine both models within the same platform.
The integration covers PayPal Checkout through Rootline's Hosted Checkout and Checkout Components, embedded within a merchant's website. It also supports full and partial refunds for up to 180 days, along with cancellations and dispute handling. Settlement and reconciliation are processed through Rootline's standard settlement report and Report API, consistent with how other payment methods are handled on the platform.
Keywords:
partnership
payments
ecommerce
BNPL
digital payments
Countries:
Germany
News on Payments
Wise connects directly to Malaysia's PayNet network
30 Jul 2026
5 min read
PayPal and Amazon launch BNPL option in Germany, Austria
29 Jul 2026
YouLend and REA Card launch SME financing partnership
Indian payment firms oppose UPI one-click checkout plan
Expert views on Payments
Why treasury’s next competitive advantage will be in payments data
28 Jul 2026
7 min read
Unfiltered: the interchange fees illusion
27 Jul 2026
8 min read
Consolidating treasury with a single multi-currency account
17 Jul 2026
6 min read
FIFA World Cup 2026: fraud and payments lessons from the biggest tournament yet
15 Jul 2026
10 min read
Switzerland: an analysis of payments and ecommerce trends
08 Jul 2026
The Paypers is a global hub for market insights, real-time news, expert interviews, and in-depth analyses and resources across payments, fintech, and the digital economy. We deliver reports, webinars, and commentary on key topics, including regulation, real-time payments, cross-border payments and ecommerce, digital identity, payment innovation and infrastructure, Open Banking, Embedded Finance, crypto, fraud and financial crime prevention, and more – all developed in collaboration with industry experts and leaders.
Categories
Fraud and Fincrime
Fintech
Crypto, Web3 and CBDC
Regulations
M&A and Investments
Current themes
A2A Payments
Payment Orchestration
TradFi and DeFi Convergence
KYC, KYB and Digital Identity
Scams and Fraud
Embedded Finance
Real-Time Payments
The Paypers
Team
Advertise
About
Contact
Prinsengracht 777e
1017 JZ Amsterdam
P: +31 20 658 0652
E: editor@thepaypers.com
No part of this site can be reproduced without explicit permission of The Paypers (v2.7).
Privacy Policy
Cookie Statement
Copyright",fe6a9f9ad1e07f23646261cb26e0fb734077f4578df9767c93c9967d457b2534,https://thepaypers.com/payments/news/paypal-integrates-with-rootline-for-platform-merchants,paypal goes live on rootline for platform merchants,fe6a9f9ad1e07f23646261cb26e0fb734077f4578df9767c93c9967d457b2534,2026-07-30T11:28:14.906081+00:00,detail_page_fetch,Belirsiz,Bağımsız Gelişme,Good,2026-07-29,,,,Yayın Tarihi,2026-07-29,publication_date,Yayın tarihi bulundu; recency için kullanıldı.,False,,False,,2026-07-29,Yüksek,english_publication_date,False,2026-08-08,Kesim tarihinden eski: 2026-07-29 < 2026-08-08,İş Birliği,True,"İş birliği, mutabakat veya entegrasyon duyurusu içeriyor.",True,True,True,https://thepaypers.com/news
RI-a6817ef8c578,DOC-REG-242-20260730112808,REG-242,Tier 2,the_paypers,The Paypers,The Paypers Payments News,Fintech Haberi,https://thepaypers.com/news,RunPay receives National Bank of Moldova authorisation to provide Open Banking services,2026-07-29,https://thepaypers.com/fintech/news/runpay-receives-national-bank-of-moldova-authorisation-to-provide-open-banking-services,"News
Fintech
RunPay receives National Bank of Moldova authorisation to provide Open Banking services
Sinziana Albu
29 Jul 2026 / 5 Min Read
RunPay has received National Bank of Moldova authorisation to provide Open Banking services to its customers.
The confirmation follows an assessment by the National Bank of Moldova of RunPay's compliance with the regulatory requirements governing account information and payment initiation services.
Open Banking frameworks require providers to meet defined technical and security standards before they can access customer account data held by other financial institutions, typically under the customer's explicit consent. RunPay's authorisation from the National Bank of Moldova indicates that the company has satisfied these requirements, positioning it as a licensed provider within Moldova's emerging Open Banking regulatory structure. In addition, the move reflects a broader trend across European markets, where national regulators have progressively opened banking infrastructure to licensed third-party providers in order to support account aggregation and payment initiation services.
Planned functionality
According to the company, the authorisation will support new features to be introduced in an upcoming update to the RunPay application. The planned Open Banking functionality is expected to allow users to link accounts held at other banks, view balances from all connected accounts within a single application, and transfer funds to their RunPay account more quickly than through traditional transfer methods.
No specific date has been given for the rollout of these features, though RunPay has indicated that the update will follow in due course.
Market relevance
The authorisation marks a step in the development of Moldova's digital financial services sector, where Open Banking adoption has been more limited than in EU member states with established regulatory frameworks such as the EU's revised Payment Services Directive (PSD2). As the first company to receive this specific authorisation from the National Bank of Moldova, RunPay is positioned to offer account aggregation and related services ahead of other domestic providers, potentially setting a reference point for how Open Banking services are implemented in the local market.
The development is also relevant to the wider regional context, as Moldova continues to align aspects of its financial regulation with EU standards amid its EU accession process. Open Banking authorisations of this kind are typically seen as part of the infrastructure needed to support interoperability between domestic and international payment systems.
RunPay has stated that the new functionality will form part of the continued development of its digital ecosystem, without providing further detail on subsequent phases of the rollout.
Keywords:
licence
Open Banking
financial services
financial institutions
Countries:
Moldova, Republic of
News on Fintech
Starling launches eSIM data-roaming plans with Gigs
30 Jul 2026
5 min read
29 Jul 2026
ICSFS core banking platform goes live at African Bank of Oman
4 min read
Venezuelan fintech Cashea secures USD 100 million in funding
Revolut brings private equity and credit funds to app users
28 Jul 2026
Expert views on Fintech
Why plastic cards are no longer enough for European banks
21 Jul 2026
8 min read
What's the best career advice you've ever received? We asked the leaders shaping payments and fintech.
27 May 2026
Agentic commerce does not threaten the rails. It threatens the toll.
19 May 2026
The Quantum Column: Quantum computing in banking
11 May 2026
The SAASpocalypse and payments: who survives when the per-seat model dies?
07 May 2026
The Paypers is a global hub for market insights, real-time news, expert interviews, and in-depth analyses and resources across payments, fintech, and the digital economy. We deliver reports, webinars, and commentary on key topics, including regulation, real-time payments, cross-border payments and ecommerce, digital identity, payment innovation and infrastructure, Open Banking, Embedded Finance, crypto, fraud and financial crime prevention, and more – all developed in collaboration with industry experts and leaders.
Categories
Payments
Fraud and Fincrime
Crypto, Web3 and CBDC
Regulations
M&A and Investments
Current themes
A2A Payments
Payment Orchestration
TradFi and DeFi Convergence
KYC, KYB and Digital Identity
Scams and Fraud
Embedded Finance
Real-Time Payments
The Paypers
Team
Advertise
About
Contact
Prinsengracht 777e
1017 JZ Amsterdam
P: +31 20 658 0652
E: editor@thepaypers.com
No part of this site can be reproduced without explicit permission of The Paypers (v2.7).
Privacy Policy
Cookie Statement
Copyright",fd999165c183f977c3bc4e146778489f25aa47dc45a19de240703b530c4fb2bf,https://thepaypers.com/fintech/news/runpay-receives-national-bank-of-moldova-authorisation-to-provide-open-banking-services,runpay receives national bank of moldova authorisation to provide open banking services,fd999165c183f977c3bc4e146778489f25aa47dc45a19de240703b530c4fb2bf,2026-07-30T11:28:16.392412+00:00,detail_page_fetch,Belirsiz,Bağımsız Gelişme,Good,2026-07-29,,,,Yayın Tarihi,2026-07-29,publication_date,Yayın tarihi bulundu; recency için kullanıldı.,False,,False,,2026-07-29,Yüksek,english_publication_date,False,2026-08-08,Kesim tarihinden eski: 2026-07-29 < 2026-08-08,Ürün / Özellik Gelişmesi,True,"Ürün, API, POS, ödeme, tahsilat veya dijital özellik gelişmesi sinyali içeriyor.",True,True,True,https://thepaypers.com/news
RI-7ac54d3c0b20,DOC-REG-003-20260731113946,REG-003,Tier 1,garanti_bbva,Garanti BBVA,Garanti BBVA Kurumsal communication / press releases,Resmi Basın Bülteni Sayfası,https://www.garantibbva.com.tr/kurumsal-iletisim,"Garanti BBVA, Bankacılık Deneyimini ChatGPT’ye Taşıdı",28 Temmuz 2026,https://www.garantibbva.com.tr/content/public-website/kurumsal-iletisim/garanti-bbva-bankacilik-deneyimi-chatgpt-is-birligi,"Garanti BBVA, Bankacılık Deneyimini ChatGPT’ye Taşıdı
28 Temmuz 2026
BBVA'nın İtalya ve Almanya'da Başlattığı ChatGPT Uygulama Deneyimi, Şimdi Garanti BBVA ile Türkiye'de Hayata Geçiyor
Garanti BBVA, ChatGPT uygulama kütüphanesinde yer alan ilk finans kuruluşları arasında yer alarak kullanıcılarına bankacılık ürün ve hizmetlerine ilişkin güncel bilgilere sohbet deneyimi içinde doğrudan erişim imkânı sunuyor.
Garanti BBVA, dijital bankacılık deneyimini üretken yapay zekâ platformlarına taşıyan yeni bir adım attı. BBVA'nın İtalya ve Almanya'da hayata geçirdiği ChatGPT uygulama deneyiminin Türkiye'deki adımı Garanti BBVA ile atıldı. ChatGPT uygulama kütüphanesinde yer alan ilk finans kuruluşları arasında bulunan Garanti BBVA, kullanıcıların bankacılık ürün ve hizmetlerine ilişkin güncel bilgilere ChatGPT sohbet deneyimi içinde doğrudan ulaşmasını sağlıyor.
Kullanıcılar, Garanti BBVA uygulamasını ChatGPT sohbetlerine ekleyerek kredi kartlarından kredilere, yatırım ürünlerinden dijital bankacılık hizmetlerine kadar pek çok konuda bilgi alabilecek. Böylece müşteriler ihtiyaç duydukları bilgilere ChatGPT deneyimi içerisinde, hızlı ve kolay bir şekilde ulaşabilecek. Uygulama, ürün ve hizmetlere ilişkin bilgi sunarken kişisel veya finansal verilere erişim sağlamayacak ve müşteri özelinde işlem gerçekleştirmeyecek.
Garanti BBVA Genel Müdür Yardımcısı Ceren Acer Kezik
konuya ilişkin yaptığı açıklamada şunları söyledi: “Teknoloji ve inovasyon, bizim için yalnızca dijitalleşmenin değil, bankacılığın geleceğini şekillendirmenin de en önemli araçlarından biri. Üretken yapay zekâ, insanların bilgiye erişme ve dijital hizmetlerle etkileşim kurma biçimini yeniden tanımlıyor. Biz de müşterilerimizin halihazırda bulunduğu dijital platformlarda yer alarak bankacılık deneyimini onların günlük yaşamının doğal bir parçası haline getirmeyi hedefliyoruz. BBVA Grubu'nun Avrupa'da başlattığı bu deneyimi şimdi Türkiye'ye taşıyarak Garanti BBVA uygulamasını ChatGPT'de kullanıcılarımızla buluşturuyoruz. Bu yeni adımın, finansal hizmetlerle yapay zekâ arasındaki etkileşimin yeni olanaklarının önünü açacağına inanıyoruz. Bugüne kadar olduğu gibi bundan sonra da yeni teknolojileri müşterilerimiz için somut değere dönüştürmeye, bankacılıkta dönüşüme yön veren yenilikçi deneyimler geliştirmeye ve sektörün geleceğini şekillendirecek uygulamaları hayata geçirmeye devam edeceğiz.”
Kullanıcılar ChatGPT üzerinden Garanti BBVA uygulamasına nasıl ulaşabilecek?
Kullanıcılar, ChatGPT'ye giriş yaptıktan sonra sol menüde yer alan Eklentiler alanını açarak burada bulunan Garanti BBVA uygulamasını seçip Eklentiyi Kur seçeneğiyle uygulamayı ChatGPT hesaplarına bağlayabiliyor. Bağlantının tamamlanmasının ardından ise herhangi bir sohbete @GarantiBBVA ile başlayarak uygulamayla etkileşime geçebiliyor ve Garanti BBVA'nın ürünleri, hizmetleri ve bankacılık süreçleri hakkında güncel bilgilere doğrudan ChatGPT üzerinden ulaşabiliyor.",2d688a9c3b1e94b2b6397f84bc93226df9f91d36509d6850ff27866b5fa69ce4,https://www.garantibbva.com.tr/content/public-website/kurumsal-iletisim/garanti-bbva-bankacilik-deneyimi-chatgpt-is-birligi,"garanti bbva, bankacılık deneyimini chatgpt’ye taşıdı",2d688a9c3b1e94b2b6397f84bc93226df9f91d36509d6850ff27866b5fa69ce4,2026-07-31T11:39:55.931996+00:00,detail_page_fetch,Belirsiz,Bağımsız Gelişme,Good,2026-07-28,,,,Yayın Tarihi,2026-07-28,publication_date,Yayın tarihi bulundu; recency için kullanıldı.,False,,False,,2026-07-28,Yüksek,publication_date,False,2026-08-08,Kesim tarihinden eski: 2026-07-28 < 2026-08-08,Basın Bülteni,True,Basın/haber kaynağından gelen tekil ve tarihli duyuru adayı.,True,True,,https://www.garantibbva.com.tr/kurumsal-iletisim
RI-87b71cfe195b,DOC-REG-003-20260731113946,REG-003,Tier 1,garanti_bbva,Garanti BBVA,Garanti BBVA Kurumsal communication / press releases,Resmi Basın Bülteni Sayfası,https://www.garantibbva.com.tr/kurumsal-iletisim,5 Ülkeye Swift Transferlerinde Yeni Nesil Ödeme Deneyimi,7 Temmuz 2026,https://www.garantibbva.com.tr/content/public-website/kurumsal-iletisim/5-ulkeye-swift-transferlerinde-yeni-nesil-odeme-deneyimi,"5 Ülkeye Swift Transferlerinde Yeni Nesil Ödeme Deneyimi
7 Temmuz 2026
Yurt Dışı Para Transferlerinde Türkiye’de Bir İlk Gerçekleşiyor
Garanti BBVA, Swift’in yeni nesil ödeme şemasına gönderici banka olarak katılarak, uluslararası para transferlerinde hız, şeffaflık, masrafların önden görünebilmesi ve uçtan uca takip imkânı sunuyor. Yeni ödeme deneyimi sayesinde müşteriler, transfer ücretlerini, ödemenin ne kadar sürede alıcıya ulaşacağını işlem öncesinde görebiliyor ve alıcıya ne kadar geçeceğinden emin olabiliyorlar.
Garanti BBVA, uluslararası para transferlerinde müşteri deneyimini dönüştürecek ve Türkiye için ilk olma özelliğini taşıyan bir adım atarak
Swift
’in yeni ödeme şemasına (“Swift’s new payment scheme”) gönderici banka olarak katıldı. Garanti BBVA tarafından ilk etapta İngiltere, İspanya, Avustralya, ABD ve Almanya için devreye alınan yeni ödeme şeması sayesinde Swift transferleri çok daha hızlı, şeffaf, masrafların önden görülebildiği ve takip edilebilir hale geldi.
Yeni nesil Swift ödeme şemasıyla müşteriler; işlem ücretlerini transfer öncesinde net şekilde görebiliyor, gönderilen tutarın alıcıya eksiksiz ulaşacağını biliyor ve transfer sürecini uçtan uca dijital kanallar üzerinden takip edebiliyor. Böylece geleneksel uluslararası para transferlerinde yaşanabilen belirsizliklerin, sürpriz masrafların ve uzun bekleme sürelerinin azaltılması hedefleniyor.
Garanti BBVA Genel Müdür Yardımcısı Cemal Onaran
, yeni sistemi şu sözlerle değerlendirdi: “Uluslararası ödeme deneyimini müşterilerimiz için daha hızlı, şeffaf ve öngörülebilir hale getirmeyi amaçladık. Swift’in yeni ödeme şeması entegrasyonumuzla yalnızca daha hızlı para transferi değil; müşterilerimize uluslararası işlemler üzerinde daha fazla kontrol, görünürlük ve güven sağlamak da mümkün oluyor. Garanti BBVA olarak, finans sektöründe en yeni çözümleri tüm müşterilerimizle buluşturmak ve hayatlarını kolaylaştırmak üzere çalışmaya ve ilklere imza atmaya devam ediyoruz.”
Swift Türkiye, Kafkaslar ve Orta Asya Bölge Yöneticisi Hikmet Can Yılmazsoy
konuyla ilgili değerlendirmesinde, “Müşteriler, uluslararası para transferlerinde de yurt içi ödemelerde alışık oldukları hız, şeffaflık ve öngörülebilirlik seviyesini bekliyor. Bu yeni çerçeve, tam da bu beklentiyi karşılamayı amaçlıyor. Günümüz teknolojisi sayesinde uluslararası ödemelerde çok daha iyi bir müşteri deneyimi sunmak mümkün hale geldi. Swift olarak, bu dönüşümü hayata geçirmek için dünyanın dört bir yanındaki bankalarla iş birliği yapmaktan büyük memnuniyet duyuyoruz,” dedi.
İlk etapta 5 ülke için devrede
Hem ticari hem de bireysel müşterilerin kullanımına sunulan yeni ödeme şeması kapsamında transfer edilen tutarın alıcı hesaba eksiksiz ulaşması sağlanırken, süreç boyunca işlemin hangi aşamada olduğu dijital kanallar üzerinden takip edilebiliyor. Yeni şema aynı zamanda işlem reddi durumlarında müşterilere daha açık ve anlaşılır bilgilendirme sunulmasına da imkân tanıyor. Mobil kanallara entegre edilen yeni takip ekranlarıyla birlikte müşteriler, transfer süreçlerini daha kolay ve kesintisiz şekilde yönetebilecek.
Swift’in yeni ödeme şeması Garanti BBVA müşterilerinin ödemelerinde ilk etapta İngiltere, İspanya, Avustralya, ABD ve Almanya ödeme ağlarında ilgili ülkelerin yerel para birimlerinde gerçekleştirilen transferlerde geçerli olacak. İngiltere, İspanya ve Avustralya’ya yapılan transferlerde sistemin sunduğu hız ve şeffaflık standartları tam kapasiteyle çalışacak. ABD koridorunda hızlı ödeme deneyimi ilk etapta belirli bankalarla sınırlı olarak sunulurken, Almanya’ya gerçekleştirilecek transferlerde hizmet alıcı ülkenin mesai saatleri içerisinde kullanılabilecek.",f18ac4a9178e2260f5d8c92e742c09a56095075c112cbc29f7726b41e838243a,https://www.garantibbva.com.tr/content/public-website/kurumsal-iletisim/5-ulkeye-swift-transferlerinde-yeni-nesil-odeme-deneyimi,5 ülkeye swift transferlerinde yeni nesil ödeme deneyimi,f18ac4a9178e2260f5d8c92e742c09a56095075c112cbc29f7726b41e838243a,2026-07-31T11:39:58.639570+00:00,detail_page_fetch,Belirsiz,Bağımsız Gelişme,Good,2026-07-07,,,,Yayın Tarihi,2026-07-07,publication_date,Yayın tarihi bulundu; recency için kullanıldı.,False,,False,,2026-07-07,Yüksek,publication_date,False,2026-08-08,Kesim tarihinden eski: 2026-07-07 < 2026-08-08,İş Birliği,True,"İş birliği, mutabakat veya entegrasyon duyurusu içeriyor.",True,True,,https://www.garantibbva.com.tr/kurumsal-iletisim
RI-4744523a9537,DOC-REG-003-20260731113946,REG-003,Tier 1,garanti_bbva,Garanti BBVA,Garanti BBVA Kurumsal communication / press releases,Resmi Basın Bülteni Sayfası,https://www.garantibbva.com.tr/kurumsal-iletisim,Garanti BBVA’nın Arşivi Erişime Açıldı,31 Temmuz 2026,https://www.garantibbva.com.tr/content/public-website/kurumsal-iletisim/garanti-bbvanin-arsivi-salt-arastirmada-erisime-acildi,"Garanti BBVA’nın Arşivi Erişime Açıldı
31 Temmuz 2026
Garanti BBVA’nın kurumsal hafızasını odağına alan arşivi Salt Araştırma’da çevrim içi erişime açıldı.
Salt tarafından Nisan 2023’te başlatılan Garanti BBVA Arşivi çalışmalarının
10 bin belgelik ilk bölümü
tamamlanarak çevrim içi erişime açıldı.
Arşiv çalışmaları kapsamında afiş, rapor, reklam filmi, süreli yayın, fotoğraf, albüm, dia, broşür ve çeşitli objelerden oluşan 36 bini aşkın fiziksel materyal, Türkçe ve İngilizce olarak kataloglanıp dijital ortama aktarıldı ve yaklaşık 255 bin dijital belgenin envanter çalışması tamamlandı.
Bankanın 1946 yılındaki kuruluşundan günümüze uzanan koleksiyon, finansal sistemlerin dönüşümünden gündelik yaşama, iletişim dilinden görsel kültüre geniş bir birikimi barındırıyor; kurumun tarihini Türkiye’nin ekonomik, toplumsal, kültürel ve teknolojik dönüşümüyle birlikte ele alarak farklı okumalara kapı aralıyor. Banka çalışanlarının katkılarıyla yeni materyallerin eklenmeye devam ettiği arşiv, kurumsal kimlikten reklam iletişimine, toplumsal yatırımdan sürdürülebilirlik yaklaşımına uzanan kapsamlı bir seçkiyi içeriyor. Böylece, bankanın kilometre taşlarını, teknolojiyi iş modelinin merkezine alan yaklaşımını ve dönüşen müşteri deneyimi anlayışını da gözler önüne seriyor.
Bankanın seksen yıllık tarihine ışık tutan
80 Yıldır Yarınlardayız
sergisi ise bu kapsamlı arşivden binlerce görsel ve yazılı içeriği bir araya getiriyor. Veri görselleştirme, algoritmik sistemler ve yapay zekâ analizleriyle çok katmanlı ve duyusal bir deneyim sunan sergi, 30 Eylül’e dek Salt Galata’da ücretsiz ziyaret edilebilir.",42baf60e531de5a8e0c4fbc9bcf4dae4de80e9763998186cccff7e9be94e579d,https://www.garantibbva.com.tr/content/public-website/kurumsal-iletisim/garanti-bbvanin-arsivi-salt-arastirmada-erisime-acildi,garanti bbva’nın arşivi erişime açıldı,42baf60e531de5a8e0c4fbc9bcf4dae4de80e9763998186cccff7e9be94e579d,2026-07-31T11:39:59.860479+00:00,detail_page_fetch,Belirsiz,Bağımsız Gelişme,Good,2026-07-31,,,,Yayın Tarihi,2026-07-31,publication_date,Yayın tarihi bulundu; recency için kullanıldı.,False,,False,,2026-07-31,Yüksek,publication_date,False,2026-08-08,Kesim tarihinden eski: 2026-07-31 < 2026-08-08,Ürün / Özellik Gelişmesi,True,"Ürün, API, POS, ödeme, tahsilat veya dijital özellik gelişmesi sinyali içeriyor.",True,True,,https://www.garantibbva.com.tr/kurumsal-iletisim
RI-cef1f5ecb6ec,DOC-REG-003-20260731113946,REG-003,Tier 1,garanti_bbva,Garanti BBVA,Garanti BBVA Kurumsal communication / press releases,Resmi Basın Bülteni Sayfası,https://www.garantibbva.com.tr/kurumsal-iletisim,Garanti BBVA Haziran 2026 Finansal Tablolar,30 Temmuz 2026,https://www.garantibbva.com.tr/content/public-website/kurumsal-iletisim/haziran-2026-finansal-tablolar,"Garanti BBVA Haziran 2026 Finansal Tablolar
30 Temmuz 2026
Garanti BBVA, Güçlü Sermaye Yapısı ve Müşteri Odaklı Stratejisiyle İstikrarlı Performansını Sürdürüyor
Türkiye Garanti Bankası A.Ş.
, 30 Haziran 2026 tarihli finansal tablolarını açıkladı. Banka’nın konsolide finansal tablolarına göre, yılın ilk 6 ayında,
net kârı
64,4 milyar TL oldu.
Aktif büyüklüğü
5,2 trilyon TL seviyesinde gerçekleşirken, ekonomiye
nakdi ve gayri nakdi krediler
aracılığıyla sağladığı destek ise 3,9 trilyon TL oldu. Fonlama bazını dinamik bir şekilde yöneten Garanti BBVA’nın fonlama kaynakları içindeki en büyük ağırlığı %66,2 ile müşteri mevduatları oluşturmaya devam etti. Müşteri mevduat tabanı yılın ilk 6 ayında %9,8 büyüme ile 3,5 trilyon TL oldu. Güçlü sermaye odağını koruyan Bankanın
sermaye yeterlilik oranı
%15,9,
özkaynak kârlılığı
%28,1,
aktif kârlılığı
ise %2,7 seviyelerinde gerçekleşti.
Konuya ilişkin değerlendirmelerde bulunan Garanti BBVA Genel Müdürü Mahmut Akten şunları söyledi:
“Yılın ikinci çeyreğinde küresel ekonomide jeopolitik gelişmeler kaynaklı yüksek belirsizlik devam ederken, yurt içinde sıkı para politikası ve makro ihtiyati çerçeve bankacılık sektörünün faaliyet ortamını belirleyen temel unsurlar olmayı sürdürdü.”
Mahmut Akten 2026 yılının ikinci çeyreğinde Garanti BBVA’nın bu ortamda nasıl farklılaştığını şu sözlerle açıkladı:
“Sıkı para politikasının etkisiyle yüksek seyreden fonlama maliyetleri ve artan kredi riski maliyetleri, ikinci çeyrekte bankacılık sektörünün sermaye getirileri üzerinde baskı oluşturdu. Garanti BBVA olarak güçlü ve çeşitlendirilmiş gelir yapımız, etkin bilanço yönetimimiz ve sağlam sermaye tabanımız sayesinde bu etkinin sonuçlarımıza yansımasını görece sınırlı tuttuk. Komisyon gelirlerimiz ile finansal iştiraklerimizin katkısı bu dönemde performansımızı desteklerken, sermaye getirimizi enflasyonun sınırlı altında, %28 seviyesinde koruduk.
Finansal dayanıklılığımızın temelinde, müşteri odaklı ve kredi öncelikli büyüme stratejimiz yer alıyor. Genişleyen müşteri tabanımız ve müşterilerimizle kurduğumuz uzun vadeli ilişkiler, sürdürülebilir büyümemizin en önemli dayanaklarını oluşturuyor. İkinci çeyrekte ihtiyaç kredileri, kredi kartları ve KOBİ kredilerinde elde ettiğimiz güçlü pazar paylarıyla Türk lirası kredilerdeki liderliğimizi sürdürürken, ekonomiye ve müşterilerimizin finansman ihtiyaçlarına kesintisiz destek vermeye devam ettik.
Garanti BBVA’nın dış borçlanma alanındaki çalışmalarına değinen Akten, şunları söyledi:
“Garanti BBVA olarak, uluslararası piyasalardan sağladığımız adil geçiş temalı sendikasyon kredisiyle ilk tematik sendikasyon kredisi anlaşmamızı başarıyla tamamladık. Bunun yanı sıra, yurt dışı borçlanma programımız kapsamında sürdürülebilir finansman alanında üç farklı temada tahvil ihracı gerçekleştirdik. İlk olarak, sürdürülebilir tarımda iklim değişikliğine adaptasyon ve dayanıklılığı desteklemek amacıyla 30 milyon euro tutarında yeşil tahvil ihraç ettik. Ardından, Temmuz ayında, toplumsal cinsiyet eşitliğini ve kadınların ekonomik güçlenmesini destekleyen faaliyetlerin finansmanına yönelik, Turuncu Tahvil İlkelerini uygulayan (Orange Bond Principles) 30 milyon dolar tutarında sürdürülebilir tahvil ihracı gerçekleştirdik. Son olarak ise iklim değişikliğine adaptasyon ve dayanıklılık odaklı projelere kaynak sağlamak amacıyla 30 milyon dolar tutarında sürdürülebilir tahvil ihraç ettik. Uluslararası piyasalardan sağladığımız bu kaynaklar, Bankamızın güçlü finansal yapısına ve uluslararası yatırımcıların güvenine işaret ederken; düşük karbonlu ekonomiye geçişi destekleyen yatırımların yanı sıra sosyal kapsayıcılığı, istihdamı ve ekonomik fırsatlara erişimi güçlendiren projelerin finansmanına katkı sağlamayı amaçlıyor.”
Bankanın 80. kuruluş yılını değerlendiren Akten, sözlerini şu şekilde tamamladı:
“Garanti BBVA olarak 80. yılımızı kutladığımız bu çeyrekte, yalnızca köklü geçmişimize değil; güçlü finansal yapımıza, teknolojideki öncü konumumuza, yetkin insan kaynağımıza ve müşterilerimizle yıllar içinde inşa ettiğimiz güvene de gururla bakıyoruz. Değişen ekonomik koşullara uyum sağlayarak büyüyen bir kurum olarak bugün ulaştığımız ölçek, sahip olduğumuz finansal dayanıklılık ve güçlü yetkinliklerimiz, geleceğe duyduğumuz güvenin en somut göstergelerini oluşturuyor. 80 yıllık birikimimizden aldığımız güçle, önümüzdeki dönemde de müşterilerimiz, paydaşlarımız ve ülkemiz için sürdürülebilir değer yaratmayı kararlılıkla sürdüreceğiz.”",fc916604e74d98a756d27f60e45ca223753fb98fd8f181ffc0c9fe49be6ba6ce,https://www.garantibbva.com.tr/content/public-website/kurumsal-iletisim/haziran-2026-finansal-tablolar,garanti bbva haziran 2026 finansal tablolar,fc916604e74d98a756d27f60e45ca223753fb98fd8f181ffc0c9fe49be6ba6ce,2026-07-31T11:40:02.272223+00:00,detail_page_fetch,Belirsiz,Bağımsız Gelişme,Good,2026-07-30,,,,Yayın Tarihi,2026-07-30,publication_date,Yayın tarihi bulundu; recency için kullanıldı.,False,,False,,2026-07-30,Yüksek,publication_date,False,2026-08-08,Kesim tarihinden eski: 2026-07-30 < 2026-08-08,Kampanya,True,Kampanya veya müşteri teklifi sinyali içeriyor.,True,True,,https://www.garantibbva.com.tr/kurumsal-iletisim
RI-b32320ba5a30,DOC-REG-003-20260731113946,REG-003,Tier 1,garanti_bbva,Garanti BBVA,Garanti BBVA Kurumsal communication / press releases,Resmi Basın Bülteni Sayfası,https://www.garantibbva.com.tr/kurumsal-iletisim,COP31 İklim Değişikliği Zirvesi,27 Temmuz 2026,https://www.garantibbva.com.tr/content/public-website/kurumsal-iletisim/cop31-iklim-degisikligi-zirvesi,"COP31 İklim Değişikliği Zirvesi
27 Temmuz 2026
Garanti BBVA, BBVA ile birlikte COP31'in küresel bankacılık partneri oldu
Garanti BBVA, BBVA ile birlikte Türkiye’nin ev sahipliğinde gerçekleşecek COP31 İklim Değişikliği Zirvesi’nde ‘Küresel Bankacılık Partneri’ olarak yer alacak. Bu kapsamda BBVA Grubu’nun Küresel Bankacılık Partnerliği, COP31 Başkanı ve Çevre, Şehircilik ve İklim Değişikliği Bakanı Murat Kurum ile Garanti BBVA Genel Müdürü Mahmut Akten arasında Ankara'da gerçekleştirilen görüşme ile resmileştirildi.
Antalya'da 9-20 Kasım tarihleri arasında düzenlenecek Birleşmiş Milletler İklim Değişikliği Çerçeve Sözleşmesi (BMİDÇS) Taraflar Konferansı’nın 31’inci Oturumu (COP31), iklim gündeminde taahhütlerden uygulamaya geçişi temsil eden yeni bir dönemin başlangıcını oluşturacak. Bu kapsamda BBVA Grubu ve Garanti BBVA; COP31 Başkanlığı ve Birleşmiş Milletler ile birlikte sürdürülebilir faaliyetlerin finansmanını desteklemek ve düşük karbonlu ekonomiye geçişi hızlandıracak çözümlerin geliştirilmesine katkı sağlamak amacıyla kapsamlı bir program yürütecek. Türkiye’nin sürdürülebilir kalkınma yolculuğunun uzun yıllardır bir parçası olan Garanti BBVA, COP31 boyunca sürdürülebilirlik ekosisteminin tüm paydaşlarını bir araya getiren etkinliklere de ev sahipliği yapacak. Gerçekleştirilecek program kapsamında sürdürülebilir finansman çözümleri, temiz enerji dönüşümü ve elektrifikasyon, karbon yoğun sanayilerin yeşil dönüşümü ve temiz teknolojiler, döngüsel ekonomi, dirençli şehir ve altyapılar ile tarım ve biyoçeşitlilik gibi başlıklarda bilgi paylaşımını destekleyerek yeni iş birliklerinin gelişmesine katkı sağlayacak.
COP31 iş birliğine dair açıklamada bulunan
COP31 Başkanı ve Çevre, Şehircilik ve İklim Değişikliği Bakanı Murat Kurum
, “Bu yıl Antalya’da ev sahipliğini yapacağımız COP31 zirvesinde her kesimle el ele vererek; kamu ve özel sektörün güçlerini birleştirecek Türkiye'nin iklim eylemi için kararlılığını dünyaya duyuracağız. Bu kapsamda bankacılık sektörümüzle önemli bir adım attık. Garanti BBVA ile BBVA Grubu COP31’in 'Küresel Bankacılık Partneri' oldu. Garanti BBVA Genel Müdürü Mahmut Akten ile görüşerek süreçte yapabileceklerimizi değerlendirdik. Ülkemizin; sürdürülebilir kalkınma yolculuğunda daima yanımızda olan Garanti BBVA ve BBVA’nın COP31’e de katkı sunacak olmasından memnuniyet duyuyoruz. COP31’de taahhütlerin eyleme dönüşmesi için istikrarlı adımlarımız devam edecek.” dedi.
BBVA CEO'su Onur Genç
, ""Bu yıl küresel iklim zirvesi COP31, Antalya’da düzenlenecek. Türkiye de BBVA’nın stratejik öneme sahip ana coğrafyalarından biri. Bu bizim için ayrı bir anlam taşıyor. Şirketleri, kurumları, kamu temsilcilerini ve sivil toplumu, taahhütleri somut adımlara dönüştürecek iş birlikleri ve yatırım ortamını birlikte oluşturmak üzere COP31'de Antalya'da bize katılmaya davet ediyorum."" dedi.
Genç sözlerini şöyle sürdürdü:
""BBVA olarak uzun yıllardır müşterilerimize sürdürülebilirlik yolculuklarında eşlik ediyoruz. İş modellerini dönüştürmeleri, değişen koşullara daha güçlü uyum sağlamaları ve dönüşümün sunduğu fırsatları değerlendirmeleri için finansman, danışmanlık ve yenilikçi çözümler sunuyoruz. İçinde bulunduğumuz küresel ortamda, dönüşüm her zamankinden daha önemli konumda. Dünya giderek daha parçalı bir yapıya bürünüyor, belirsizlikler artıyor ve iklim meselesi her zamankinden daha kararlı adımlar gerektiriyor. Tam da bu nedenle sürdürülebilirliğin rekabet gücü, dayanıklılık ve uzun vadeli değer yaratmanın temel kaynaklarından biri olduğuna inanıyoruz.
Bu anlayışla, COP31 Başkanlığı'nın ortaya koyduğu vizyonu ve özel sektörü bu ortak çabanın bir parçası olmaya davet eden yaklaşımını memnuniyetle karşılıyoruz. Birleşmiş Milletler ve COP31 Başkanlığı'nı, konferansın Küresel Bankacılık Partneri olarak desteklemekten büyük gurur duyuyoruz. Gelişmiş ve gelişmekte olan pazarlardaki deneyimimizi, güçlü müşteri ilişkilerimizi ve yetkinliklerimizi COP31'in önceliklerinin hayata geçirilmesine katkı sağlamak için seferber edeceğiz.”
Garanti BBVA Genel Müdürü Mahmut Akten ise konuyla ilgili şunları söyledi:
“COP31'in Türkiye'de düzenlenmesi ülkemiz için tarihi bir fırsat. BBVA ile birlikte COP31'in Küresel Bankacılık Partneri olmaktan büyük gurur duyuyoruz. Bu ortaklığı yalnızca bir sponsorluk olarak değil; Türkiye'nin sürdürülebilir dönüşümünü hızlandıracak stratejik bir yolculuğun başlangıç noktası olarak görüyoruz.
İklim hedeflerine ulaşmak güçlü iş birlikleri ve ortak akılla mümkün olacak. COP31’in, kamu, özel sektör, yatırımcılar, akademi gibi tüm paydaşları ortak bir amaç etrafında buluşturarak yeni fikirlerin, yatırımların ve somut projelerin gelişimine katkı sağlayacağını biliyoruz.
COP31'in başarısı yalnızca bugünü değil, şirketlerin önümüzdeki yıllardaki dönüşüm yolculuğunu da etkileyecek. Bu dönüşümde finans sektörünün rolü yalnızca finansman sağlamakla sınırlı kalmamalı.
Garanti BBVA olarak biz de finansmanın ötesine geçerek, müşterilerimizin sürdürülebilir dönüşüm yolculuğunda, danışmanlık ve sektörel uzmanlığımızla güvenilir ve uzun vadeli bir çözüm ortağı olmaya devam ediyoruz. COP31'in Türkiye'nin sürdürülebilir kalkınmasına katkı sağlayacak yeni yatırımların, güçlü iş birliklerinin ve somut projelerin gelişmesi için önemli bir fırsat olduğuna inanıyoruz.”
COP’ta yeşil bölgede kurulacak BBVA ve Garanti BBVA pavilyonu; diyalog, iş birliği ve inovasyona açık bir buluşma noktası olarak tasarlanacak. Burada düzenlenecek paneller, müşteri buluşmaları ve üst düzey görüşmeler bilgi paylaşımını güçlendirirken paydaşlar arasında ortak vizyonun yeni iş birliklerine dönüşmesine de katkı sağlayacak.
Sürdürülebilirlik büyümenin itici gücü olmaya devam ediyor
Sürdürülebilirlik, BBVA Grubu’nun stratejik önceliklerinden biri ve bankanın büyümesinin temel itici güçlerinden biri olmaya devam ediyor. BBVA, 2026 yılının ilk çeyreğinde sürdürülebilir iş alanında 36 milyar euro finansman sağladı. Bu rakam, bir önceki yılın aynı dönemine göre yüzde 33 artış anlamına geliyor. Böylece 2025 yılından bu yana sağlanan toplam sürdürülebilir finansman 170 milyar euroya ulaştı. Banka, 2025-2029 dönemi için belirlediği 700 milyar euro hedef doğrultusunda çalışmalarını sürdürüyor.
Garanti BBVA ise sürdürülebilirliği iş modelinin, risk yönetiminin ve karar alma süreçlerinin merkezinde konumlandırıyor. Banka, 2018-2025 dönemi için belirlediği 400 milyar TL'lik sürdürülebilir finansman hedefini planlanandan önce tamamlamasının ardından, 2018-2029 dönemi için toplam sürdürülebilir finansman hedefini 3,5 trilyon TL'ye yükseltti. Ocak 2026 itibarıyla bu hedef kapsamında 1 trilyon TL finansman eşiğini aşan Garanti BBVA, müşterilerinin sürdürülebilir dönüşüm yolculuğunu yalnızca finansmanla değil; danışmanlık, sektörel uzmanlık ve yenilikçi çözümlerle desteklemeye devam ediyor.",1fc1c09bd79e55f1fcce826b71f119b7073690c279dd6473400d57869ef9718c,https://www.garantibbva.com.tr/content/public-website/kurumsal-iletisim/cop31-iklim-degisikligi-zirvesi,cop31 i̇klim değişikliği zirvesi,1fc1c09bd79e55f1fcce826b71f119b7073690c279dd6473400d57869ef9718c,2026-07-31T11:40:03.700922+00:00,detail_page_fetch,Belirsiz,Bağımsız Gelişme,Good,2026-07-27,,,,Yayın Tarihi,2026-07-27,publication_date,Yayın tarihi bulundu; recency için kullanıldı.,False,,False,,2026-07-27,Yüksek,publication_date,False,2026-08-08,Kesim tarihinden eski: 2026-07-27 < 2026-08-08,Kampanya,True,Kampanya veya müşteri teklifi sinyali içeriyor.,True,True,,https://www.garantibbva.com.tr/kurumsal-iletisim
RI-afee390d76dd,DOC-REG-003-20260731113946,REG-003,Tier 1,garanti_bbva,Garanti BBVA,Garanti BBVA Kurumsal communication / press releases,Resmi Basın Bülteni Sayfası,https://www.garantibbva.com.tr/kurumsal-iletisim,Karbon Maliyeti Riskine Karşı Yeni Hazine Ürünü,24 Temmuz 2026,https://www.garantibbva.com.tr/content/public-website/kurumsal-iletisim/skdm-kaynakli-karbon-maliyeti-riskine-karsi-yeni-hazine-urunu,"Karbon Maliyeti Riskine Karşı Yeni Hazine Ürünü
24 Temmuz 2026
Garanti BBVA’dan SKDM kaynaklı karbon maliyeti riskine karşı yeni hazine ürünü
Garanti BBVA, Avrupa Birliği ile ticaret yapan şirketlerin Sınırda Karbon Düzenleme Mekanizması (SKDM) kapsamında sertifikalarda oluşabilecek fiyat dalgalanmalarından kaynaklanan karbon maliyeti riskini yönetmelerine destek olmak amacıyla, türev ürünler kapsamında yeni bir hazine çözümü geliştirdi. Bu kapsamda Garanti BBVA, geliştirdiği yeni çözümü Medcem Çimento Grubu ile hayata geçirdi. İşlem, finans sektöründe bu alandaki erken uygulama örneklerinden biri olarak öne çıkıyor. Bu yenilikçi üründen yararlanan Medcem Çimento Grubu, işleme konu edilen SKDM sertifikası fiyat riskinin belirli bir bölümünü bugünden yöneterek gelecekteki maliyetlerini bugünden daha öngörülebilir hale getirme imkânı elde etti.
Garanti BBVA, dış ticaret finansmanı ve risk yönetimi alanındaki yenilikçi uygulamalarına bir yenisini daha ekledi. İklim regülasyonlarının şirketler açısından giderek daha önemli bir finansal risk yönetimi başlığı haline geldiği günümüzde banka, Avrupa Birliği ile ticaret yapan ve SKDM kapsamına giren müşterilerinin karbon maliyeti risklerini daha etkin yönetebilmelerine destek olacak, türev araçlara dayalı yeni bir ürün hayata geçirdi.
SKDM sertifikası fiyatlarında oluşabilecek dalgalanmalar, ihracatçı şirketlerin maliyet yapısını, kârlılığını ve fiyatlama stratejilerini etkileyebiliyor. Garanti BBVA’nın geliştirdiği çözüm, Avrupa Birliği'ne ihracat yapan ve SKDM maruziyeti olan şirketlerin maliyetlerini daha öngörülebilir hale getirerek, iş planlarını uzun vadeli güvenle oluşturabilmelerini sağlıyor.
Bu çözüm sayesinde Medcem Çimento Grubu, 2027 yılında teslim edilecek SKDM sertifikalarına ilişkin işleme konu edilen fiyat dalgalanması riskine karşı Garanti BBVA ile bugünden fiyat sabitleyerek, gelecekteki karbon maliyetini daha öngörülebilir hale getirme imkânı elde etti.
Sinem Edige: “Sürdürülebilirlik, finansal stratejileri ve risk yönetimi yaklaşımlarını da dönüştürüyor”
Konuyla ilgili değerlendirmede bulunan
Garanti BBVA Genel Müdür Yardımcısı Sinem Edige
, şunları söyledi:
“Bugün sürdürülebilirlik, şirketlerin yalnızca çevresel etkilerini değil, finansal stratejilerini ve risk yönetimi yaklaşımlarını da dönüştüren temel bir unsur haline geldi. Avrupa Birliği’nin Sınırda Karbon Düzenleme Mekanizması gibi iklim regülasyonları, Avrupa Birliği ile ticaret yapan şirketler açısından karbon maliyetlerinin öngörülebilir şekilde yönetilmesini giderek daha kritik hale getiriyor.
Garanti BBVA olarak müşterilerimizin bu dönüşüm sürecine bütüncül bir bakışla eşlik ediyoruz. Sürdürülebilir finansman alanındaki deneyimlerimizi, hazine ürünleri ve risk yönetimi çözümlerimizle destekleyerek müşterilerimizin yeni nesil finansal risklere karşı daha hazırlıklı olmalarına katkıda bulunuyoruz.
SKDM sertifikalarının maliyeti, Avrupa Birliği karbon fiyatlarındaki gelişmelere bağlı olarak değişkenlik gösterebiliyor. Bu nedenle işletmeler, bugün ihracat planlaması, ürün fiyatlaması veya maliyet projeksiyonu yaparken, gelecekte karşılaşabilecekleri karbon maliyetini kesin olarak öngöremeyebiliyor. Türkiye'de bu alandaki erken uygulama örneklerinden biri olan Medcem Çimento Grubu işlemiyle, müşterimizin bu belirsizliği yönetmesine ve Avrupa Birliği karbon fiyatlarındaki dalgalanmalara maruz kalma riskini azaltmasına destek olmayı amaçlıyoruz.
Önümüzdeki dönemde de müşterilerimizin sürdürülebilirlik hedeflerini finansal stratejileriyle uyumlu hale getiren yenilikçi çözümler geliştirmeye devam edeceğiz.”
Medcem Çimento Grubu CEO'su Mehmet Ali Ceylan
ise, gerçekleştirilen işleme ilişkin şu değerlendirmede bulundu:
“SKDM’nin mali yükümlülük dönemine geçişiyle birlikte, özellikle SKDM kapsamındaki ürünleri Avrupa Birliği pazarına ihraç eden sektörlerde karbon maliyetlerinin yakından izlenmesi ve öngörülebilirliğinin artırılması giderek daha önemli hale geliyor. Çimento sektöründe bu sürecin yalnızca düzenlemelere uyum açısından değil, finansal dayanıklılık ve uluslararası rekabet gücü bakımından da ele alınması gerektiğini düşünüyoruz.
Medcem Çimento Grubu olarak karbon maliyetlerindeki belirsizliği, karbonsuzlaşma stratejimizin finansal boyutlarından biri olarak ele alıyoruz. Bu doğrultuda Garanti BBVA ekibiyle yakın istişare içinde çalıştığımız bu iş birliği sonucunda gerçekleştirdiğimiz hedge işlemiyle, SKDM kaynaklı maliyetlerimizin belirli bir bölümünü daha öngörülebilir hale getirmeyi amaçladık.”
Yeni nesil finansal risklere yenilikçi çözümler
Garanti BBVA, müşterilerine yalnızca standart kur, faiz ve emtia risklerinde değil; iklim regülasyonlarından kaynaklanan yeni nesil finansal risklerde de destek olmayı hedefliyor. Banka, sürdürülebilir finansman alanındaki deneyimi ve hazine çözümleriyle, reel sektörün düşük karbon ekonomisine geçiş sürecine katkı sağlamayı sürdürüyor.",2480335427f16df7e047104f729fa7a932a2b0fed36357dda10310d586cc01ee,https://www.garantibbva.com.tr/content/public-website/kurumsal-iletisim/skdm-kaynakli-karbon-maliyeti-riskine-karsi-yeni-hazine-urunu,karbon maliyeti riskine karşı yeni hazine ürünü,2480335427f16df7e047104f729fa7a932a2b0fed36357dda10310d586cc01ee,2026-07-31T11:40:06.720191+00:00,detail_page_fetch,Belirsiz,Bağımsız Gelişme,Good,2026-07-24,,,,Yayın Tarihi,2026-07-24,publication_date,Yayın tarihi bulundu; recency için kullanıldı.,False,,False,,2026-07-24,Yüksek,publication_date,False,2026-08-08,Kesim tarihinden eski: 2026-07-24 < 2026-08-08,İş Birliği,True,"İş birliği, mutabakat veya entegrasyon duyurusu içeriyor.",True,True,,https://www.garantibbva.com.tr/kurumsal-iletisim
RI-6fb973bbf48d,DOC-REG-003-20260731113946,REG-003,Tier 1,garanti_bbva,Garanti BBVA,Garanti BBVA Kurumsal communication / press releases,Resmi Basın Bülteni Sayfası,https://www.garantibbva.com.tr/kurumsal-iletisim,KGF ve İGE Destekli Kredilerde Dijital Başvuru Dönemi,24 Temmuz 2026,https://www.garantibbva.com.tr/content/public-website/kurumsal-iletisim/kgf-ve-ige-destekli-kredilerde-dijital-basvuru-donemi,"KGF ve İGE Destekli Kredilerde Dijital Başvuru Dönemi
24 Temmuz 2026
Garanti BBVA’dan KGF ve İGE Destekli Kredilerde Dijital Başvuru Dönemi
Garanti BBVA, KGF ve İGE kefaletli kredi süreçlerini dijital kanallara taşıdı. KOBİ’ler ve işletmeler şubeye gitmeden başvuru oluşturabilecek, süreçlerini uçtan uca takip edebilecek ve değerlendirme aşamalarını anlık olarak izleyebilecek.
Garanti BBVA, Kredi Garanti Fonu (KGF) ve İhracatı Geliştirme A.Ş. (İGE) kefaletli kredi süreçlerini dijital kanallara taşıyarak işletmelerin finansmana erişimini kolaylaştıran yeni bir uygulamayı hayata geçirdi. Yeni geliştirme sayesinde KOBİ’ler ve KOBİ dışı işletmeler, kredi başvurularını Garanti BBVA Mobil ve İnternet Bankacılığı üzerinden oluşturabilecek, başvurularının tüm aşamalarını anlık olarak takip edebilecek.
Yeni uygulama kapsamında müşteriler, kendilerine uygun KGF veya İGE kefaletli kredi projesini seçerek başvuru taleplerini dijital ortamda iletebiliyor. Gelir İdaresi Başkanlığı (GİB) entegrasyonu sayesinde bilanço ve gelir tablosu verileri güvenli şekilde paylaşılırken, değerlendirme süreci de önemli ölçüde hızlanıyor.
Garanti BBVA Genel Müdür Yardımcısı Sibel Kaya
, yeni uygulamayla ilgili değerlendirmesinde şunları söyledi: ""KOBİ'ler ve işletmeler için finansmana hızlı ve kolay erişim, sürdürülebilir büyümelerinde en önemli unsurlarından biri olarak öne çıkıyor. Biz de müşterilerimizin ihtiyaç duydukları finansmana en pratik şekilde ulaşabilmeleri için süreçlerimizi sürekli geliştiriyor, dijital çözümlerle destekliyoruz. KGF ve İGE kefaletli kredi başvurularını dijital kanallarımıza taşıyarak müşterilerimizin başvurularını istedikleri yerden kolayca gerçekleştirebilmelerini ve süreci uçtan uca takip edebilmelerini sağlıyoruz. Böylece hem başvuru deneyimini kolaylaştırıyor hem de değerlendirme süreçlerini daha hızlı ve şeffaf hale getiriyoruz. Garanti BBVA olarak işletmelerimizin yanında olmaya, onların büyümesine katkı sağlayacak yenilikçi çözümler geliştirmeye devam edeceğiz.""
Başvuru süreçlerinde hız ve şeffaflık
Yeni uygulama ile işletmeler, kredi başvurularını başlattıktan sonra sürecin hangi aşamada olduğunu anlık olarak takip edebiliyor. Başvurular; banka değerlendirmesi, şube işlemleri, KGF/İGE kontrolleri, kredi kullandırım ve kefalet onayı olmak üzere tüm aşamalarda dijital ekranlar üzerinden izlenebiliyor. Müşteriler ayrıca SMS, e-posta ve mobil bildirimlerle süreç hakkında düzenli olarak bilgilendiriliyor.",f9d6765a78ebb3353da4743df43794cd7c75505221b5519a6440e70aa686fc5a,https://www.garantibbva.com.tr/content/public-website/kurumsal-iletisim/kgf-ve-ige-destekli-kredilerde-dijital-basvuru-donemi,kgf ve i̇ge destekli kredilerde dijital başvuru dönemi,f9d6765a78ebb3353da4743df43794cd7c75505221b5519a6440e70aa686fc5a,2026-07-31T11:40:08.558433+00:00,detail_page_fetch,Belirsiz,Bağımsız Gelişme,Good,2026-07-24,,,,Yayın Tarihi,2026-07-24,publication_date,Yayın tarihi bulundu; recency için kullanıldı.,False,,False,,2026-07-24,Yüksek,publication_date,False,2026-08-08,Kesim tarihinden eski: 2026-07-24 < 2026-08-08,İş Birliği,True,"İş birliği, mutabakat veya entegrasyon duyurusu içeriyor.",True,True,,https://www.garantibbva.com.tr/kurumsal-iletisim
RI-1025325c3c6f,DOC-REG-003-20260731113946,REG-003,Tier 1,garanti_bbva,Garanti BBVA,Garanti BBVA Kurumsal communication / press releases,Resmi Basın Bülteni Sayfası,https://www.garantibbva.com.tr/kurumsal-iletisim,30 Milyon Dolarlık Sürdürülebilir Tahvil İhracı,13 Temmuz 2026,https://www.garantibbva.com.tr/content/public-website/kurumsal-iletisim/30-milyon-dolarlik-surdurulebilir-tahvil-ihraci,"30 Milyon Dolarlık Sürdürülebilir Tahvil İhracı
13 Temmuz 2026
Garanti BBVA’dan “Adaptasyon ve Dayanıklılık” temalı 30 milyon dolarlık sürdürülebilir tahvil ihracı
Garanti BBVA, iklim değişikliğine adaptasyon ve dayanıklılık odağındaki projelere kaynak sağlamak üzere yurt dışı borçlanma programı kapsamında 30 milyon dolar tutarında sürdürülebilir tahvil ihracı gerçekleştirdi.
Garanti BBVA, adaptasyon ve dayanıklılık temasına odaklanan sürdürülebilir tahvil ihracını başarıyla tamamladı. 29 Haziran’da gerçekleştirilen, 371 gün vadeli ve 30 milyon ABD doları tutarındaki ihraç, adaptasyon ve dayanıklılık alanındaki öncü sürdürülebilir finans uygulamalarından biri olma özelliği taşıyor. Banka, BBVA Sürdürülebilir Borç Finansmanı Çerçevesi kapsamında gerçekleştirdiği bu ihraçla, sürdürülebilir finans stratejisini iklim değişikliğine adaptasyon ve dayanıklılık alanındaki yatırımları destekleyecek yeni finansman araçlarıyla çeşitlendirmeyi sürdürüyor.
Tahvil gelirleri; iklim dayanıklı su altyapısı ve su yönetimi projeleri, taşkın önleme ve yağmur suyu yönetimi altyapısı, iklim ve afetlere dayanıklı kamu altyapısı, afet sonrası yeniden inşa çalışmaları, dayanıklı kentsel dönüşüm ve altyapı güçlendirme çalışmaları, acil durum hazırlığı ve erken uyarı sistemleri ile su idareleri ve kritik altyapıda dijitalleşme ve modernizasyon gibi alanlara yönlendirilecek. Kaynakların, iklim değişikliğine adaptasyonu ve dayanıklılığı güçlendirmesi; bununla birlikte kaynak verimliliğini artırması ve çevresel sürdürülebilirliği desteklemesi hedefleniyor.
Garanti BBVA Genel Müdürü Mahmut Akten
, konuyla ilgili açıklamasında şunları söyledi:
“İklim krizi, yalnızca düşük karbon ekonomisine geçişi değil; aynı zamanda üretim sistemlerinin, şehirlerimizin, doğal kaynaklarımızın ve altyapılarımızın değişen iklim koşullarına karşı daha dayanıklı hale getirilmesini de zorunlu kılıyor. Garanti BBVA olarak sürdürülebilir finansmanı, müşterilerimizin dönüşümünü desteklemenin yanında, ekonominin ve toplumun uzun vadeli dayanıklılığını artıracak stratejik bir araç olarak görüyoruz. Adaptasyon ve Dayanıklılık temasıyla gerçekleştirdiğimiz 30 milyon dolar tutarındaki sürdürülebilir tahvil ihracımızla; su yönetiminden taşkın önlemeye, afet hazırlığından kritik altyapıların modernizasyonuna kadar geniş bir alanda somut etki yaratacak projelere kaynak sağlamayı hedefliyoruz. Garanti BBVA’nın sürdürülebilirlik vizyonuna, uluslararası sermaye piyasalarındaki deneyimine ve finansal sağlamlığına güvenen tüm yatırımcılarımıza teşekkür ediyoruz.”",3894d25837e7ef25717bb5fc642f757f0d9c63d42dfbd1c11fe05b3c35568787,https://www.garantibbva.com.tr/content/public-website/kurumsal-iletisim/30-milyon-dolarlik-surdurulebilir-tahvil-ihraci,30 milyon dolarlık sürdürülebilir tahvil i̇hracı,3894d25837e7ef25717bb5fc642f757f0d9c63d42dfbd1c11fe05b3c35568787,2026-07-31T11:40:11.283405+00:00,detail_page_fetch,Belirsiz,Bağımsız Gelişme,Good,2026-07-13,,,,Yayın Tarihi,2026-07-13,publication_date,Yayın tarihi bulundu; recency için kullanıldı.,False,,False,,2026-07-13,Yüksek,publication_date,False,2026-08-08,Kesim tarihinden eski: 2026-07-13 < 2026-08-08,Ürün / Özellik Gelişmesi,True,"Ürün, API, POS, ödeme, tahsilat veya dijital özellik gelişmesi sinyali içeriyor.",True,True,,https://www.garantibbva.com.tr/kurumsal-iletisim
RI-f95c2412a5c7,DOC-REG-003-20260731113946,REG-003,Tier 1,garanti_bbva,Garanti BBVA,Garanti BBVA Kurumsal communication / press releases,Resmi Basın Bülteni Sayfası,https://www.garantibbva.com.tr/kurumsal-iletisim,Garanti BBVA Partners Tech Programı’nın Yeni Dönem Girişimleri Belli Oldu,13 Temmuz 2026,https://www.garantibbva.com.tr/content/public-website/kurumsal-iletisim/garanti-bbva-partners-tech-programinin-yeni-donem-girisimleri-belli-oldu,"Garanti BBVA Partners Tech Programı’nın Yeni Dönem Girişimleri Belli Oldu
13 Temmuz 2026
Garanti BBVA’nın teknoloji odaklı girişimleri desteklemek amacıyla hayata geçirdiği Garanti BBVA Partners Tech Programı’nın 10. dönemi için seçilen girişimler belli oldu. Programın 10. döneminde Eriklabs, Text2Test, Rudiq, Freya ve Fraud.com girişimleri yer alacak. Yapay zekâ, siber güvenlik ve blokzincir teknolojileri alanlarında faaliyet gösteren beş girişim, altı ay boyunca mentorluk, iş birliği ve büyüme fırsatlarından yararlanacak.
Garanti BBVA'nın teknoloji odaklı girişimleri desteklemek amacıyla hayata geçirdiği Garanti BBVA Partners Tech Programı'nın 10. dönemi başladı. Başvuru ve jüri değerlendirme süreçlerinin tamamlanmasının ardından programa kabul edilen girişimler belli oldu.
Programın bu dönem için jüri kadrosunda Ali Karabey (212 Kurucu Ortağı), Prof. Dr. Attila Dikbaş (İTÜ ARI Teknokent Genel Müdürü), Dr. Çağla Gül Şenkardeş (İstanbul Bilgi Üniversitesi Öğretim Üyesi), İsa İnci (Nextven Kurucu Ortağı), Kerem Bozokluoğlu (Logo Ventures Venture Capital Investor), Mustafa Şen (GT Ödeme Sistemleri Genel Müdürü), Özerk Şener (Jupiter Kurucu Ortağı ve CEO), Sibel Kaya (Garanti BBVA Genel Müdür Yardımcısı) ve Uğur Kaplan (GT AI Factory Genel Müdürü) yer aldı.
Jürilerin kapsamlı değerlendirme sürecinin ardından programa kabul edilen girişimler, 6 ay boyunca Garanti BBVA Partners Tech Girişim Hızlandırma Programı’nın bir parçası olarak kapsamlı desteklerden yararlanma fırsatı elde edecekler. Program ile girişimcilere ofis alanı, ihtiyaca özel mentorluk, Garanti BBVA ve iştirakleriyle iş birliği olanakları, reklam ve PR destekleri, eğitim ve seminerler ile avantajlı bankacılık ürün ve hizmetleri sunulacak.
Garanti BBVA Genel Müdür Yardımcısı Sibel Kaya,
programa ilişkin değerlendirmesinde şunları söyledi: ""Girişimcilerin ihtiyacı yalnızca finansmanla sınırlı değil. Bazen bilgiye, bazen doğru bağlantılara, bazen görünürlüğe, bazen de cesaretlendirmeye ihtiyaç duyuyorlar. Partners Tech Programımızda standart bir hızlandırma modeli sunmuyor, her girişimin ihtiyacının farklı olduğunun farkındalığıyla daha seçici, daha odaklı ve terzi işi bir yaklaşımla ilerliyoruz. Mentorluk, eğitim, iş birliği fırsatları ve güçlü ekosistem ağımızın yanı sıra Garanti BBVA'nın kurumsal bilgi birikimini de girişimcilerle buluşturuyoruz. Bu yıl programa seçilen girişimlerin üretken yapay zekâdan siber güvenliğe, blokzincir teknolojilerinden yeni nesil müşteri deneyimine uzanan alanlarda geliştirdiği çözümler, Türkiye'deki teknoloji girişimciliğinin ulaştığı seviyeyi göstermesi açısından da son derece kıymetli. Türkiye'den çıkan teknoloji girişimlerinin global ölçekte güçlü başarı hikâyelerine dönüşeceğine inanıyor, bu yolculukta onların yanında olmaktan mutluluk duyuyoruz.""
Bugüne kadar 65 teknoloji girişimi programa dahil oldu
Garanti BBVA, 2015 yılından bu yana yürüttüğü Garanti BBVA Partners Girişim Hızlandırma Programı ile teknoloji tabanlı girişimcilerin büyüme yolculuklarına destek oluyor. Program kapsamında bugüne kadar 65 teknoloji girişimi desteklendi.
Garanti BBVA Partners Tech Programı 10. dönem girişimleri
Eriklabs
Eriklabs, kurumların yazılım geliştirme süreçlerinde test operasyonlarını yapay zekâ ile uçtan uca otomatikleştiren çözümler geliştiriyor. LLM destekli test otomasyonu, performans testleri, cihaz testleri ve kalite güvence (QA) danışmanlığı hizmetleri sunarak yazılım ekiplerinin geliştirme hızını artırmayı ve test süreçlerini daha verimli hale getirmeyi hedefliyor.
Text2Test
Text2Test, yazılım bilgisi olmayan kullanıcıların dahi doğal dilde komut vererek yazılım testi yapabilmesini sağlayan yapay zekâ tabanlı bir platform geliştiriyor. Şirket, test süreçlerini yapay zekâ desteğiyle kolaylaştırarak yazılım geliştirme ekiplerinin verimliliğini artırmayı ve ürünlerin daha hızlı hayata geçirilmesini amaçlıyor.
Rudiq
Rudiq, gayrimenkul ve enerji gibi gerçek dünya varlıklarını blokzincir teknolojisiyle dijital tokenlara dönüştürerek yönetim, saklama ve alım-satım süreçlerini dijitalleştiriyor. Girişim, parçalı sahiplik modeli sayesinde yüksek maliyetli ve likiditesi düşük varlıkların daha geniş yatırımcı kitlelerine erişmesini sağlayarak alternatif yatırım modelleri sunuyor.
Freya
Freya, kurumsal şirketlere yönelik LLM destekli, doğal diyalog kurabilen yapay zekâ sesli asistanları geliştiriyor. Geleneksel IVR sistemlerinin yerine geçen bu çözüm, insan benzeri iletişim kurabilen ve akıl yürütebilen yapısıyla müşteri deneyimini iyileştirirken operasyonel verimliliği de artırmayı hedefliyor.
Fraud.com
Fraud.com, bankalar ve finansal kuruluşlara yönelik kimlik doğrulama, biyometrik doğrulama, işlem izleme ve dolandırıcılık orkestrasyonu çözümleri sunuyor. Dijital müşteri yolculuğunda güvenliği artırmayı amaçlayan platform, dolandırıcılık risklerini azaltırken müşteri deneyiminin kesintisiz şekilde sürdürülmesine katkı sağlıyor.",266762eaa1e3571c7b683ffec03a7f7a56f7719092f7d9eb6db56232e01b6184,https://www.garantibbva.com.tr/content/public-website/kurumsal-iletisim/garanti-bbva-partners-tech-programinin-yeni-donem-girisimleri-belli-oldu,garanti bbva partners tech programı’nın yeni dönem girişimleri belli oldu,266762eaa1e3571c7b683ffec03a7f7a56f7719092f7d9eb6db56232e01b6184,2026-07-31T11:40:13.890519+00:00,detail_page_fetch,Belirsiz,Bağımsız Gelişme,Good,2026-07-13,,,,Yayın Tarihi,2026-07-13,publication_date,Yayın tarihi bulundu; recency için kullanıldı.,False,,False,,2026-07-13,Yüksek,publication_date,False,2026-08-08,Kesim tarihinden eski: 2026-07-13 < 2026-08-08,Kampanya,True,Kampanya veya müşteri teklifi sinyali içeriyor.,True,True,,https://www.garantibbva.com.tr/kurumsal-iletisim
RI-72a7858ec0d4,DOC-REG-003-20260731113946,REG-003,Tier 1,garanti_bbva,Garanti BBVA,Garanti BBVA Kurumsal communication / press releases,Resmi Basın Bülteni Sayfası,https://www.garantibbva.com.tr/kurumsal-iletisim,Toplumsal Cinsiyet Eşitliği İçin 30 Milyon Dolarlık Tahvil İhracı,8 Temmuz 2026,https://www.garantibbva.com.tr/content/public-website/kurumsal-iletisim/toplumsal-cinsiyet-esitligi-odakli-30-milyon-dolarlik-surdurulebilir-tahvil-ihraci,"Toplumsal Cinsiyet Eşitliği İçin 30 Milyon Dolarlık Tahvil İhracı
8 Temmuz 2026
Garanti BBVA’dan Toplumsal Cinsiyet Eşitliği Odaklı 30 Milyon Dolarlık Sürdürülebilir Tahvil İhracı
Garanti BBVA, toplumsal cinsiyet eşitliğini destekleyen projelere kaynak sağlamak üzere yurt dışı borçlanma programı kapsamında 30 milyon dolar tutarında Turuncu Tahvil İlkeleri ile uyumlu sürdürülebilir tahvil ihracı gerçekleştirdi.
Garanti BBVA
, toplumsal cinsiyet eşitliğini ve kadınların ekonomik güçlenmesini destekleyen faaliyetlerin finansmanına yönelik
Turuncu Tahvil İlkeleri
(Orange Bond Principles) ile uyumlu tahvil ihracını başarıyla tamamladı. 29 Haziran’da gerçekleştirilen, 372 gün vadeli ve 30 milyon ABD doları tutarındaki ihraç, toplumsal cinsiyet eşitliği odaklı finansmanın yaygınlaştırılması açısından öncü bir adım olarak öne çıkıyor.
Tahvil ihracından sağlanan kaynak; toplumsal cinsiyet eşitliğini destekleyen istihdam ve değer zincirleri, kadın girişimciliğini ve kadın liderliğini güçlendiren işletmeler, kadınların ekonomik güçlenmesini ve finansal kapsayıcılığını destekleyen faaliyetler ile toplumsal cinsiyet eşitliği alanında ölçülebilir sosyal etki yaratmayı hedefleyen girişimlerin finansmanında kullanılacak.
İhraç, BBVA Sürdürülebilir Borç Finansmanı Çerçevesi ve Impact Investment Exchange (IIX) tarafından geliştirilen Turuncu Tahvil İlkeleri ile uyumlu olarak yapılandırıldı. Turuncu Tahvil İlkeleri; tahvil gelirlerinin toplumsal cinsiyet eşitliği alanında etki yaratan faaliyetlere yönlendirilmesinin yanı sıra, ihraççı kurumların toplumsal cinsiyet bakış açısını yatırım süreçlerine entegre etmesini, liderlikte çeşitliliği ve kapsayıcı kurumsal yönetişim uygulamalarını güçlendirmesini de esas alıyor.
Garanti BBVA Genel Müdürü Mahmut Akten
, konuyla ilgili açıklamasında şunları söyledi:
“Toplumsal cinsiyet eşitliği, sürdürülebilir kalkınmanın ve kapsayıcı büyümenin temel unsurlarından biri. Kadınların ekonomik hayata daha güçlü katılımı, girişimcilik ekosisteminde daha fazla yer alması ve karar alma mekanizmalarında temsilinin artması, yalnızca sosyal etki açısından değil, ekonominin uzun vadeli dayanıklılığı açısından da kritik önem taşıyor. Garanti BBVA olarak sürdürülebilir finansman yaklaşımımızı; çevresel dönüşümün yanı sıra toplumsal etki yaratan alanları da kapsayacak şekilde ele alıyoruz. 30 milyon dolar tutarındaki bu sürdürülebilir tahvil ihracıyla; kadın girişimciliğini, kadın liderliğini, istihdamda fırsat eşitliğini ve finansal kapsayıcılığı destekleyen projelere kaynak sağlamaktan memnuniyet duyuyoruz. Toplumsal cinsiyet eşitliğini sermaye piyasaları aracılığıyla desteklemek, kapsayıcı ve sürdürülebilir kalkınma vizyonumuzun önemli bir parçası.”
Bu işlemle Garanti BBVA, toplumsal cinsiyet eşitliği odağında somut etki yaratacak projelere kaynak sağlarken; kadınların ekonomik hayata daha güçlü katılımını, kadın girişimciliğini ve finansal kapsayıcılığın artırılmasını desteklemeyi hedefliyor.",606465492da02972f44f787f75ca59f834bd015cce19da3ff5969fe4ae81977a,https://www.garantibbva.com.tr/content/public-website/kurumsal-iletisim/toplumsal-cinsiyet-esitligi-odakli-30-milyon-dolarlik-surdurulebilir-tahvil-ihraci,toplumsal cinsiyet eşitliği i̇çin 30 milyon dolarlık tahvil i̇hracı,606465492da02972f44f787f75ca59f834bd015cce19da3ff5969fe4ae81977a,2026-07-31T11:40:16.705074+00:00,detail_page_fetch,Belirsiz,Bağımsız Gelişme,Good,2026-07-08,,,,Yayın Tarihi,2026-07-08,publication_date,Yayın tarihi bulundu; recency için kullanıldı.,False,,False,,2026-07-08,Yüksek,publication_date,False,2026-08-08,Kesim tarihinden eski: 2026-07-08 < 2026-08-08,Kampanya,True,Kampanya veya müşteri teklifi sinyali içeriyor.,True,True,,https://www.garantibbva.com.tr/kurumsal-iletisim
RI-2213288b9ca8,DOC-REG-241-20260731114537,REG-241,Tier 2,payments_dive,Payments Dive,Payments Dive Technology,Fintech Haberi,https://www.paymentsdive.com/topic/technology/,Stablecoins complement dollar: Fed,"July 30, 2026",https://www.paymentsdive.com/news/stablecoins-complement-dollar-fed/826571,"Skip to main content
CONTINUE TO SITE ➞
Don't miss tomorrow's Payments industry news
Let Payments Dive's free newsletter keep you informed, straight from your inbox.
By signing up to receive our newsletter, you agree to our
Terms of Use
and
Privacy Policy
. You can unsubscribe at anytime.
Informa TechTarget
Banking Dive
Restaurant Dive
Retail Dive
Explore our brands
An Informa TechTarget Publication
An article from
Stablecoins complement dollar: Fed
The greenback will retain its dominance as stablecoins increasingly shape cross-border payments, speakers at a Fed conference predicted.
Published July 30, 2026
Justin Bachman
Senior Reporter
The U.S. Federal Reserve headquarters in Washington DC.
Getty Images
Stablecoins will likely bolster the dollar’s role in the global financial system given the extent to which these digital assets are overwhelmingly tied to the dollar.
That was among the conclusions by presenters at the fifth
Conference on the International Roles of the U.S. Dollar
, which focused heavily on the role and growth of stablecoins and their implications for the currency.
Stablecoins and innovations in
cross-border payment systems
are “most likely to shape the future international monetary system,” according to the Fed’s summary of the event. The two-day conference last month in Washington was co-hosted by the Federal Reserve Board and the Federal Reserve Bank of New York.
Stablecoins are linked to the value of a fiat currency, such as the U.S. dollar or euro, with their value considered less volatile than other cryptocurrencies, such as Bitcoin and Dogecoin.
About 97% of currency-backed stablecoins are tied to the U.S. dollar, according to a March
report on stablecoins
from the Financial Action Task Force, a 40-nation body that targets money laundering and terrorist financing.
Analysts at at the credit ratings firm Moody’s Ratings put their estimate of dollar-pegged stablecoins’ market share even higher – at 99% – in a
May report
“The global monetary system is entering a period of renewed competition between public and private forms of money,” Eswar Prasad, a Cornell University economics professor, argued in his keynote address, according to the Fed’s summary.
In this contest, digital currencies will be exchange mediums, while central bank money will remain “the primary settlement asset and store of value,” Prasad contended.
Opening the conference, Federal Reserve Gov. Christopher Waller noted that innovation in digital assets is shaping the dollar’s international role.
“Technological innovation is increasingly altering how households and businesses interact with dollars,” Waller
said in his remarks
, referring to new types of digital assets and changes to payment rails that move these dollar-denominated assets. He also noted that private sector innovation is affecting financial services, creating new “areas of competition.”
“As an economist, I believe that is a good thing — more competition generally leads to better outcomes for both consumers and society as a whole,” Waller said.
Filed Under:
Regulations & Policy,
Technology
Subscribe to Payments Dive for top news, trends & analysis
Email:
Select user consent:
Sign up
A valid email address is required.
Please select at least one newsletter.
Sign up for the free
newsletter.
Interested? Explore more of what
has to offer.
One-click newsletter signup
Thanks for signing up!
Please keep an eye out for a confirmation email from
[email protected]
To ensure we make it into your inbox regularly,
add us to your allow list, mark us as a safe sender, or add us to your address book.
Check out more from
Capital One provides Discover community investment update
Visa’s revenue momentum slows
5 payments podcasts for a listen
Virtual Event Playback
How the payments landscape is evolving in retail
Infographic
The GTM Guide to Embedded Payments
Custom content for
Adyen
Trendline
Trends and opportunities in embedded payments
Supported by
NMI
View all
Post a press release
Bloomberg
Mastercard Earnings Jump as Firm Expands Beyond Its Network
The Washington Post
More Americans are buying groceries on credit. Here’s why that’s a problem.
Wall Street Journal
Banks Want Technophobes and Late Adopters to Use Digital Wallets. It Isn’t Easy.
Promote an event",170ba0e3827c66887f1723fa5503585a3a5ecd8e784aef0b7da6f8eea2bdf3d2,https://www.paymentsdive.com/news/stablecoins-complement-dollar-fed/826571,stablecoins complement dollar: fed,170ba0e3827c66887f1723fa5503585a3a5ecd8e784aef0b7da6f8eea2bdf3d2,2026-07-31T11:45:40.672937+00:00,detail_page_fetch,Belirsiz,Bağımsız Gelişme,Good,2026-07-30,,,,Yayın Tarihi,2026-07-30,publication_date,Yayın tarihi bulundu; recency için kullanıldı.,False,,False,,2026-07-30,Yüksek,english_publication_date,False,2026-08-08,Kesim tarihinden eski: 2026-07-30 < 2026-08-08,Ürün / Özellik Gelişmesi,True,"Ürün, API, POS, ödeme, tahsilat veya dijital özellik gelişmesi sinyali içeriyor.",True,True,True,https://www.paymentsdive.com/topic/technology/
RI-7f9e644abbc5,DOC-REG-242-20260731114542,REG-242,Tier 2,the_paypers,The Paypers,The Paypers Payments News,Fintech Haberi,https://thepaypers.com/news,"KCB Bank Kenya, EBRD sign USD 100 million SME facility",2026-07-31,https://thepaypers.com/fintech/news/kcb-bank-kenya-ebrd-sign-usd-100-million-sme-facility,"News
Fintech
KCB Bank Kenya, EBRD sign USD 100 million SME facility
Sinziana Albu
31 Jul 2026 / 5 Min Read
KCB Bank Kenya and the European Bank for Reconstruction and Development have signed a USD 100 million facility to expand SME financing in Kenya.
The facility, equivalent to approximately KES 12.9 billion at the exchange rate cited in the agreement, is intended to support entrepreneurship and job creation across Kenya's private sector.
Under the agreement, 35% of the facility will be directed towards enterprises led by women and young entrepreneurs, while 30% will finance green investments that enable businesses to adopt climate-related technologies and sustainable operating practices. The remaining portion of the facility is intended for broader MSME lending.
EBRD’s Managing Director for Sub-Saharan Africa,
Dr. Heike Harmgart
, mentioned that the transaction represents the bank's first investment in Kenya's financial sector. It was also said that the facility is designed to channel financing to MSMEs, which the EBRD identifies as a driver of job creation and economic growth in the country, and noted that the structure is intended to support both the transition to a greener economy and expanded access to finance for women and youth-led businesses.
Technical support for green lending
In addition to the financing itself, the EBRD will provide technical assistance to KCB Bank Kenya to develop its green lending capabilities. This will include specialised training, advisory services, and technical expertise intended to build the bank's capacity to appraise and support environmentally sustainable investments, including renewable energy and climate-smart agriculture projects.
KCB Bank Kenya Managing Director,
Mrs. Annastacia Kimtai
, said the facility is expected to support the extension of financing to SMEs that have faced barriers in accessing credit, and pointed to the bank's ongoing focus on renewable energy and climate-smart agriculture as areas for continued investment.
Track record in SME and green financing
The agreement builds on KCB Bank Kenya's existing MSME and sustainability-linked lending activity. The bank has disbursed the equivalent of approximately USD 1.21 billion to women entrepreneurs through its Female-Led and Made Enterprises (FLME) proposition, and approximately USD 378 million in green financing loans supporting renewable energy and climate-related projects. By the end of March 2026, the bank had extended approximately USD 100.8 million in new credit to micro, small, and medium enterprises.
The new EBRD facility adds to a broader set of development finance partnerships aimed at improving MSME access to credit in Kenya, where financing gaps for smaller businesses, particularly those led by women and young entrepreneurs, have remained a recurring policy and industry concern. The inclusion of a dedicated green financing allocation also reflects a wider trend among development finance institutions to link commercial bank funding facilities to climate-related lending targets.
Keywords:
partnership
financial services
financial institutions
SMEs
Countries:
Kenya
News on Fintech
31 Jul 2026
5 min read
Lloyds Bank to cut GBP 2 billion in costs under AI-led plan
First Internet Bank connects accounts to ChatGPT and Claude
MCBANK selects Jack Henry to power commercial banking growth
4 min read
Chargebee and Twikey partner on billing-to-bank payments
30 Jul 2026
Expert views on Fintech
Why plastic cards are no longer enough for European banks
21 Jul 2026
8 min read
What's the best career advice you've ever received? We asked the leaders shaping payments and fintech.
27 May 2026
Agentic commerce does not threaten the rails. It threatens the toll.
19 May 2026
The Quantum Column: Quantum computing in banking
11 May 2026
The SAASpocalypse and payments: who survives when the per-seat model dies?
07 May 2026
The Paypers is a global hub for market insights, real-time news, expert interviews, and in-depth analyses and resources across payments, fintech, and the digital economy. We deliver reports, webinars, and commentary on key topics, including regulation, real-time payments, cross-border payments and ecommerce, digital identity, payment innovation and infrastructure, Open Banking, Embedded Finance, crypto, fraud and financial crime prevention, and more – all developed in collaboration with industry experts and leaders.
Categories
Payments
Fraud and Fincrime
Crypto, Web3 and CBDC
Regulations
M&A and Investments
Current themes
A2A Payments
Payment Orchestration
TradFi and DeFi Convergence
KYC, KYB and Digital Identity
Scams and Fraud
Embedded Finance
Real-Time Payments
The Paypers
Team
Advertise
About
Contact
Prinsengracht 777e
1017 JZ Amsterdam
P: +31 20 658 0652
E: editor@thepaypers.com
No part of this site can be reproduced without explicit permission of The Paypers (v2.7).
Privacy Policy
Cookie Statement
Copyright",0fe46d3ee9a9f2f82e4eb2f6ee4feb210a842c03257b5fcd58a9d510da29bbc8,https://thepaypers.com/fintech/news/kcb-bank-kenya-ebrd-sign-usd-100-million-sme-facility,"kcb bank kenya, ebrd sign usd 100 million sme facility",0fe46d3ee9a9f2f82e4eb2f6ee4feb210a842c03257b5fcd58a9d510da29bbc8,2026-07-31T11:45:47.442995+00:00,detail_page_fetch,Belirsiz,Bağımsız Gelişme,Good,2026-07-31,,,,Yayın Tarihi,2026-07-31,publication_date,Yayın tarihi bulundu; recency için kullanıldı.,False,,False,,2026-07-31,Yüksek,english_publication_date,False,2026-08-08,Kesim tarihinden eski: 2026-07-31 < 2026-08-08,İş Birliği,True,"İş birliği, mutabakat veya entegrasyon duyurusu içeriyor.",True,True,True,https://thepaypers.com/news
RI-35d6bf930c93,DOC-REG-242-20260731114542,REG-242,Tier 2,the_paypers,The Paypers,The Paypers Payments News,Fintech Haberi,https://thepaypers.com/news,Onafriq partners with Privy on stablecoins,2026-07-31,https://thepaypers.com/crypto-web3-and-cbdc/news/onafriq-partners-with-privy-on-african-stablecoin-infrastructure,"News
Crypto, Web3 and CBDC
Onafriq partners with Privy on African stablecoin infrastructure
Claudia Pincovski
31 Jul 2026 / 4 Min Read
Onafriq, a pan-African payments network, has partnered with Privy, a stablecoin infrastructure provider, to strengthen its digital asset capabilities and support the development of stablecoin-enabled payment services for businesses operating across its network.
The partnership will allow Onafriq to create and manage embedded digital asset solutions for its partners and, over time, for institutional clients where regulation permits. The initial phase of the collaboration centres on cross-chain stablecoin transfers, alongside treasury and settlement workflows. According to the companies, this phase is intended to establish a foundation for further cross-border payment and liquidity solutions.
Addressing settlement delays across African markets
Moving funds between African markets has typically involved multiple intermediaries and extended settlement cycles, according to the companies. As payments companies and financial institutions seek faster alternatives, stablecoins are positioned as a means of reducing these delays and freeing up liquidity tied up in traditional settlement processes.
By integrating Privy's infrastructure, Onafriq aims to build capabilities that support a new set of digital payment services for banks, fintechs, and mobile money operators. The companies describe the partnership as part of a broader strategy by Onafriq to modernise pan-African payment infrastructure, with an emphasis on multi-modal wallets and more efficient movement of value across the continent.
Selection rationale and technology integration
Onafriq stated that it selected Privy for its enterprise-grade infrastructure, which is intended to enable integration of digital asset wallet capabilities into Onafriq's products, subject to regulatory approval. The aim, according to the companies, is to deliver a straightforward user experience while abstracting the underlying complexity of blockchain technology.
Luke Kyohere, Group Chief Product and Innovation Officer at Onafriq
, said the company continues to invest in technology aimed at making payments faster and more accessible, adding that Privy provides a building block for settlement and liquidity management as demand for digital asset services grows.
Henri Stern, Co-Founder and Chief Executive Officer of Privy,
said real-world adoption of stablecoins depends on infrastructure that is secure, scalable, and straightforward to implement, and that the partnership is intended to help build this foundation across Africa.
Future use cases
The partnership is expected to support a range of future institutional use cases, including stablecoin-enabled settlement, treasury management, and liquidity services. The companies frame the collaboration as part of Onafriq's broader digital transformation agenda, which involves investment in technologies intended to make financial services more efficient, connected, and accessible across African markets.
Keywords:
partnership
stablecoin
cross-border payments
payments
treasury
Countries:
Africa
News on Crypto, Web3 and CBDC
Binance.US to seek CFTC licence for prediction markets
31 Jul 2026
5 min read
4 min read
Unlimit Crypto secures MiCA licence in Cyprus
RL1 establishes European Cooperative Society in Luxembourg
30 Jul 2026
GoCardless and anvil partner to launch automated payments for telcos
Interviews on Crypto, Web3 and CBDC
How ready is the financial industry for the tokenisation of money? Lessons from APAC
Executive Conversations by The Paypers with B2C2
16 Jul 2026
[Money20/20 – zerohash interview] Stablecoins: from trading tool to essential infrastructure
15 Jul 2026
The future of payments: Australia's tokenization opportunity
Executive Conversations by The Paypers with KAST | Episode 3: Building the Rails for Everyday Stablecoin Spending
06 Jul 2026
The Paypers is a global hub for market insights, real-time news, expert interviews, and in-depth analyses and resources across payments, fintech, and the digital economy. We deliver reports, webinars, and commentary on key topics, including regulation, real-time payments, cross-border payments and ecommerce, digital identity, payment innovation and infrastructure, Open Banking, Embedded Finance, crypto, fraud and financial crime prevention, and more – all developed in collaboration with industry experts and leaders.
Categories
Payments
Fraud and Fincrime
Fintech
Regulations
M&A and Investments
Current themes
A2A Payments
Payment Orchestration
TradFi and DeFi Convergence
KYC, KYB and Digital Identity
Scams and Fraud
Embedded Finance
Real-Time Payments
The Paypers
Team
Advertise
About
Contact
Prinsengracht 777e
1017 JZ Amsterdam
P: +31 20 658 0652
E: editor@thepaypers.com
No part of this site can be reproduced without explicit permission of The Paypers (v2.7).
Privacy Policy
Cookie Statement
Copyright",894c74984642d8699cf5e6ebfb51ee58e18fbe67b9e3d9bd3c06677592b94926,https://thepaypers.com/crypto-web3-and-cbdc/news/onafriq-partners-with-privy-on-african-stablecoin-infrastructure,onafriq partners with privy on stablecoins,894c74984642d8699cf5e6ebfb51ee58e18fbe67b9e3d9bd3c06677592b94926,2026-07-31T11:45:50.733470+00:00,detail_page_fetch,Belirsiz,Bağımsız Gelişme,Good,2026-07-31,,,,Yayın Tarihi,2026-07-31,publication_date,Yayın tarihi bulundu; recency için kullanıldı.,False,,False,,2026-07-31,Yüksek,english_publication_date,False,2026-08-08,Kesim tarihinden eski: 2026-07-31 < 2026-08-08,İş Birliği,True,"İş birliği, mutabakat veya entegrasyon duyurusu içeriyor.",True,True,True,https://thepaypers.com/news
RI-d75416fc8e9d,DOC-REG-242-20260731114542,REG-242,Tier 2,the_paypers,The Paypers,The Paypers Payments News,Fintech Haberi,https://thepaypers.com/news,Visa and Lianlian complete first B2B agentic transaction,2026-07-24,https://thepaypers.com/payments/news/visa-lianlian-advance-trusted-agentic-b2b-commerce,"News
Payments
Visa, Lianlian advance trusted agentic B2B commerce
Sinziana Albu
24 Jul 2026 / 5 Min Read
Visa and Lianlian DigiTech have completed the first live B2B agentic transaction using LoopXPay, Lianlian's AI agent.
The transaction involved sourcing a product sample from a supplier and completing the purchase within a single automated workflow.
According to the companies, small and SMBs often lack dedicated procurement teams and spend significant time sourcing, purchasing, and paying for goods themselves. In the transaction, the LoopXPay agent identified a purchasing requirement, recommended suitable suppliers, compared available options, placed the order, and executed payment, all within one workflow. The process operated within pre-defined spending controls and approval parameters set by the business.
Visa and Lianlian said the milestone demonstrates how AI-driven commerce tools can help SMBs manage purchasing and payment tasks while maintaining oversight of spending decisions. Through the process of allowing agents to act within pre-set parameters, businesses can reduce manual involvement in routine transactions while retaining visibility into commercial decision-making.
Trust and verification in agent-led commerce
As AI agents take on a greater role in purchasing and payment activities, businesses will need assurance that transactions are carried out by verified participants, within approved limits, and with adequate oversight. With this in mind, Visa's Trusted Agent Protocol is designed to provide the identity verification, transparency, and control mechanisms intended to support these types of interactions.
As part of the collaboration, LoopXPay has been registered in Visa's Agentic Directory, which allows participating businesses and merchants to identify verified AI agents operating within the payments ecosystem. The directory supports the implementation of the Trusted Agent Protocol by providing greater transparency into agent-driven transactions.
Darren Parslow, Global Head, Visa Commercial Solutions, Visa,
said that AI-powered commerce tools can help businesses simplify purchasing and payments while retaining necessary controls, adding that trust will become an increasingly important factor as more businesses embed automation into commercial activities.
Broader scope under exploration
Visa and Lianlian are examining how AI agents could support additional commercial functions, including procurement, digital advertising optimisation, and B2B platform payments.
Zhang Zhengyu
, Founder, Chairman of the Board and CEO, Lianlian DigiTech,
said the company is developing AI-native financial infrastructure covering identity verification, transaction authorisation, payment processing, and global fund settlement, aimed at supporting what the company refers to as the 'agent economy'.
The collaboration combines Lianlian's AI-native payment capabilities with Visa's global network and commercial payments infrastructure, with the stated aim of enabling more secure and efficient transactions as agent-driven commerce develops further.
Keywords:
partnership
payments
B2B payments
ecommerce
agentic payments
agentic commerce
Countries:
World
News on Payments
Corpay launches Agent Card for AI-driven payments
31 Jul 2026
5 min read
PEX secures USD 160 million to scale payments platform
KamelPay secures SVF and RPS licences from CBUAE
4 min read
Google Pay launches Ask Google Pay and SBI Flex card
Mollie integrates payments into LANDI smart terminals
30 Jul 2026
Expert views on Payments
Why treasury’s next competitive advantage will be in payments data
28 Jul 2026
7 min read
Unfiltered: the interchange fees illusion
27 Jul 2026
8 min read
Consolidating treasury with a single multi-currency account
17 Jul 2026
6 min read
FIFA World Cup 2026: fraud and payments lessons from the biggest tournament yet
15 Jul 2026
10 min read
Switzerland: an analysis of payments and ecommerce trends
08 Jul 2026
The Paypers is a global hub for market insights, real-time news, expert interviews, and in-depth analyses and resources across payments, fintech, and the digital economy. We deliver reports, webinars, and commentary on key topics, including regulation, real-time payments, cross-border payments and ecommerce, digital identity, payment innovation and infrastructure, Open Banking, Embedded Finance, crypto, fraud and financial crime prevention, and more – all developed in collaboration with industry experts and leaders.
Categories
Fraud and Fincrime
Fintech
Crypto, Web3 and CBDC
Regulations
M&A and Investments
Current themes
A2A Payments
Payment Orchestration
TradFi and DeFi Convergence
KYC, KYB and Digital Identity
Scams and Fraud
Embedded Finance
Real-Time Payments
The Paypers
Team
Advertise
About
Contact
Prinsengracht 777e
1017 JZ Amsterdam
P: +31 20 658 0652
E: editor@thepaypers.com
No part of this site can be reproduced without explicit permission of The Paypers (v2.7).
Privacy Policy
Cookie Statement
Copyright",6e6c535435be002547152ab23b528cfc1e17bdbec41eb6aaa2d8e19dce61d4a9,https://thepaypers.com/payments/news/visa-lianlian-advance-trusted-agentic-b2b-commerce,visa and lianlian complete first b2b agentic transaction,6e6c535435be002547152ab23b528cfc1e17bdbec41eb6aaa2d8e19dce61d4a9,2026-07-31T11:45:52.032115+00:00,detail_page_fetch,Belirsiz,Bağımsız Gelişme,Good,2026-07-24,,,,Yayın Tarihi,2026-07-24,publication_date,Yayın tarihi bulundu; recency için kullanıldı.,False,,False,,2026-07-24,Yüksek,english_publication_date,False,2026-08-08,Kesim tarihinden eski: 2026-07-24 < 2026-08-08,İş Birliği,True,"İş birliği, mutabakat veya entegrasyon duyurusu içeriyor.",True,True,True,https://thepaypers.com/news
RI-f03f170dd607,DOC-REG-242-20260731114542,REG-242,Tier 2,the_paypers,The Paypers,The Paypers Payments News,Fintech Haberi,https://thepaypers.com/news,Corpay launches Agent Card for AI agent payments,2026-07-31,https://thepaypers.com/payments/news/corpay-launches-agent-card-for-ai-driven-payments,"News
Payments
Corpay launches Agent Card for AI-driven payments
Sinziana Albu
31 Jul 2026 / 5 Min Read
Corpay has launched Agent Card, a capability enabling AI agents to generate controlled virtual cards for business transactions.
The launch follows the company's introduction of an AI Virtual Assistant within its Corpay Complete platform in April 2026, and represents the next stage in the company's broader push to integrate AI into corporate payment workflows.
As AI agents take on a growing role in purchasing, procurement, travel booking, and advertising within business workflows, companies are seeking payment infrastructure that can accommodate automated decision-making without losing oversight of spend. Agent Card applies virtual card controls to these AI-driven processes, aiming to let organisations authorise and monitor payments initiated by AI systems rather than human users directly.
According to the company, agentic commerce is creating a new category of business payments, and Agent Card is intended to let AI agents initiate payment workflows using the same principles applied to conventional virtual cards: authorisation, control, visibility, and security.
In addition, Agent Card is built to support both agent experiences directed by a human user and machine-to-machine payment workflows, where no human initiates the individual transaction. The capability incorporates authentication and spend intent authorisation, and is built on open standards intended to allow interoperability with multiple AI agent platforms, rather than being tied to a single provider. Corpay has said this approach is meant to let customers select AI tools suited to their own business processes while maintaining enforced spending controls.
Furthermore, the institution has outlined several potential use cases for the capability, including supplier payments, digital advertising purchases, travel bookings, and procurement workflows, alongside other scenarios in which an AI agent could act on behalf of a business user or system. Corpay has described virtual cards as suited to agentic commerce because they can be issued with defined parameters for a specific purpose, which the company argues allows automation without removing governance over how funds are spent.
Context within Corpay's AI strategy
Agent Card follows Corpay's April 2026 rollout of an AI Virtual Assistant inside Corpay Complete, indicating a sequential build-out of AI capabilities across the platform rather than a standalone product launch. The company has framed the new capability as part of continued investment in payment infrastructure intended to help businesses adopt AI-driven commercial processes while retaining control mechanisms associated with traditional virtual card issuance.
The broader relevance of the announcement lies in how corporate card issuers respond to the operational shift toward AI agents handling procurement-type functions. As more software platforms embed autonomous or semi-autonomous purchasing agents, payment providers face pressure to define authorisation frameworks specific to non-human initiators of transactions, a question Agent Card is designed to address within Corpay's existing card infrastructure.
Keywords:
product launch
agentic commerce
agentic payments
payments
Countries:
World
News on Payments
31 Jul 2026
5 min read
PEX secures USD 160 million to scale payments platform
KamelPay secures SVF and RPS licences from CBUAE
4 min read
Google Pay launches Ask Google Pay and SBI Flex card
Mollie integrates payments into LANDI smart terminals
30 Jul 2026
Expert views on Payments
Why treasury’s next competitive advantage will be in payments data
28 Jul 2026
7 min read
Unfiltered: the interchange fees illusion
27 Jul 2026
8 min read
Consolidating treasury with a single multi-currency account
17 Jul 2026
6 min read
FIFA World Cup 2026: fraud and payments lessons from the biggest tournament yet
15 Jul 2026
10 min read
Switzerland: an analysis of payments and ecommerce trends
08 Jul 2026
The Paypers is a global hub for market insights, real-time news, expert interviews, and in-depth analyses and resources across payments, fintech, and the digital economy. We deliver reports, webinars, and commentary on key topics, including regulation, real-time payments, cross-border payments and ecommerce, digital identity, payment innovation and infrastructure, Open Banking, Embedded Finance, crypto, fraud and financial crime prevention, and more – all developed in collaboration with industry experts and leaders.
Categories
Fraud and Fincrime
Fintech
Crypto, Web3 and CBDC
Regulations
M&A and Investments
Current themes
A2A Payments
Payment Orchestration
TradFi and DeFi Convergence
KYC, KYB and Digital Identity
Scams and Fraud
Embedded Finance
Real-Time Payments
The Paypers
Team
Advertise
About
Contact
Prinsengracht 777e
1017 JZ Amsterdam
P: +31 20 658 0652
E: editor@thepaypers.com
No part of this site can be reproduced without explicit permission of The Paypers (v2.7).
Privacy Policy
Cookie Statement
Copyright",85e841c88867183c1a29ea39723c1b8dc606f6d9cab15a6e160f16f7181e3a32,https://thepaypers.com/payments/news/corpay-launches-agent-card-for-ai-driven-payments,corpay launches agent card for ai agent payments,85e841c88867183c1a29ea39723c1b8dc606f6d9cab15a6e160f16f7181e3a32,2026-07-31T11:45:53.336179+00:00,detail_page_fetch,Belirsiz,Bağımsız Gelişme,Good,2026-07-31,,,,Yayın Tarihi,2026-07-31,publication_date,Yayın tarihi bulundu; recency için kullanıldı.,False,,False,,2026-07-31,Yüksek,english_publication_date,False,2026-08-08,Kesim tarihinden eski: 2026-07-31 < 2026-08-08,Ürün / Özellik Gelişmesi,True,"Ürün, API, POS, ödeme, tahsilat veya dijital özellik gelişmesi sinyali içeriyor.",True,True,True,https://thepaypers.com/news
RI-35e979cc5ccf,DOC-REG-242-20260801061647,REG-242,Tier 2,the_paypers,The Paypers,The Paypers Payments News,Fintech Haberi,https://thepaypers.com/news,Wizlo selects Gr4vy to strengthen telehealth payments,2026-07-31,https://thepaypers.com/payments/news/wizlo-selects-gr4vy-for-telehealth-payment-infrastructure,"News
Payments
Wizlo selects Gr4vy for telehealth payment infrastructure
Sinziana Albu
31 Jul 2026 / 5 Min Read
Wizlo, a US-based telehealth operating system, has selected payment orchestration platform Gr4vy to strengthen its payments infrastructure.
The partnership gives Wizlo ownership of its payment data and allows the company to add new processors and payment methods without extensive engineering work.
For telehealth companies, payment continuity is closely linked to continuity of care, as processor policies, sponsor bank requirements, and card network rules can change with little notice. Interruptions to recurring billing can directly affect patients undergoing ongoing treatment. Before working with Gr4vy, Wizlo relied on direct integrations with individual processors, meaning each new processor required additional development work.
Wizlo also identified a broader limitation across the payment orchestration market: many platforms continued to rely on processor- or gateway-specific tokens, which kept payment data tied to individual providers. This reduced portability and made switching processors more difficult without disrupting existing payment operations.
John Lunn
, Founder and CEO of Gr4vy, said payments infrastructure should provide control rather than create dependency, adding that telehealth companies cannot afford to be constrained by processor lock-in. According to the company, data ownership allows Wizlo to change processors, introduce new payment methods, and adapt to market changes without rebuilding its underlying payments infrastructure.
Platform capabilities and integration
Through Gr4vy, Wizlo connects to multiple payment providers, including Stripe, Adyen, Authorize.net, and Google Pay, via a single integration. This is intended to simplify the process of adding processors and payment methods as customer requirements change. Gr4vy's intelligent routing and dynamic retry functionality are designed to maintain payment continuity as processor policies and regulatory requirements evolve.
The platform's processor-independent tokenisation gives Wizlo ownership of its payment data, enabling the company to reroute transactions or switch providers without affecting the patient experience. Gr4vy also supports Wizlo's multi-tenant architecture, allowing each enterprise telehealth client to manage its own payment environment. Building on this infrastructure, Wizlo has developed subscription logic specific to telehealth, linking recurring billing to prescription renewals and medication schedules.
Kevin Singh
, Co-Founder, Wizlo, said Gr4vy has supported the company in taking ownership of its payment data and reducing dependence on individual processors, noting that the sector operates under regulatory conditions that can shift quickly. The representative added that not being tied to a specific processor or sponsor bank allows the company to adapt when required, and to introduce new processors or payment methods without rebuilding its payments infrastructure.
Wizlo supports patient intake, clinical care, prescription fulfilment, billing, and subscription management through a single platform. The company serves telehealth providers across the US, primarily within the longevity and weight loss sectors, and is currently onboarding more than 15 enterprise clients. The partnership reflects a broader trend among telehealth platforms towards greater control over payment infrastructure as recurring billing and regulatory requirements become more complex.
Keywords:
partnership
payments
ecommerce
Payment Infrastructure
Countries:
United States of America
News on Payments
31 Jul 2026
5 min read
Corpay launches Agent Card for AI-driven payments
PEX secures USD 160 million to scale payments platform
KamelPay secures SVF and RPS licences from CBUAE
4 min read
Google Pay launches Ask Google Pay and SBI Flex card
Expert views on Payments
Why treasury’s next competitive advantage will be in payments data
28 Jul 2026
7 min read
Unfiltered: the interchange fees illusion
27 Jul 2026
8 min read
Consolidating treasury with a single multi-currency account
17 Jul 2026
6 min read
FIFA World Cup 2026: fraud and payments lessons from the biggest tournament yet
15 Jul 2026
10 min read
Switzerland: an analysis of payments and ecommerce trends
08 Jul 2026
The Paypers is a global hub for market insights, real-time news, expert interviews, and in-depth analyses and resources across payments, fintech, and the digital economy. We deliver reports, webinars, and commentary on key topics, including regulation, real-time payments, cross-border payments and ecommerce, digital identity, payment innovation and infrastructure, Open Banking, Embedded Finance, crypto, fraud and financial crime prevention, and more – all developed in collaboration with industry experts and leaders.
Categories
Fraud and Fincrime
Fintech
Crypto, Web3 and CBDC
Regulations
M&A and Investments
Current themes
A2A Payments
Payment Orchestration
TradFi and DeFi Convergence
KYC, KYB and Digital Identity
Scams and Fraud
Embedded Finance
Real-Time Payments
The Paypers
Team
Advertise
About
Contact
Prinsengracht 777e
1017 JZ Amsterdam
P: +31 20 658 0652
E: editor@thepaypers.com
No part of this site can be reproduced without explicit permission of The Paypers (v2.7).
Privacy Policy
Cookie Statement
Copyright",7f4b7057289a247d68b7a3dd48169f3b19f1fb8ff18738762aa4a7e943464e84,https://thepaypers.com/payments/news/wizlo-selects-gr4vy-for-telehealth-payment-infrastructure,wizlo selects gr4vy to strengthen telehealth payments,7f4b7057289a247d68b7a3dd48169f3b19f1fb8ff18738762aa4a7e943464e84,2026-08-01T06:17:21.511179+00:00,detail_page_fetch,Belirsiz,Bağımsız Gelişme,Good,2026-07-31,,,,Yayın Tarihi,2026-07-31,publication_date,Yayın tarihi bulundu; recency için kullanıldı.,False,,False,,2026-07-31,Yüksek,english_publication_date,False,2026-08-08,Kesim tarihinden eski: 2026-07-31 < 2026-08-08,İş Birliği,True,"İş birliği, mutabakat veya entegrasyon duyurusu içeriyor.",True,True,True,https://thepaypers.com/news
RI-ba7d23019b80,DOC-REG-242-20260804061338,REG-242,Tier 2,the_paypers,The Paypers,The Paypers Payments News,Fintech Haberi,https://thepaypers.com/news,DNA Payments launches DNA Engage receipt platform,2026-08-03,https://thepaypers.com/payments/news/dna-payments-launches-dna-engage-with-taployo,"News
Payments
DNA Payments launches DNA Engage with Taployo
Claudia Pincovski
03 Aug 2026 / 4 Min Read
DNA Payments has launched DNA Engage, a digital receipt platform developed in partnership with Taployo, aimed at helping merchants convert transactions into ongoing customer touchpoints.
The platform is designed to let businesses turn standard payment receipts into branded, post-purchase digital experiences. Rather than issuing a paper slip, merchants using DNA Engage can offer customers personalised receipts alongside targeted promotions, Google Reviews requests, satisfaction surveys, social media links, and other forms of follow-up communication.
How the platform works
Under the DNA Engage model, customers access their receipt after a transaction by scanning a QR code displayed on the payment terminal. No email address or app download is required, which is intended to reduce friction in the process of extending engagement beyond the point of sale.
For merchants, the platform allows receipts to be customised with branding, imagery, promotional offers, campaign messaging, website and social media links, and return policy information. DNA Payments has positioned this as a way of turning what is typically a routine document into a recurring point of contact with customers.
DNA Engage also includes tools for collecting Google Reviews, satisfaction ratings, and survey responses, alongside tracking of marketing campaign performance. Merchants can access this data, together with transaction reporting, through a dashboard intended to support analysis of customer behaviour and campaign effectiveness.
Industry context
The launch reflects a broader trend among payment providers to extend their role beyond transaction processing into merchant marketing and customer relationship tools, an area increasingly linked to point-of-sale technology as businesses look for lower-cost ways to build repeat custom. Digital and QR-code-based receipts have gained traction across retail and hospitality as alternatives to paper receipts and as a channel for post-purchase communication.
Colin Neil, CEO of DNA Payments
, said every receipt represents a chance to build stronger relationships and encourage future business, and that DNA Engage allows merchants to offer personalised digital experiences that go beyond the traditional receipt format.
Rauf Heyldarli, co-founder and CEO of Taployo
, described the partnership as an opportunity to bring digital receipts to merchants across the UK, adding that the companies view it as an initial step towards a wider proposition combining digital engagement, loyalty, and business insights.
DNA Engage is now available to eligible DNA Payments merchants and can be activated through the DNA Payments Merchant Portal. Further developments involving loyalty and data-driven insights were referenced by Taployo as part of the companies' longer-term plans, though no specific timeline was given.
Keywords:
product launch
merchants
payments
partnership
transactions
Countries:
World
News on Payments
03 Aug 2026
4 min read
Remitly launches Global Card for cross-border customers
Teya launches Teya Pro card machine with instant settlement
Flipkart launches Pay Later credit offering with PayU Finance
Finastra joins The Payments Association as a member
5 min read
Interviews on Payments
Winning in emerging markets requires multi-rail infrastructure
31 Jul 2026
25 min read
The rise of digital assets in payments and financial services | Lee McNabb, NatWest Group
23 Jul 2026
16 min read
What the RBA’s card surcharge ban means for Australian merchants
22 Jul 2026
8 min read
Winning the AI shortlist: visibility, trust, and marketplace loyalty in agentic commerce
21 Jul 2026
6 min read
Merchant payments in focus | An interview with John Drechny and Mark Shaw
17 Jul 2026
10 min read
The Paypers is a global hub for market insights, real-time news, expert interviews, and in-depth analyses and resources across payments, fintech, and the digital economy. We deliver reports, webinars, and commentary on key topics, including regulation, real-time payments, cross-border payments and ecommerce, digital identity, payment innovation and infrastructure, Open Banking, Embedded Finance, crypto, fraud and financial crime prevention, and more – all developed in collaboration with industry experts and leaders.
Categories
Fraud and Fincrime
Fintech
Crypto, Web3 and CBDC
Regulations
M&A and Investments
Current themes
A2A Payments
Payment Orchestration
TradFi and DeFi Convergence
KYC, KYB and Digital Identity
Scams and Fraud
Embedded Finance
Real-Time Payments
The Paypers
Team
Advertise
About
Contact
Prinsengracht 777e
1017 JZ Amsterdam
P: +31 20 658 0652
E: editor@thepaypers.com
No part of this site can be reproduced without explicit permission of The Paypers (v2.7).
Privacy Policy
Cookie Statement
Copyright",3414b5b9bd89475dbf8374090f3385436a397e7d532717f85f20356c6db0f413,https://thepaypers.com/payments/news/dna-payments-launches-dna-engage-with-taployo,dna payments launches dna engage receipt platform,3414b5b9bd89475dbf8374090f3385436a397e7d532717f85f20356c6db0f413,2026-08-04T06:13:48.614685+00:00,detail_page_fetch,Belirsiz,Bağımsız Gelişme,Good,2026-08-03,,,,Yayın Tarihi,2026-08-03,publication_date,Yayın tarihi bulundu; recency için kullanıldı.,False,,False,,2026-08-03,Yüksek,english_publication_date,False,2026-08-08,Kesim tarihinden eski: 2026-08-03 < 2026-08-08,İş Birliği,True,"İş birliği, mutabakat veya entegrasyon duyurusu içeriyor.",True,True,True,https://thepaypers.com/news
RI-4d3c08c4c980,DOC-REG-242-20260804061338,REG-242,Tier 2,the_paypers,The Paypers,The Paypers Payments News,Fintech Haberi,https://thepaypers.com/news,Teya launches Teya Pro card machine,2026-08-03,https://thepaypers.com/payments/news/teya-launches-teya-pro-card-machine-with-instant-settlement,"News
Payments
Teya launches Teya Pro card machine with instant settlement
Claudia Pincovski
03 Aug 2026 / 4 Min Read
Teya, a financial services provider supporting local businesses across Europe, has launched a new payment card machine designed to process transactions quickly and settle funds to merchant accounts without delay.
The device, named Teya Pro, has been introduced in the UK as part of a broader set of products the company describes as aimed at improving transaction speed and merchant cash flow. According to Teya, the majority of sales made through the device are completed in 1.7 seconds, with funds subsequently made available in a merchant's Teya Business Account through the company's Instant Settlement service.
The Teya Pro card machine is built on a quad-core 2GHz Qualcomm chipset with 4GB of memory and runs Android 13, which Teya states allows point-of-sale and payment functions to operate concurrently. The device includes a 6.7-inch touchscreen and a battery rated for more than fourteen hours of continuous use. It supports three connectivity options (4G, Wi-Fi and Ethernet) intended to maintain payment processing during network disruptions.
Onboarding and settlement services
Teya has paired the device with a digital registration process intended to reduce the time between merchant application and account approval. The company states that new merchants can begin accepting payments shortly after completing onboarding.
Settlement options include the Instant Settlement service, through which funds are transferred to a merchant's Teya Business Account shortly after a transaction, alongside a next-day settlement option covering all days of the week, including weekends. Teya has also stated that its support team aims to answer merchant calls within ten seconds.
Context within Teya's product suite
Teya Pro follows the earlier release of an updated Teya Business Account, which added features including spend management automation and cashback on employee spending, accessible through a single application. The company has positioned Teya Pro as an extension of this account, aimed at addressing settlement speed and payment processing reliability for small and medium-sized businesses operating in high-transaction-volume environments, such as hospitality.
A UK-based pub and restaurant that has adopted the device reported handling more than 5,000 covers a month, with higher volumes during summer months. A representative of the business stated that reduced payment processing times had contributed to faster service and improved takings, alongside quicker access to settled funds.
Alessandra Giner, Chief Product Officer at Teya
, said the launch reflects the company's focus on payment speed, settlement timing, onboarding simplicity and customer support for local business owners.
The launch is aimed at merchants in sectors where transaction speed and cash flow access are operationally significant, particularly hospitality and other high-footfall retail environments.
Keywords:
product launch
transactions
mercant
financial services
payments
Countries:
United Kingdom
News on Payments
DNA Payments launches DNA Engage with Taployo
03 Aug 2026
4 min read
Remitly launches Global Card for cross-border customers
Flipkart launches Pay Later credit offering with PayU Finance
Finastra joins The Payments Association as a member
5 min read
Reports on Payments
Agentic winners will be determined by Trust not Tech
11 Jun 2026
The Payment Experience Revolution: Insights from B2B Buyers Across EMEA
21 May 2026
From cost centre to growth engine: Making payments a profit centre
14 Jan 2026
Global Ecommerce Report 2026
11 Dec 2025
The Global Credit Card Shift: Next-Gen Platforms Bypass Legacy Limits
09 Dec 2025
The Paypers is a global hub for market insights, real-time news, expert interviews, and in-depth analyses and resources across payments, fintech, and the digital economy. We deliver reports, webinars, and commentary on key topics, including regulation, real-time payments, cross-border payments and ecommerce, digital identity, payment innovation and infrastructure, Open Banking, Embedded Finance, crypto, fraud and financial crime prevention, and more – all developed in collaboration with industry experts and leaders.
Categories
Fraud and Fincrime
Fintech
Crypto, Web3 and CBDC
Regulations
M&A and Investments
Current themes
A2A Payments
Payment Orchestration
TradFi and DeFi Convergence
KYC, KYB and Digital Identity
Scams and Fraud
Embedded Finance
Real-Time Payments
The Paypers
Team
Advertise
About
Contact
Prinsengracht 777e
1017 JZ Amsterdam
P: +31 20 658 0652
E: editor@thepaypers.com
No part of this site can be reproduced without explicit permission of The Paypers (v2.7).
Privacy Policy
Cookie Statement
Copyright",18d4b1c1b43ba21d344fac566410424a33250b0d65c70fc0941cf0f22fe6d85c,https://thepaypers.com/payments/news/teya-launches-teya-pro-card-machine-with-instant-settlement,teya launches teya pro card machine,18d4b1c1b43ba21d344fac566410424a33250b0d65c70fc0941cf0f22fe6d85c,2026-08-04T06:13:58.777172+00:00,detail_page_fetch,Belirsiz,Bağımsız Gelişme,Good,2026-08-03,,,,Yayın Tarihi,2026-08-03,publication_date,Yayın tarihi bulundu; recency için kullanıldı.,False,,False,,2026-08-03,Yüksek,english_publication_date,False,2026-08-08,Kesim tarihinden eski: 2026-08-03 < 2026-08-08,Ürün / Özellik Gelişmesi,True,"Ürün, API, POS, ödeme, tahsilat veya dijital özellik gelişmesi sinyali içeriyor.",True,True,True,https://thepaypers.com/news
RI-3c0596ce0bd5,DOC-REG-242-20260804061338,REG-242,Tier 2,the_paypers,The Paypers,The Paypers Payments News,Fintech Haberi,https://thepaypers.com/news,Banks complete USD 1 mln BIS tokenised payments pilot,2026-08-03,https://thepaypers.com/fintech/news/banks-settle-usd-1-mln-in-bis-tokenised-payments-pilot,"News
Fintech
Banks settle USD 1 mln in BIS tokenised payments pilot
Sinziana Albu
03 Aug 2026 / 5 Min Read
Twenty-eight banks, including JPMorgan, Citi, and UBS, have completed a Bank for International Settlements-led pilot settling tokenised cross-border payments.
The
initiative
, known as Project Agorá, brought together five central banks and 28 commercial lenders, including JPMorgan, Citi, UBS, Deutsche Bank, and Standard Chartered, to test whether tokenisation could modernise the infrastructure underpinning international payments.
Testing tokenised reserves and deposits across six currencies
The pilot processed approximately USD one million in real-value transactions across six currencies: the USD, the EUR, the GBP, the JPY, the CHF, and the KRW. Payments settled in an average of around 80 seconds, despite the prototype not being directly integrated with the banks' existing payment infrastructure, according to the BIS report.
Unlike privately issued stablecoins, such as those from Circle and Tether, Project Agorá tokenised two forms of traditional bank money: central bank reserves, which commercial banks use to settle with one another, and commercial bank deposits held by customers. The project tested settlement of corporate and interbank payments, as well as foreign exchange transactions.
Addressing correspondent banking inefficiencies
Cross-border payments typically pass through multiple correspondent banks, with each institution maintaining separate records before funds are finally settled. The BIS pilot instead placed tokenised money on a shared ledger, allowing participating banks to complete transactions while referencing a single, shared record of ownership and payment status.
The project also tested simultaneous settlement of foreign exchange payments, enabling banks to exchange two currencies at the same time rather than waiting for one leg of the transaction to settle before completing the other. In addition, this structure is intended to reduce the risk of one party transferring funds without receiving the corresponding currency in return. Participating banks reported that the platform improved the ability to track payments from initiation to completion and that it operated alongside existing payment systems rather than replacing them.
Part of a broader tokenisation trend
Project Agorá forms part of a wider set of wholesale tokenisation initiatives being explored by central banks and commercial lenders, including efforts underway at the European Central Bank and the Bank of England. These projects reflect growing interest across the financial sector in applying distributed ledger technology to wholesale payment infrastructure, alongside separate growth in privately issued stablecoins and tokenised money market and private credit funds.
The BIS has not indicated a timeline for moving Project Agorá beyond the pilot stage or for wider adoption of the tested infrastructure. The results add to a growing body of evidence from central banks examining whether tokenised forms of central bank and commercial bank money could coexist with, or eventually replace, elements of the current correspondent banking model.
Keywords:
financial services
financial institutions
cross-border payments
payments
Countries:
World
News on Fintech
Santander and Gigs launch eSIM service in app
03 Aug 2026
5 min read
FDATA calls for agentic fintech governance framework
Clear Street launches pre-IPO platform starting with Databricks
Dakota applies for US national trust bank charter
Embat launches global banking product
31 Jul 2026
Expert views on Fintech
Why plastic cards are no longer enough for European banks
21 Jul 2026
8 min read
What's the best career advice you've ever received? We asked the leaders shaping payments and fintech.
27 May 2026
Agentic commerce does not threaten the rails. It threatens the toll.
19 May 2026
The Quantum Column: Quantum computing in banking
11 May 2026
The SAASpocalypse and payments: who survives when the per-seat model dies?
07 May 2026
The Paypers is a global hub for market insights, real-time news, expert interviews, and in-depth analyses and resources across payments, fintech, and the digital economy. We deliver reports, webinars, and commentary on key topics, including regulation, real-time payments, cross-border payments and ecommerce, digital identity, payment innovation and infrastructure, Open Banking, Embedded Finance, crypto, fraud and financial crime prevention, and more – all developed in collaboration with industry experts and leaders.
Categories
Payments
Fraud and Fincrime
Crypto, Web3 and CBDC
Regulations
M&A and Investments
Current themes
A2A Payments
Payment Orchestration
TradFi and DeFi Convergence
KYC, KYB and Digital Identity
Scams and Fraud
Embedded Finance
Real-Time Payments
The Paypers
Team
Advertise
About
Contact
Prinsengracht 777e
1017 JZ Amsterdam
P: +31 20 658 0652
E: editor@thepaypers.com
No part of this site can be reproduced without explicit permission of The Paypers (v2.7).
Privacy Policy
Cookie Statement
Copyright",c8d149c1702c302f4edbac03664222cf8ce40912ea86b594e2d5a6ce3d7ed470,https://thepaypers.com/fintech/news/banks-settle-usd-1-mln-in-bis-tokenised-payments-pilot,banks complete usd 1 mln bis tokenised payments pilot,c8d149c1702c302f4edbac03664222cf8ce40912ea86b594e2d5a6ce3d7ed470,2026-08-04T06:14:08.287157+00:00,detail_page_fetch,Belirsiz,Bağımsız Gelişme,Good,2026-08-03,,,,Yayın Tarihi,2026-08-03,publication_date,Yayın tarihi bulundu; recency için kullanıldı.,False,,False,,2026-08-03,Yüksek,english_publication_date,False,2026-08-08,Kesim tarihinden eski: 2026-08-03 < 2026-08-08,Ürün / Özellik Gelişmesi,True,"Ürün, API, POS, ödeme, tahsilat veya dijital özellik gelişmesi sinyali içeriyor.",True,True,True,https://thepaypers.com/news
RI-181e26aa6699,DOC-REG-242-20260804061338,REG-242,Tier 2,the_paypers,The Paypers,The Paypers Payments News,Fintech Haberi,https://thepaypers.com/news,Remitly launches Global Card for cross-border users,2026-08-03,https://thepaypers.com/payments/news/remitly-launches-global-card-for-cross-border-customers,"News
Payments
Remitly launches Global Card for cross-border customers
Claudia Pincovski
03 Aug 2026 / 4 Min Read
Remitly has launched the Global Card, a cross-border spending, saving and remittance card for eligible customers.
The US-based remittance company has introduced the card as a single account intended to combine international money transfers with everyday domestic spending, replacing the need for customers to manage separate accounts or applications for each function. The company stated that the card is designed for customers whose financial activity, including earning, spending, saving and supporting family members, regularly crosses national borders.
Product features and functionality
According to the company, the Global Card includes remittance pricing intended to lower fees and speed up transfers, alongside everyday spending with no associated fees. The card is linked to a bank account and supports balances held in fiat currency or in USDC, a US dollar-pegged stablecoin, allowing customers to hold and move funds in either format. Remitly said the card also enables instant transfers between other Remitly cardholders, removes foreign transaction fees, and provides direct deposit and global ATM access. A membership plan tied to the card additionally offers customers access to credit.
The inclusion of USDC support places the product within a wider trend of payment providers integrating stablecoins into consumer-facing accounts, extending their use beyond crypto-native platforms into mainstream remittance and spending tools. Combining this with card-based spending and traditional bank account features reflects an approach in which remittance providers expand into broader financial services rather than remaining focused solely on transfers.
Rollout and market context
Remitly said the Global Card is beginning a phased rollout to eligible, invited customers, with expanded regional capabilities scheduled to roll out globally through the remainder of 2026. The company has not disclosed specific figures on the number of customers included in the initial phase or a detailed timeline for subsequent regional expansions.
Sebastian J Gunningham, Chief Executive Officer of Remitly
, said the card was designed to integrate into customers' daily routines so that sending money abroad functions similarly to a domestic purchase, with the same card and balance usable regardless of the currency or country in which the customer is located.
Implications for the remittance sector
The launch reflects continued convergence between remittance services and broader banking functions, as providers look to retain customers by covering a wider range of financial activities within a single product. For a customer base defined by cross-border ties, an offering that merges international transfers, everyday spending and a bank account may reduce reliance on multiple financial providers. The addition of stablecoin functionality also signals growing acceptance of digital assets as a practical settlement mechanism within consumer remittance products, rather than a purely speculative or investment-oriented use case.
Keywords:
product launch
cross-border payments
remittance
money transfer
banks
Countries:
World
News on Payments
DNA Payments launches DNA Engage with Taployo
03 Aug 2026
4 min read
Teya launches Teya Pro card machine with instant settlement
Flipkart launches Pay Later credit offering with PayU Finance
Finastra joins The Payments Association as a member
5 min read
Expert views on Payments
Why treasury’s next competitive advantage will be in payments data
28 Jul 2026
7 min read
Unfiltered: the interchange fees illusion
27 Jul 2026
8 min read
Consolidating treasury with a single multi-currency account
17 Jul 2026
6 min read
FIFA World Cup 2026: fraud and payments lessons from the biggest tournament yet
15 Jul 2026
10 min read
Switzerland: an analysis of payments and ecommerce trends
08 Jul 2026
The Paypers is a global hub for market insights, real-time news, expert interviews, and in-depth analyses and resources across payments, fintech, and the digital economy. We deliver reports, webinars, and commentary on key topics, including regulation, real-time payments, cross-border payments and ecommerce, digital identity, payment innovation and infrastructure, Open Banking, Embedded Finance, crypto, fraud and financial crime prevention, and more – all developed in collaboration with industry experts and leaders.
Categories
Fraud and Fincrime
Fintech
Crypto, Web3 and CBDC
Regulations
M&A and Investments
Current themes
A2A Payments
Payment Orchestration
TradFi and DeFi Convergence
KYC, KYB and Digital Identity
Scams and Fraud
Embedded Finance
Real-Time Payments
The Paypers
Team
Advertise
About
Contact
Prinsengracht 777e
1017 JZ Amsterdam
P: +31 20 658 0652
E: editor@thepaypers.com
No part of this site can be reproduced without explicit permission of The Paypers (v2.7).
Privacy Policy
Cookie Statement
Copyright",d7c7a525cf708ae430a273ce4263bec11f4a1a9c7684410dcc357d5a8740245a,https://thepaypers.com/payments/news/remitly-launches-global-card-for-cross-border-customers,remitly launches global card for cross-border users,d7c7a525cf708ae430a273ce4263bec11f4a1a9c7684410dcc357d5a8740245a,2026-08-04T06:14:11.562152+00:00,detail_page_fetch,Belirsiz,Bağımsız Gelişme,Good,2026-08-03,,,,Yayın Tarihi,2026-08-03,publication_date,Yayın tarihi bulundu; recency için kullanıldı.,False,,False,,2026-08-03,Yüksek,english_publication_date,False,2026-08-08,Kesim tarihinden eski: 2026-08-03 < 2026-08-08,Ürün / Özellik Gelişmesi,True,"Ürün, API, POS, ödeme, tahsilat veya dijital özellik gelişmesi sinyali içeriyor.",True,True,True,https://thepaypers.com/news
RI-8cc38bb3228d,DOC-REG-056-20260805060714,REG-056,Tier 2,webrazzi,Webrazzi,Webrazzi Fintech,Fintech Haberi,https://webrazzi.com/kategori/fintech/,"E-posta, görev, takvim ve CRM'i kapsayan yapay zeka destekli iş yönetim platformu: oiplan - Webrazzi",2026/08/04,https://webrazzi.com/2026/08/04/e-posta-gorev-takvim-ve-crm-i-kapsayan-yapay-zeka-destekli-is-yonetim-platformu-oiplan/,"Insights kapsamlı içerikleri ve raporlarıyla içgörü yaratıyor, stratejilere yön veriyor. Popüler Insights içeriklerine göz atın.
Yapay zeka çağında kazanan meslekler: Hangi uzmanlıklara talep arttı?
Yapay zeka iş süreçlerini nasıl dönüştürüyor?
Yapay zekanın yazılım geliştirme pazarına etkisi
Yapay zekanın eğitim sektörüne etkisi: Global trendler, fırsatlar ve endişeler
Avrupa & Türkiye Teknoloji ve Yatırım Raporu: 2025'in İlk Yarısında Öne Çıkanlar
Son teknolojinin etkilerini Webrazzi merceğiyle inceleyin, detayları görün, güçlü stratejiler yaratın. Özel makaleler ve raporlara erişmek için hemen harekete geçin.
Avantajları ve Paketleri İnceleyin
Girişim
E-posta, görev, takvim ve CRM'i kapsayan yapay zeka destekli iş yönetim platformu: oiplan
oiplan, e-posta (Gmail entegrasyonu), görevler, takvim, toplantı notları/tutanakları ve ihtiyaca göre CRM'i tek ekranda birleştiriyor.
Tuğçe İçözü
18 saat önce
Paylaş
Facebook
Twitter
Linkedin
Türkiye'de geliştirilen, yapay zeka temelli ""hepsi bir arada"" bir iş ve üretkenlik platformu olan
oiplan
, e-posta (Gmail entegrasyonu), görevler, takvim, toplantı notları/tutanakları ve ihtiyaca göre CRM'i tek ekranda birleştiriyor. Ürünün merkezinde ise kullanıcının verisini birlikte görüp onunla harekete geçebilen ""oi asistan"" adlı yapay zeka asistanı yer alıyor.
Girişimin amacı, çalışanların gün içinde 5-6 farklı araç arasında gidip gelmesini bitirmek ve zamandan tasarruf etmesini sağlamak. Bununla beraber oiplan, maili göreve çevirmek, toplantıdan otomatik tutanak ve aksiyon çıkarmak, ""bugün neye odaklanmalıyım?"" diye sorup net cevap almak gibi işlerin tek yerde yapabilmesini hedefliyor.
oiplan,
Emir Ulugerçek
tarafından kuruldu. 2026 yılının başlarında fikirden hayata geçmeye başlayan girişimin yaklaşık 2 ay önce alt yapısının tamamlandığını belirtelim. Şu an 2 kişilik çekirdek kurucu ekibiyle faaliyet gösteren girişim, yapay zeka destekli geliştirme sayesinde küçük ekiple hızlı iterasyon yapabildiğini dile getiriyor.
Emir Ulugerçek'in belirttiğine göre; ürünün tamamı arayüz, iş mantığı, yapay zeka akışları, CRM ve toplantı tutanağı motoru ekip tarafından geliştirdi. Ulugerçek, ""Hazır bir şablon/altyapı"" kullanmadıklarını ancak barındırma ve veritabanı tarafında Cloudflare, Supabase gibi bulutun olgun servislerini, yapay zeka tarafında ise Anthropic Claude, ChatGPT gibi güçlü dil modellerini kullandıklarını dile getirdi. Bunları sağlayıcı bağımsız bir katmanla kurguladıklarını ifade eden Ulugerçek, gerektiğinde model/sağlayıcı değiştirebildiklerini belirtiyor. Girişimin paylaştığı bilgilere göre; ilk çalışır sürüm, 2 ay içinde çıkarıldı ve o günden beri ürün haftalık sürümlerle geliştiriliyor.
oiplan'ın şu an kontrollü erken erişim aşamasında olduğunu belirtelim. Bu bağlamda girişim, ilk pilot kullanıcı ve şirketlerle ürünü sahada olgunlaştırıyor. oiplan tüm kapsamları bir arada tutan ve verilen hizmetin aynı kapsamlarda yapan farklı bir rakibinin bulunmadığını belirtiyor. Öte yandan ChatGPT ve Claude gibi genel amaçlı yapay zeka araçları, Notion AI, Google Workspace + Gemini gibi üretkenlik/dokümantasyon yapıları ve toplantı notu için Fireflies/Otter, takvim için Motion/Reclaim gibi tek işi yapan nokta çözümler oiplan'ın rekabet alanında bulunuyor.
oiplan Türkçe-öncelikli olmasıyla dili ve iş kültürünü anlayarak rakiplerinden ayrışıyor. Aynı şekilde ürün, rakiplerinden farklı olarak mail, görev, takvim, toplantı, CRM ve AI'ı tek yerde birleştirip araç dağınıklığına çözüm getiriyor. Yapay zekanın sadece sohbet etmeyip maili göreve çevirme, özet mail taslağı, tutanaktan aksiyon çıkarma gibi görevlerde kullanıcının onayıyla iş yapması, şeffaf kredi tabanlı kullanım modeli ve veri gizliliği de oiplan'ın ayrıştığı noktalar arasında yer alıyor. Veri gizliliği konusunda girişim, müşteri verisinin yapay zeka modelini eğitmek için kullanılmadığına dikkat çekiyor. Aynı şekilde bu veriler, reklam için de kullanılmıyor. Dışarıya veri akışı olmadığını vurgulayan ekip, verinin nerede, ne kadar tutulduğu ve kimin eriştiği konusunda şeffaf olduklarını ifade ediyor.
Gmail ve Drive gibi hassas verilere eriştikleri için güvenliği en baştan ciddiye aldıklarını belirten ekip, Google'ın zorunlu tuttuğu bağımsız üçüncü taraf güvenlik denetiminden (CASA Tier 2) geçtiklerini ve uygulamanın Google OAuth doğrulamasını tamamlandığını ifade ediyor. Bu anlamda girişim, yalnızca işi yapmak için gereken izinleri istiyor. Örneğin Drive'da tüm dosyalara değil, yalnızca kullanıcının kendi seçtiği dosyalara erişiyor ve bu dosyaları her hangi bir yerde saklamıyor. Bunun yerine tamamen Google'ın alt yapısından kullanıcılara yansıtıyor.
oiplan bir abonelik (SaaS) ürünü olarak konumlanıyor. Kullanıcılar ürüne, aylık/yıllık abonelikle erişiyor. İlk 1 ay ücretsiz ve deneme için kredi kartı istenmiyor; kullanıcı ürünü risksiz olarak deneyip karar verebiliyor. Yapay zeka kullanımı ise kredi sistemiyle şeffaf bir şekilde yönetiliyor. Hızlı işler az, derin/uzun işler daha çok kredi harcıyor; her planda aylık kredi hakkı bulunuyor. Yoğun kullananların ek kredi alabildiğini de ekleyelim. Ayrıca bunun yanı sıra startup veya kurumsal şirketlere özel paketler de mevcut.
Girişim, en büyük hedefinin, yapay zekayı gösterişten çıkarıp doğrudan çalışanın günlük hayatına dokunan somut bir zaman kazancına dönüştürmek olduğunu belirtiyor. Günümğzde bir çalışanın gününün önemli bir kısmının mail okumaya, not tutmaya, toplantı özeti çıkarmaya ve dağınık araçlar arasında gezinmeye harcandığını belirten ekip, oiplan'ın bu tekrar eden yükü üstlenip insana asıl işine odaklanacağı zamanı geri verdiğini ifade ediyor.
Ürün tarafındaki yol haritası bu vizyonun üç ayağına dayanıyor. Birincisi, zaman tasarrufu: maili tek tıkla göreve çevirme, toplantıdan otomatik tutanak ve aksiyon üretme, ""bugün neye odaklanmalıyım?"" gibi sorulara net cevap kişisel üretkenliği artıran akıllı otomasyonları derinleştirmek. İkincisi, şirket içi görev ve iş dağılımı: ekiplerin işi kimin, ne zaman, hangi öncelikle yapacağını şeffaf yönetebildiği; yöneticinin dağınık takip yerine tek ekrandan görünürlük aldığı bir yapı kurmak. Üçüncüsü, yapay zeka destekli çalışan performansı: her çalışana, kendi verisini (mail, takvim, görev, müşteri geçmişi) bağlamıyla anlayan ve onun onayıyla iş yapan bir asistan vererek ekip genelinde çıktı kalitesini ve hızını yükseltmek.
Kısa vadede kontrollü erken erişimden geniş lansmana geçmeyi planlayan girişim, yerel ödeme ve e-fatura entegrasyonuyla aboneliği tam otomatik hale getirmeyi ve ilk kurumsal müşterileri kazanmayı hedefliyor. Orta vadede oiplan, gerçek zamanlı destek, daha fazla entegrasyon ve ekip/kurumsal özelliklerini derinleştirecek. Ekibin nihai vizyonu ise oiplan'ı Türkiye'deki KOBİ ve profesyonellerin ""çalışma işletim sistemi"" haline getirmek ve aynı modeli benzer ihtiyaçtaki bölge ve yurt dışı pazarlarına taşımak.
Yorum Yaz
Yorumlar
İlk Yorumu yazmak ister misiniz?
Yorum Yazmak için Giriş Yap
Teknoloji dünyasındaki gelişmeleri takip edin. Neleri size ulaştırmamızı istersiniz?
Günlük Bülten
Etkinlikler
Webrazzi'nin hizmet ve ürünleri ile günlük Webrazzi haberlerine ilişkin olarak epostalar göndermesini onaylıyorum.
Seçimlerimi kaydet
Abonelik kaydınız başarıyla oluşturuldu.
Sıradaki haber
SIRADAKİ
Base Power, 13 milyar dolar değerleme üzerinden 1 milyar dolar yatırım aldı
Evlere batarya kiralayan Base Power'ın 1 milyar dolar yatırım aldığını daha önce sizlere…
Candeğer Muradoğlu",20419212215e36cd54755b78ecb481d4a553e66c7ae67c76f9e976965c8e5933,https://webrazzi.com/2026/08/04/e-posta-gorev-takvim-ve-crm-i-kapsayan-yapay-zeka-destekli-is-yonetim-platformu-oiplan,"e-posta, görev, takvim ve crm'i kapsayan yapay zeka destekli iş yönetim platformu: oiplan - webrazzi",20419212215e36cd54755b78ecb481d4a553e66c7ae67c76f9e976965c8e5933,2026-08-05T06:07:18.299322+00:00,detail_page_fetch,Belirsiz,Bağımsız Gelişme,Good,2026-08-04,,,,Yayın Tarihi,2026-08-04,publication_date,Yayın tarihi bulundu; recency için kullanıldı.,False,,False,,2026-08-04,Orta,publication_date,False,2026-08-08,Kesim tarihinden eski: 2026-08-04 < 2026-08-08,Kampanya,True,Kampanya veya müşteri teklifi sinyali içeriyor.,True,True,True,https://webrazzi.com/kategori/fintech/
RI-30ff8b18474e,DOC-REG-191-20260805060821,REG-191,Tier 1,turk_ticaret_bankasi,Türk Ticaret Bankası,Türk Ticaret Bankası Haberler,Resmi Haber Sayfası,https://www.turkticaretbankasi.com.tr/icerikler/haberler,Türk Ticaret Bankası Büyümesini İkinci Çeyrekte de Sürdürdü,01.08.2026,https://www.turkticaretbankasi.com.tr/icerik/turk-ticaret-bankasi-buyumesini-ikinci-ceyrekte-de-surdurdu,"Türk Ticaret Bankası, 2026 yılının ikinci çeyreğinde güçlü büyüme performansını sürdürerek toplam mevduat hacmini 57 milyar TL'ye, nakdi kredi hacmini ise 47 milyar TL seviyesine çıkardı. Aynı dönemde aktif büyüklük 76 milyar TL'ye ulaşırken, nakdi ve gayrinakdi kredilerin toplamı 89 milyar TL'ye yükseldi.
Faaliyete geçtikten kısa bir süre sonra kâra geçen bankamızın dönem net kârı, geçen yılın aynı dönemine göre %107 artış göstererek 361 milyon TL olarak gerçekleşti. Güçlü finansal performans, bankanın ihracatçının finansmanı alanındaki uzmanlaşma stratejisini ve sürdürülebilir büyüme odağını desteklemeyi sürdürdü.
Türk Ticaret Bankası, ikinci çeyrekte elde ettiği güçlü sonuçlarla ihracatçının ana bankası olma hedefi doğrultusunda ilerlemesini sürdürdü. İhracatçıların finansmana erişimini kolaylaştıran, dış ticaret işlemlerini destekleyen ve kur, faiz ile likidite risklerinin yönetimine yönelik uzmanlık sunan ürün ve hizmetlerini geliştirmeyi sürdüren bankamız, sürdürülebilir büyüme odağıyla reel sektöre katkısını artırmayı hedefliyor.
Öne çıkan finansal göstergeler
Aktif büyüklük:
76 milyar TL
Nakdi ve gayrinakdi kredi toplamı:
89 milyar TL
Toplam mevduat:
57 milyar TL
Sermaye yeterlilik oranı:
%16,44
Detaylı finansal bilgilere ve ilk çeyrek bağımsız denetim raporumuza bu
linkten
ulaşabilirsiniz.",819c3f12dfb43055180873d8591d171df315bdc0b66e7cfe3ccc36497cefc996,https://www.turkticaretbankasi.com.tr/icerik/turk-ticaret-bankasi-buyumesini-ikinci-ceyrekte-de-surdurdu,türk ticaret bankası büyümesini i̇kinci çeyrekte de sürdürdü,819c3f12dfb43055180873d8591d171df315bdc0b66e7cfe3ccc36497cefc996,2026-08-05T06:08:25.633157+00:00,detail_page_fetch,Belirsiz,Yönetici Bilgilendirme,Good,2026-08-01,,,,Yayın Tarihi,2026-08-01,publication_date,Yayın tarihi bulundu; recency için kullanıldı.,False,,False,,2026-08-01,Orta,publication_date,False,2026-08-08,Kesim tarihinden eski: 2026-08-01 < 2026-08-08,Yönetici Bilgilendirme,True,financial_results_with_export_finance_evidence,True,True,True,https://www.turkticaretbankasi.com.tr/icerikler/haberler
RI-dedd75f563b9,DOC-REG-242-20260805060900,REG-242,Tier 2,the_paypers,The Paypers,The Paypers Payments News,Fintech Haberi,https://thepaypers.com/news,"Bitget to exit Japan market, close all positions",2026-08-04,https://thepaypers.com/crypto-web3-and-cbdc/news/bitget-to-exit-japan-closing-all-positions-by-year-end,"News
Crypto, Web3 and CBDC
Bitget to exit Japan, closing all positions by year-end
Sinziana Albu
04 Aug 2026 / 5 Min Read
Bitget has announced its exit from Japan, halting new registrations and moving to close all remaining customer positions by 31 December 2026.
According to
CoinDesk
, Bitget will stop offering crypto trading services to residents of Japan, citing efforts to comply with the country's regulatory framework. The Seychelles-based exchange stopped accepting new registrations from Japanese residents on Sunday, 2 August 2026.
Regulatory background
The exit follows legislation approved by Japan's parliament in mid-2026 that reclassified cryptocurrencies as financial instruments. The new rules, expected to take effect in 2027, introduce penalties for operating without registration, including fines of around USD 62,800 and prison sentences of up to ten years. Japan's Financial Services Agency (FSA) oversees compliance requirements for crypto trading platforms serving residents, and the country has maintained a strict stance towards foreign platforms operating without local registration. In 2023, Bitget was among four exchanges, alongside Bybit, BitForex, and MEXC, that received a warning letter from Japanese regulators for operating without proper registration in violation of the country's fund settlement laws.
Existing Bitget users who believe they have been incorrectly identified as Japanese residents must complete a Level-2 identity verification process, including proof of address, by 1 November 2026. Accounts that do not complete this verification will be treated as belonging to Japanese residents, the company said.
From 1 November 2026, affected accounts will be placed into close-only mode. Users will be unable to open or add to positions or access services, including spot and futures trading, copy trading, trading bots, and earn products. Deposits, subject to limits, and withdrawals will continue to be available during this period.
Final closure and market context
Bitget said it will forcibly close all remaining open positions on 31 December 2026 and suspend card services from that date. Withdrawals will remain accessible after the closure. The company did not identify a specific regulatory action or trigger behind the decision and had not responded to media requests for further comment at the time of the announcement.
The move reflects a broader pattern of regulatory tightening in Japan's crypto sector, as authorities move to bring digital asset trading under a framework more closely aligned with traditional financial instrument oversight. For international exchanges operating across multiple jurisdictions, the development illustrates the compliance costs associated with serving retail markets subject to evolving local classification regimes.
Keywords:
crypto
stablecoins
stablecoin services
crypto services
Countries:
Japan
News on Crypto, Web3 and CBDC
Western Union launches Stablecard with Rain
04 Aug 2026
5 min read
1inch launches Aqua shared liquidity layer for DeFi
Ondo Finance considers acquisition of up to USD 500 mln
4 min read
Circle receives trust charter from New York regulator
03 Aug 2026
Expert views on Crypto, Web3 and CBDC
Stablecoins and the race for digital money
28 Jul 2026
8 min read
Can stablecoins fix cross-border payments? Industry experts weigh in
17 Jul 2026
An opportunity for a fundamental shift in the architecture of the financial systems
09 Jul 2026
Inside Latvia's strategy to win the European crypto race
29 Jun 2026
16 min read
Unfiltered: The payments sovereignty decoy
26 Jun 2026
The Paypers is a global hub for market insights, real-time news, expert interviews, and in-depth analyses and resources across payments, fintech, and the digital economy. We deliver reports, webinars, and commentary on key topics, including regulation, real-time payments, cross-border payments and ecommerce, digital identity, payment innovation and infrastructure, Open Banking, Embedded Finance, crypto, fraud and financial crime prevention, and more – all developed in collaboration with industry experts and leaders.
Categories
Payments
Fraud and Fincrime
Fintech
Regulations
M&A and Investments
Current themes
A2A Payments
Payment Orchestration
TradFi and DeFi Convergence
KYC, KYB and Digital Identity
Scams and Fraud
Embedded Finance
Real-Time Payments
The Paypers
Team
Advertise
About
Contact
Prinsengracht 777e
1017 JZ Amsterdam
P: +31 20 658 0652
E: editor@thepaypers.com
No part of this site can be reproduced without explicit permission of The Paypers (v2.7).
Privacy Policy
Cookie Statement
Copyright",ebbf7817164aa401cc291c5699bdd59cd68e9c39641a10adba22c8253f6b685b,https://thepaypers.com/crypto-web3-and-cbdc/news/bitget-to-exit-japan-closing-all-positions-by-year-end,"bitget to exit japan market, close all positions",ebbf7817164aa401cc291c5699bdd59cd68e9c39641a10adba22c8253f6b685b,2026-08-05T06:09:04.672089+00:00,detail_page_fetch,Belirsiz,Bağımsız Gelişme,Good,2026-08-04,,,,Yayın Tarihi,2026-08-04,publication_date,Yayın tarihi bulundu; recency için kullanıldı.,False,,False,,2026-08-04,Yüksek,english_publication_date,False,2026-08-08,Kesim tarihinden eski: 2026-08-04 < 2026-08-08,Ürün / Özellik Gelişmesi,True,"Ürün, API, POS, ödeme, tahsilat veya dijital özellik gelişmesi sinyali içeriyor.",True,True,True,https://thepaypers.com/news
RI-1f733e8ba59e,DOC-REG-242-20260805060900,REG-242,Tier 2,the_paypers,The Paypers,The Paypers Payments News,Fintech Haberi,https://thepaypers.com/news,Data Energy adopts GoCardless Recurring Pay by Bank,2026-08-04,https://thepaypers.com/payments/news/data-energy-adopts-gocardless-recurring-pay-by-bank,"News
Payments
Data Energy adopts GoCardless' Recurring Pay by Bank
Sinziana Albu
04 Aug 2026 / 5 Min Read
Data Energy has adopted GoCardless' Recurring Pay by Bank to automate utility billing payments.
The technology will be used to automate flexible energy meter top-up payments for Data Energy's customers, replacing the manual processes previously used to manage billing.
Data Energy provides heat network services and has relied on manual tracking and administration to manage customer meter top-ups. Through the process of moving to automated recurring billing through Open Banking, the company aims to reduce the administrative workload associated with manual billing and to lower customer churn linked to expired or lost bank cards. For customers, the shift removes the need to initiate top-ups manually while aiming to reduce the risk of service interruptions caused by missed payments.
Recurring Pay by Bank operates on the A2A payment scheme introduced by the UK Payments Initiative (UKPI) in 2025. The solution includes a routing mechanism that shifts payers to Direct Debit when Open Banking is not available, intended to maintain payment coverage from the outset. It also uses a feature GoCardless refers to as 'bank guess', which draws on data from a payer base the company says covers 80% of UK consumers, to pre-fill payment details during checkout.
Adoption follows one-off payments rollout
Data Energy's move into recurring Open Banking payments follows an earlier rollout of GoCardless' Pay by Bank feature for one-off transactions. According to the companies, that rollout achieved an 82% customer adoption rate within weeks of launch, a figure that has since risen to more than 90%. Data Energy cited this uptake as a factor in its decision to extend Open Banking payments to recurring billing.
Aaron Beadle
, director of IT and technical services at Data Energy, said reducing administrative work for customers and staff has been a company priority, and that the response to Pay by Bank indicated readiness among customers for a simpler payment method, which supported the move to an A2A provider for recurring payments.
In addition,
Pat Phelan
, chief revenue officer at GoCardless, said the launch of Recurring Pay by Bank gives energy providers access to automated, flexible utility billing, which the company positions as a lower-cost way to manage variable usage while offering payers an alternative payment method.
The rollout reflects continued expansion of Open Banking-based payment methods in the UK utility sector, following the UKPI's introduction of a dedicated A2A scheme for recurring payments in 2025. Adoption of such infrastructure by utility providers points to broader efforts within the sector to reduce reliance on card-based recurring payments and address issues such as failed transactions linked to expired cards.
Keywords:
partnership
payments
contactless payments
ecommerce
digital payments
Open Banking
Open Banking paymenys
Countries:
United Kingdom
News on Payments
04 Aug 2026
5 min read
Apple Pay launches for Mastercard cardholders in the Philippines
DNA Payments launches DNA Engage with Taployo
03 Aug 2026
4 min read
Remitly launches Global Card for cross-border customers
Teya launches Teya Pro card machine with instant settlement
Expert views on Payments
Why treasury’s next competitive advantage will be in payments data
28 Jul 2026
7 min read
Unfiltered: the interchange fees illusion
27 Jul 2026
8 min read
Consolidating treasury with a single multi-currency account
17 Jul 2026
6 min read
FIFA World Cup 2026: fraud and payments lessons from the biggest tournament yet
15 Jul 2026
10 min read
Switzerland: an analysis of payments and ecommerce trends
08 Jul 2026
The Paypers is a global hub for market insights, real-time news, expert interviews, and in-depth analyses and resources across payments, fintech, and the digital economy. We deliver reports, webinars, and commentary on key topics, including regulation, real-time payments, cross-border payments and ecommerce, digital identity, payment innovation and infrastructure, Open Banking, Embedded Finance, crypto, fraud and financial crime prevention, and more – all developed in collaboration with industry experts and leaders.
Categories
Fraud and Fincrime
Fintech
Crypto, Web3 and CBDC
Regulations
M&A and Investments
Current themes
A2A Payments
Payment Orchestration
TradFi and DeFi Convergence
KYC, KYB and Digital Identity
Scams and Fraud
Embedded Finance
Real-Time Payments
The Paypers
Team
Advertise
About
Contact
Prinsengracht 777e
1017 JZ Amsterdam
P: +31 20 658 0652
E: editor@thepaypers.com
No part of this site can be reproduced without explicit permission of The Paypers (v2.7).
Privacy Policy
Cookie Statement
Copyright",bef45fb4fa383ea4ab9aba33b3e7585b1ba53d410530ea85985ed0f16ea7885d,https://thepaypers.com/payments/news/data-energy-adopts-gocardless-recurring-pay-by-bank,data energy adopts gocardless recurring pay by bank,bef45fb4fa383ea4ab9aba33b3e7585b1ba53d410530ea85985ed0f16ea7885d,2026-08-05T06:09:13.080167+00:00,detail_page_fetch,Belirsiz,Bağımsız Gelişme,Good,2026-08-04,,,,Yayın Tarihi,2026-08-04,publication_date,Yayın tarihi bulundu; recency için kullanıldı.,False,,False,,2026-08-04,Yüksek,english_publication_date,False,2026-08-08,Kesim tarihinden eski: 2026-08-04 < 2026-08-08,İş Birliği,True,"İş birliği, mutabakat veya entegrasyon duyurusu içeriyor.",True,True,True,https://thepaypers.com/news
RI-d645bbfa7890,DOC-REG-242-20260806061344,REG-242,Tier 2,the_paypers,The Paypers,The Paypers Payments News,Fintech Haberi,https://thepaypers.com/news,Fiserv and Mastercard expand global merchant partnership,2026-08-05,https://thepaypers.com/payments/news/fiserv-and-mastercard-expand-global-partnership-for-merchants,"News
Payments
Fiserv and Mastercard expand global partnership for merchants
Sinziana Albu
05 Aug 2026 / 5 Min Read
Fiserv and Mastercard have announced a global partnership integrating Mastercard Merchant Cloud into Fiserv Commerce Hub for enterprise merchants.
Under the agreement, Mastercard Merchant Cloud will be integrated into Fiserv Commerce Hub, giving merchants and enterprise platforms a single connection to Mastercard's merchant services across online, mobile, and in-store channels. The companies said the integration combines Fiserv's merchant acquiring capabilities with Mastercard's merchant services within one platform, allowing merchants operating across multiple geographies and sales channels to access payment acceptance and value-added services through a unified experience.
Moreover, the combined capabilities are intended to support merchants seeking to expand into new markets, manage payment performance across channels, and adapt to structural changes in commerce.
Sanjay Saraf
, Chief Product and Technology Officer, Merchant Solutions at Fiserv, said that enterprise merchants are increasingly seeking to simplify complex payment ecosystems while maintaining consistent experiences across channels and markets, adding that the integration is intended to help streamline operations and support market expansion, subject to availability and applicable requirements.
Chiro Aikat
, co-president, Americas, Mastercard, said the integration includes capabilities intended to support agentic commerce, framing the aim as helping merchants adapt to a changing digital economy. At the same time,
Lia Cao
, Chief Revenue Officer, Merchant Solutions at Fiserv, said the partnership is intended to address the growing complexity of commerce by combining the two companies' capabilities, expanding access for eligible enterprise merchants to additional markets, customers, and commerce opportunities, where available.
Part of a broader collaboration
The companies describe the partnership as the latest step in a wider collaboration spanning merchant acquiring, issuing, digital assets, value-added services, and agentic commerce. Fiserv and Mastercard said they have worked together across these areas to support financial institutions and businesses in delivering more secure and scalable payment experiences.
In addition, both firms indicated that further technology integrations and commerce capabilities are under consideration, with implementation subject to product readiness, applicable requirements, and delivery timelines. No specific rollout date or list of eligible markets was disclosed in the announcement.
For the payments industry, the tie-up reflects a continuing trend among large payment networks and processors to consolidate merchant-facing services, such as acceptance and value-added tools, into single platforms. This reduces the need for merchants to integrate separately with multiple providers as they operate across a growing number of channels and geographies.
Keywords:
partnership
payments
online payments
ecommerce
financial services
Countries:
World
News on Payments
Unlimit and Mattilda Partner on Mexico education payments
05 Aug 2026
5 min read
Plaid and Sierra partner to embed bank data in AI agents
Data Energy adopts GoCardless' Recurring Pay by Bank
04 Aug 2026
Apple Pay launches for Mastercard cardholders in the Philippines
Expert views on Payments
Swipe for reflection | August – have a break: feast on words
Why treasury’s next competitive advantage will be in payments data
28 Jul 2026
7 min read
Unfiltered: the interchange fees illusion
27 Jul 2026
8 min read
Consolidating treasury with a single multi-currency account
17 Jul 2026
6 min read
FIFA World Cup 2026: fraud and payments lessons from the biggest tournament yet
15 Jul 2026
10 min read
The Paypers is a global hub for market insights, real-time news, expert interviews, and in-depth analyses and resources across payments, fintech, and the digital economy. We deliver reports, webinars, and commentary on key topics, including regulation, real-time payments, cross-border payments and ecommerce, digital identity, payment innovation and infrastructure, Open Banking, Embedded Finance, crypto, fraud and financial crime prevention, and more – all developed in collaboration with industry experts and leaders.
Categories
Fraud and Fincrime
Fintech
Crypto, Web3 and CBDC
Regulations
M&A and Investments
Current themes
A2A Payments
Payment Orchestration
TradFi and DeFi Convergence
KYC, KYB and Digital Identity
Scams and Fraud
Embedded Finance
Real-Time Payments
The Paypers
Team
Advertise
About
Contact
Prinsengracht 777e
1017 JZ Amsterdam
P: +31 20 658 0652
E: editor@thepaypers.com
No part of this site can be reproduced without explicit permission of The Paypers (v2.7).
Privacy Policy
Cookie Statement
Copyright",6265a313901b3f6d6846c66e6f976a2e0ee04c5b202936762ad54e438d6fb9b8,https://thepaypers.com/payments/news/fiserv-and-mastercard-expand-global-partnership-for-merchants,fiserv and mastercard expand global merchant partnership,6265a313901b3f6d6846c66e6f976a2e0ee04c5b202936762ad54e438d6fb9b8,2026-08-06T06:13:51.934750+00:00,detail_page_fetch,Belirsiz,Bağımsız Gelişme,Good,2026-08-05,,,,Yayın Tarihi,2026-08-05,publication_date,Yayın tarihi bulundu; recency için kullanıldı.,False,,False,,2026-08-05,Yüksek,english_publication_date,False,2026-08-08,Kesim tarihinden eski: 2026-08-05 < 2026-08-08,İş Birliği,True,"İş birliği, mutabakat veya entegrasyon duyurusu içeriyor.",True,True,True,https://thepaypers.com/news
RI-9125e4eef53d,DOC-REG-242-20260806061344,REG-242,Tier 2,the_paypers,The Paypers,The Paypers Payments News,Fintech Haberi,https://thepaypers.com/news,zerohash expands stablecoin rails for BlackRock funds,2026-08-05,https://thepaypers.com/crypto-web3-and-cbdc/news/zerohash-expands-stablecoin-rails-to-blackrocks-brsrv-fund,"News
Crypto, Web3 and CBDC
zerohash expands stablecoin rails to BlackRock's BRSRV fund
Sinziana Albu
05 Aug 2026 / 5 Min Read
zerohash has extended its stablecoin conversion infrastructure to support BlackRock's newly launched tokenized money market fund.
The move extends an existing relationship between the two companies and broadens the scope of zerohash's role within BlackRock's tokenised product suite.
zerohash has provided stablecoin conversion infrastructure behind BlackRock's USD Institutional Digital Liquidity Fund (BUIDL) since 2024. That relationship began when Securitize, the tokenisation platform administering BUIDL, integrated with zerohash to allow qualified investors to convert USDC to USD in order to subscribe to the fund. In addition, the infrastructure supporting BUIDL is now being extended to BRSRV, giving investors in the newer vehicle access to the same conversion rails.
Zzerohash's role centres on providing regulated rails that allow investors to move into and out of BlackRock-related tokenised funds using stablecoins. This positions the company as an intermediary layer between traditional payment rails and onchain infrastructure, a function that has become increasingly relevant as asset managers expand their tokenisation offerings.
Edward Woodford
, founder and CEO of zerohash, said that tokenisation's value lies partly in the ability to move value instantly and globally, and that onchain money movement rails give traditional payment infrastructure an onchain complement. It was also added that the company intends to continue scaling its integration with BlackRock funds.
The initiative points to a broader shift in how institutional investors access short-duration, cash-like instruments onchain. Tokenised money market funds such as BUIDL and BRSRV allow qualified investors to hold exposure to underlying assets, such as US Treasuries, while settling and transacting using stablecoins rather than traditional wire transfers. This can reduce settlement times and allow for round-the-clock movement of capital, a feature not typically available through conventional fund administration processes.
Implications for the ecosystem
The expansion reflects a continuing trend of asset managers pairing tokenised fund products with regulated stablecoin infrastructure providers to handle subscription and redemption flows. As more asset managers explore tokenised cash and short-duration products, infrastructure providers such as zerohash are positioned to play a recurring role in bridging fiat, stablecoins, and tokenised securities. The scale of zerohash's reported market share in tokenised Treasury flows suggests that a small number of infrastructure providers currently handle a substantial share of onchain conversion activity in this segment, a dynamic likely to be tested as competitors and new entrants seek to serve the same market.
Keywords:
product launch
stablecoins
stablecoin infrastructure
stablecoin payments
Countries:
United States of America
News on Crypto, Web3 and CBDC
05 Aug 2026
5 min read
Polymarket in talks for USD 20 bln funding valuation
4 min read
Robinhood registers for crypto services in the UK
Western Union launches Stablecard with Rain
04 Aug 2026
Bitget to exit Japan, closing all positions by year-end
Expert views on Crypto, Web3 and CBDC
Stablecoins and the race for digital money
28 Jul 2026
8 min read
Can stablecoins fix cross-border payments? Industry experts weigh in
17 Jul 2026
An opportunity for a fundamental shift in the architecture of the financial systems
09 Jul 2026
Inside Latvia's strategy to win the European crypto race
29 Jun 2026
16 min read
Unfiltered: The payments sovereignty decoy
26 Jun 2026
The Paypers is a global hub for market insights, real-time news, expert interviews, and in-depth analyses and resources across payments, fintech, and the digital economy. We deliver reports, webinars, and commentary on key topics, including regulation, real-time payments, cross-border payments and ecommerce, digital identity, payment innovation and infrastructure, Open Banking, Embedded Finance, crypto, fraud and financial crime prevention, and more – all developed in collaboration with industry experts and leaders.
Categories
Payments
Fraud and Fincrime
Fintech
Regulations
M&A and Investments
Current themes
A2A Payments
Payment Orchestration
TradFi and DeFi Convergence
KYC, KYB and Digital Identity
Scams and Fraud
Embedded Finance
Real-Time Payments
The Paypers
Team
Advertise
About
Contact
Prinsengracht 777e
1017 JZ Amsterdam
P: +31 20 658 0652
E: editor@thepaypers.com
No part of this site can be reproduced without explicit permission of The Paypers (v2.7).
Privacy Policy
Cookie Statement
Copyright",a7adfb708353f6075ae2e5b469a44b9a93b6c6c8076293f2c213a5b16a19d991,https://thepaypers.com/crypto-web3-and-cbdc/news/zerohash-expands-stablecoin-rails-to-blackrocks-brsrv-fund,zerohash expands stablecoin rails for blackrock funds,a7adfb708353f6075ae2e5b469a44b9a93b6c6c8076293f2c213a5b16a19d991,2026-08-06T06:13:54.745185+00:00,detail_page_fetch,Belirsiz,Bağımsız Gelişme,Good,2026-08-05,,,,Yayın Tarihi,2026-08-05,publication_date,Yayın tarihi bulundu; recency için kullanıldı.,False,,False,,2026-08-05,Yüksek,english_publication_date,False,2026-08-08,Kesim tarihinden eski: 2026-08-05 < 2026-08-08,Ürün / Özellik Gelişmesi,True,"Ürün, API, POS, ödeme, tahsilat veya dijital özellik gelişmesi sinyali içeriyor.",True,True,True,https://thepaypers.com/news
RI-6d92fadeb98f,DOC-REG-242-20260807051450,REG-242,Tier 2,the_paypers,The Paypers,The Paypers Payments News,Fintech Haberi,https://thepaypers.com/news,Klarna goes live with J.P. Morgan Payments in the US,2026-08-06,https://thepaypers.com/payments/news/klarna-goes-live-with-jp-morgan-payments-in-the-us,"News
Payments
Klarna goes live with J.P. Morgan Payments in the US
Sinziana Albu
06 Aug 2026 / 5 Min Read
Klarna has gone live with J.P. Morgan Payments, giving US merchants on the Commerce Platform access to Klarna's checkout options without additional integration.
Merchants across retail categories, including apparel, travel, and health and wellness, can now provide customers with the option to pay in full, split purchases into interest-free instalments, or access longer-term financing at checkout.
Previously, offering flexible payment options at checkout required merchants to build and maintain their own integration with a buy now, pay later provider, a process that has typically been out of reach for smaller businesses lacking dedicated payments infrastructure. By embedding Klarna's payment methods directly into the Commerce Platform, J.P. Morgan Payments enables merchants of any size to activate the service without separate development work.
According to data cited by the companies, more than one in four US consumers report being more likely to complete a purchase when flexible payment options are available at checkout. The companies point to this as a factor behind the integration, framing consumer demand for instalment and deferred payment options as a driver of merchant adoption.
J.P. Morgan Payments processes USD 2.6 trillion in merchant payment transactions annually in the US, according to figures the company has published. The scale of its merchant network means the Klarna integration could extend flexible payment access to a broad base of US businesses already processing transactions through the Commerce Platform, without requiring them to onboard a separate payments partner.
Company statements
David Sykes,
Chief Commercial Officer at Klarna, said the go-live moves the partnership between the two companies from planning into active use, and described the combination of J.P. Morgan Payments' merchant reach with Klarna's checkout offering as relevant to merchants on the platform.
In addition
, Michael Lozanoff
, Global Head of Merchant Services at J.P. Morgan Payments, said merchant feedback has consistently identified flexible payments as a driver of conversion, while implementation complexity has remained a barrier for many businesses. He said the direct integration is intended to address that barrier for merchants of varying sizes.
The partnership adds to a series of integrations between buy now, pay later providers and payment processors, as instalment and deferred payment options continue to expand within mainstream checkout infrastructure in the US. For J.P. Morgan Payments, the addition of Klarna to its Commerce Platform extends the range of payment methods available to merchants without requiring separate technical work, while for Klarna, the integration provides access to J.P. Morgan Payments' existing US merchant base.
Keywords:
partnership
checkout payments
payments
ecommerce
checkout experience
Countries:
United States of America
News on Payments
06 Aug 2026
5 min read
Bybit secures Austrian EMI licence for EU payments
norisbank introduces Wero payment app for customers
Pix expands to eight countries, integration with MB Way planned
Nuvei and BlackLine partner on invoice-to-cash payments
Expert views on Payments
Instant payments: how the US trajectory compares to Europe's regulation-driven model
6 min read
Swipe for reflection | August – have a break: feast on words
05 Aug 2026
Why treasury’s next competitive advantage will be in payments data
28 Jul 2026
7 min read
Unfiltered: the interchange fees illusion
27 Jul 2026
8 min read
Consolidating treasury with a single multi-currency account
17 Jul 2026
The Paypers is a global hub for market insights, real-time news, expert interviews, and in-depth analyses and resources across payments, fintech, and the digital economy. We deliver reports, webinars, and commentary on key topics, including regulation, real-time payments, cross-border payments and ecommerce, digital identity, payment innovation and infrastructure, Open Banking, Embedded Finance, crypto, fraud and financial crime prevention, and more – all developed in collaboration with industry experts and leaders.
Categories
Fraud and Fincrime
Fintech
Crypto, Web3 and CBDC
Regulations
M&A and Investments
Current themes
A2A Payments
Payment Orchestration
TradFi and DeFi Convergence
KYC, KYB and Digital Identity
Scams and Fraud
Embedded Finance
Real-Time Payments
The Paypers
Team
Advertise
About
Contact
Prinsengracht 777e
1017 JZ Amsterdam
P: +31 20 658 0652
E: editor@thepaypers.com
No part of this site can be reproduced without explicit permission of The Paypers (v2.7).
Privacy Policy
Cookie Statement
Copyright",d897b7c9886fd9dfbd1eb872a664499fa8db0bfaa0d25d94e46ebb4906e83ac6,https://thepaypers.com/payments/news/klarna-goes-live-with-jp-morgan-payments-in-the-us,klarna goes live with j.p. morgan payments in the us,d897b7c9886fd9dfbd1eb872a664499fa8db0bfaa0d25d94e46ebb4906e83ac6,2026-08-07T05:14:56.316860+00:00,detail_page_fetch,Belirsiz,Bağımsız Gelişme,Good,2026-08-06,,,,Yayın Tarihi,2026-08-06,publication_date,Yayın tarihi bulundu; recency için kullanıldı.,False,,False,,2026-08-06,Yüksek,english_publication_date,False,2026-08-08,Kesim tarihinden eski: 2026-08-06 < 2026-08-08,İş Birliği,True,"İş birliği, mutabakat veya entegrasyon duyurusu içeriyor.",True,True,True,https://thepaypers.com/news
RI-bb3989a11ba5,DOC-REG-242-20260807051450,REG-242,Tier 2,the_paypers,The Paypers,The Paypers Payments News,Fintech Haberi,https://thepaypers.com/news,Funding Circle launches mobile app for SME customers,2026-08-06,https://thepaypers.com/fintech/news/funding-circle-launches-mobile-app-for-sme-customers,"News
Fintech
Funding Circle launches mobile app for SME customers
Sinziana Albu
06 Aug 2026 / 5 Min Read
Funding Circle has launched a mobile app for its FlexiPay and Card customers in the UK.
Through the app, FlexiPay customers can draw down funds, pay business bills, and settle payments with HMRC directly from their mobile device. The app also stores supplier details, allowing recurring supplier payments to be made without re-entering account information for each invoice. FlexiPay customers additionally have the option to spread payments over time to manage cash flow.
Customers using Funding Circle's cashback card can track cashback earned, monitor upcoming Direct Debits, and manage company cards from within the app.
In addition, Funding Circle has stated that the app uses limited mobile data and is designed to load account information quickly. The app also retains a FlexiPay customer's payment progress if a session is interrupted, allowing the customer to resume the transaction at a later point.
Context and product strategy
The launch forms part of Funding Circle's wider approach to expanding its product range for SME customers, alongside its existing FlexiPay and Card offerings. According to a company official, the app is intended to give small business customers a mobile option for managing day-to-day finances, with further updates to the app planned following this initial release.
Funding Circle provides finance products aimed at small and medium-sized enterprises, including short-term funding through FlexiPay and card-based payment products. The company has positioned the new app as an extension of its existing SME finance services rather than a standalone product, with functionality tied directly to accounts customers already hold with the platform.
The company has not disclosed a specific timeline for additional features beyond the initial app launch. Further product updates are expected to be communicated by Funding Circle in future announcements.
Keywords:
product launch
mobile services
financial control
financial services
financial institutions
SME
Countries:
World
News on Fintech
06 Aug 2026
5 min read
10x Banking secures GBP 40 million from AshGrove Capital
UW Credit Union selects Fiserv's DNA core platform
BBVA to fully acquire Altura Markets from SG
05 Aug 2026
Thredd and Pliant expand partnership for US credit launch
Expert views on Fintech
Why plastic cards are no longer enough for European banks
21 Jul 2026
8 min read
What's the best career advice you've ever received? We asked the leaders shaping payments and fintech.
27 May 2026
Agentic commerce does not threaten the rails. It threatens the toll.
19 May 2026
The Quantum Column: Quantum computing in banking
11 May 2026
The SAASpocalypse and payments: who survives when the per-seat model dies?
07 May 2026
The Paypers is a global hub for market insights, real-time news, expert interviews, and in-depth analyses and resources across payments, fintech, and the digital economy. We deliver reports, webinars, and commentary on key topics, including regulation, real-time payments, cross-border payments and ecommerce, digital identity, payment innovation and infrastructure, Open Banking, Embedded Finance, crypto, fraud and financial crime prevention, and more – all developed in collaboration with industry experts and leaders.
Categories
Payments
Fraud and Fincrime
Crypto, Web3 and CBDC
Regulations
M&A and Investments
Current themes
A2A Payments
Payment Orchestration
TradFi and DeFi Convergence
KYC, KYB and Digital Identity
Scams and Fraud
Embedded Finance
Real-Time Payments
The Paypers
Team
Advertise
About
Contact
Prinsengracht 777e
1017 JZ Amsterdam
P: +31 20 658 0652
E: editor@thepaypers.com
No part of this site can be reproduced without explicit permission of The Paypers (v2.7).
Privacy Policy
Cookie Statement
Copyright",6b9155b14348bd6ecf9044ece4861731c262c8b737e23c33ddf8b791d2735e79,https://thepaypers.com/fintech/news/funding-circle-launches-mobile-app-for-sme-customers,funding circle launches mobile app for sme customers,6b9155b14348bd6ecf9044ece4861731c262c8b737e23c33ddf8b791d2735e79,2026-08-07T05:14:57.913939+00:00,detail_page_fetch,Belirsiz,Bağımsız Gelişme,Good,2026-08-06,,,,Yayın Tarihi,2026-08-06,publication_date,Yayın tarihi bulundu; recency için kullanıldı.,False,,False,,2026-08-06,Yüksek,english_publication_date,False,2026-08-08,Kesim tarihinden eski: 2026-08-06 < 2026-08-08,İş Birliği,True,"İş birliği, mutabakat veya entegrasyon duyurusu içeriyor.",True,True,True,https://thepaypers.com/news
RI-34179d8aa5d2,DOC-REG-242-20260807051450,REG-242,Tier 2,the_paypers,The Paypers,The Paypers Payments News,Fintech Haberi,https://thepaypers.com/news,"Borderless.xyz, Mastercard pilot stablecoin trust tool",2026-08-06,https://thepaypers.com/crypto-web3-and-cbdc/news/borderlessxyz-and-mastercard-pilot-stablecoin-trust-framework,"News
Crypto, Web3 and CBDC
Borderless.xyz and Mastercard pilot stablecoin trust framework
Sinziana Albu
06 Aug 2026 / 5 Min Read
Borderless.xyz and Mastercard have launched a pilot to explore trust standards for cross-border stablecoin payments.
Stablecoins are increasingly used to move value across borders, offering participants faster and more efficient payment options. In addition, as adoption expands, the companies said, participants need reliable ways to confirm counterparties' identities and verify that they meet applicable standards and requirements.
The pilot will examine how Mastercard Crypto Credential can address this by generating assurance signals that participants can fold into their own approval, compliance, and risk management processes. Mastercard Crypto Credential is designed to support verifiable interactions across digital asset ecosystems by applying common standards intended to add confidence, transparency, and certainty to transactions conducted across blockchain networks.
According to
Kevin Lehtiniitty
, CEO and co-founder of Borderless.xyz, one recurring friction point for stablecoin payment operators is that compliance processes do not scale at the same pace as the payment network itself, since each new provider currently requires the verification process to be repeated. In addition, he compared the approach being piloted to the model used in correspondent banking, where originating compliance is trusted by downstream parties rather than re-executed at every counterparty, noting that Mastercard is applying a similar logic to digital asset payments through the Borderless.xyz network.
Raj Dhamodharan
, executive vice president for blockchain and digital assets at Mastercard, said the collaboration builds on a relationship that began through Start Path, Mastercard's startup engagement programme, and has developed as the digital asset ecosystem has matured.
Network participants and scope
The pilot combines Mastercard's work on trust standards for digital asset ecosystems with Borderless.xyz's network of stablecoin payment providers. Through the collaboration, the companies aim to determine how trusted governance signals can reduce friction and increase confidence in cross-border stablecoin payments as adoption increases.
Several participants in the Borderless.xyz network are involved in the pilot, including Infinia, Walapay, and Koywe, a number of which are also alumni of Mastercard Start Path. Under the pilot, these operators are among the first stablecoin payment providers to run on what the companies describe as a single-audit compliance model applied at network scale, meaning that a single compliance verification could be recognised across multiple network participants rather than assessed individually by each one.
Mastercard has been developing Crypto Credential as part of its broader digital asset infrastructure work, aimed at giving participants in blockchain-based payment networks a consistent way to verify counterparties. The Borderless.xyz pilot represents an application of that framework specifically to cross-border stablecoin payment flows, an area where regulatory and compliance requirements can vary by jurisdiction and counterparty.
Keywords:
partnership
crypto
stablecoins
Stablecoin Payment
cross-border payments
cross-border ecommerce
Countries:
United States of America
News on Crypto, Web3 and CBDC
Astoval launches TVAC to assess tokenisation value
06 Aug 2026
5 min read
Wells Fargo to launch tokenised deposits for corporates
zerohash expands stablecoin rails to BlackRock's BRSRV fund
05 Aug 2026
Polymarket in talks for USD 20 bln funding valuation
4 min read
Expert views on Crypto, Web3 and CBDC
Stablecoins and the race for digital money
28 Jul 2026
8 min read
Can stablecoins fix cross-border payments? Industry experts weigh in
17 Jul 2026
An opportunity for a fundamental shift in the architecture of the financial systems
09 Jul 2026
Inside Latvia's strategy to win the European crypto race
29 Jun 2026
16 min read
Unfiltered: The payments sovereignty decoy
26 Jun 2026
The Paypers is a global hub for market insights, real-time news, expert interviews, and in-depth analyses and resources across payments, fintech, and the digital economy. We deliver reports, webinars, and commentary on key topics, including regulation, real-time payments, cross-border payments and ecommerce, digital identity, payment innovation and infrastructure, Open Banking, Embedded Finance, crypto, fraud and financial crime prevention, and more – all developed in collaboration with industry experts and leaders.
Categories
Payments
Fraud and Fincrime
Fintech
Regulations
M&A and Investments
Current themes
A2A Payments
Payment Orchestration
TradFi and DeFi Convergence
KYC, KYB and Digital Identity
Scams and Fraud
Embedded Finance
Real-Time Payments
The Paypers
Team
Advertise
About
Contact
Prinsengracht 777e
1017 JZ Amsterdam
P: +31 20 658 0652
E: editor@thepaypers.com
No part of this site can be reproduced without explicit permission of The Paypers (v2.7).
Privacy Policy
Cookie Statement
Copyright",97fe9ec0ea84eb1f0237d3d43623acb72b704e3c2dff86d60ae86a472192bc05,https://thepaypers.com/crypto-web3-and-cbdc/news/borderlessxyz-and-mastercard-pilot-stablecoin-trust-framework,"borderless.xyz, mastercard pilot stablecoin trust tool",97fe9ec0ea84eb1f0237d3d43623acb72b704e3c2dff86d60ae86a472192bc05,2026-08-07T05:15:01.491328+00:00,detail_page_fetch,Belirsiz,Bağımsız Gelişme,Good,2026-08-06,,,,Yayın Tarihi,2026-08-06,publication_date,Yayın tarihi bulundu; recency için kullanıldı.,False,,False,,2026-08-06,Yüksek,english_publication_date,False,2026-08-08,Kesim tarihinden eski: 2026-08-06 < 2026-08-08,İş Birliği,True,"İş birliği, mutabakat veya entegrasyon duyurusu içeriyor.",True,True,True,https://thepaypers.com/news
RI-db66060fa086,DOC-REG-242-20260807051450,REG-242,Tier 2,the_paypers,The Paypers,The Paypers Payments News,Fintech Haberi,https://thepaypers.com/news,10x Banking raises GBP 40 million from AshGrove Capital,2026-08-06,https://thepaypers.com/fintech/news/10x-banking-secures-gbp-40-million-from-ashgrove-capital,"News
Fintech
10x Banking secures GBP 40 million from AshGrove Capital
Sinziana Albu
06 Aug 2026 / 5 Min Read
10x Banking has raised GBP 40 million from AshGrove Capital, following a year of profitability, account growth, and expanded revenue.
The investment follows a period in which 10x Banking became EBITDA-positive while continuing to grow its client base and revenue.
Per the official press release, over the past twelve months, 10x Banking reported that it became EBITDA-positive, surpassed ten million live accounts, and onboarded more than ten new financial institutions. The company also stated that its annual recurring revenue (ARR) increased by over 30% during the same period.
According to 10x Banking, these figures reflect demand from financial institutions looking to replace legacy infrastructure that was not designed for real-time processing, continuous product development, or the data requirements associated with AI-enabled banking services.
Antony Jenkins, founder, chair, and chief executive officer of 10x Banking, said financial institutions face constraints from infrastructure that was not built for real-time, digital banking, and that the company was created to address this gap. He added that the AshGrove investment supports the company's ability to meet demand from banks internationally.
Use of proceeds and strategic context
The funding is intended to support the continued expansion of 10x Banking's sales and go-to-market capabilities. AshGrove Capital becomes a new investor in the company, joining what 10x Banking describes as a client base that has continued to extend its use of the platform.
Phil Fretwell
, co-founder and managing partner of AshGrove Capital, said the firm's decision reflects confidence in 10x Banking's revenue growth, cost management, and technical execution at scale, noting that delivering a cloud-native banking platform across large volumes of live accounts represents a significant operational undertaking.
Nadir Guessoum
, chief financial officer of 10x Banking, said the AshGrove investment strengthens the company's balance sheet and supports its growth strategy, and that reaching EBITDA profitability alongside continued ARR growth reflects the commercial progress made to date.
The transaction takes place against a backdrop in which banks across multiple regions are reassessing legacy core banking infrastructure. Financial institutions are increasingly citing requirements for real-time processing, faster product deployment, and data architectures capable of supporting AI-based banking applications as reasons to modernise underlying systems. 10x Banking's position as a fourth-generation core banking platform provider, working with institutions such as Westpac and Chase UK, places the funding within this broader pattern of infrastructure renewal across the banking sector.
Keywords:
funding rounf
investment
financial services
financial institutions
Countries:
United Kingdom
News on Fintech
Funding Circle launches mobile app for SME customers
06 Aug 2026
5 min read
UW Credit Union selects Fiserv's DNA core platform
BBVA to fully acquire Altura Markets from SG
05 Aug 2026
Thredd and Pliant expand partnership for US credit launch
Expert views on Fintech
Why plastic cards are no longer enough for European banks
21 Jul 2026
8 min read
What's the best career advice you've ever received? We asked the leaders shaping payments and fintech.
27 May 2026
Agentic commerce does not threaten the rails. It threatens the toll.
19 May 2026
The Quantum Column: Quantum computing in banking
11 May 2026
The SAASpocalypse and payments: who survives when the per-seat model dies?
07 May 2026
The Paypers is a global hub for market insights, real-time news, expert interviews, and in-depth analyses and resources across payments, fintech, and the digital economy. We deliver reports, webinars, and commentary on key topics, including regulation, real-time payments, cross-border payments and ecommerce, digital identity, payment innovation and infrastructure, Open Banking, Embedded Finance, crypto, fraud and financial crime prevention, and more – all developed in collaboration with industry experts and leaders.
Categories
Payments
Fraud and Fincrime
Crypto, Web3 and CBDC
Regulations
M&A and Investments
Current themes
A2A Payments
Payment Orchestration
TradFi and DeFi Convergence
KYC, KYB and Digital Identity
Scams and Fraud
Embedded Finance
Real-Time Payments
The Paypers
Team
Advertise
About
Contact
Prinsengracht 777e
1017 JZ Amsterdam
P: +31 20 658 0652
E: editor@thepaypers.com
No part of this site can be reproduced without explicit permission of The Paypers (v2.7).
Privacy Policy
Cookie Statement
Copyright",b0d6c019213b985801d1c1383fa6524c55f5bd7937da34aa99703cc8290c1e9d,https://thepaypers.com/fintech/news/10x-banking-secures-gbp-40-million-from-ashgrove-capital,10x banking raises gbp 40 million from ashgrove capital,b0d6c019213b985801d1c1383fa6524c55f5bd7937da34aa99703cc8290c1e9d,2026-08-07T05:15:03.170749+00:00,detail_page_fetch,Belirsiz,Bağımsız Gelişme,Good,2026-08-06,,,,Yayın Tarihi,2026-08-06,publication_date,Yayın tarihi bulundu; recency için kullanıldı.,False,,False,,2026-08-06,Yüksek,english_publication_date,False,2026-08-08,Kesim tarihinden eski: 2026-08-06 < 2026-08-08,İş Birliği,True,"İş birliği, mutabakat veya entegrasyon duyurusu içeriyor.",True,True,True,https://thepaypers.com/news
RI-0b7606e491b9,DOC-REG-242-20260807051450,REG-242,Tier 2,the_paypers,The Paypers,The Paypers Payments News,Fintech Haberi,https://thepaypers.com/news,Wero delays Luxembourg launch to 1 September 2026,2026-08-06,https://thepaypers.com/payments/news/wero-delays-luxembourg-launch-to-1-september,"News
Payments
Wero delays Luxembourg launch to 1 September
Sinziana Albu
06 Aug 2026 / 5 Min Read
The European Payments Initiative has pushed back Wero's official launch in Luxembourg from June to 1 September 2026.
Acourding to Luxembourg Times, BGL BNP Paribas, BIL, Raiffeisen, and Spuerkeess had jointly stated in March 2026 that they would be ready to offer Wero to their respective clients by the end of June 2026, with Post Luxembourg expected to follow by mid-August 2026 at the earliest. As of the original June deadline, none of the participating banks had launched the app, and the institutions did not respond to requests for comment.
EPI has now set 1 September 2026 as the official market launch date for Luxembourg. The organisation said the timing was chosen to avoid the summer holiday period, when media attention, customer engagement, and market visibility tend to decline. In addition, EPI noted that launching a new payment brand depends on more than technical readiness, requiring coordinated communications and customer awareness alongside system preparation. Individual banks may continue to follow their own deployment schedules, meaning some could launch before September while others align with the official date.
Payconiq wind-down
The revised timeline comes ahead of the scheduled closure of Payconiq, the mobile payment app Wero is intended to replace in Luxembourg. Payconiq will be permanently withdrawn from the market from 30 September 2026, requiring users to register with Wero before that date to maintain uninterrupted access to mobile payments. During the transition, both services will run in parallel, allowing customers to continue using Payconiq while setting up Wero accounts. Merchants have until the end of September 2026 to replace existing Payconiq QR codes with Wero-branded alternatives.
Wero's European rollout
Wero is a pan-European digital wallet developed by EPI, a consortium of major European banks established to build a domestic instant-payment alternative to international card networks such as Visa and Mastercard. The service enables instant account-to-account transfers using a phone number or email address, QR code payments, invoice settlement, and online purchases made directly from a bank account. Wero is already operational in Germany, France, and Belgium, with Luxembourg forming part of its continued expansion across the region. The delay illustrates the operational coordination required across multiple national banking systems as EPI works towards broader adoption of a shared European payment infrastructure.
Keywords:
payments
A2A payments
ecommerce
expansion
product launch
Countries:
Europe
News on Payments
Klarna goes live with J.P. Morgan Payments in the US
06 Aug 2026
5 min read
Bybit secures Austrian EMI licence for EU payments
norisbank introduces Wero payment app for customers
Pix expands to eight countries, integration with MB Way planned
Nuvei and BlackLine partner on invoice-to-cash payments
Expert views on Payments
Instant payments: how the US trajectory compares to Europe's regulation-driven model
6 min read
Swipe for reflection | August – have a break: feast on words
05 Aug 2026
Why treasury’s next competitive advantage will be in payments data
28 Jul 2026
7 min read
Unfiltered: the interchange fees illusion
27 Jul 2026
8 min read
Consolidating treasury with a single multi-currency account
17 Jul 2026
The Paypers is a global hub for market insights, real-time news, expert interviews, and in-depth analyses and resources across payments, fintech, and the digital economy. We deliver reports, webinars, and commentary on key topics, including regulation, real-time payments, cross-border payments and ecommerce, digital identity, payment innovation and infrastructure, Open Banking, Embedded Finance, crypto, fraud and financial crime prevention, and more – all developed in collaboration with industry experts and leaders.
Categories
Fraud and Fincrime
Fintech
Crypto, Web3 and CBDC
Regulations
M&A and Investments
Current themes
A2A Payments
Payment Orchestration
TradFi and DeFi Convergence
KYC, KYB and Digital Identity
Scams and Fraud
Embedded Finance
Real-Time Payments
The Paypers
Team
Advertise
About
Contact
Prinsengracht 777e
1017 JZ Amsterdam
P: +31 20 658 0652
E: editor@thepaypers.com
No part of this site can be reproduced without explicit permission of The Paypers (v2.7).
Privacy Policy
Cookie Statement
Copyright",0a7b6620a82ce306e73ce3f428368a262d7fa840519222aac7f19efea6726b36,https://thepaypers.com/payments/news/wero-delays-luxembourg-launch-to-1-september,wero delays luxembourg launch to 1 september 2026,0a7b6620a82ce306e73ce3f428368a262d7fa840519222aac7f19efea6726b36,2026-08-07T05:15:05.141464+00:00,detail_page_fetch,Belirsiz,Bağımsız Gelişme,Good,2026-08-06,,,,Yayın Tarihi,2026-08-06,publication_date,Yayın tarihi bulundu; recency için kullanıldı.,False,,False,,2026-08-06,Yüksek,english_publication_date,False,2026-08-08,Kesim tarihinden eski: 2026-08-06 < 2026-08-08,İş Birliği,True,"İş birliği, mutabakat veya entegrasyon duyurusu içeriyor.",True,True,True,https://thepaypers.com/news
RI-7b2345adf766,DOC-REG-242-20260807051450,REG-242,Tier 2,the_paypers,The Paypers,The Paypers Payments News,Fintech Haberi,https://thepaypers.com/news,norisbank adds Wero payment app for customers,2026-08-06,https://thepaypers.com/payments/news/norisbank-introduces-wero-payment-app-for-customers,"News
Payments
norisbank introduces Wero payment app for customers
Sinziana Albu
06 Aug 2026 / 5 Min Read
norisbank has introduced the Wero payment app, enabling customers to send money and pay online across Europe.
The app removes the need to enter an IBAN or BIC, allowing transactions to be completed in a way comparable to sending a text message from a smartphone.
Wero is linked directly to a customer's norisbank current account, with amounts debited or credited immediately and no requirement for prior top-up. norisbank stated that the integration is intended to simplify cross-border banking for its customers as a direct bank. According to Maik Wennrich, chairman of the management board of norisbank GmbH, the rollout follows earlier launches at Deutsche Bank and Postbank and is positioned as a European alternative aimed at combining security, efficiency, and digital sovereignty. The company added that Wero will be integrated into the norisbank app itself in future, with the aim of further simplifying digital payments for its customer base.
Background on Wero and EPI
Wero was launched in July 2024 and is operated by the European Payments Initiative (EPI), an alliance backed by 18 major European banks and payment service providers. The initiative's stated aim is to establish a unified mobile payment solution and a digital wallet for use across Europe, positioning Wero as an alternative to non-European payment schemes for both peer-to-peer transfers and retail transactions.
Since autumn 2025, Wero has supported payments for goods and services at participating online merchants, extending its functionality beyond person-to-person transfers. EPI has outlined further plans for the service, including support for recurring payments such as subscriptions and point-of-sale payments at physical retail locations. Additional features under development include ‘buy now, pay later’ functionality, integration with merchant loyalty programmes, and tools for managing shared expenses among users.
Martina Weimert, chief executive officer of the European Payments Initiative, said the addition of norisbank extends the scheme's network of participating banks, with the stated goal of offering a single, secure payment method for individuals and businesses across national borders in Europe. The rollout at norisbank follows the same pattern seen at Deutsche Bank and Postbank, indicating a phased expansion of Wero across banking groups operating in the German market.
For norisbank, the addition of Wero is framed as part of a broader effort to strengthen its digital current account offering, alongside existing services such as overnight money products. The bank did not disclose a specific timeline for the planned integration of Wero directly into its own mobile app, nor further detail on when point-of-sale or subscription-payment functionality will become available to its customers.
Keywords:
partnership
A2A payments
payments
ecommerce
Countries:
Europe
News on Payments
Klarna goes live with J.P. Morgan Payments in the US
06 Aug 2026
5 min read
Bybit secures Austrian EMI licence for EU payments
Pix expands to eight countries, integration with MB Way planned
Nuvei and BlackLine partner on invoice-to-cash payments
Expert views on Payments
Instant payments: how the US trajectory compares to Europe's regulation-driven model
6 min read
Swipe for reflection | August – have a break: feast on words
05 Aug 2026
Why treasury’s next competitive advantage will be in payments data
28 Jul 2026
7 min read
Unfiltered: the interchange fees illusion
27 Jul 2026
8 min read
Consolidating treasury with a single multi-currency account
17 Jul 2026
The Paypers is a global hub for market insights, real-time news, expert interviews, and in-depth analyses and resources across payments, fintech, and the digital economy. We deliver reports, webinars, and commentary on key topics, including regulation, real-time payments, cross-border payments and ecommerce, digital identity, payment innovation and infrastructure, Open Banking, Embedded Finance, crypto, fraud and financial crime prevention, and more – all developed in collaboration with industry experts and leaders.
Categories
Fraud and Fincrime
Fintech
Crypto, Web3 and CBDC
Regulations
M&A and Investments
Current themes
A2A Payments
Payment Orchestration
TradFi and DeFi Convergence
KYC, KYB and Digital Identity
Scams and Fraud
Embedded Finance
Real-Time Payments
The Paypers
Team
Advertise
About
Contact
Prinsengracht 777e
1017 JZ Amsterdam
P: +31 20 658 0652
E: editor@thepaypers.com
No part of this site can be reproduced without explicit permission of The Paypers (v2.7).
Privacy Policy
Cookie Statement
Copyright",bc9616b953b4e757e9ba897409e1446db6d78091c61c5a0f4f0e1864e524cbb0,https://thepaypers.com/payments/news/norisbank-introduces-wero-payment-app-for-customers,norisbank adds wero payment app for customers,bc9616b953b4e757e9ba897409e1446db6d78091c61c5a0f4f0e1864e524cbb0,2026-08-07T05:15:08.065067+00:00,detail_page_fetch,Belirsiz,Bağımsız Gelişme,Good,2026-08-06,,,,Yayın Tarihi,2026-08-06,publication_date,Yayın tarihi bulundu; recency için kullanıldı.,False,,False,,2026-08-06,Yüksek,english_publication_date,False,2026-08-08,Kesim tarihinden eski: 2026-08-06 < 2026-08-08,İş Birliği,True,"İş birliği, mutabakat veya entegrasyon duyurusu içeriyor.",True,True,True,https://thepaypers.com/news
RI-97e015ccebb6,DOC-REG-242-20260807051450,REG-242,Tier 2,the_paypers,The Paypers,The Paypers Payments News,Fintech Haberi,https://thepaypers.com/news,Nuvei and BlackLine partner on invoice-to-cash payments,2026-08-06,https://thepaypers.com/payments/news/nuvei-and-blackline-partner-on-invoice-to-cash-payments,"News
Payments
Nuvei and BlackLine partner on invoice-to-cash payments
Sinziana Albu
06 Aug 2026 / 5 Min Read
Nuvei has partnered with BlackLine to embed payment acceptance within BlackLine's invoice-to-cash platform for enterprise customers.
The partnership is already live with enterprise customers, according to the companies.
According to the companies, invoice-to-cash processes have become largely digital in recent years, with invoicing, accounts receivable, and financial reporting increasingly managed through dedicated finance platforms. Payment acceptance, however, has often remained separate from these workflows. This disconnect can delay collections, require manual reconciliation between payment records and open invoices, and reduce visibility into a company's cash position.
Through the process of combining BlackLine's invoice presentment and payment functionality with Nuvei's payments infrastructure, the two companies aim to close this gap. Under the partnership, customers can settle an invoice at the point of receipt, with the payment automatically matched to the corresponding receivable.
Through the integration, enterprises using BlackLine can accept cards, bank transfers, and local payment methods directly on an invoice. In addition, incoming payments are matched to open receivables without manual keying, while payment status and cash position can be tracked in real time. Payers are given a single interface through which to view, query, and settle an invoice. The companies state that funds can be collected in 150 currencies across more than 190 markets without customers needing to leave their existing finance systems.
Executive comments
Phil Fayer,
Chair and CEO of Nuvei, said the company aims for payments to function as part of the invoice-to-cash process rather than as a separate workflow, noting that finance teams expect payment functionality to operate within the systems they already use for receivables, collections, and cash flow management.
Andy Liley,
Managing Director, Invoice-to-Cash at BlackLine, said finance leaders face pressure to improve cash flow while operating more efficiently, and that payment flexibility has often been managed separately from invoicing and receivables systems.
Industry context
The partnership reflects a broader trend of payment acceptance being incorporated into finance technology stacks rather than operating as a standalone function. For Nuvei, the integration extends its payments infrastructure into platforms used by finance departments to manage liquidity, working capital, and cash flow. For BlackLine, it adds payment settlement capability to a platform historically focused on invoice presentment, accounts receivable, and financial reporting for the office of the CFO.
Neither company disclosed financial terms of the partnership or specified which enterprise customers are currently using the integration.
Keywords:
partnership
payments
embedded payments
accounts receivable
invoice-to-cash
Countries:
United States of America
News on Payments
Klarna goes live with J.P. Morgan Payments in the US
06 Aug 2026
5 min read
Bybit secures Austrian EMI licence for EU payments
norisbank introduces Wero payment app for customers
Pix expands to eight countries, integration with MB Way planned
Expert views on Payments
Instant payments: how the US trajectory compares to Europe's regulation-driven model
6 min read
Swipe for reflection | August – have a break: feast on words
05 Aug 2026
Why treasury’s next competitive advantage will be in payments data
28 Jul 2026
7 min read
Unfiltered: the interchange fees illusion
27 Jul 2026
8 min read
Consolidating treasury with a single multi-currency account
17 Jul 2026
The Paypers is a global hub for market insights, real-time news, expert interviews, and in-depth analyses and resources across payments, fintech, and the digital economy. We deliver reports, webinars, and commentary on key topics, including regulation, real-time payments, cross-border payments and ecommerce, digital identity, payment innovation and infrastructure, Open Banking, Embedded Finance, crypto, fraud and financial crime prevention, and more – all developed in collaboration with industry experts and leaders.
Categories
Fraud and Fincrime
Fintech
Crypto, Web3 and CBDC
Regulations
M&A and Investments
Current themes
A2A Payments
Payment Orchestration
TradFi and DeFi Convergence
KYC, KYB and Digital Identity
Scams and Fraud
Embedded Finance
Real-Time Payments
The Paypers
Team
Advertise
About
Contact
Prinsengracht 777e
1017 JZ Amsterdam
P: +31 20 658 0652
E: editor@thepaypers.com
No part of this site can be reproduced without explicit permission of The Paypers (v2.7).
Privacy Policy
Cookie Statement
Copyright",b43c7e90b74910b3a1f7e6c96b7d3df01cce0bec420900cde21bd98753434073,https://thepaypers.com/payments/news/nuvei-and-blackline-partner-on-invoice-to-cash-payments,nuvei and blackline partner on invoice-to-cash payments,b43c7e90b74910b3a1f7e6c96b7d3df01cce0bec420900cde21bd98753434073,2026-08-07T05:15:08.906070+00:00,detail_page_fetch,Belirsiz,Bağımsız Gelişme,Good,2026-08-06,,,,Yayın Tarihi,2026-08-06,publication_date,Yayın tarihi bulundu; recency için kullanıldı.,False,,False,,2026-08-06,Yüksek,english_publication_date,False,2026-08-08,Kesim tarihinden eski: 2026-08-06 < 2026-08-08,İş Birliği,True,"İş birliği, mutabakat veya entegrasyon duyurusu içeriyor.",True,True,True,https://thepaypers.com/news
RI-accf026f06ac,DOC-REG-003-20260808043411,REG-003,Tier 1,garanti_bbva,Garanti BBVA,Garanti BBVA Kurumsal communication / press releases,Resmi Basın Bülteni Sayfası,https://www.garantibbva.com.tr/kurumsal-iletisim,Garanti BBVA’dan Tapuda Güvenli ve Dijital Alım Satım,4 Ağustos 2026,https://www.garantibbva.com.tr/content/public-website/kurumsal-iletisim/garanti-bbva-mobil-tapuda-guvenli-alim-satim,"Garanti BBVA’dan Tapuda Güvenli ve Dijital Alım Satım
4 Ağustos 2026
Garanti BBVA’dan Tapuda Güvenli ve Dijital Alım Satım Dönemi
Garanti BBVA, Tapu ve Kadastro Genel Müdürlüğü iş birliğiyle hayata geçirilen Tapu Güvenli Alım Satım Sistemi'ni dijital kanallarına entegre etti. Sistem sayesinde gayrimenkul alım satımında ödeme ve tapu devri banka güvencesiyle eş zamanlı gerçekleşiyor. Bireysel ve kurumsal müşteriler tüm süreci Garanti BBVA Mobil ve İnternet Bankacılığı üzerinden kolayca yönetebiliyor.
Garanti BBVA, Tapu ve Kadastro Genel Müdürlüğü iş birliğiyle hayata geçirilen yeni hizmet ile birlikte, gayrimenkul alım satım işlemlerinde ödeme ve tapu devri banka güvencesi altında, eş zamanlı ve mobil ve internet bankacılığı üzerinden gerçekleştirilebiliyor.
Garanti BBVA Mobil ve İnternet Bankacılığı üzerinden kullanılabilen Tapu Güvenli Alım Satım Sistemi ile alıcı ve satıcı, işlemlerini tek bir platform üzerinden güvenle yönetebiliyor. Sistem kapsamında alıcının ödemesi, tapu devri tamamlanıncaya kadar banka güvencesiyle güvenli hesapta tutuluyor; mülkiyet devri gerçekleştiği anda ise ödeme satıcının hesabına otomatik olarak aktarılıyor.
""En önemli finansal kararlarda güveni dijital deneyimle buluşturuyoruz""
Garanti BBVA Genel Müdür Yardımcısı Cemal Onaran, yeni hizmete ilişkin değerlendirmesinde şunları söyledi: ""Gayrimenkul alım satımı, müşterilerimizin hayatındaki en önemli finansal işlemlerden biri. Böylesine kritik bir süreçte güven, hız ve kolaylık büyük önem taşıyor. Tapu ve Kadastro Genel Müdürlüğü ile iş birliğimiz sayesinde ve Tapu Güvenli Alım Satım Sistemi ile, ödeme ve mülkiyet devrini banka güvencesi altında eş zamanlı gerçekleştirerek hem alıcı hem de satıcı için güvenli bir işlem ortamı sunuyoruz. Garanti BBVA Mobil ve İnternet Bankacılığı üzerinden uçtan uca dijital olarak yönetilebilen bu hizmetle müşterilerimizin süreçlerini çok daha rahat ve kontrollü şekilde tamamlayabilmelerini sağlıyoruz. Garanti BBVA olarak müşterilerimizin hayatını kolaylaştıran dijital çözümler geliştirmeye ve bankacılıkta yenilikçi uygulamalara öncülük etmeye devam edeceğiz.""
Gayrimenkul alım satımında yeni bir standart
Garanti BBVA’nın bireysel ve tüzel müşterilerin kullanımına sunduğu hizmet, yüksek tutarlı gayrimenkul işlemlerinde nakit taşıma ihtiyacını ortadan kaldırırken dolandırıcılık, sahte para ve hırsızlık gibi risklerin azaltılmasına da katkı sağlıyor. Başvuru, onay ve işlem takibi tamamen dijital kanallar üzerinden gerçekleştirilebildiği için süreç daha hızlı, kontrollü ve kolay ilerliyor.",10a1eb969a1f60b71d483e751c706d707953ce49f9a934fe31eb9bb540b22539,https://www.garantibbva.com.tr/content/public-website/kurumsal-iletisim/garanti-bbva-mobil-tapuda-guvenli-alim-satim,garanti bbva’dan tapuda güvenli ve dijital alım satım,10a1eb969a1f60b71d483e751c706d707953ce49f9a934fe31eb9bb540b22539,2026-08-08T04:34:23.795696+00:00,detail_page_fetch,Belirsiz,Bağımsız Gelişme,Good,2026-08-04,,,,Yayın Tarihi,2026-08-04,publication_date,Yayın tarihi bulundu; recency için kullanıldı.,False,,False,,2026-08-04,Yüksek,publication_date,False,2026-08-08,Kesim tarihinden eski: 2026-08-04 < 2026-08-08,İş Birliği,True,"İş birliği, mutabakat veya entegrasyon duyurusu içeriyor.",True,True,,https://www.garantibbva.com.tr/kurumsal-iletisim
RI-7a36eb91a4a2,DOC-REG-003-20260808043411,REG-003,Tier 1,garanti_bbva,Garanti BBVA,Garanti BBVA Kurumsal communication / press releases,Resmi Basın Bülteni Sayfası,https://www.garantibbva.com.tr/kurumsal-iletisim,Gençlerle Salt'ta Buluşuyoruz,3 Ağustos 2026,https://www.garantibbva.com.tr/content/public-website/kurumsal-iletisim/genclerle-saltta-bulusuyoruz,"Gençlerle Salt'ta Buluşuyoruz
3 Ağustos 2026
Gençleri iş yaşamına dair merak ettiklerini Garanti BBVA profesyonelleriyle konuşabilecekleri, Sitting Still (2024) filmini birlikte izleyeceğimiz ilham dolu ve keyifli bir akşama davet ediyoruz.
🗓️ 11 Ağustos Salı | 18.00-18.45: Networking ve ikram | 19.45-20.15: Film gösterimi
📍 Salt Beyoğlu
🎟️ Katılım ücretsiz.
Kimler katılabilir?
18-26 yaş aralığındaki gençler etkinliğimize davetlidir. Kontenjan sınırlıdır. Başvuru için
linke
tıklayın.",fea5cfa51e88bd6a249114330962bb1a361f63dc8ea73693b4fa9841d261cffb,https://www.garantibbva.com.tr/content/public-website/kurumsal-iletisim/genclerle-saltta-bulusuyoruz,gençlerle salt'ta buluşuyoruz,fea5cfa51e88bd6a249114330962bb1a361f63dc8ea73693b4fa9841d261cffb,2026-08-08T04:34:25.507593+00:00,detail_page_fetch,Belirsiz,Bağımsız Gelişme,Medium,2026-08-03,,,,Yayın Tarihi,2026-08-03,publication_date,Yayın tarihi bulundu; recency için kullanıldı.,False,,False,,2026-08-03,Yüksek,publication_date,False,2026-08-08,Kesim tarihinden eski: 2026-08-03 < 2026-08-08,Basın Bülteni,True,Basın/haber kaynağından gelen tekil ve tarihli duyuru adayı.,True,True,,https://www.garantibbva.com.tr/kurumsal-iletisim
RI-26fbacf6fe82,DOC-REG-191-20260808043627,REG-191,Tier 1,turk_ticaret_bankasi,Türk Ticaret Bankası,Türk Ticaret Bankası Haberler,Resmi Haber Sayfası,https://www.turkticaretbankasi.com.tr/icerikler/haberler,Hizmet Sektörüne Tam Destek,01.08.2026,https://www.turkticaretbankasi.com.tr/icerik/hizmet-sektorune-tam-destek,"Türk Ticaret Bankası Kurumsal, Ticari ve Perakendeden Sorumlu Genel Müdür Yardımcısı Ahmet Zafer Seyar, Inbusiness Dergisi tarafından düzenlenen “Hizmet İhracatında Finansmanın Önemi” başlıklı yuvarlak masa toplantısına katıldı.
Bankamızın yeni yolculuğunu, ürün ve hizmetlerini aktaran Ahmet Zafer Seyar, “Türk Ticaret Bankası olarak hizmet ve turizm sektörünü, faaliyetimizin daha ilk yıllarında olmamıza rağmen ciddi ölçüde desteklemeye başladık. Önümüzdeki dönemde de bu desteğimizi artırarak sürdüreceğiz. Geçen yılı ihracatçılarımıza sağladığımız 76,3 milyar TL’lik finansman desteğiyle tamamladık. Bu yıl hedefimiz, bu rakamı 110 milyar TL seviyesine çıkarmak. İhracatçılarımızın desteği ve sermaye yapımızın güçlenmesiyle birlikte önümüzdeki yıllarda bu finansman hacmini daha da artırmayı hedefliyoruz” diye konuştu.
Türk Ticaret Bankası’nın sektöre sağladığı desteğe değinen Seyar; “Türk Ticaret Bankası'nı diğer bankalardan ayıran en önemli özellik, ihracatçıların bankası olması. Sermayemizin %99,83'ü İhracatı Geliştirme A.Ş.'ye (İGE) ait. İGE'nin ortaklık yapısında ise Türkiye İhracatçılar Meclisi (TİM) ve 61 İhracatçı Birliği çoğunluk payına sahip. Kalan ortaklık yapısı Eximbank ve ticari bankalardan oluşuyor. Bu nedenle Türk Ticaret Bankası'nı, ihracatçıların sahip olduğu banka olarak tanımlamak yanlış olmaz. Biz, bankamızı özel sektör dinamizmiyle hareket eden ancak kamusal sorumluluk taşıyan bir misyon bankası olarak konumlandırıyoruz. Misyonumuz da, yenilikçi finansal çözümlerle ihracatçının ihtiyaç duyduğu tüm bankacılık ürün ve hizmetlerini en hızlı, en güvenli ve en uygun koşullarla sunmak. Eylül 2024 itibarıyla müşteri kabulüne başladık. 1,5 yıl gibi kısa bir sürede bireysel bankacılıktan ticari ve kurumsal bankacılığa kadar tüm ürünlere sahip konvansiyonel bir yapıyı, “fijital” banka bakış açısı ile kurduk. Bugün itibarıyla 16 şubemizle hizmet veriyoruz. Diğer ticari bankalardan temel farkımız, kredi tarafında yalnızca ihracat yapan ve döviz kazandırıcı faaliyetlerden gelir elde eden firmalarla çalışıyor olmamız. İhracatçılarımıza sunduğumuz en önemli finansman araçlarından biri reeskont kredileri. Reeskont kredilerinde güçlü bir konuma sahibiz. Bu kredilerin daha fazla ihracatçıya ulaşması için yoğun şekilde çalışıyoruz. Bu yıl, Ticaret Bakanlığımızın ihracat eylem planına Eximbank ve İGE ile birlikte Türk Ticaret Bankası da dahil oldu. 2025’te 76,3 milyar TL’ye ulaşan toplam finansman desteğimizi, 2026’da 110 milyar TL’ye yükseltmeyi hedefliyoruz. Bundan sonraki dönemde ihracatçılarımız Türk Ticaret Bankası'nı yalnızca büyüyen bir banka olarak değil, ihracatın finansmanındaki en önemli çözüm ortaklarından biri olarak görecek.
Bankamız sadece ihracat yapan firmalara kredi kullandırabiliyor. Başta ihracat kredileri olmak üzere; teminat mektubu, akreditif, Eximbank teminat mektupları, TL işletme sermayesi kredileri ile orta ve uzun vadeli yatırım kredileri sunuyoruz. Teknoloji altyapımızı, Türkiye'nin her bölgesindeki ihracatçılara hızlı ve etkin hizmet verecek şekilde kurguladık. Bu yatırımlarımız devam ediyor. İGE teminatını etkin kullanıyoruz ve KOBİ’lerimizi de finansmanla buluşturmaya gayret ediyoruz. Türkiye'de ihracatın GSYH içindeki payı yaklaşık %30 seviyesindeyken, ihracat finansmanının toplam krediler içindeki payı Eximbank dahil yaklaşık %14 seviyesinde kalıyor. Bu tablo, ihracatın finansmanında hâlâ önemli bir gelişim alanı bulunduğunu gösteriyor. Finans sektörü olarak buraya odaklanmamız ve ihracat kredilerinin toplam krediler içindeki payını artırmamız gerektiği aşikâr.
Vurgulamak istediğim bir nokta daha var: bizler üzerimize düşen görevi fazlasıyla yaparken özellikle KOBİ ihracatçılarımızın da finansal okuryazarlık konusuna eğilmesi gerektiğini düşünüyorum. Bu konuyu, Türkiye genelindeki firmalarımız açısından en temel sorunlardan biri olarak değerlendiriyorum. Finansal okuryazarlık seviyesinin yükseltilmesi büyük önem taşıyor” dedi.",a76194c875afbebfaa0de101e6cb8308d62c5f7817ed462da321c0cfbd9991e1,https://www.turkticaretbankasi.com.tr/icerik/hizmet-sektorune-tam-destek,hizmet sektörüne tam destek,a76194c875afbebfaa0de101e6cb8308d62c5f7817ed462da321c0cfbd9991e1,2026-08-08T04:36:31.301748+00:00,detail_page_fetch,Belirsiz,Bağımsız Gelişme,Good,2026-08-01,,,,Yayın Tarihi,2026-08-01,publication_date,Yayın tarihi bulundu; recency için kullanıldı.,False,,False,,2026-08-01,Orta,publication_date,False,2026-08-08,Kesim tarihinden eski: 2026-08-01 < 2026-08-08,İş Birliği,True,"İş birliği, mutabakat veya entegrasyon duyurusu içeriyor.",True,True,True,https://www.turkticaretbankasi.com.tr/icerikler/haberler
RI-237f1ec4882e,DOC-REG-242-20260808043701,REG-242,Tier 2,the_paypers,The Paypers,The Paypers Payments News,Fintech Haberi,https://thepaypers.com/news,Dune accepts stablecoin payments via Stripe in the EU,2026-08-07,https://thepaypers.com/crypto-web3-and-cbdc/news/dune-becomes-early-eu-adopter-of-stablecoin-payments-via-stripe,"News
Crypto, Web3 and CBDC
Dune becomes early EU adopter of stablecoin payments via Stripe
Sinziana Albu
07 Aug 2026 / 5 Min Read
Dune has begun accepting stablecoin payments through Stripe, allowing enterprise clients to pay for its data products and APIs in stablecoins.
For enterprises that already hold stablecoins on their balance sheets, the move addresses an existing operational gap. Payments made in stablecoins bypass foreign exchange conversion and wire transfers, with transactions posting onchain and carrying a complete audit trail. According to Neetika Bansal, Head of Connect, Money Management, and Crypto at Stripe, any business using Stripe can now accept stablecoins in the same way it accepts other payment methods, without requiring additional integrations, and can do so with instant, low-cost, and global reach. Bansal cited Dune, which serves over 1.000 enterprise teams, as an example of how this functions in practice for an institutional data business.
Stablecoin data underpinning the shift
Dune operates a dataset covering stablecoin activity across USDC, USDT, EURC, and more than 200 other stablecoins, spanning 38 blockchains. A recent report produced by Dune in partnership with Visa recorded a transfer volume of approximately EUR 32.2 trillion (USD 35 trillion) and 30 million active addresses. Dune's data indicates that major institutions are already settling transactions in stablecoins at scale. The company positions its more than 1.000 enterprise clients as part of this broader shift, with the addition of stablecoin payment acceptance framed as an extension of the infrastructure it already provides to those businesses.
Mats Olsen
, CTO of Dune, said the company's data shows stablecoins are already operating at institutional scale rather than remaining an experimental payment method. In addition, Olsen also noted that Stripe's rollout of stablecoin acceptance in the EU allowed Dune to align its payment infrastructure with the rails its customers already use.
The move reflects a broader trend of payment providers extending stablecoin acceptance to enterprise clients within the EU, where regulatory frameworks such as the Markets in Crypto-Assets (MiCA) Regulation have shaped the operating environment for stablecoin issuance and use. For data and analytics providers serving institutional clients, enabling stablecoin settlement removes a layer of currency conversion and banking intermediation that has traditionally accompanied cross-border enterprise payments.
Keywords:
partnership
payments
crypto
stablecoins
Stablecoin Payments
Countries:
Europe
News on Crypto, Web3 and CBDC
07 Aug 2026
5 min read
Galaxy and BNY collaborate on digital asset staking
Astoval launches TVAC to assess tokenisation value
06 Aug 2026
Borderless.xyz and Mastercard pilot stablecoin trust framework
Wells Fargo to launch tokenised deposits for corporates
Expert views on Crypto, Web3 and CBDC
Stablecoins and the race for digital money
28 Jul 2026
8 min read
Can stablecoins fix cross-border payments? Industry experts weigh in
17 Jul 2026
An opportunity for a fundamental shift in the architecture of the financial systems
09 Jul 2026
Inside Latvia's strategy to win the European crypto race
29 Jun 2026
16 min read
Unfiltered: The payments sovereignty decoy
26 Jun 2026
The Paypers is a global hub for market insights, real-time news, expert interviews, and in-depth analyses and resources across payments, fintech, and the digital economy. We deliver reports, webinars, and commentary on key topics, including regulation, real-time payments, cross-border payments and ecommerce, digital identity, payment innovation and infrastructure, Open Banking, Embedded Finance, crypto, fraud and financial crime prevention, and more – all developed in collaboration with industry experts and leaders.
Categories
Payments
Fraud and Fincrime
Fintech
Regulations
M&A and Investments
Current themes
A2A Payments
Payment Orchestration
TradFi and DeFi Convergence
KYC, KYB and Digital Identity
Scams and Fraud
Embedded Finance
Real-Time Payments
The Paypers
Team
Advertise
About
Contact
Prinsengracht 777e
1017 JZ Amsterdam
P: +31 20 658 0652
E: editor@thepaypers.com
No part of this site can be reproduced without explicit permission of The Paypers (v2.7).
Privacy Policy
Cookie Statement
Copyright",1aa0f59ee72cd0b04cf0ba7383c94891167adac0442e38c4684745816c9de959,https://thepaypers.com/crypto-web3-and-cbdc/news/dune-becomes-early-eu-adopter-of-stablecoin-payments-via-stripe,dune accepts stablecoin payments via stripe in the eu,1aa0f59ee72cd0b04cf0ba7383c94891167adac0442e38c4684745816c9de959,2026-08-08T04:37:10.700767+00:00,detail_page_fetch,Belirsiz,Bağımsız Gelişme,Good,2026-08-07,,,,Yayın Tarihi,2026-08-07,publication_date,Yayın tarihi bulundu; recency için kullanıldı.,False,,False,,2026-08-07,Yüksek,english_publication_date,False,2026-08-08,Kesim tarihinden eski: 2026-08-07 < 2026-08-08,İş Birliği,True,"İş birliği, mutabakat veya entegrasyon duyurusu içeriyor.",True,True,True,https://thepaypers.com/news
RI-fbbbae196d3b,DOC-REG-242-20260808043701,REG-242,Tier 2,the_paypers,The Paypers,The Paypers Payments News,Fintech Haberi,https://thepaypers.com/news,stc pay Bahrain partners with PayPal on transfers,2026-08-07,https://thepaypers.com/payments/news/stc-pay-bahrain-and-paypal-launch-cross-border-transfer-service,"News
Payments
stc pay Bahrain and PayPal launch cross-border transfer service
Sinziana Albu
07 Aug 2026 / 5 Min Read
stc pay Bahrain and PayPal have partnered to enable direct cross-border fund transfers between the two platforms.
Under the partnership, verified stc pay Bahrain customers can securely link their PayPal accounts to their stc pay wallets. Once linked, users can fund their PayPal wallets from their stc pay accounts and withdraw available PayPal balances back into stc pay. In addition, withdrawals convert automatically from USD, PayPal's settlement currency, into BHD, the currency used in stc pay wallets. The integration is aimed at shoppers, freelancers, content creators, and small and medium-sized enterprises engaged in cross-border transactions.
Strategic rationale
According to the companies, the service responds to demand among Bahrain-based users for more direct ways to manage international payments and digital earnings. Freelancers and creators receiving payments from overseas clients, as well as consumers purchasing from international e-commerce platforms, are cited as key use cases. Through the process of linking a global digital wallet such as PayPal directly to a domestic mobile wallet, the partnership reduces the number of intermediary steps typically required to move funds between local and international accounts.
Metin Zavrak
, CEO of stc pay Bahrain, said the integration formed part of the company's broader strategy to expand its financial services offering and support Bahrain's fintech sector. Furthermore,
Otto William
s, SVP, Regional Head and General Manager, Middle East and Africa, PayPal, said the partnership was intended to widen access to cross-border commerce for consumers and businesses in the country.
The partnership positions stc pay Bahrain within a wider regional trend of mobile wallet providers seeking interoperability with international payment networks, as digital commerce and remote work continue to drive demand for cross-border payment tools in the Middle East. For PayPal, the integration extends its reach into Bahrain's digital wallet ecosystem, adding a local distribution channel for its cross-border payment infrastructure.
The companies stated that the service maintains existing compliance and security standards applied to stc pay's other financial products, with account linking subject to verification requirements.
Keywords:
partnership
payments
ecommerce
cross-border payments
cross-border ecommerce
mobile wallet
Countries:
Bahrain
News on Payments
PalmPay eyes Hong Kong IPO after USD 200 million raise
07 Aug 2026
5 min read
REPAY launches AI voice tool for phone bill payments
Google launches money transfer tool for kids on Wallet
Fiserv and Stuut partner on AI-driven B2B receivables
Expert views on Payments
Instant payments: how the US trajectory compares to Europe's regulation-driven model
06 Aug 2026
6 min read
Swipe for reflection | August – have a break: feast on words
05 Aug 2026
Why treasury’s next competitive advantage will be in payments data
28 Jul 2026
7 min read
Unfiltered: the interchange fees illusion
27 Jul 2026
8 min read
Consolidating treasury with a single multi-currency account
17 Jul 2026
The Paypers is a global hub for market insights, real-time news, expert interviews, and in-depth analyses and resources across payments, fintech, and the digital economy. We deliver reports, webinars, and commentary on key topics, including regulation, real-time payments, cross-border payments and ecommerce, digital identity, payment innovation and infrastructure, Open Banking, Embedded Finance, crypto, fraud and financial crime prevention, and more – all developed in collaboration with industry experts and leaders.
Categories
Fraud and Fincrime
Fintech
Crypto, Web3 and CBDC
Regulations
M&A and Investments
Current themes
A2A Payments
Payment Orchestration
TradFi and DeFi Convergence
KYC, KYB and Digital Identity
Scams and Fraud
Embedded Finance
Real-Time Payments
The Paypers
Team
Advertise
About
Contact
Prinsengracht 777e
1017 JZ Amsterdam
P: +31 20 658 0652
E: editor@thepaypers.com
No part of this site can be reproduced without explicit permission of The Paypers (v2.7).
Privacy Policy
Cookie Statement
Copyright",a69265a7606c904ab202c0897f6ecdacf2f963d1d471ae020ae3d54362a74a24,https://thepaypers.com/payments/news/stc-pay-bahrain-and-paypal-launch-cross-border-transfer-service,stc pay bahrain partners with paypal on transfers,a69265a7606c904ab202c0897f6ecdacf2f963d1d471ae020ae3d54362a74a24,2026-08-08T04:37:12.539839+00:00,detail_page_fetch,Belirsiz,Bağımsız Gelişme,Good,2026-08-07,,,,Yayın Tarihi,2026-08-07,publication_date,Yayın tarihi bulundu; recency için kullanıldı.,False,,False,,2026-08-07,Yüksek,english_publication_date,False,2026-08-08,Kesim tarihinden eski: 2026-08-07 < 2026-08-08,İş Birliği,True,"İş birliği, mutabakat veya entegrasyon duyurusu içeriyor.",True,True,True,https://thepaypers.com/news
RI-e7fc8f19e0ae,DOC-REG-056-20260811045032,REG-056,Tier 2,webrazzi,Webrazzi,Webrazzi Fintech,Fintech Haberi,https://webrazzi.com/kategori/fintech/,"X, içerik üreticilerine ödeme yaptığı gelir paylaşımı programını değiştiriyor - Webrazzi",2026/08/10,https://webrazzi.com/2026/08/10/x-icerik-ureticilerine-odeme-yaptigi-gelir-paylasimi-programini-degistiriyor/,"Insights kapsamlı içerikleri ve raporlarıyla içgörü yaratıyor, stratejilere yön veriyor. Popüler Insights içeriklerine göz atın.
Yapay zeka çağında kazanan meslekler: Hangi uzmanlıklara talep arttı?
Yapay zeka iş süreçlerini nasıl dönüştürüyor?
Yapay zekanın yazılım geliştirme pazarına etkisi
Yapay zekanın eğitim sektörüne etkisi: Global trendler, fırsatlar ve endişeler
Avrupa & Türkiye Teknoloji ve Yatırım Raporu: 2025'in İlk Yarısında Öne Çıkanlar
Son teknolojinin etkilerini Webrazzi merceğiyle inceleyin, detayları görün, güçlü stratejiler yaratın. Özel makaleler ve raporlara erişmek için hemen harekete geçin.
Avantajları ve Paketleri İnceleyin
Sosyal Medya
X, içerik üreticilerine ödeme yaptığı gelir paylaşımı programını değiştiriyor
X’in açıklamasına göre mevcut Revenue Sharing programına artık yeni katılımcı kabul edilmeyecek. Programa halihazırda dahil olan içerik üreticileri ise 7 Eylül’e kadar gelir elde etmeye devam edecek.
Candeğer Muradoğlu
17 saat önce
Paylaş
Facebook
Twitter
Linkedin
Sosyal medya platformu
, içerik üreticilerine yönelik gelir paylaşımı programında önemli bir değişikliğe gidiyor. Şirket, mevcut Revenue Sharing programını sonlandırarak yerine
Original Content Rewards
adlı yeni bir program
getiriyor
. Yeni sistem, içerik üreticilerinin platformda daha fazla özgün içerik üretmesini teşvik etmeyi amaçlıyor. X’in açıklamasına göre mevcut
Revenue Sharing
programına artık yeni katılımcı kabul edilmeyecek.
Programa halihazırda dahil olan içerik üreticileri ise 7 Eylül’e kadar gelir elde etmeye devam edecek. Yeni Original Content Rewards programı için başvurular ise 8 Eylül itibarıyla başlayacak. Yeni programda içerik üreticilerinin X Premium paketlerinden birine abone olması gerekecek. Bunun yanı sıra programa katılmak isteyenlerin en az 500 doğrulanmış takipçiye sahip olması ve son 90 gün içinde doğrulanmış kullanıcılardan 500 bin Ana Sayfa Zaman Akışı gösterimi elde etmesi gerekecek.
X’in yeni programındaki en önemli değişiklik, ödeme sisteminin içeriklerin özgünlüğüne daha fazla odaklanması olacak. Kullanıcıların kendi hazırladığı haber ve analizler, fotoğraf ve videolar, meme ve grafikler özgün içerik kapsamında değerlendirilecek. Başkalarına ait içerikleri kullanan kullanıcıların ise ödeme alabilmesi için içeriğe anlamlı bir özgün katkı sunması gerekecek. Başka bir hesaptan doğrudan kopyalanan, başka bir hesaptan indirilerek yeniden yüklenen veya herhangi bir anlamlı dönüşüm yapılmadan yeniden paylaşılan içerikler ise yeni program kapsamında değerlendirilmeyecek.
Şirketin bu kararı, Revenue Sharing programına yönelik son dönemde yaptığı değişikliklerin ardından geldi. X, Nisan ayında içerik toplayan hesaplara ve clickbait içerik üreten hesaplara yapılan ödemeleri
azaltmıştı
. Söz konusu değişiklikler, mevcut sistemden yüksek gelir elde eden bazı popüler hesapların tepkisini çekmişti. Elon Musk da daha önce gelen tepkilerin ardından ödeme hesaplamalarındaki bazı değişiklikleri geri çekmişti.
X, yeni programla birlikte sistemi baştan tasarlayarak özgün içerik üretimini ödüllendirmeyi hedefliyor. Şirket ayrıca ilerleyen dönemde ödeme modellerini geliştirmeye ve özgün içerik konusunda standartları yükseltmeye devam edeceğini açıkladı.
Dijital
Yorum Yaz
Yorumlar
İlk Yorumu yazmak ister misiniz?
Yorum Yazmak için Giriş Yap
Teknoloji dünyasındaki gelişmeleri takip edin. Neleri size ulaştırmamızı istersiniz?
Günlük Bülten
Etkinlikler
Webrazzi'nin hizmet ve ürünleri ile günlük Webrazzi haberlerine ilişkin olarak epostalar göndermesini onaylıyorum.
Seçimlerimi kaydet
Abonelik kaydınız başarıyla oluşturuldu.
Sıradaki haber
SIRADAKİ
Apple, yuvarlak ekranlı Apple Watch tasarımını değerlendiriyor
Apple, akıllı saat pazarında ilk günden bu yana sürdürdüğü temel tasarım anlayışını tamamen…
İdil Dilber",0e4ef3b037027e4036789383862298323afcea6d7f7b39041c309a298f68fb48,https://webrazzi.com/2026/08/10/x-icerik-ureticilerine-odeme-yaptigi-gelir-paylasimi-programini-degistiriyor,"x, içerik üreticilerine ödeme yaptığı gelir paylaşımı programını değiştiriyor - webrazzi",0e4ef3b037027e4036789383862298323afcea6d7f7b39041c309a298f68fb48,2026-08-11T04:50:37.433044+00:00,detail_page_fetch,Belirsiz,Bağımsız Gelişme,Good,2026-08-10,,,,Yayın Tarihi,2026-08-10,publication_date,Yayın tarihi bulundu; recency için kullanıldı.,False,,False,,2026-08-10,Orta,publication_date,True,2026-08-08,Kesim tarihi ve tarih güveni uygun: 2026-08-10,Kampanya,True,Kampanya veya müşteri teklifi sinyali içeriyor.,True,True,True,https://webrazzi.com/kategori/fintech/
RI-1db5784efc16,DOC-REG-242-20260811045142,REG-242,Tier 2,the_paypers,The Paypers,The Paypers Payments News,Fintech Haberi,https://thepaypers.com/news,India moves to allow merchant fees on UPI payments,2026-08-10,https://thepaypers.com/payments/news/india-advances-bill-to-allow-merchant-fees-on-upi-payments,"News
Payments
India moves to provide its instant payments network with a business model
Sinziana Albu
10 Aug 2026 / 5 Min Read
India has introduced legislation that could allow merchant fees to return to its Unified Payments Interface (UPI), the country's government-built instant payments network.
The
bill
, introduced in India's parliament, sets out the legal groundwork for revising the country's zero-merchant-discount-rate (MDR) policy, under which merchants have not paid fees to accept UPI payments since 2020. The National Payments Corporation of India (NPCI), which operates UPI, continues to record rapid growth in transaction volumes, a trend that has intensified debate over how to fund the network's ongoing expansion.
Industry pressure for a new funding model
According to the
announcement
, the proposal follows years of disagreement between the finance ministry, India's central bank, and payment companies over how to sustain UPI's infrastructure costs. Banks and fintech companies have argued that keeping merchant payments free has become increasingly difficult to maintain as transaction volumes and associated costs have grown.
Amrish Rau
, chief executive of fintech company Pine Labs, said that reaching 90% penetration and expanding UPI internationally would require startups, fintech companies, and banks to fund that expansion through continued investment in IT, innovation, and cybersecurity. It was also added that allowing the industry to recover part of these investments from merchants, while keeping consumer and peer-to-peer payments free, would help place UPI on a more sustainable footing.
The legislation itself does not impose merchant fees or specify which transactions would be affected, leaving those details to be defined at a later stage.
Potential revenue impact
Market analysts see the legislation as a possible first step toward a new revenue stream for India's payments industry. In a report published on Tuesday, Jefferies estimated that introducing merchant charges on higher-value UPI transactions could generate an additional USD 525 million to USD 1.05 billion in annual revenue by fiscal year 2028, assuming a fee of 15 to 30 basis points.
Indian daily Economic Times reported last month that officials were considering limiting any merchant charges to larger merchants rather than applying them across all UPI transactions. Bernstein, in a report last week, said such an approach would preserve UPI's consumer-friendly model while creating a new revenue pool for banks and payment companies. The brokerage noted that transactions above USD 21 account for about 4% of payment volumes but nearly 70% of transaction value.
International and market implications
The legislation will be watched closely by countries where UPI already operates, including Singapore, the UAE, and France.
The outcome could be particularly relevant for companies that dominate India's digital payments market. PhonePe, owned by Walmart, and Google Pay, owned by Alphabet, together account for nearly 80% of UPI transaction volumes, according to NPCI data. How much either company ultimately benefits will depend on how any merchant fees are eventually distributed among banks, payment apps, and other participants in the ecosystem.
Keywords:
payments
payment bill
cross-border payments
ecommerce
Countries:
India
News on Payments
Mastercard, AFS launch corporate cards in the UAE and Egypt
10 Aug 2026
5 min read
Paysafe launches PaysafeWallet for consumers in Poland
Abay Bank launches international Visa prepaid card
PalmPay eyes Hong Kong IPO after USD 200 million raise
07 Aug 2026
Expert views on Payments
Webinar recap: agentic commerce is changing discovery, not checkout ownership
8 min read
Instant payments: how the US trajectory compares to Europe's regulation-driven model
06 Aug 2026
6 min read
Swipe for reflection | August – have a break: feast on words
05 Aug 2026
Why treasury’s next competitive advantage will be in payments data
28 Jul 2026
7 min read
Unfiltered: the interchange fees illusion
27 Jul 2026
The Paypers is a global hub for market insights, real-time news, expert interviews, and in-depth analyses and resources across payments, fintech, and the digital economy. We deliver reports, webinars, and commentary on key topics, including regulation, real-time payments, cross-border payments and ecommerce, digital identity, payment innovation and infrastructure, Open Banking, Embedded Finance, crypto, fraud and financial crime prevention, and more – all developed in collaboration with industry experts and leaders.
Categories
Fraud and Fincrime
Fintech
Crypto, Web3 and CBDC
Regulations
M&A and Investments
Current themes
A2A Payments
Payment Orchestration
TradFi and DeFi Convergence
KYC, KYB and Digital Identity
Scams and Fraud
Embedded Finance
Real-Time Payments
The Paypers
Team
Advertise
About
Contact
Prinsengracht 777e
1017 JZ Amsterdam
P: +31 20 658 0652
E: editor@thepaypers.com
No part of this site can be reproduced without explicit permission of The Paypers (v2.7).
Privacy Policy
Cookie Statement
Copyright",68a246818f9c25379ce4fd75218eac857c91697e92efc41bb6b983c5703259e8,https://thepaypers.com/payments/news/india-advances-bill-to-allow-merchant-fees-on-upi-payments,india moves to allow merchant fees on upi payments,68a246818f9c25379ce4fd75218eac857c91697e92efc41bb6b983c5703259e8,2026-08-11T04:51:48.319608+00:00,detail_page_fetch,İlgili,Bağımsız Gelişme,Good,2026-08-10,,,,Yayın Tarihi,2026-08-10,publication_date,Yayın tarihi bulundu; recency için kullanıldı.,False,,False,,2026-08-10,Yüksek,english_publication_date,True,2026-08-08,Kesim tarihi ve tarih güveni uygun: 2026-08-10,Ürün / Özellik Gelişmesi,True,"Ürün, API, POS, ödeme, tahsilat veya dijital özellik gelişmesi sinyali içeriyor.",True,True,True,https://thepaypers.com/news
RI-ade732ef85c8,DOC-REG-242-20260811045142,REG-242,Tier 2,the_paypers,The Paypers,The Paypers Payments News,Fintech Haberi,https://thepaypers.com/news,Yellow Card raises USD 40 million for stablecoin expansion,2026-08-10,https://thepaypers.com/crypto-web3-and-cbdc/news/yellow-card-raises-usd-40-million-to-expand-global-stablecoin-rails,"News
Crypto, Web3 and CBDC
Yellow Card raises USD 40 million to expand global stablecoin rails
Sinziana Albu
10 Aug 2026 / 5 Min Read
Yellow Card has raised USD 40 million in strategic funding from SC Ventures, Sony Innovation Fund, Polychain Capital, and Blockchain Capital.
The round brings the company's total financing to over USD 120 million since its founding.
The new capital will be used to scale Global USD Accounts, Yellow Card's dollar account product for businesses, and to expand the stablecoin rails connecting it to markets worldwide. According to the company, the financing will also deepen its presence in Latin America and Asia-Pacific, regions it is expanding into beyond its established base in Africa, and extend the local payment rails and currency coverage required to operate at a larger scale.
Global USD Accounts allow businesses to hold US dollars, hold and swap stablecoins, manage treasury functions, and collect and disburse local currencies over domestic rails in more than 50 countries. Yellow Card said the accounts run on infrastructure, it has operated for several years, and that they are already used by customers, including Visa and Western Union.
Investor rationale
Alex Manson
, CEO of SC Ventures, said stablecoin adoption depends on robust infrastructure and clear real-world utility, and described Yellow Card as positioned to scale across Africa and beyond.
Sony Innovation Fund's investment was framed by the company as reflecting institutional interest in stablecoins for global payments, with Austin Noronha, Managing Director at Sony Ventures-US, noting that the funding will support Yellow Card's expansion into Latin America, the EMEA region, and Asia-Pacific. Furthermore, Noronha pointed to the company's combination of application programming interfaces, local fiat rails, and a regulatory-first approach as relevant to banks, fintechs, and enterprises considering stablecoin-based payments.
Chris Maurice
, CEO and co-founder of Yellow Card, said the investment supports infrastructure that allows businesses to move money without relying on traditional correspondent banking, and pointed to connecting banks directly to stablecoin rails as a further opportunity.
Scale and market position
Yellow Card said it has facilitated over USD 10 billion in transactions across its network to date. The company supports more than 50 currencies and holds licences, authorisations, and registrations in 22 jurisdictions across North America, Europe, and Africa. It has established partnerships with Visa, Mastercard, PayPal, and Coinbase, which it cites as part of its positioning as an infrastructure layer for global payments providers.
The round adds to a series of institutional and strategic investments in stablecoin infrastructure providers, as banks and payment companies continue to evaluate stablecoin rails as an alternative or complement to correspondent banking for cross-border money movement, particularly in emerging markets.
Keywords:
funding round
investment
crypto
stablecoins
digital assets
Countries:
United States of America
News on Crypto, Web3 and CBDC
10 Aug 2026
5 min read
zerohash enables stablecoin prefunding for Visa Direct clients
Robinhood launches crypto trading for UK investors
Dune becomes early EU adopter of stablecoin payments via Stripe
07 Aug 2026
Galaxy and BNY collaborate on digital asset staking
Expert views on Crypto, Web3 and CBDC
Stablecoins and the race for digital money
28 Jul 2026
8 min read
Can stablecoins fix cross-border payments? Industry experts weigh in
17 Jul 2026
An opportunity for a fundamental shift in the architecture of the financial systems
09 Jul 2026
Inside Latvia's strategy to win the European crypto race
29 Jun 2026
16 min read
Unfiltered: The payments sovereignty decoy
26 Jun 2026
The Paypers is a global hub for market insights, real-time news, expert interviews, and in-depth analyses and resources across payments, fintech, and the digital economy. We deliver reports, webinars, and commentary on key topics, including regulation, real-time payments, cross-border payments and ecommerce, digital identity, payment innovation and infrastructure, Open Banking, Embedded Finance, crypto, fraud and financial crime prevention, and more – all developed in collaboration with industry experts and leaders.
Categories
Payments
Fraud and Fincrime
Fintech
Regulations
M&A and Investments
Current themes
A2A Payments
Payment Orchestration
TradFi and DeFi Convergence
KYC, KYB and Digital Identity
Scams and Fraud
Embedded Finance
Real-Time Payments
The Paypers
Team
Advertise
About
Contact
Prinsengracht 777e
1017 JZ Amsterdam
P: +31 20 658 0652
E: editor@thepaypers.com
No part of this site can be reproduced without explicit permission of The Paypers (v2.7).
Privacy Policy
Cookie Statement
Copyright",89f350b23714daca46199c1f199085e5da22863c5192441d54d0fcbe767bdb72,https://thepaypers.com/crypto-web3-and-cbdc/news/yellow-card-raises-usd-40-million-to-expand-global-stablecoin-rails,yellow card raises usd 40 million for stablecoin expansion,89f350b23714daca46199c1f199085e5da22863c5192441d54d0fcbe767bdb72,2026-08-11T04:51:51.289339+00:00,detail_page_fetch,İlgisiz,Bağımsız Gelişme,Good,2026-08-10,,,,Yayın Tarihi,2026-08-10,publication_date,Yayın tarihi bulundu; recency için kullanıldı.,False,,False,,2026-08-10,Yüksek,english_publication_date,True,2026-08-08,Kesim tarihi ve tarih güveni uygun: 2026-08-10,İş Birliği,True,"İş birliği, mutabakat veya entegrasyon duyurusu içeriyor.",True,True,True,https://thepaypers.com/news
RI-1ebaaf5582de,DOC-REG-242-20260811045142,REG-242,Tier 2,the_paypers,The Paypers,The Paypers Payments News,Fintech Haberi,https://thepaypers.com/news,zerohash powers stablecoin prefunding for Visa Direct,2026-08-10,https://thepaypers.com/crypto-web3-and-cbdc/news/zerohash-enables-stablecoin-prefunding-for-visa-direct-clients,"News
Crypto, Web3 and CBDC
zerohash enables stablecoin prefunding for Visa Direct clients
Sinziana Albu
10 Aug 2026 / 5 Min Read
zerohash and Visa have partnered to bring stablecoin prefunding and payout capabilities to eligible Visa Direct clients.
The partnership is set to allow Visa Direct clients to prefund accounts and disburse payouts using stablecoins, with zerohash providing the underlying infrastructure. Visa Direct, the company's real-time payments platform, reaches more than 18 billion endpoints across cards, accounts, and digital wallets in over 195 countries and territories.
Building on a 2025 pilot
The announcement extends a pilot programme Visa first unveiled at
Sibos 2025
, which tested stablecoins as a funding source for Visa Direct. Under that pilot, participating banks and payment providers could prefund transactions with stablecoins instead of depositing fiat currency in advance, with Visa treating the stablecoin balances as available funds for payouts; recipients continued to receive local currency. Visa officials said existing cross-border systems remained slow and costly, and described the pilot as a way to make funding more immediate, reduce exposure to currency fluctuations, and improve predictability in treasury operations.
Platform capabilities
zerohash supplies the regulatory and technical infrastructure behind the integration, spanning dozens of blockchains and stablecoins, alongside tools for customer usability. Edward Woodford, founder and CEO of zerohash, said the company's infrastructure already supports partners across the payments and money movement stack, including Morgan Stanley, card issuer Marqeta, and payment service provider Worldpay.
In addition, Mark Nelsen, global head of product at Visa, said the company continues to invest in infrastructure that extends the reach of Visa Direct, adding that working with zerohash is intended to bring stablecoin capabilities to clients at scale in a way that remains interoperable with existing financial systems. For businesses, the integration is designed to support settlement and cross-border money movement on a 24/7 basis, while for recipients, it is intended to increase the speed of payouts and widen access to stablecoins.
Wider regulatory and strategic context
The Visa partnership adds to zerohash's broader expansion in regulated markets. In an exclusive interview
Money20/20, The Paypers
spoke with zerohash CMO Katie Perry to understand where that shift is heading and what's actually driving t
he company. Founded in 2017, the institution built a compliance-focused infrastructure business serving institutions including BlackRock and Franklin Templeton, alongside Morgan Stanley. In 2026, zerohash obtained a MiCAR authorisation and an electronic money institution licence from the Dutch central bank, extending its regulatory footprint in Europe. Other zerohash-supported use cases include instant account funding for Interactive Brokers and near real-time cross-border contractor payments for Gusto.
At the same time, the company has also pointed to growing stablecoin use in wealth management, citing data showing that 51% of high-net-worth investors aged 18 to 40 have left a financial advisor that does not offer crypto exposure.
Taken together, the developments illustrate how stablecoins are moving beyond trading and treasury pilots into core payment network infrastructure, with Visa Direct serving as one of the larger distribution points for that shift.
Keywords:
partnership
crypto
digital assets
stablecoins
cross-border payments
stablecoin payments
Countries:
World
News on Crypto, Web3 and CBDC
Yellow Card raises USD 40 million to expand global stablecoin rails
10 Aug 2026
5 min read
Robinhood launches crypto trading for UK investors
Dune becomes early EU adopter of stablecoin payments via Stripe
07 Aug 2026
Galaxy and BNY collaborate on digital asset staking
Expert views on Crypto, Web3 and CBDC
Stablecoins and the race for digital money
28 Jul 2026
8 min read
Can stablecoins fix cross-border payments? Industry experts weigh in
17 Jul 2026
An opportunity for a fundamental shift in the architecture of the financial systems
09 Jul 2026
Inside Latvia's strategy to win the European crypto race
29 Jun 2026
16 min read
Unfiltered: The payments sovereignty decoy
26 Jun 2026
The Paypers is a global hub for market insights, real-time news, expert interviews, and in-depth analyses and resources across payments, fintech, and the digital economy. We deliver reports, webinars, and commentary on key topics, including regulation, real-time payments, cross-border payments and ecommerce, digital identity, payment innovation and infrastructure, Open Banking, Embedded Finance, crypto, fraud and financial crime prevention, and more – all developed in collaboration with industry experts and leaders.
Categories
Payments
Fraud and Fincrime
Fintech
Regulations
M&A and Investments
Current themes
A2A Payments
Payment Orchestration
TradFi and DeFi Convergence
KYC, KYB and Digital Identity
Scams and Fraud
Embedded Finance
Real-Time Payments
The Paypers
Team
Advertise
About
Contact
Prinsengracht 777e
1017 JZ Amsterdam
P: +31 20 658 0652
E: editor@thepaypers.com
No part of this site can be reproduced without explicit permission of The Paypers (v2.7).
Privacy Policy
Cookie Statement
Copyright",e02af39228de36e69883f320642736a52b8f2f79d7b69a3dcedefa377d37bdc9,https://thepaypers.com/crypto-web3-and-cbdc/news/zerohash-enables-stablecoin-prefunding-for-visa-direct-clients,zerohash powers stablecoin prefunding for visa direct,e02af39228de36e69883f320642736a52b8f2f79d7b69a3dcedefa377d37bdc9,2026-08-11T04:51:52.535286+00:00,detail_page_fetch,İlgisiz,Bağımsız Gelişme,Good,2026-08-10,,,,Yayın Tarihi,2026-08-10,publication_date,Yayın tarihi bulundu; recency için kullanıldı.,False,,False,,2026-08-10,Yüksek,english_publication_date,True,2026-08-08,Kesim tarihi ve tarih güveni uygun: 2026-08-10,İş Birliği,True,"İş birliği, mutabakat veya entegrasyon duyurusu içeriyor.",True,True,True,https://thepaypers.com/news
RI-79332a81d5f6,DOC-REG-233-20260812051646,REG-233,Tier 1,square,Square,Square Newsroom,Resmi Basın Bülteni Sayfası,https://squareup.com/us/en/press,Square Credit Card Levels Up: Rewards Built for Small Businesses and a New Way to Pay Vendors,6/8/2026,https://squareup.com/us/en/press/square-credit-card-bill-pay-refresh,"Product News
Square Credit Card Levels Up: Rewards Built for Small Businesses and a New Way to Pay Vendors
Aug 11, 2026
New Bill Pay capabilities pair with an expanded, refreshed Square Credit Card to give more sellers a simpler way to manage every outflow from one platform
DISTRIBUTED-WORKFORCE/OAKLAND, Calif – August 11, 2026 –
Square today announced a significant expansion of its Square Credit Card program and a new Square Bill Pay capability that enables sellers to fund vendor payments with their Square Credit Card, regardless of whether the vendor accepts cards. Together, the updates give sellers a more powerful way to manage cash flow, business expenses, and vendor payments from a single platform.
Operating on the American Express network, the refreshed Square Credit Card now features unlimited 3% cash back on Square Bill Pay transactions and 1.5% cash back on all other purchases. Rewards are redeemable as cash deposits into a seller’s Square Savings account, statement credit, or free processing. And now, Square Credit Card sellers can also use their card to pay more types of vendors, including those that don’t accept card payments, giving sellers more control over their cash flow.
The new features build on the card’s existing benefits: a dynamic credit line that can increase as a seller’s business grows, along with no personal guarantee, no annual fees, no late fees, and no foreign transaction fees. Additionally, the company meaningfully broadened its Bill Pay functionality, expanding it from a feature previously limited to Square Checking sellers into a more powerful accounts payable solution that all sellers can use to pay expenses.
Easing the Cash Flow Burden
For small businesses, managing outflows is just as critical as generating revenue. Across the country, half of small businesses
cite uneven cash flow
as a top financial challenge – a problem that can be exacerbated by timing mismatches between when bills are due and when sellers collect on receivables. By enabling sellers to pay vendors with their Square Credit Card regardless of the vendor’s payment method preference, Square is giving businesses more flexibility in managing cash flow while helping them earn rewards and reduce the manual overhead of managing multiple payment methods across various vendors and platforms.
“When it comes to running a trading card shop, inventory is everything. We manage over 10,000 items, and when the right cards come up, I have to move quickly. That can mean spending thousands on the spot before the window to act closes,” said Melvin Bontrager, owner of Lafayette, Indiana-based Rainer’s TCG Shop. “Square Credit Card makes that possible: I can put inventory on the card, earn cash back with every purchase, and automatically pay down my balance from my daily sales without disrupting my cash flow. And having my sales, banking, and credit card all in Square means I always know where I stand financially. When you’re moving this much inventory, that clarity is worth a lot.”
Built for Small Businesses
Most business credit cards are built to rack up airline miles and hotel points, rewards designed for frequent travelers – not for the local restaurants, salons, and shops that shape neighborhoods. Square Credit Card puts money back where it’s actually useful: unlimited 3% cash back on Square Bill Pay transactions and 1.5% cash back on every other purchase, redeemable as a cash deposit into a Square Savings account
that now earns up to 3.50% APY
, a statement credit, or free payment processing that directly reduces the cost of doing business. Since expanding eligibility at the end of last year, the number of sellers actively using Square Credit Card has doubled¹.
That seller-centric design extends to how Square has enhanced Bill Pay. Now, sellers can use their Square Credit Card to pay an even broader variety of vendors through Bill Pay, including rent, insurance, marketing expenses, and more – even when those vendors don’t accept cards. Square routes the money the way the vendor prefers to receive it, either as a direct deposit into their bank account (ACH) or a check in the mail. With 3% cash back on every Bill Pay transaction, a seller’s Square Credit Card rewards always cover the fee. Additional Bill Pay improvements include faster bill capture via OCR scanning, simplified vendor setup, and new access points across the Dashboard – supporting sellers beyond those with a Square Checking account, with external bank account funding coming soon.
“Small business owners are too often forced to choose between paying vendors on time and holding onto their cash,” said Andrea Raj, Head of Product for Square Banking. “Standalone solutions typically come with additional costs to bridge that gap, and even then, don’t solve the entire problem: you’re still spending your cash on hand, or putting it on a card not designed for small businesses. We built the opposite. Pay vendors on time, keep cash longer, and earn the right rewards for it, all in one place and while saving on fees. That’s only possible because it’s built into the platform sellers already run their business on.”
Expanding access at every level
These updates continue a year of significant investment in broadening access to Square’s financial products. Earlier this year, Square
expanded eligibility
for Square Loans through improved underwriting models that can now more accurately evaluate the creditworthiness of sellers new to the platform and seasonal operators. Square also recently partnered with Homegrown to offer
expansion capital
of up to $1 million for eligible multi-location sellers ready to open their next location. Today’s Credit Card and Bill Pay expansions extend that same commitment: more sellers can now access the credit and payment tools they need to manage cash flow on their own terms.
To learn more about Square Credit Card and Bill Pay, visit
squareup.com/banking
About Square
Square helps businesses turn transactions into connections and businesses into neighborhood favorites.
In 2009, Square started with a simple invention — the first mobile card reader, which changed how the entire financial system thinks about small businesses. Square has since grown into a global business platform helping millions of sellers of all sizes participate and thrive in their communities.
Whether independently run or a global chain, Square understands that sellers succeed when they have the freedom to focus on the experiences that keep customers coming back. From point of sale and payments to online commerce, staff management, cash flow tools, and more, Square brings together the tools sellers need to run and grow on one intelligent platform. For more information, visit squareup.com.
Disclosures
Square Credit Cards are issued by Celtic Bank, pursuant to a license from American Express. If approved, APR may vary based on creditworthiness and other factors. Subject to credit approval. American Express is a registered trademark of American Express.
Square Savings accounts are provided by Square Financial Services, Inc. Member FDIC. Accrue annual percentage yield (APY) of 1.00% based on your total savings balance (inclusive of all folders and accrued unpaid interest). You may qualify for an increased APY of 3.50% if your total savings balance (inclusive of all folders and accrued unpaid interest) is at least $10,000. See
Square Savings Deposit Account Terms
and the
Interest Rate Chart
for more information. APY subject to change, current as of 6/8/2026. No minimum deposit is required to open an account. Accounts will not be charged monthly fees. The Square Savings deposit sweep program distributes your funds among multiple FDIC-insured partner banks, meaning your eligible savings deposits have FDIC insurance coverage of up to $2.5 million. Pending balances are not subject to FDIC insurance.
All loans and Savings accounts are issued by Square Financial Services, Inc., a Utah-Chartered Industrial Bank. Member FDIC. Actual fee depends upon payment card processing history, loan amount and other eligibility factors. A minimum payment of 1/18th of the initial loan balance is required every 60 days and full loan repayment is required within 18 months. Loan eligibility is not guaranteed. All loans are subject to credit approval.
Block, Inc. is not a Bank. Square Checking is provided by Sutton Bank, Member FDIC.
The Expansion Capital program offered is a product of Homegrown Financing, Inc. and is not a product or service of Block, Inc. or its Square brand. Block, Inc. and Square are not parties to any revenue assignment agreements, and have no liability with respect to any capital offered or provided through this program.
¹ Based on Square Credit Card sellers with monthly purchasing activity from December 2025 through the end of June 2026
Choose your region and language
Australia (English)
Canada (English)
Canada (Français)
France (Français)
Ireland (English)
日本 (日本語)
España (Español)
Espanya (Català)
United Kingdom (English)
United States (English)
Estados Unidos (Español)",2d49bbf920de31db624ab0de7ccc29f2e70c42e15ed5d61e0db169e559d5c5a0,https://squareup.com/us/en/press/square-credit-card-bill-pay-refresh,square credit card levels up: rewards built for small businesses and a new way to pay vendors,2d49bbf920de31db624ab0de7ccc29f2e70c42e15ed5d61e0db169e559d5c5a0,2026-08-12T05:16:51.304798+00:00,detail_page_fetch,İlgili,Bağımsız Gelişme,Good,2026-08-11,,,,Yayın Tarihi,2026-08-11,publication_date,Yayın tarihi bulundu; recency için kullanıldı.,False,,False,,2026-08-11,Yüksek,english_publication_date,True,2026-08-08,Kesim tarihi ve tarih güveni uygun: 2026-08-11,Ürün / Özellik Gelişmesi,True,"Ürün, API, POS, ödeme, tahsilat veya dijital özellik gelişmesi sinyali içeriyor.",True,True,True,https://squareup.com/us/en/press
RI-eaa0b51f8494,DOC-REG-234-20260812051709,REG-234,Tier 1,paypal,PayPal,PayPal Newsroom,Resmi Basın Bülteni Sayfası,https://newsroom.paypal-corp.com/news,Press Release: PayPal World Enables US Travelers to Pay Like a Local at Weixin Pay Merchants Across China,2026-08-11,https://newsroom.paypal-corp.com/2026-08-11-PayPal-World-Enables-US-Travelers-to-Pay-Like-a-Local-at-Weixin-Pay-Merchants-Across-China,"Aug 11, 2026
Email link
Product
PayPal
Innovation
PayPal World Enables US Travelers to Pay Like a Local at Weixin Pay Merchants Across China
US PayPal users can use their PayPal app to pay at Weixin Pay merchants in China, with no additional app or local bank account required
New York, NY (August 11, 2026)
— As international travel reaches its peak during the summer holidays, US PayPal users can now use the PayPal app to make in-store QR code payments at Weixin Pay merchants across China. No additional app, local wallet or Chinese bank account is required.
China is home to one of the world’s most advanced QR payment ecosystems, where QR codes are the everyday way to pay for everything – from shopping malls and restaurants to convenience stores and tourist attractions. Powered by PayPal World, a cross-border network connecting many of the world’s largest payment systems and digital wallets, and TenPay Global, Tencent’s cross-border payment platform, US travelers can now access that experience using the PayPal app they already know and trust.
This comes as international travel to China continues to grow, with the country welcoming more than 68 million international visitors in 2025, up 15.5% year-over-year, according to the
World Travel & Tourism Council.
For many international travelers, paying for everyday purchases abroad can be one of the most unfamiliar parts of the journey. PayPal World removes that friction by allowing US PayPal users to pay at Weixin Pay merchants using the PayPal app they already know. Whether scanning a merchant QR code or presenting a QR code where supported, travelers can enjoy the same familiar and trusted PayPal experience they rely on at home, while paying the way locals do in China.
“Travel should be about experiencing a new destination, not figuring out how to pay,” said Alexander Bellabarba, Senior Vice President, Global Product Solutions, PayPal. “As more people travel internationally, they expect payment experiences to be as seamless abroad as they are at home. PayPal World gives users a simple, familiar way to pay overseas using the PayPal app they already have. It’s another step toward making cross-border payments as convenient and intuitive as paying at home.”
“TenPay Global is committed to working with PayPal World, to build a more open and inclusive global payment network together. We believe the next phase of borderless payments will be driven by greater interoperability and deeper ecosystem collaboration,” said Wenhui Yang, CEO of TenPay Global (Singapore). “We will work with PayPal World to further connect more international digital wallets with the Weixin Pay merchant network. Through our collaboration, international visitors will be able to use their home wallets to make QR code payments at tens of millions of Weixin Pay merchants in the Chinese mainland, offering them a familiar and convenient way to pay,” he added.
Click to Enlarge
With PayPal World, PayPal users can:
Pay like a local at Weixin Pay merchants across China
by simply scanning a merchant QR code or presenting a PayPal in-app QR code for the merchant to scan.
Travel with confidence
using the PayPal app they already know and trust.
Enjoy a seamless cross-border payment experience
enabled through PayPal World’s global digital wallet interoperability.
Get vacation-ready for the summer
Travelers planning a trip to China can prepare in just a few steps:
Update the PayPal app to the latest version.
Ensure sufficient funds are loaded in their PayPal Balance account and set up ‘Auto Reload’ for convenient top-up.
Enable location services and familiarize themselves with the in-store payment experience before departure.
Available today
The in-store QR payment experience is available today for US PayPal users at Weixin Pay merchants across China.
About PayPal World
PayPal World is a cross-border payment network that connects wallets and platforms under a common framework. The PayPal World network is operated by PayPal Network Pte. Ltd. an entity incorporated in Singapore.
https://www.paypalworld.com/us/personal/instore
Media Contacts
PayPal Media Relations (mediarelations@paypal.com)
Related Articles
200 Million More Friends on Venmo – Send Money to PayPal Users Around the World
Introducing PayPal World
View File
Download File
Use PayPal in China
Two Ways To Pay
(Newsroom Ad tile) The Modern Enterprise
(Newsroom Ad tile) Small Business Spotlight
Stay up to date.
Sign up to receive the latest news to your email.
Subscribe",6010f422abd0da6a0dd1faef7d4f3243c3e08f24b7ff9348d08914717f4d6ff8,https://newsroom.paypal-corp.com/2026-08-11-PayPal-World-Enables-US-Travelers-to-Pay-Like-a-Local-at-Weixin-Pay-Merchants-Across-China,press release: paypal world enables us travelers to pay like a local at weixin pay merchants across china,6010f422abd0da6a0dd1faef7d4f3243c3e08f24b7ff9348d08914717f4d6ff8,2026-08-12T05:17:11.228352+00:00,detail_page_fetch,İlgisiz,Bağımsız Gelişme,Good,2026-08-11,,,,Yayın Tarihi,2026-08-11,publication_date,Yayın tarihi bulundu; recency için kullanıldı.,False,,False,,2026-08-11,Yüksek,english_publication_date,True,2026-08-08,Kesim tarihi ve tarih güveni uygun: 2026-08-11,Basın Bülteni,True,Basın/haber kaynağından gelen tekil ve tarihli duyuru adayı.,True,True,True,https://newsroom.paypal-corp.com/news
RI-d6a416fe9eaa,DOC-REG-242-20260812051725,REG-242,Tier 2,the_paypers,The Paypers,The Paypers Payments News,Fintech Haberi,https://thepaypers.com/news,SeerBit integrates PayPal for African merchants,2026-08-11,https://thepaypers.com/payments/news/seerbit-integrates-paypal-for-african-merchant-payments,"News
Payments
SeerBit integrates PayPal for African merchant payments
Sinziana Albu
11 Aug 2026 / 5 Min Read
SeerBit has integrated PayPal, enabling merchants across its supported African markets to accept payments from PayPal users at checkout.
The integration adds PayPal as a payment method alongside the cards, bank transfers, and mobile money options already supported by SeerBit, giving merchants a single system through which to manage transactions across multiple payment types.
According to the companies, the integration is intended to give merchants operating on SeerBit-powered platforms the ability to receive international payments and reach customers outside their domestic markets. SeerBit has positioned the move as a response to fragmented checkout experiences and limited payment options that have previously constrained African merchants seeking to serve international buyers. In addition, through the process of adding PayPal as a supported method, the company said merchants can offer a payment option already familiar to a large base of international shoppers, which may support buyer confidence during checkout.
The announcement frames the integration within the broader context of digital trade growth across Africa, citing increased internet adoption and expanding ecommerce activity as factors driving demand for interoperable payment infrastructure. SeerBit also linked the development to preparations for deeper regional trade integration under the African Continental Free Trade Area (AfCFTA), noting that accessible payment infrastructure is expected to play a role in enabling African businesses to participate in cross-border commerce.
Omoniyi Kolade
, CEO of SeerBit
, said the integration is intended to help merchants build credibility with international customers by giving them access to a payment method already trusted in global markets. Moreover,
Amir Valliani
, Vice President, Global Markets, PayPal,
described Africa as a growing region for digital commerce, pointing to rising connectivity and an increasing number of digitally native businesses, and said the integration is designed to help SeerBit's merchants reach more international customers and build trust with them.
Market context
The integration adds to a broader trend of global payment providers extending their reach into African markets through partnerships with local payment infrastructure companies, rather than direct market entry. For SeerBit, the PayPal integration extends the range of payment methods available through its existing platform, which already supports card payments, bank transfers, and mobile money across the markets it operates in.
The move reflects continued interest from international payment providers in facilitating cross-border e-commerce on the continent, an area where inconsistent payment infrastructure has historically been cited as a barrier to merchants seeking to sell beyond their home markets.
Keywords:
partnership
payments
ecommerce
cross-border payments
digital commerce
payment infrastructure
Countries:
Africa
News on Payments
Mews secures first EMI licence for hospitality platform in EEA
11 Aug 2026
5 min read
Google Play adds Venmo as a payment option
AFC urges Oregon to revise proposed BNPL licensing rules
Apple Pay advances plans for launches in Iraq and India
Expert views on Payments
Webinar recap: agentic commerce is changing discovery, not checkout ownership
10 Aug 2026
8 min read
Instant payments: how the US trajectory compares to Europe's regulation-driven model
06 Aug 2026
6 min read
Swipe for reflection | August – have a break: feast on words
05 Aug 2026
Why treasury’s next competitive advantage will be in payments data
28 Jul 2026
7 min read
Unfiltered: the interchange fees illusion
27 Jul 2026
The Paypers is a global hub for market insights, real-time news, expert interviews, and in-depth analyses and resources across payments, fintech, and the digital economy. We deliver reports, webinars, and commentary on key topics, including regulation, real-time payments, cross-border payments and ecommerce, digital identity, payment innovation and infrastructure, Open Banking, Embedded Finance, crypto, fraud and financial crime prevention, and more – all developed in collaboration with industry experts and leaders.
Categories
Fraud and Fincrime
Fintech
Crypto, Web3 and CBDC
Regulations
M&A and Investments
Current themes
A2A Payments
Payment Orchestration
TradFi and DeFi Convergence
KYC, KYB and Digital Identity
Scams and Fraud
Embedded Finance
Real-Time Payments
The Paypers
Team
Advertise
About
Contact
Prinsengracht 777e
1017 JZ Amsterdam
P: +31 20 658 0652
E: editor@thepaypers.com
No part of this site can be reproduced without explicit permission of The Paypers (v2.7).
Privacy Policy
Cookie Statement
Copyright",a089d90a601a53469b3f8645d5317be9efac7e9427be917523675c77a1304458,https://thepaypers.com/payments/news/seerbit-integrates-paypal-for-african-merchant-payments,seerbit integrates paypal for african merchants,a089d90a601a53469b3f8645d5317be9efac7e9427be917523675c77a1304458,2026-08-12T05:17:31.057760+00:00,detail_page_fetch,İlgisiz,Bağımsız Gelişme,Good,2026-08-11,,,,Yayın Tarihi,2026-08-11,publication_date,Yayın tarihi bulundu; recency için kullanıldı.,False,,False,,2026-08-11,Yüksek,english_publication_date,True,2026-08-08,Kesim tarihi ve tarih güveni uygun: 2026-08-11,İş Birliği,True,"İş birliği, mutabakat veya entegrasyon duyurusu içeriyor.",True,True,True,https://thepaypers.com/news
RI-84e76cc64ae1,DOC-REG-242-20260812051725,REG-242,Tier 2,the_paypers,The Paypers,The Paypers Payments News,Fintech Haberi,https://thepaypers.com/news,AFC urges Oregon to revise BNPL rules,2026-08-11,https://thepaypers.com/payments/news/afc-urges-oregon-to-revise-proposed-bnpl-licensing-rules,"News
Payments
AFC urges Oregon to revise proposed BNPL licensing rules
Paula Albu
11 Aug 2026 / 5 Min Read
The American Fintech Council (AFC) has submitted a comment letter to the Oregon Department of Consumer and Business Services (DCBS), Division of Financial Regulation, urging the agency to reconsider its proposed bulletin regarding consumer finance and payday licensing requirements for buy now, pay later (BNPL) products.
AFC's core concerns
AFC has called on the Division to adopt a more tailored regulatory approach reflecting what it describes as the distinct structure and consumer protections associated with responsible BNPL products. The organisation has urged the Division to reconsider applying Oregon's existing payday lending and consumer finance licensing framework to BNPL products, arguing that regulations designed for high-cost payday lending may not reflect the structure of BNPL products and could introduce regulatory uncertainty for providers.
AFC has also asked the Division to clarify that merchant compensation arrangements should be treated separately from consumer finance charges, arguing that these fees compensate BNPL providers for payment-related services rather than representing a charge associated with extending credit to consumers.
Position on the purchase money loan exclusion and rulemaking process
AFC has asked the Division to reconsider its interpretation of the purchase money loan exclusion, arguing that BNPL products are designed to finance specific retail purchases at the point of sale and should be assessed based on their transaction-specific structure rather than whether they are secured by collateral.
The organisation has also recommended that any significant changes to BNPL regulation in Oregon be pursued through a formal rulemaking process. AFC described the proposed bulletin as representing a substantial expansion of existing regulatory expectations and recommended that the Division adopt a transparent, stakeholder-driven process for developing any future regulatory framework.
Company commentary
A company official at AFC said responsible BNPL providers offer consumers an alternative to traditional forms of credit, citing clear repayment terms and predictable schedules as features distinguishing these products, and said Oregon policymakers have an opportunity to establish a regulatory approach that allows consumers to continue accessing these products.
A separate company official at AFC said Oregon's approach to regulating BNPL products should be informed by a review of existing statutes, recognition of the specific structure of BNPL products, and engagement with industry stakeholders before new compliance requirements are introduced.
Broader context
AFC represents more than 150 member companies and partners across the fintech and banking sectors and describes itself as promoting responsible innovation and sound public policy within financial services. The letter reflects a broader ongoing debate among US states regarding how existing consumer credit and payday lending frameworks should apply to BNPL products, as regulators continue to assess how these products should be classified and supervised relative to traditional forms of consumer credit.
Keywords:
AFC
BNPL
regulation
consumer finance licencing
fintech
Countries:
United States of America
News on Payments
Mews secures first EMI licence for hospitality platform in EEA
11 Aug 2026
5 min read
SeerBit integrates PayPal for African merchant payments
Google Play adds Venmo as a payment option
Apple Pay advances plans for launches in Iraq and India
Expert views on Payments
Webinar recap: agentic commerce is changing discovery, not checkout ownership
10 Aug 2026
8 min read
Instant payments: how the US trajectory compares to Europe's regulation-driven model
06 Aug 2026
6 min read
Swipe for reflection | August – have a break: feast on words
05 Aug 2026
Why treasury’s next competitive advantage will be in payments data
28 Jul 2026
7 min read
Unfiltered: the interchange fees illusion
27 Jul 2026
The Paypers is a global hub for market insights, real-time news, expert interviews, and in-depth analyses and resources across payments, fintech, and the digital economy. We deliver reports, webinars, and commentary on key topics, including regulation, real-time payments, cross-border payments and ecommerce, digital identity, payment innovation and infrastructure, Open Banking, Embedded Finance, crypto, fraud and financial crime prevention, and more – all developed in collaboration with industry experts and leaders.
Categories
Fraud and Fincrime
Fintech
Crypto, Web3 and CBDC
Regulations
M&A and Investments
Current themes
A2A Payments
Payment Orchestration
TradFi and DeFi Convergence
KYC, KYB and Digital Identity
Scams and Fraud
Embedded Finance
Real-Time Payments
The Paypers
Team
Advertise
About
Contact
Prinsengracht 777e
1017 JZ Amsterdam
P: +31 20 658 0652
E: editor@thepaypers.com
No part of this site can be reproduced without explicit permission of The Paypers (v2.7).
Privacy Policy
Cookie Statement
Copyright",3927a49e7c1c64f634ba7045d6ede3354efd869cdb11e70ae832f015319452c2,https://thepaypers.com/payments/news/afc-urges-oregon-to-revise-proposed-bnpl-licensing-rules,afc urges oregon to revise bnpl rules,3927a49e7c1c64f634ba7045d6ede3354efd869cdb11e70ae832f015319452c2,2026-08-12T05:17:34.519286+00:00,detail_page_fetch,İlgisiz,Bağımsız Gelişme,Good,2026-08-11,,,,Yayın Tarihi,2026-08-11,publication_date,Yayın tarihi bulundu; recency için kullanıldı.,False,,False,,2026-08-11,Yüksek,english_publication_date,True,2026-08-08,Kesim tarihi ve tarih güveni uygun: 2026-08-11,İş Birliği,True,"İş birliği, mutabakat veya entegrasyon duyurusu içeriyor.",True,True,True,https://thepaypers.com/news
RI-27289b69b1d4,DOC-REG-242-20260813052122,REG-242,Tier 2,the_paypers,The Paypers,The Paypers Payments News,Fintech Haberi,https://thepaypers.com/news,Rain acquires merchant wallet startup Ansa,2026-08-12,https://thepaypers.com/mergers-aquisitions-and-investments/news/stablecoin-card-issuer-rain-acquires-merchant-wallet-startup-ansa,"News
M&A and Investments
Stablecoin card issuer Rain acquires merchant wallet startup Ansa
Sinziana Albu
12 Aug 2026 / 5 Min Read
Rain has acquired Ansa, a merchant wallet startup, to combine prefunded balances with its stablecoin card issuing platform.
The transaction adds a fiat-based product to Rain's platform: Ansa's wallets hold dollar balances that customers load in advance and spend at the issuing brand. Neither company described a stablecoin component in the acquired technology. According to the announcement, Rain intends to combine these prefunded balances with its existing Visa and Mastercard issuing capability, allowing a balance to be spent outside the merchant that originally issued it, and to operate wallets, rewards, and stablecoins from a single platform.
Merchant wallet infrastructure
Ansa offered its wallet infrastructure through white-label APIs and mobile SDKs, alongside an incentive engine that attaches expiration dates to rewards to encourage repeat visits. Its client base has included Compass Coffee, a coffee chain based in Washington, D.C., and Reverb, a music gear marketplace. According to a case study published by Ansa, Compass Coffee recorded a 30% increase in visits among customers who adopted the wallet. Rain co-founder and chief executive Farooq Malik announced the acquisition on X, stating that the combined product would target sectors including sports teams, venues, hotels, and cruise lines.
Rain has said that Ansa established an arrangement with Mastercard allowing a closed-loop balance to be spent in-store over Mastercard's rails at existing terminals, while online and in-app transactions would authorise through Ansa's API rather than a card network. Neither Mastercard nor Ansa has published details of this arrangement. Ansa's own release announcing its in-store product, Ansa Anywhere, in September 2024, described the offering as tap-to-pay functionality through Apple Pay and Google Pay, and as compatible with any POS or payment service provider, without reference to Mastercard.
Second acquisition in nine months
The Ansa deal is Rain's second acquisition within nine months. In November 2025, the company acquired Uptop, a card-linked rewards platform that runs fan programmes for the Cleveland Cavaliers, the Detroit Pistons, and LSU athletics. That acquisition followed a 58 million USD Series B round led by Sapphire Ventures. On 9 January 2026, Rain raised 250 million USD in a Series C round led by ICONIQ at a valuation of 1.95 billion USD, taking total funding above 338 million USD.
Following this initiative, Rain has linked the Ansa acquisition to its agentic commerce strategy, describing a stored value balance governed by rules on spending scope, location, and duration as comparable to the scoped cards it offers for AI agents. Goldberg is expected to contribute to this product, though Rain has not specified a timeline.
Keywords:
acquisition
crypto wallets
crypto
digital wallets
financial services
Countries:
United States of America
News on M&A and Investments
12 Aug 2026
5 min read
eToro to buy TradeZero for up to USD 231 million
Deel acquires Clarity to combat hiring fraud
05 Aug 2026
4 min read
Expedia Group acquires AI trip planner Layla
04 Aug 2026
Bunq puts Irish lender Capitalflow up for sale
Expert views on M&A and Investments
Fintech M&A: what founders and buyers are getting wrong
18 Jun 2026
14 min read
Mergers and acquisitions activity in the payments space
05 Dec 2018
A Review of 2017 in Online Payments and Ecommerce
27 Dec 2017
Payment data: valuable insights to drive profitability on merchant sites
03 Mar 2017
Paysafe enables Revolut to launch an innovative currency exchange solution and prepaid card
18 Nov 2015
The Paypers is a global hub for market insights, real-time news, expert interviews, and in-depth analyses and resources across payments, fintech, and the digital economy. We deliver reports, webinars, and commentary on key topics, including regulation, real-time payments, cross-border payments and ecommerce, digital identity, payment innovation and infrastructure, Open Banking, Embedded Finance, crypto, fraud and financial crime prevention, and more – all developed in collaboration with industry experts and leaders.
Categories
Payments
Fraud and Fincrime
Fintech
Crypto, Web3 and CBDC
Regulations
Current themes
A2A Payments
Payment Orchestration
TradFi and DeFi Convergence
KYC, KYB and Digital Identity
Scams and Fraud
Embedded Finance
Real-Time Payments
The Paypers
Team
Advertise
About
Contact
Prinsengracht 777e
1017 JZ Amsterdam
P: +31 20 658 0652
E: editor@thepaypers.com
No part of this site can be reproduced without explicit permission of The Paypers (v2.7).
Privacy Policy
Cookie Statement
Copyright",0f4f7ace769f8c1a52fb1ab51c03164dc499f9dbd8668eec9345bd6f23bc3da9,https://thepaypers.com/mergers-aquisitions-and-investments/news/stablecoin-card-issuer-rain-acquires-merchant-wallet-startup-ansa,rain acquires merchant wallet startup ansa,0f4f7ace769f8c1a52fb1ab51c03164dc499f9dbd8668eec9345bd6f23bc3da9,2026-08-13T05:21:27.691201+00:00,detail_page_fetch,İlgili,Bağımsız Gelişme,Good,2026-08-12,,,,Yayın Tarihi,2026-08-12,publication_date,Yayın tarihi bulundu; recency için kullanıldı.,False,,False,,2026-08-12,Yüksek,english_publication_date,True,2026-08-08,Kesim tarihi ve tarih güveni uygun: 2026-08-12,Ürün / Özellik Gelişmesi,True,"Ürün, API, POS, ödeme, tahsilat veya dijital özellik gelişmesi sinyali içeriyor.",True,True,True,https://thepaypers.com/news
RI-155c4e153abc,DOC-REG-242-20260813052122,REG-242,Tier 2,the_paypers,The Paypers,The Paypers Payments News,Fintech Haberi,https://thepaypers.com/news,SIDBI deploys MonetaGo Secure Financing,2026-08-12,https://thepaypers.com/fintech/news/sidbi-deploys-monetagos-secure-financing-for-msme-loans,"News
Fintech
SIDBI deploys MonetaGo's Secure Financing for MSME loans
Paula Albu
12 Aug 2026 / 5 Min Read
SIDBI (Small Industries Development Bank of India) and MonetaGo have announced the go-live of MonetaGo's Secure Financing system on SIDBI's GST-Sahay Invoice Based Financing Platform, following completion of a pilot programme.
Extending invoice validation across factoring platforms
The deployment allows SIDBI to validate invoices financed through the Trade Receivables Discounting System (TReDS), while also enabling invoice validation across other participating factoring platforms and lenders, including SBI Global Factors and India Factoring. SIDBI said the deployment reflects its continued focus on strengthening secure, transparent, and optimal financing infrastructure for micro, small, and medium enterprises (MSMEs) in India.
Timeline of the deployment
The go-live follows SIDBI's announcement in November 2025 that it would adopt MonetaGo's Digital Public Infrastructure (DPI) technology. Following a pilot phase and three months of live production beginning in March 2026, Secure Financing has now been deployed across SIDBI's GST-Sahay lending operations for invoice-based financing.
SIDBI operates as India's principal development financial institution focused on the promotion, financing, and development of MSMEs, supporting financial inclusion and MSME participation in domestic and global value chains through its lending and development initiatives.
Company commentary
A company official at SIDBI described the implementation of Secure Financing as an important step in the institution's efforts to build a trusted and efficient MSME lending ecosystem, noting that the platform has strengthened confidence across SIDBI's GST-Sahay financing workflows and is intended to support faster, more informed lending decisions for both borrowers and financiers.
A company official at MonetaGo said SIDBI's deployment demonstrates that Digital Public Infrastructure can be implemented at scale within institutional lending environments, describing the deployment as reflecting the maturity of interoperable, standards-based infrastructure within India's financing ecosystem. A separate company official at MonetaGo said the deployment illustrates how DPI can strengthen institutional lending and support broader access to MSME finance following a period of stable production.
Broader context for MonetaGo's platform in India
MonetaGo's Secure Financing system has formed part of India's digital trade finance infrastructure since 2018. According to MonetaGo, the number of MSMEs receiving financing through Reserve Bank of India-supported platforms underpinned by its technology has increased by 319% since the start of 2023, which the company said reflects the broader impact of secure, interoperable infrastructure on access to MSME credit.
MonetaGo describes Secure Financing as a trade finance registry designed to prevent fraud related to invoices and other trade documents. According to the company, its solutions have been in production since 2018 and are used to prevent losses across the trade finance sector, with MonetaGo noting it was the first third-party service integrated into Swift's API-enabled infrastructure.
Keywords:
secure financing
MSME financing
TReDS
digital public infrastructure
Countries:
World
News on Fintech
12 Aug 2026
5 min read
Teya selected for FCA's Scale-up Unit programme
Maya targets 2027 listing on Philippine Stock Exchange
11 Aug 2026
Belvo launches MCP servers for agentic open finance
Anthropic strikes USD 9 billion cloud deal with Riot Platforms
Expert views on Fintech
Can legacy fintech infrastructure survive AI?
8 min read
Why plastic cards are no longer enough for European banks
21 Jul 2026
What's the best career advice you've ever received? We asked the leaders shaping payments and fintech.
27 May 2026
Agentic commerce does not threaten the rails. It threatens the toll.
19 May 2026
The Quantum Column: Quantum computing in banking
11 May 2026
The Paypers is a global hub for market insights, real-time news, expert interviews, and in-depth analyses and resources across payments, fintech, and the digital economy. We deliver reports, webinars, and commentary on key topics, including regulation, real-time payments, cross-border payments and ecommerce, digital identity, payment innovation and infrastructure, Open Banking, Embedded Finance, crypto, fraud and financial crime prevention, and more – all developed in collaboration with industry experts and leaders.
Categories
Payments
Fraud and Fincrime
Crypto, Web3 and CBDC
Regulations
M&A and Investments
Current themes
A2A Payments
Payment Orchestration
TradFi and DeFi Convergence
KYC, KYB and Digital Identity
Scams and Fraud
Embedded Finance
Real-Time Payments
The Paypers
Team
Advertise
About
Contact
Prinsengracht 777e
1017 JZ Amsterdam
P: +31 20 658 0652
E: editor@thepaypers.com
No part of this site can be reproduced without explicit permission of The Paypers (v2.7).
Privacy Policy
Cookie Statement
Copyright",50a9c0ef5a231d2e6fc888f3d5175e1cc74879a975a8f33bc9a0284fbaeb0a8a,https://thepaypers.com/fintech/news/sidbi-deploys-monetagos-secure-financing-for-msme-loans,sidbi deploys monetago secure financing,50a9c0ef5a231d2e6fc888f3d5175e1cc74879a975a8f33bc9a0284fbaeb0a8a,2026-08-13T05:21:29.229433+00:00,detail_page_fetch,İlgisiz,Bağımsız Gelişme,Good,2026-08-12,,,,Yayın Tarihi,2026-08-12,publication_date,Yayın tarihi bulundu; recency için kullanıldı.,False,,False,,2026-08-12,Yüksek,english_publication_date,True,2026-08-08,Kesim tarihi ve tarih güveni uygun: 2026-08-12,Ürün / Özellik Gelişmesi,True,"Ürün, API, POS, ödeme, tahsilat veya dijital özellik gelişmesi sinyali içeriyor.",True,True,True,https://thepaypers.com/news
RI-9f7d0d4bf819,DOC-REG-242-20260813052122,REG-242,Tier 2,the_paypers,The Paypers,The Paypers Payments News,Fintech Haberi,https://thepaypers.com/news,MoonPay Enterprise: new stablecoin payments platform,2026-08-12,https://thepaypers.com/crypto-web3-and-cbdc/news/moonpay-launches-moonpay-enterprise-stablecoin-platform,"News
Crypto, Web3 and CBDC
MoonPay launches MoonPay Enterprise stablecoin platform
Sinziana Albu
12 Aug 2026 / 5 Min Read
MoonPay has launched MoonPay Enterprise, a stablecoin payments platform built on Iron, the infrastructure provider it acquired in 2025.
The platform is described as the company's largest expansion since it acquired Iron, an API-first stablecoin infrastructure provider, in March 2025.
Addressing fragmented infrastructure
According to the company, businesses building stablecoin-based payment flows previously had to combine multiple providers to cover fiat on-ramps, stablecoin issuance, and cross-border settlement separately. This fragmented approach added vendor dependencies, cost, and compliance overhead for companies operating across jurisdictions.
MoonPay Enterprise is designed to consolidate these functions into a single platform. It uses Iron's technology to let companies issue virtual accounts, manage treasuries in multiple currencies, and transfer funds through established rails such as ACH, wire transfer, and SWIFT. Incoming fiat is converted into stablecoins and settled into wallets through one API, according to the company.
MoonPay Enterprise is structured around four core functions. Pay In allows businesses to collect fiat through local payment rails, including SEPA, ACH, FPS, and PIX, as well as SWIFT, with funds received into virtual accounts and automatically converted into stablecoins. Convert provides access to institutional stablecoin liquidity for treasury management and large over-the-counter conversions. At the same time, Pay Out enables global payouts settled either in stablecoins or local fiat currencies across supported markets. Issue allows businesses to mint fully reserved, white-label stablecoins using built-in issuance infrastructure.
A company representative said the platform is intended to let businesses access issuance, conversion, and settlement capabilities through a single integration, without needing to build in-house expertise in banking infrastructure or blockchain operations.
MoonPay Enterprise operates on top of MoonPay's existing regulatory coverage, which includes money transmitter licences in all 50 US states, a New York BitLicense, MiCA approval in the EU, and registrations in the UK, Canada, Australia, and other markets. The platform holds SOC 2, PCI DSS, and ISO 27001 certifications. MoonPay stated that it already processes hundreds of millions in volume across more than 190 countries for more than 50 enterprise partners.
Early adopters
MoonPay Enterprise is live and already in use by several partners. Deel is using the platform to support stablecoin payroll, while Paysafe has integrated it within a payments platform that processes an annual volume of USD 167 billion, enabling merchants to accept cryptocurrency at checkout. Other named partners include Whop, WalletConnect, Ingenico, Avici, Exodus, Citrea, and Scopex.
Furthermore, the launch reflects a broader trend of payments providers building consolidated infrastructure layers for stablecoin adoption, as businesses increasingly look to combine treasury management, cross-border settlement, and payroll functions with fewer intermediaries. Regulatory clarity in markets such as the EU under MiCA, alongside existing US state-level licensing frameworks, is likely to remain a factor shaping how such platforms expand across jurisdictions.
Keywords:
product launch
crypto
stablecoins
cryptocurrency
digital assets
Countries:
World
News on Crypto, Web3 and CBDC
Crypto.com launches tokenized stocks for EEA users
12 Aug 2026
5 min read
EU to review MiCA framework for non-EU stablecoin issuers
Zama lists $ZAMA token on Revolut across the EEA
11 Aug 2026
Circle launches agent discovery layer for USDC payments
Expert views on Crypto, Web3 and CBDC
What stablecoins and tokenization change about cross-border liquidity
8 min read
Stablecoins and the race for digital money
28 Jul 2026
Can stablecoins fix cross-border payments? Industry experts weigh in
17 Jul 2026
An opportunity for a fundamental shift in the architecture of the financial systems
09 Jul 2026
Inside Latvia's strategy to win the European crypto race
29 Jun 2026
16 min read
The Paypers is a global hub for market insights, real-time news, expert interviews, and in-depth analyses and resources across payments, fintech, and the digital economy. We deliver reports, webinars, and commentary on key topics, including regulation, real-time payments, cross-border payments and ecommerce, digital identity, payment innovation and infrastructure, Open Banking, Embedded Finance, crypto, fraud and financial crime prevention, and more – all developed in collaboration with industry experts and leaders.
Categories
Payments
Fraud and Fincrime
Fintech
Regulations
M&A and Investments
Current themes
A2A Payments
Payment Orchestration
TradFi and DeFi Convergence
KYC, KYB and Digital Identity
Scams and Fraud
Embedded Finance
Real-Time Payments
The Paypers
Team
Advertise
About
Contact
Prinsengracht 777e
1017 JZ Amsterdam
P: +31 20 658 0652
E: editor@thepaypers.com
No part of this site can be reproduced without explicit permission of The Paypers (v2.7).
Privacy Policy
Cookie Statement
Copyright",97e354ce64ff9ed11645c8cbebb8455ff5920cb9eed10eace21a5bcb5156bc5f,https://thepaypers.com/crypto-web3-and-cbdc/news/moonpay-launches-moonpay-enterprise-stablecoin-platform,moonpay enterprise: new stablecoin payments platform,97e354ce64ff9ed11645c8cbebb8455ff5920cb9eed10eace21a5bcb5156bc5f,2026-08-13T05:21:30.942505+00:00,detail_page_fetch,İlgisiz,Bağımsız Gelişme,Good,2026-08-12,,,,Yayın Tarihi,2026-08-12,publication_date,Yayın tarihi bulundu; recency için kullanıldı.,False,,False,,2026-08-12,Yüksek,english_publication_date,True,2026-08-08,Kesim tarihi ve tarih güveni uygun: 2026-08-12,İş Birliği,True,"İş birliği, mutabakat veya entegrasyon duyurusu içeriyor.",True,True,True,https://thepaypers.com/news
RI-c55f5db116ff,DOC-REG-242-20260813052122,REG-242,Tier 2,the_paypers,The Paypers,The Paypers Payments News,Fintech Haberi,https://thepaypers.com/news,EU to review MiCA stablecoin rules for non-EU issuers,2026-08-12,https://thepaypers.com/crypto-web3-and-cbdc/news/eu-to-review-mica-framework-for-non-eu-stablecoin-issuers,"News
Crypto, Web3 and CBDC
EU to review MiCA framework for non-EU stablecoin issuers
Sinziana Albu
12 Aug 2026 / 5 Min Read
The EU has started reviewing its MiCA framework to address licensing barriers facing non-EU stablecoin issuers such as Tether and Circle.
The European Commission's Directorate-General for Financial Stability, Financial Services and Capital Markets Union is consulting on potential changes to the stablecoin provisions, according to a report by ChainCatcher.
Under the existing MiCA rules, major foreign stablecoin issuers, including Tether, have been unable to secure authorisation to operate in the EU market. According to a Circle official, this situation leaves European crypto users without adequate protection and limits their access to widely used stablecoins. Furthermore, the review is reportedly influenced by developments in the US, where the GENIUS Act has established a federal framework for stablecoin issuance, and where the current administration has prioritised stablecoin policy.
MiCA's transition period and scope
MiCA was approved by the Council of the EU on 16 May 2023, based on market conditions that predate more recent developments in the stablecoin sector by over three years. The transition period allowing crypto-asset service providers to operate under national licensing regimes ended on 1 July 2026, marking full application of the framework across the bloc. EU diplomats are also assessing whether to expand MiCA's scope to cover tokenised payment methods and tokenised deposits, areas not addressed under the current regulation.
Implications for the stablecoin market
According to the
announcement
, any adjustment to MiCA's stablecoin provisions could affect how non-EU issuers approach the European market, potentially opening a path to authorisation for issuers such as Tether. At the same time, it could also influence the competitive position of EU-authorised stablecoin issuers, including Circle, which has already obtained authorisation under the existing framework. The outcome of the review may shape how the EU aligns its regulatory approach with international developments, including the US GENIUS Act, as global stablecoin regulation continues to evolve alongside the growing use of tokenised payment instruments.
Keywords:
regulation review
crypto
stablecoin
stablecoin regulation
MICA
Countries:
Europe
News on Crypto, Web3 and CBDC
Crypto.com launches tokenized stocks for EEA users
12 Aug 2026
5 min read
MoonPay launches MoonPay Enterprise stablecoin platform
Zama lists $ZAMA token on Revolut across the EEA
11 Aug 2026
Circle launches agent discovery layer for USDC payments
Expert views on Crypto, Web3 and CBDC
What stablecoins and tokenization change about cross-border liquidity
8 min read
Stablecoins and the race for digital money
28 Jul 2026
Can stablecoins fix cross-border payments? Industry experts weigh in
17 Jul 2026
An opportunity for a fundamental shift in the architecture of the financial systems
09 Jul 2026
Inside Latvia's strategy to win the European crypto race
29 Jun 2026
16 min read
The Paypers is a global hub for market insights, real-time news, expert interviews, and in-depth analyses and resources across payments, fintech, and the digital economy. We deliver reports, webinars, and commentary on key topics, including regulation, real-time payments, cross-border payments and ecommerce, digital identity, payment innovation and infrastructure, Open Banking, Embedded Finance, crypto, fraud and financial crime prevention, and more – all developed in collaboration with industry experts and leaders.
Categories
Payments
Fraud and Fincrime
Fintech
Regulations
M&A and Investments
Current themes
A2A Payments
Payment Orchestration
TradFi and DeFi Convergence
KYC, KYB and Digital Identity
Scams and Fraud
Embedded Finance
Real-Time Payments
The Paypers
Team
Advertise
About
Contact
Prinsengracht 777e
1017 JZ Amsterdam
P: +31 20 658 0652
E: editor@thepaypers.com
No part of this site can be reproduced without explicit permission of The Paypers (v2.7).
Privacy Policy
Cookie Statement
Copyright",c2ecff85793d22d70ff22053d4737aabc60f0e9996a702f8f02f2e0d8b847a6f,https://thepaypers.com/crypto-web3-and-cbdc/news/eu-to-review-mica-framework-for-non-eu-stablecoin-issuers,eu to review mica stablecoin rules for non-eu issuers,c2ecff85793d22d70ff22053d4737aabc60f0e9996a702f8f02f2e0d8b847a6f,2026-08-13T05:21:32.409932+00:00,detail_page_fetch,İlgisiz,Bağımsız Gelişme,Good,2026-08-12,,,,Yayın Tarihi,2026-08-12,publication_date,Yayın tarihi bulundu; recency için kullanıldı.,False,,False,,2026-08-12,Yüksek,english_publication_date,True,2026-08-08,Kesim tarihi ve tarih güveni uygun: 2026-08-12,Ürün / Özellik Gelişmesi,True,"Ürün, API, POS, ödeme, tahsilat veya dijital özellik gelişmesi sinyali içeriyor.",True,True,True,https://thepaypers.com/news
RI-eecfb13ab6d9,DOC-REG-242-20260813052122,REG-242,Tier 2,the_paypers,The Paypers,The Paypers Payments News,Fintech Haberi,https://thepaypers.com/news,"Flywire expands Trustly partnership in US, Canada",2026-08-12,https://thepaypers.com/payments/news/flywire-expands-trustly-partnership-in-us-canada,"News
Payments
Flywire expands Trustly partnership in US, Canada
Sinziana Albu
12 Aug 2026 / 5 Min Read
Flywire has expanded its partnership with Trustly to bring Open Banking payments to payers in the US and Canada.
According to the official press release, in the US, this will operate via ACH transfers, while in Canada it will use Pre-Authorised Debit (PAD). The move builds on a partnership between the two companies that began in Europe in 2017, before expanding into other markets over time.
Under the arrangement, payers authorise transactions by logging into their existing online bank accounts through Trustly's interface, rather than manually entering routing and account numbers. In addition, Flywire said this method is intended to reduce payment failures and give payers visibility into the status of their transactions throughout the process.
According to Flywire, Trustly carries out a balance check at the point of authorisation, designed to flag potential insufficient funds before a transaction is processed, which the companies said reduces the risk of non-sufficient funds (NSF) returns. For cross-border payments, Flywire said it manages funds during the post-settlement return window, which it described as lowering the likelihood of reversals and providing more predictable outcomes for clients.
Flywire also said payers are shown processing timelines and pricing information within its payment interface before authorising a transaction, with no additional wire fees or bank charges cited in the announcement.
Regulatory context across markets
Flywire said the expansion reflects its capacity to manage differing Open Banking regulatory and technical frameworks across the US, Canada, and Europe.
Kate Moran
, Vice President of Global Payments at Flywire, said the company is applying Open Banking infrastructure it has developed in Europe to the North American market, with the aim of offering clients a payment method already established elsewhere.
A Trustly executive said the expanded partnership is intended to extend Open Banking to sectors involving higher-value payments, combining bank-login-based authorisation with underlying risk-mitigation processes designed for enterprise clients.
Flywire provides payment and software services across sectors, including education, healthcare, and travel, enabling domestic and cross-border transactions for its client base. Trustly provides Open Banking-based account-to-account payment services. The expanded offering is aimed at both domestic and cross-border payments made by US and Canadian payers to Flywire's clients.
Keywords:
partnership
payments
Open Banking Payments
Open Banking
ecommerce
Countries:
United States of America
Canada
News on Payments
12 Aug 2026
5 min read
Payrails partners with Flix on travel chargeback management
NAPAS, BIDV, Weixin Pay expand cross-border QR payments
N26 adds Wero instant payment solution to its app
Mews secures first EMI licence for hospitality platform in EEA
11 Aug 2026
Expert views on Payments
From transactions to intelligence: how generative and agentic AI is reshaping payments
12 min read
Why the TIPS cross-currency pilot matters for cross-border payments
8 min read
Webinar recap: agentic commerce is changing discovery, not checkout ownership
10 Aug 2026
Instant payments: how the US trajectory compares to Europe's regulation-driven model
06 Aug 2026
6 min read
Swipe for reflection | August – have a break: feast on words
05 Aug 2026
The Paypers is a global hub for market insights, real-time news, expert interviews, and in-depth analyses and resources across payments, fintech, and the digital economy. We deliver reports, webinars, and commentary on key topics, including regulation, real-time payments, cross-border payments and ecommerce, digital identity, payment innovation and infrastructure, Open Banking, Embedded Finance, crypto, fraud and financial crime prevention, and more – all developed in collaboration with industry experts and leaders.
Categories
Fraud and Fincrime
Fintech
Crypto, Web3 and CBDC
Regulations
M&A and Investments
Current themes
A2A Payments
Payment Orchestration
TradFi and DeFi Convergence
KYC, KYB and Digital Identity
Scams and Fraud
Embedded Finance
Real-Time Payments
The Paypers
Team
Advertise
About
Contact
Prinsengracht 777e
1017 JZ Amsterdam
P: +31 20 658 0652
E: editor@thepaypers.com
No part of this site can be reproduced without explicit permission of The Paypers (v2.7).
Privacy Policy
Cookie Statement
Copyright",06d31b38ebe4957b4a21a16a356eeb6ba292971e64bfff243cfa5bbdbb8df255,https://thepaypers.com/payments/news/flywire-expands-trustly-partnership-in-us-canada,"flywire expands trustly partnership in us, canada",06d31b38ebe4957b4a21a16a356eeb6ba292971e64bfff243cfa5bbdbb8df255,2026-08-13T05:21:34.178562+00:00,detail_page_fetch,İlgili,Bağımsız Gelişme,Good,2026-08-12,,,,Yayın Tarihi,2026-08-12,publication_date,Yayın tarihi bulundu; recency için kullanıldı.,False,,False,,2026-08-12,Yüksek,english_publication_date,True,2026-08-08,Kesim tarihi ve tarih güveni uygun: 2026-08-12,İş Birliği,True,"İş birliği, mutabakat veya entegrasyon duyurusu içeriyor.",True,True,True,https://thepaypers.com/news
RI-ea2689f8244d,DOC-REG-242-20260813052122,REG-242,Tier 2,the_paypers,The Paypers,The Paypers Payments News,Fintech Haberi,https://thepaypers.com/news,"NAPAS, BIDV, Weixin Pay expand QR payments",2026-08-12,https://thepaypers.com/payments/news/napas-bidv-weixin-pay-expand-cross-border-qr-payments,"News
Payments
NAPAS, BIDV, Weixin Pay expand cross-border QR payments
Paula Albu
12 Aug 2026 / 5 Min Read
The National Payment Corporation of Vietnam (NAPAS), the Bank for Investment and Development of Vietnam (BIDV), and Weixin Pay have announced an expansion of cross-border QR payment services between Vietnam and China, extending digital payment connectivity between the two countries.
Completing NAPAS' connection with Weixin Pay
The partnership completes NAPAS' QR payment connection with Weixin Pay, allowing Chinese visitors to pay by scanning VietQRGlobal codes at outlets across Vietnam. According to NAPAS, the service is expected to reach more than 1 billion Weixin Pay users in China. Weixin Pay, also known as WeChat Pay, is among the more widely used mobile payment platforms in China, supporting both online and in-store payments across multiple sectors.
How the service works
Under the arrangement, Chinese travellers can use the Weixin app to scan VietQRGlobal codes at retail stores, restaurants, hotels, accommodation providers, and tourist attractions across Vietnam. Transactions are processed through payment infrastructure jointly operated by NAPAS and Weixin Pay, with BIDV serving as the settlement bank.
According to NAPAS, Weixin Pay is the third Chinese payment platform to complete cross-border QR payment integration with its network, following earlier integrations with other Chinese payment providers.
Company commentary
A company official at NAPAS said the connection completes QR payment interoperability for Chinese visitors in Vietnam while extending VietQRGlobal's reach to one of the larger payment user markets globally, adding that the cooperation is expected to improve the customer experience and support economic ties between the two countries as cross-border payment demand continues to grow alongside tourism and trade.
Additionally, a company official at BIDV said the expanded service is intended to provide a more convenient payment option for travellers while helping connect the two economies through digital financial infrastructure, adding that the bank will continue working with the government, the State Bank of Vietnam, and other partners to support cashless payments, businesses, tourism, and trade.
A company official at Weixin Pay said the initiative is intended to improve the travel experience for Chinese visitors, encourage spending, and help Vietnamese businesses better serve international customers.
Planned next phase
NAPAS said the three partners are studying a further phase of the project that would allow Vietnamese travellers to use domestic banking apps and e-wallets to scan QR codes and make payments while in China, to create a more integrated cross-border payment structure to support tourism, trade, and broader economic exchange between the two countries.
Keywords:
partnership
cross-border payments
QR payments
cross-border QR payments
Countries:
China
Vietnam
News on Payments
Flywire expands Trustly partnership in US, Canada
12 Aug 2026
5 min read
Payrails partners with Flix on travel chargeback management
N26 adds Wero instant payment solution to its app
Mews secures first EMI licence for hospitality platform in EEA
11 Aug 2026
Expert views on Payments
From transactions to intelligence: how generative and agentic AI is reshaping payments
12 min read
Why the TIPS cross-currency pilot matters for cross-border payments
8 min read
Webinar recap: agentic commerce is changing discovery, not checkout ownership
10 Aug 2026
Instant payments: how the US trajectory compares to Europe's regulation-driven model
06 Aug 2026
6 min read
Swipe for reflection | August – have a break: feast on words
05 Aug 2026
The Paypers is a global hub for market insights, real-time news, expert interviews, and in-depth analyses and resources across payments, fintech, and the digital economy. We deliver reports, webinars, and commentary on key topics, including regulation, real-time payments, cross-border payments and ecommerce, digital identity, payment innovation and infrastructure, Open Banking, Embedded Finance, crypto, fraud and financial crime prevention, and more – all developed in collaboration with industry experts and leaders.
Categories
Fraud and Fincrime
Fintech
Crypto, Web3 and CBDC
Regulations
M&A and Investments
Current themes
A2A Payments
Payment Orchestration
TradFi and DeFi Convergence
KYC, KYB and Digital Identity
Scams and Fraud
Embedded Finance
Real-Time Payments
The Paypers
Team
Advertise
About
Contact
Prinsengracht 777e
1017 JZ Amsterdam
P: +31 20 658 0652
E: editor@thepaypers.com
No part of this site can be reproduced without explicit permission of The Paypers (v2.7).
Privacy Policy
Cookie Statement
Copyright",6dee6dd8d3666abc5a63c3f2dc6cad91f931377506ca6fa3006e461e81e81daf,https://thepaypers.com/payments/news/napas-bidv-weixin-pay-expand-cross-border-qr-payments,"napas, bidv, weixin pay expand qr payments",6dee6dd8d3666abc5a63c3f2dc6cad91f931377506ca6fa3006e461e81e81daf,2026-08-13T05:21:36.179078+00:00,detail_page_fetch,İlgisiz,Bağımsız Gelişme,Good,2026-08-12,,,,Yayın Tarihi,2026-08-12,publication_date,Yayın tarihi bulundu; recency için kullanıldı.,False,,False,,2026-08-12,Yüksek,english_publication_date,True,2026-08-08,Kesim tarihi ve tarih güveni uygun: 2026-08-12,İş Birliği,True,"İş birliği, mutabakat veya entegrasyon duyurusu içeriyor.",True,True,True,https://thepaypers.com/news
RI-290fa7cf684c,DOC-REG-054-20260814051437,REG-054,Tier 2,turkiye_bankalar_birligi,Türkiye Bankalar Birligi,Türkiye Bankalar Birligi Duyurular,Sektör Birliği,https://www.tbb.org.tr,Asyalı bankacılara Türkiye ekonomisi ve bankacılık sektörü anlatıldı | Türkiye Bankalar Birliği,13/08/2026,https://www.tbb.org.tr/haberler/asyali-bankacilara-turkiye-ekonomisi-ve-bankacilik-sektoru-anlatildi,"Asyalı bankacılara Türkiye ekonomisi ve bankacılık sektörü anlatıldı
13/08/2026
Asya Bankacılar Birliği tarafından düzenlenen “Connecting and Exploring Opportunities” başlıklı program serisine katılım sağlandı.
Çevrim içi seminerde, Türkiye Bankalar Birliği Araştırma, İstatistik ve Sürdürülebilirlik Bölümü Koordinatörü Ümit Ünsal, Asyalı bankacılara Türkiye ekonomisi ve bankacılık sektörüne ilişkin değerlendirmelerde bulunurken, Sürdürülebilirlik Uzmanı Elif Berna İlhan ise bu yıl Antalya’da düzenlenecek COP31 İklim Zirvesi hakkında bilgi verdi.
Ünsal, sunumunda Türkiye ekonomisinin mevcut görünümü ile bankacılık sektöründeki gelişmeleri ele alarak, bölgesel gelişmelerin büyüme, finansal istikrar, yatırım ve uluslararası iş dünyası üzerindeki etkilerine ilişkin değerlendirmelerini paylaştı.
Seminerin COP31 İklim Zirvesi’ne ayrılan bölümünde ise İlhan, 9-20 Kasım tarihlerinde gerçekleştirilecek Zirve kapsamında Türkiye’nin ve bankacılık sektörünün hazırlıklarını aktararak, sürdürülebilir finans, iklim politikaları ve düşük karbonlu ekonomiye geçiş sürecine ilişkin gündem hakkında bilgi verdi.
Asya Bankalar Birliği’nin Orta Doğu’dan Asya-Pasifik bölgesine uzanan 26 farklı ülkeden 72 üyesi bulunuyor.
Finansal Okuryazarlık
Risk Merkezi
Finans ve Bankacılık Portalı
Bankacılık Ürün ve Hizmet Ücretleri",f015268f180f3fb3df47e24c866fe38377a39c69b5a459d2f46536646387e911,https://www.tbb.org.tr/haberler/asyali-bankacilara-turkiye-ekonomisi-ve-bankacilik-sektoru-anlatildi,asyalı bankacılara türkiye ekonomisi ve bankacılık sektörü anlatıldı | türkiye bankalar birliği,f015268f180f3fb3df47e24c866fe38377a39c69b5a459d2f46536646387e911,2026-08-14T05:15:02.937287+00:00,detail_page_fetch,İlgisiz,Bağımsız Gelişme,Good,2026-08-13,,,,Yayın Tarihi,2026-08-13,publication_date,Yayın tarihi bulundu; recency için kullanıldı.,False,,False,,2026-08-13,Yüksek,publication_date,True,2026-08-08,Kesim tarihi ve tarih güveni uygun: 2026-08-13,Ürün / Özellik Gelişmesi,True,"Sürdürülebilir finansman, kredi, leasing veya sermaye piyasası işlemi içeriyor.",True,True,True,https://www.tbb.org.tr
RI-ba7fadcd3435,DOC-REG-235-20260814051702,REG-235,Tier 1,shopify,Shopify,Shopify Newsroom,Resmi Haber Sayfası,https://www.shopify.com/news,Commerce now moves at the speed of culture. And anyone can move with it.,2026-08-13,https://www.shopify.com/news/culture-becomes-commerce,"Skip to Content
by Shopify Data Science
Share this story
Read more
The preparedness paradox: Wait for “ready,” and it might never come
The data says founders would do it again. Even in this economy.
Entrepreneurship has no zip code
Entrepreneurs turn culture's biggest moments into something you can hold. New data shows how fast they do it, and how it shapes the way we live and connect.
The distance between a cultural moment and a business built on it used to be measured in weeks or months. Now it's hours. Sometimes even minutes.
Starting a business and reaching that first sale has never been faster or more open to more people. It means a seller can respond to a cultural moment almost as it happens. And that becomes the enabling condition for everything else.
In 2025, nearly 10% of new shops made their first sale within a single day of signing up, an increase of 43% in just three years. Half of all new sellers now reach their first sale within about three weeks.
On May 8, 2025, white smoke rose over the Sistine Chapel and the world learned the name of the new pope. Within an hour, you could buy a T-shirt emblazoned with ""da pope.""
One of the shops selling Pope Leo gear was
Obvious Shirts
, run by Joe Johnson, a Chicago entrepreneur who'd started years earlier making one-liner shirts for Cubs fans. He didn't have a manufacturing deal or a warehouse full of inventory waiting on a papal conclave. He had an idea, a storefront, and the instinct to move fast.
For most of retail history, turning a moment into a product meant already having capital, inventory, manufacturing relationships, and shelf space. The moment would pass long before an ordinary person could act on it. Today, commerce can move at the speed of culture.
Entrepreneurs are now the fastest translators between culture and the economy, taking the moments we witness and turning them into something we can hold. And you no longer have to already be in business to do it.
When the time from idea to income narrows, high-agency people can act on an idea fast, whether they're starting something new or already running a shop. As those barriers keep falling, less and less stands between spotting a moment and selling into it.
Moving at the speed of the moment
A century ago, sociologist Émile Durkheim studied why people gather for rituals and named the energy that builds when a crowd experiences something together:
collective effervescence
. He noticed that the feeling needs somewhere to live once everyone goes home, so it attaches itself to an object, a totem, that lets people carry the belonging with them.
A championship tee or a World Cup scarf is a totem in that sense. Commerce is how an experience gets a physical form. It takes a moment you'd otherwise just watch on a screen and makes it something you can touch, wear, and stand inside of. That's the difference between witnessing a moment and belonging to it. And why merch is so enduring.
Sports are the purest test of speed, because there's a shared, public time stamp. Everyone knows the exact minute the final whistle, the buzzer-beater, or the trophy lift happened, so it’s easy to see how quickly commerce catches up.
During the New York Knicks' 2026 playoff run, more than 3,000 shops listed orange-and-blue products, and the typical one made its first sale within three days.
Then there's the World Cup, which wrapped in July and created breakout moments faster than anyone could plan for. When an underdog became the tournament's improbable hero, people around the world reached for a way to celebrate him. Sellers kept pace, half of them making a first sale within three days, this time for fans spread across continents.
And then a certain soccer player wandered into
Wild Bill's Western Store
, a family-run shop in downtown Dallas, and walked out with a taxidermied raccoon clutching a whiskey bottle. The image went viral, and since that June visit Wild Bill's online sales rose 10x compared to a month earlier. The owners switched on global shipping for the first time.
When a trend becomes a category
The same low barriers that let someone catch a one-week wave also build lasting categories.
Take matcha. It didn't explode overnight. It was a wellness habit, then an aesthetic, then a genuine staple. A wave of independent brands launched or expanded alongside it, from
Morning Made
in Australia to
Matcha Mystic
in the Netherlands.
When the craze peaked in 2025, nearly 1,500 new shops launched to meet it. The easy assumption is that they would disappear when the hype cooled. Instead the majority of them (70%) are still active today, with most reaching their first sale within about two weeks of listing a product. What started as a trend is becoming a category, with sales continuing to climb quarter over quarter.
protein
changed from a bodybuilder's obsession to a number that all shoppers scan for on the back of a package, entrepreneurs met the moment. Over the past year, protein coffee sales climbed 507% and prepared protein foods 194%, while traditional protein shakes fell 40%. Sellers moved in to meet this shift in demand, with 76% more shops selling protein coffee and 37% more selling prepared protein foods year over year, each with its own idea of what a protein product can be, from ramen to cereal.
Both of these were dismissed as passing trends until, at some point no one can quite name, they became the default.
The barriers are collapsing
The time it takes to reach that first sale keeps shrinking, and that helps entrepreneurs whether they're building for a moment or building for a decade. The sooner someone makes a sale, the sooner they know the idea works.
Now the distance between what culture wants and what an entrepreneur can deliver has disappeared.",32c310b3796cc4d9109a9c2d05b60fd603fad3c8013f96761c9296fadf0296fc,https://www.shopify.com/news/culture-becomes-commerce,commerce now moves at the speed of culture. and anyone can move with it.,32c310b3796cc4d9109a9c2d05b60fd603fad3c8013f96761c9296fadf0296fc,2026-08-14T05:17:09.265646+00:00,detail_page_fetch,İlgisiz,Bağımsız Gelişme,Good,2026-08-13,,,,Yayın Tarihi,2026-08-13,publication_date,Yayın tarihi bulundu; recency için kullanıldı.,False,,False,,2026-08-13,Yüksek,english_publication_date,True,2026-08-08,Kesim tarihi ve tarih güveni uygun: 2026-08-13,Ürün / Özellik Gelişmesi,True,"Ürün, API, POS, ödeme, tahsilat veya dijital özellik gelişmesi sinyali içeriyor.",True,True,True,https://www.shopify.com/news
RI-1aa7584b4654,DOC-REG-236-20260814051710,REG-236,Tier 1,airwallex,Airwallex,Airwallex Newsroom,Resmi Basın Bülteni Sayfası,https://www.airwallex.com/global/newsroom,Airwallex adds Affirm’s flexible pay-over-time options for US shoppers | Airwallex,2026-08-13,https://www.airwallex.com/global/newsroom/airwallex-adds-affirms-flexible-pay-over-time-options-for-us-shoppers,"Newsroom
Company Announcement
Airwallex adds Affirm’s flexible pay-over-time options for US shoppers
13 August 2026
SAN FRANCISCO:
Airwallex, a leading global financial platform for modern businesses, and Affirm (NASDAQ: AFRM), the payment network that empowers consumers and helps merchants drive growth, today announced that merchants on Airwallex can now provide Affirm's flexible payment options at checkout to their eligible US customers.
Eligible Airwallex merchants
based in 35 countries
can now offer Affirm’s familiar, transparent pay-over-time options to eligible shoppers in the US, without an additional integration.
US shoppers selecting Affirm at checkout can choose the payment schedule that works best for them, including four interest-free installments or monthly installments of up to 24 months. Affirm never charges late or hidden fees, and shows shoppers what they will pay upfront, with no surprises.
For merchants selling to US shoppers, offering Affirm through Airwallex can help support higher conversion and basket sizes. While many platforms require merchants to administer separate contracts and dashboards for new payment methods, merchants on Airwallex can offer Affirm payments seamlessly. Airwallex now supports more than 160 payment methods across the world.
""Merchants choose Airwallex to maximize local payment options for shoppers around the world, otherwise, they’re leaving conversion on the table,”
said
Jason Gottlieb, VP Financial and Strategic Partnerships at Airwallex
. “We’re thrilled to partner with Affirm and provide its familiar and transparent payment options to help our international merchants drive more US sales.""
“More merchants around the world are looking for better ways to serve US shoppers, and payment choice at checkout is an important part of that,”
Steve McPhee, Vice President of Strategic Partnerships at Affirm
. “Our partnership with Airwallex unlocks that by making it easier for merchants to offer Affirm through a platform they already use, helping them reach US shoppers with a payment option they know and trust.”
About Airwallex
Airwallex is an AI native financial operating system for modern businesses. We are building the future of global banking for a real-time, intelligent economy.
We serve more than 676,000 businesses worldwide, either directly or through our platform customers. From startups to public enterprises, our customers use Airwallex to manage their financial operations, or to build and monetize their own financial products.
Founded in Melbourne in 2015, Airwallex holds 85+ licenses across North America, Europe, the Middle East, and Asia-Pacific, forming one of the most comprehensive financial infrastructures in the world. This regulated backbone powers Airwallex products at global scale, including payment acceptance, billing, global accounts, corporate cards, and spend management.
The company is co-headquartered in San Francisco and Singapore with over 2,300 employees across 27 offices. Learn more at
www.airwallex.com
About Affirm
Affirm's mission is to deliver honest financial products that improve lives. By building a new kind of payment network – one based on trust, transparency, and putting people first – we empower millions of consumers to spend and save responsibly and give thousands of businesses the tools to fuel growth. Unlike most credit cards and other pay-over-time options, we never charge any late or hidden fees.
Share
Latest Announcements
23 July 2026
Visa and Airwallex join forces to build the next generation of financial infrastructure for freight platforms
Collaboration to help freight and shipping platforms modernise payments, improve cash flow and unlock new growth opportunities through embedded finance
Read more
25 June 2026
Airwallex Secures $320 Million in Series H Funding, Valuation Hits $11 Billion
Funding fuels expansion into autonomous finance and agentic commerce as the company drives toward its next billion in revenue
24 June 2026
Airwallex signals next phase of global scale with appointment of Chief Financial Officer
CFO appointed at Airwallex to drive new phase of growth in intelligent financial systems
Back to newsroom",c34a8c4c094a87ded759925a4d88e072724a1d1a9d44d57482ec3abdcc83ced5,https://www.airwallex.com/global/newsroom/airwallex-adds-affirms-flexible-pay-over-time-options-for-us-shoppers,airwallex adds affirm’s flexible pay-over-time options for us shoppers | airwallex,c34a8c4c094a87ded759925a4d88e072724a1d1a9d44d57482ec3abdcc83ced5,2026-08-14T05:17:13.858096+00:00,detail_page_fetch,İlgili,Bağımsız Gelişme,Good,2026-08-13,,,,Yayın Tarihi,2026-08-13,publication_date,Yayın tarihi bulundu; recency için kullanıldı.,False,,False,,2026-08-13,Yüksek,english_publication_date,True,2026-08-08,Kesim tarihi ve tarih güveni uygun: 2026-08-13,İş Birliği,True,"İş birliği, mutabakat veya entegrasyon duyurusu içeriyor.",True,True,True,https://www.airwallex.com/global/newsroom
RI-fe77f86a171d,DOC-REG-242-20260814051726,REG-242,Tier 2,the_paypers,The Paypers,The Paypers Payments News,Fintech Haberi,https://thepaypers.com/news,Defacto taps Mambu Payments for embedded SME financing,2026-08-13,https://thepaypers.com/fintech/news/defacto-and-mambu-launch-embedded-sme-financing-in-france,"News
Fintech
Defacto and Mambu launch embedded SME financing in France
Sinziana Albu
13 Aug 2026 / 5 Min Read
Defacto has gone live on Mambu Payments with SEPA connectivity to support the payment flows of its receivable financing product for a France-based financial institution.
The deployment supports Defacto's work with an institutional banking partner described as one of France's financial institutions, and is designed to meet the operational and regulatory requirements associated with that relationship.
Technical approach and integration
Rather than building and maintaining direct bank integrations internally, Defacto has connected to SEPA payment rails through Mambu Payments via a REST API. The company has stated that this gives it real-time visibility across payment flows, alongside a reusable architecture that is currently being extended to a second institutional partner.
In addition, an important feature of the implementation is that Defacto continues to operate on top of its existing accounts held with its institutional banking partner, rather than opening new accounts with a third-party custodian bank, as is typically required under BaaS models. Instead of restructuring its banking setup, Defacto has kept its existing tier-one banking relationship in place and automated the payment operations layer above it.
Founded in 2021, Defacto has financed more than EUR 1.5 billion for over 25,000 SMEs across five European markets. The collaboration with Mambu progressed from initial product scoping in July 2025, through a beta launch in November 2025, to full production deployment in January 2026.
Jordane Giuly
, CEO & Co-Founder, Defacto, said the company's institutional banking partnerships require payments infrastructure that is secure and reliable, and that working with Mambu Payments allowed engineering resources to be directed toward customer-facing development rather than bank connectivity. According to the official, the resulting infrastructure supports Defacto's current programmes and provides scope for further partner expansion.
Moreover,
Victor Mithouard
, VP Payments & Strategy, Mambu, said that as financial institutions adopt Embedded Finance, payment infrastructure is becoming a differentiating factor for fintechs. It was also added that Defacto's deployment shows how API-based infrastructure can support faster market entry and institutional partnership scaling without bespoke bank integration projects, and that the underlying automation provides the real-time connectivity needed for Defacto to run its lending programmes within its banking partner's infrastructure.
Market context
As Embedded Finance extends further into regulated financial services, payment infrastructure has become a component of bringing new lending products to market. For providers such as Defacto, connecting to existing banking relationships through standardised APIs, rather than through new custodian arrangements, is presented as an alternative to traditional BaaS deployment. The partnership also reflects continued activity by Mambu in the European payments infrastructure space, following its established position in cloud banking technology.
Keywords:
partnership
financial services
financial institutions
embedded finance
SME
Countries:
France
News on Fintech
Augustus National Bank secures FDIC insurance approval
13 Aug 2026
5 min read
Xero launches US payroll integration powered by Gusto
ING Bank Romania rolls out RoPay, a service designed for instant payments
SIDBI deploys MonetaGo's Secure Financing for MSME loans
12 Aug 2026
Expert views on Fintech
Can legacy fintech infrastructure survive AI?
11 Aug 2026
8 min read
Why plastic cards are no longer enough for European banks
21 Jul 2026
What's the best career advice you've ever received? We asked the leaders shaping payments and fintech.
27 May 2026
Agentic commerce does not threaten the rails. It threatens the toll.
19 May 2026
The Quantum Column: Quantum computing in banking
11 May 2026
The Paypers is a global hub for market insights, real-time news, expert interviews, and in-depth analyses and resources across payments, fintech, and the digital economy. We deliver reports, webinars, and commentary on key topics, including regulation, real-time payments, cross-border payments and ecommerce, digital identity, payment innovation and infrastructure, Open Banking, Embedded Finance, crypto, fraud and financial crime prevention, and more – all developed in collaboration with industry experts and leaders.
Categories
Payments
Fraud and Fincrime
Crypto, Web3 and CBDC
Regulations
M&A and Investments
Current themes
A2A Payments
Payment Orchestration
TradFi and DeFi Convergence
KYC, KYB and Digital Identity
Scams and Fraud
Embedded Finance
Real-Time Payments
The Paypers
Team
Advertise
About
Contact
Prinsengracht 777e
1017 JZ Amsterdam
P: +31 20 658 0652
E: editor@thepaypers.com
No part of this site can be reproduced without explicit permission of The Paypers (v2.7).
Privacy Policy
Cookie Statement
Copyright",e11855964f986986f19dcd2c3deef021f90a15f607cc0d59f70e6e65006c7c09,https://thepaypers.com/fintech/news/defacto-and-mambu-launch-embedded-sme-financing-in-france,defacto taps mambu payments for embedded sme financing,e11855964f986986f19dcd2c3deef021f90a15f607cc0d59f70e6e65006c7c09,2026-08-14T05:17:31.114910+00:00,detail_page_fetch,İlgili,Bağımsız Gelişme,Good,2026-08-13,,,,Yayın Tarihi,2026-08-13,publication_date,Yayın tarihi bulundu; recency için kullanıldı.,False,,False,,2026-08-13,Yüksek,english_publication_date,True,2026-08-08,Kesim tarihi ve tarih güveni uygun: 2026-08-13,İş Birliği,True,"İş birliği, mutabakat veya entegrasyon duyurusu içeriyor.",True,True,True,https://thepaypers.com/news
RI-f7a019c0d46b,DOC-REG-242-20260814051726,REG-242,Tier 2,the_paypers,The Paypers,The Paypers Payments News,Fintech Haberi,https://thepaypers.com/news,finby deploys Wero for ecommerce payments,2026-08-13,https://thepaypers.com/payments/news/finby-deploys-wero-for-pan-european-ecommerce-payments,"News
Payments
finby deploys Wero for pan-European ecommerce payments
Sinziana Albu
13 Aug 2026 / 5 Min Read
finby has deployed Wero, the pan-European A2A payment solution developed by the European Payments Initiative (EPI), for its ecommerce merchants.
The deployment allows finby's ecommerce merchants to accept payments made directly from consumers' bank accounts, using instant transfer infrastructure rather than card-based rails.
Wero was developed by EPI and is backed by 18 European banks and payment providers, with more than 50 financial institutions participating in the initiative overall. The solution has been built on instant A2A transfers, enabling consumers to pay directly from their bank accounts without routing transactions through card networks.
Moreover, the solution has so far been used primarily for P2P and, increasingly, in-store payments, and has now begun expanding into ecommerce payments, a segment in which finby's deployment positions the company among an early group of acquirers offering the method to online merchants.
Strategic context for finby
finby has described the Wero deployment as part of a longer-term strategy focused on local payment methods and cross-border commerce. The company said it intends to continue expanding its portfolio with payment solutions aimed at supporting merchants operating across multiple European markets.
Commenting on the deployment,
David Rintel
, CEO of finby, said the move represents a step towards a more unified European payments ecosystem, adding that the company sees Wero as combining simplicity, security, and what he described as payment sovereignty for the region. Rintel also noted that finby sees potential for the method within the evolving European ecommerce landscape.
Martina Weimert,
CEO of EPI, said finby's deployment helps expand access to Wero for both consumers and merchants, noting that the aim is to offer what she described as a competitive European payment solution with a fast and secure payment experience.
Industry implications
The integration reflects a broader trend among European payment service providers to diversify beyond card-based acceptance and incorporate instant, bank-based payment rails. A2A payment methods have gained regulatory and industry attention across the EU as alternatives to card schemes, partly in the context of discussions around European payment sovereignty and reducing dependence on non-European card networks.
For merchants, the addition of Wero alongside existing payment methods may offer an additional route to accept payments from consumers in markets where the scheme already has an established user base, particularly Belgium, France, and Germany. As Wero's ecommerce functionality continues to roll out, further deployments by acquirers and payment service providers across the region are likely to shape the pace of adoption among merchants and consumers alike.
Keywords:
partnership
A2A payments
payments
ecommerce
digital payments
P2P payments
Countries:
Europe
News on Payments
Yuno raises USD 45 million Series B to expand payments platform
13 Aug 2026
5 min read
Klarna partners with Housecall Pro on US home services payments
Mastercard partners with PEXA, increasing certainty for UK homebuyers
Bank of America, JPMorgan Chase adopt new Swift payments framework
Expert views on Payments
From transactions to intelligence: how generative and agentic AI is reshaping payments
12 Aug 2026
12 min read
Why the TIPS cross-currency pilot matters for cross-border payments
8 min read
Webinar recap: agentic commerce is changing discovery, not checkout ownership
10 Aug 2026
Instant payments: how the US trajectory compares to Europe's regulation-driven model
06 Aug 2026
6 min read
Swipe for reflection | August – have a break: feast on words
05 Aug 2026
The Paypers is a global hub for market insights, real-time news, expert interviews, and in-depth analyses and resources across payments, fintech, and the digital economy. We deliver reports, webinars, and commentary on key topics, including regulation, real-time payments, cross-border payments and ecommerce, digital identity, payment innovation and infrastructure, Open Banking, Embedded Finance, crypto, fraud and financial crime prevention, and more – all developed in collaboration with industry experts and leaders.
Categories
Fraud and Fincrime
Fintech
Crypto, Web3 and CBDC
Regulations
M&A and Investments
Current themes
A2A Payments
Payment Orchestration
TradFi and DeFi Convergence
KYC, KYB and Digital Identity
Scams and Fraud
Embedded Finance
Real-Time Payments
The Paypers
Team
Advertise
About
Contact
Prinsengracht 777e
1017 JZ Amsterdam
P: +31 20 658 0652
E: editor@thepaypers.com
No part of this site can be reproduced without explicit permission of The Paypers (v2.7).
Privacy Policy
Cookie Statement
Copyright",54eb89d3ccfd6d9035654066dcdced4410a3aa96251dca46968a9c456c0a7615,https://thepaypers.com/payments/news/finby-deploys-wero-for-pan-european-ecommerce-payments,finby deploys wero for ecommerce payments,54eb89d3ccfd6d9035654066dcdced4410a3aa96251dca46968a9c456c0a7615,2026-08-14T05:17:32.925867+00:00,detail_page_fetch,İlgili,Bağımsız Gelişme,Good,2026-08-13,,,,Yayın Tarihi,2026-08-13,publication_date,Yayın tarihi bulundu; recency için kullanıldı.,False,,False,,2026-08-13,Yüksek,english_publication_date,True,2026-08-08,Kesim tarihi ve tarih güveni uygun: 2026-08-13,İş Birliği,True,"İş birliği, mutabakat veya entegrasyon duyurusu içeriyor.",True,True,True,https://thepaypers.com/news
RI-2cd28f05e104,DOC-REG-242-20260814051726,REG-242,Tier 2,the_paypers,The Paypers,The Paypers Payments News,Fintech Haberi,https://thepaypers.com/news,"Bank of England tests stablecoin, digital pound",2026-08-13,https://thepaypers.com/crypto-web3-and-cbdc/news/bank-of-england-to-trial-stablecoin-digital-pound-in-trade-finance,"News
Crypto, Web3 and CBDC
Bank of England to trial stablecoin, digital pound in trade finance
Sinziana Albu
13 Aug 2026 / 5 Min Read
The Bank of England has launched Phase 2 of its Digital Pound Lab with NOBO Finance, Dun & Bradstreet, and Polygon Labs.
The central bank announced the development on Wednesday, as monetary authorities worldwide continue to examine how privately issued stablecoins and potential central bank digital currencies (CBDCs) might coexist.
According to
CoinDesk
, the BOE has been experimenting with a CBDC and the distributed ledger technology underpinning blockchain networks since 2024. The new phase marks the first time the Digital Pound Lab has tested how public stablecoins and central bank money could function together in a single payment flow, alongside a portable credit identity designed for small businesses. The lab does not involve real customers or funds, and the BOE said the initiative does not indicate any decision to issue a digital pound.
Three organisations have been named as participants: NOBO Finance, a UK-based fintech building digital trade finance infrastructure aimed at making small and medium-sized enterprises (SMEs) more visible, verifiable, and bankable, Dun & Bradstreet, a global provider of business decisioning data, analytics, and credit-rating services, and Polygon Labs, a blockchain software company. NOBO Finance was also involved in Phase 1, during which it helped demonstrate conditional business-to-business escrow payments relevant to trade finance workflows.
Bankable profiles and invoice factoring
The first workstream will focus on building an SME ‘bankable profile’ by combining wallet transaction data, open-finance information, and business intelligence into a reusable credit assessment. Polygon Labs will supply smart contracts intended to record verified outcomes and manage consent, drawing on its Open Money Stack, which includes fiat-to-stablecoin conversion, wallet infrastructure, and smart contracts.
Furthermore, a second workstream will trial invoice factoring backed by electronic bills of lading. Under this model, an exporter would receive an advance through stablecoin technology, while a UK importer settles the final payment in digital pounds.
Industry relevance and next steps
Otto Jacobsson
, UK chapter lead at the Digital Assets Association, faster and more efficient trade finance processes could allow UK businesses to access working capital sooner and simplify international trade financing. He noted that delays in trade finance make it harder for smaller firms to demonstrate creditworthiness and secure funding.
Polygon Labs chief executive
Marc Boiro
n said the experiment tests whether public and private forms of digital money, including central bank money and stablecoins, can work together to support global trade.
The participating group said findings from the Digital Pound Lab will inform a joint assessment by the BOE and the UK Treasury on the digital pound, ahead of further steps expected later this year. The broader question under examination is whether different forms of digital money can interoperate, rather than requiring businesses and consumers to rely on a single payment infrastructure.
Keywords:
digital assets
CBDC
stablecoins
crypto
cryptocurrency
digital currency
Countries:
United Kingdom
News on Crypto, Web3 and CBDC
MoneyGram expands Ramps to Solana blockchain
13 Aug 2026
5 min read
Crypto.com launches tokenized stocks for EEA users
12 Aug 2026
MoonPay launches MoonPay Enterprise stablecoin platform
EU to review MiCA framework for non-EU stablecoin issuers
Expert views on Crypto, Web3 and CBDC
Nigeria’s new tax rules for virtual assets
7 min read
What stablecoins and tokenization change about cross-border liquidity
11 Aug 2026
8 min read
Stablecoins and the race for digital money
28 Jul 2026
Can stablecoins fix cross-border payments? Industry experts weigh in
17 Jul 2026
An opportunity for a fundamental shift in the architecture of the financial systems
09 Jul 2026
The Paypers is a global hub for market insights, real-time news, expert interviews, and in-depth analyses and resources across payments, fintech, and the digital economy. We deliver reports, webinars, and commentary on key topics, including regulation, real-time payments, cross-border payments and ecommerce, digital identity, payment innovation and infrastructure, Open Banking, Embedded Finance, crypto, fraud and financial crime prevention, and more – all developed in collaboration with industry experts and leaders.
Categories
Payments
Fraud and Fincrime
Fintech
Regulations
M&A and Investments
Current themes
A2A Payments
Payment Orchestration
TradFi and DeFi Convergence
KYC, KYB and Digital Identity
Scams and Fraud
Embedded Finance
Real-Time Payments
The Paypers
Team
Advertise
About
Contact
Prinsengracht 777e
1017 JZ Amsterdam
P: +31 20 658 0652
E: editor@thepaypers.com
No part of this site can be reproduced without explicit permission of The Paypers (v2.7).
Privacy Policy
Cookie Statement
Copyright",ded256b62650e176d7c3736db7c4d13b3c21ba02dc40bf869bb38db8334ce968,https://thepaypers.com/crypto-web3-and-cbdc/news/bank-of-england-to-trial-stablecoin-digital-pound-in-trade-finance,"bank of england tests stablecoin, digital pound",ded256b62650e176d7c3736db7c4d13b3c21ba02dc40bf869bb38db8334ce968,2026-08-14T05:17:34.600085+00:00,detail_page_fetch,İlgisiz,Bağımsız Gelişme,Good,2026-08-13,,,,Yayın Tarihi,2026-08-13,publication_date,Yayın tarihi bulundu; recency için kullanıldı.,False,,False,,2026-08-13,Yüksek,english_publication_date,True,2026-08-08,Kesim tarihi ve tarih güveni uygun: 2026-08-13,Ürün / Özellik Gelişmesi,True,"Ürün, API, POS, ödeme, tahsilat veya dijital özellik gelişmesi sinyali içeriyor.",True,True,True,https://thepaypers.com/news
RI-2d72fba0027c,DOC-REG-242-20260814051726,REG-242,Tier 2,the_paypers,The Paypers,The Paypers Payments News,Fintech Haberi,https://thepaypers.com/news,Yuno raises USD 45 million Series B for payments platform,2026-08-13,https://thepaypers.com/payments/news/yuno-raises-usd-45-million-series-b-to-expand-payments-platform,"News
Payments
Yuno raises USD 45 million Series B to expand payments platform
Sinziana Albu
13 Aug 2026 / 5 Min Read
Yuno has raised USD 45 million in a Series B funding round led by Global PayTech Ventures, with participation from Andreessen Horowitz, Tiger Global, QuantumLight Capital, Monashees, Kaszek, Endeavor Catalyst, Rasmal Ventures, Further Ventures, and GrowthX Capital. The Colombia-founded payments infrastructure company said the capital will support its path to profitability and fund continued expansion of its platform for enterprise merchants, banks, and digital wallets.
Bank partnerships and product expansion
According to the official press release, Yuno has increasingly partnered with banks and payment providers that white-label its technology, including dLocal, the Nasdaq-listed cross-border payments platform, and Prosa, a payments processing network in Mexico, allowing a single contract to serve an entire market. Part of the new funding is earmarked for product expansion, with Yuno extending its platform to in-person payments, developing its agentic commerce capabilities, and scaling its presence in the US.
The round's regional backers point to Yuno's growing activity in the Middle East. In April 2026, Yuno Payments Arabia received a Payment Technical Service Provider certification from the Saudi Central Bank. The company has also partnered with Tap Payments to open access to local rails, including Mada, KNET, and NAPS, across all six Gulf Cooperation Council countries, and with buy-now-pay-later provider Tabby, which serves more than 25 million shoppers in Saudi Arabia and the UAE. ACI Worldwide has identified the Middle East as the fastest-growing real-time payments market globally, a factor cited by regional investors Rasmal Ventures, based in Qatar, and Further Ventures, based in the UAE, alongside GrowthX Capital, in their decision to participate in the round.
According to
Juan Pablo Ortega
, Co-Founder and CEO of Yuno, the funding is intended to help the company keep pace with existing customers' growth and extend its position in global payments infrastructure, with an expected path to profitability within the coming year. Moreover,
Soumaya Ben Beya
Dridje
, Partner at Rasmal Ventures, which led the round and holds a board seat at Yuno, said the company's combination of global reach and local payment coverage supported the firm's investment decision.
Keywords:
funding round
investment
payments
ecommerce
financial services
agentic commerce
Countries:
World
News on Payments
13 Aug 2026
5 min read
finby deploys Wero for pan-European ecommerce payments
Klarna partners with Housecall Pro on US home services payments
Mastercard partners with PEXA, increasing certainty for UK homebuyers
Bank of America, JPMorgan Chase adopt new Swift payments framework
Expert views on Payments
From transactions to intelligence: how generative and agentic AI is reshaping payments
12 Aug 2026
12 min read
Why the TIPS cross-currency pilot matters for cross-border payments
8 min read
Webinar recap: agentic commerce is changing discovery, not checkout ownership
10 Aug 2026
Instant payments: how the US trajectory compares to Europe's regulation-driven model
06 Aug 2026
6 min read
Swipe for reflection | August – have a break: feast on words
05 Aug 2026
The Paypers is a global hub for market insights, real-time news, expert interviews, and in-depth analyses and resources across payments, fintech, and the digital economy. We deliver reports, webinars, and commentary on key topics, including regulation, real-time payments, cross-border payments and ecommerce, digital identity, payment innovation and infrastructure, Open Banking, Embedded Finance, crypto, fraud and financial crime prevention, and more – all developed in collaboration with industry experts and leaders.
Categories
Fraud and Fincrime
Fintech
Crypto, Web3 and CBDC
Regulations
M&A and Investments
Current themes
A2A Payments
Payment Orchestration
TradFi and DeFi Convergence
KYC, KYB and Digital Identity
Scams and Fraud
Embedded Finance
Real-Time Payments
The Paypers
Team
Advertise
About
Contact
Prinsengracht 777e
1017 JZ Amsterdam
P: +31 20 658 0652
E: editor@thepaypers.com
No part of this site can be reproduced without explicit permission of The Paypers (v2.7).
Privacy Policy
Cookie Statement
Copyright",1c79518a27d2b57e17a7cc6dff83dbbf020aa117b01a2e87999e8af50b3cbaed,https://thepaypers.com/payments/news/yuno-raises-usd-45-million-series-b-to-expand-payments-platform,yuno raises usd 45 million series b for payments platform,1c79518a27d2b57e17a7cc6dff83dbbf020aa117b01a2e87999e8af50b3cbaed,2026-08-14T05:17:36.723461+00:00,detail_page_fetch,İlgisiz,Bağımsız Gelişme,Good,2026-08-13,,,,Yayın Tarihi,2026-08-13,publication_date,Yayın tarihi bulundu; recency için kullanıldı.,False,,False,,2026-08-13,Yüksek,english_publication_date,True,2026-08-08,Kesim tarihi ve tarih güveni uygun: 2026-08-13,İş Birliği,True,"İş birliği, mutabakat veya entegrasyon duyurusu içeriyor.",True,True,True,https://thepaypers.com/news
