audit_id,run_id,institution_name,source_id,source_name,candidate_title,candidate_url,canonical_item_url,normalized_title,content_fingerprint,raw_date_text,publication_date,announcement_date,campaign_start_date,campaign_end_date,event_date_type,recency_basis_date,recency_basis_reason,is_active_campaign,active_campaign_reason,normalized_item_date,date_confidence,date_source,is_recent,recency_cutoff,recency_reason,development_candidate_type,is_actual_development,actual_development_reason,item_quality,saved_to_recent_items,rejected_reason,duplicate_of_recent_item_id,checked_at
RIAUD-38094141a3d1,RUN-20260616113732,Garanti BBVA,REG-003,Garanti BBVA Kurumsal communication / press releases,Garanti BBVA TOBFED İş Birliği,https://www.garantibbva.com.tr/content/public-website/kurumsal-iletisim/garanti-bbva-tobfed-is-birligi,https://www.garantibbva.com.tr/content/public-website/kurumsal-iletisim/garanti-bbva-tobfed-is-birligi,garanti bbva tobfed i̇ş birliği,a24aafe826c1a45ecc2760fcebb491baffc149e2dbb60dda00c3b10b859937f4,22 Mayıs 2026,,2026-05-22,,,Duyuru Tarihi,2026-05-22,Duyuru/basın tarihi bulundu; recency için kullanıldı.,False,,2026-05-22,Yüksek,announcement_date,True,2026-05-01,Kesim tarihi ve tarih güveni uygun: 2026-05-22,Kampanya,True,Kampanya veya müşteri teklifi sinyali içeriyor.,Good,True,,,2026-06-16T11:37:32.445625+00:00
RIAUD-444808043a64,RUN-20260616113732,Garanti BBVA,REG-003,Garanti BBVA Kurumsal communication / press releases,Ödeme İste API ile Tahsilatta Yeni Dönem,https://www.garantibbva.com.tr/content/public-website/kurumsal-iletisim/odeme-iste-api-ile-tahsilatta-yeni-donem,https://www.garantibbva.com.tr/content/public-website/kurumsal-iletisim/odeme-iste-api-ile-tahsilatta-yeni-donem,ödeme i̇ste api ile tahsilatta yeni dönem,68979aa86c2dbfe46a8488cda73f18c7e9e122103556c82936276a5a960b782c,21 Mayıs 2026,,2026-05-21,,,Duyuru Tarihi,2026-05-21,Duyuru/basın tarihi bulundu; recency için kullanıldı.,False,,2026-05-21,Yüksek,announcement_date,True,2026-05-01,Kesim tarihi ve tarih güveni uygun: 2026-05-21,İş Birliği,True,"İş birliği, mutabakat veya entegrasyon duyurusu içeriyor.",Good,True,,,2026-06-16T11:37:34.343681+00:00
RIAUD-ee70ecda8cab,RUN-20260616113732,Garanti BBVA,REG-003,Garanti BBVA Kurumsal communication / press releases,Sorumlu Tedarik Zinciri Bağımsız Güvence ve Uyum Raporu,https://www.garantibbva.com.tr/content/public-website/kurumsal-iletisim/sorumlu-tedarik-zinciri-bagimsiz-guvence-ve-uyum-raporu,https://www.garantibbva.com.tr/content/public-website/kurumsal-iletisim/sorumlu-tedarik-zinciri-bagimsiz-guvence-ve-uyum-raporu,sorumlu tedarik zinciri bağımsız güvence ve uyum raporu,b49972bb8ecaf73f55d69eb672a16906e26c463209349c5eb9c6e7883ef94218,16 Haziran 2026,,2026-06-16,,,Duyuru Tarihi,2026-06-16,Duyuru/basın tarihi bulundu; recency için kullanıldı.,False,,2026-06-16,Yüksek,announcement_date,True,2026-05-01,Kesim tarihi ve tarih güveni uygun: 2026-06-16,Ürün / Özellik Gelişmesi,True,"Ürün, API, POS, ödeme, tahsilat veya dijital özellik gelişmesi sinyali içeriyor.",Good,True,,,2026-06-16T11:37:34.577234+00:00
RIAUD-5309bf35d65e,RUN-20260616113732,Garanti BBVA,REG-003,Garanti BBVA Kurumsal communication / press releases,Kadın Girişimcilerin Finansmana Erişimi İçin Yeni Destek,https://www.garantibbva.com.tr/content/public-website/kurumsal-iletisim/kadin-girisimcilerin-finansmana-erisimi-icin-yeni-destek,https://www.garantibbva.com.tr/content/public-website/kurumsal-iletisim/kadin-girisimcilerin-finansmana-erisimi-icin-yeni-destek,kadın girişimcilerin finansmana erişimi i̇çin yeni destek,ca398f9366f29f39ff337f0c054a0da59ebd4bbf19e0699d7c2bce9604ff5993,12 Haziran 2026,,2026-06-12,,,Duyuru Tarihi,2026-06-12,Duyuru/basın tarihi bulundu; recency için kullanıldı.,False,,2026-06-12,Yüksek,announcement_date,True,2026-05-01,Kesim tarihi ve tarih güveni uygun: 2026-06-12,Kampanya,True,Kampanya veya müşteri teklifi sinyali içeriyor.,Good,True,,,2026-06-16T11:37:34.994228+00:00
RIAUD-7f69425cd6c7,RUN-20260616113732,Garanti BBVA,REG-003,Garanti BBVA Kurumsal communication / press releases,Garanti BBVA Sürdürülebilir Sendikasyon Kredisi,https://www.garantibbva.com.tr/content/public-website/kurumsal-iletisim/garanti-bbva-surdurulebilir-sendikasyon-kredisi,https://www.garantibbva.com.tr/content/public-website/kurumsal-iletisim/garanti-bbva-surdurulebilir-sendikasyon-kredisi,garanti bbva sürdürülebilir sendikasyon kredisi,ba2e94f6579fb0d0e3c8c5a22b1c4345bc0a523bc58b2926862513555837d065,11 Haziran 2026,,2026-06-11,,,Duyuru Tarihi,2026-06-11,Duyuru/basın tarihi bulundu; recency için kullanıldı.,False,,2026-06-11,Yüksek,announcement_date,True,2026-05-01,Kesim tarihi ve tarih güveni uygun: 2026-06-11,Kampanya,True,Kampanya veya müşteri teklifi sinyali içeriyor.,Good,True,,,2026-06-16T11:37:35.225603+00:00
RIAUD-4161e9920fbf,RUN-20260616113732,Garanti BBVA,REG-003,Garanti BBVA Kurumsal communication / press releases,Global Summit of Women 2026,https://www.garantibbva.com.tr/content/public-website/kurumsal-iletisim/global-summit-of-women-2026,https://www.garantibbva.com.tr/content/public-website/kurumsal-iletisim/global-summit-of-women-2026,global summit of women 2026,82fb782bfdb26b316ea38a0c0a386ad61fdaa9412ea3fc30b9bc7e50096e1f28,8 Haziran 2026,,2026-06-08,,,Duyuru Tarihi,2026-06-08,Duyuru/basın tarihi bulundu; recency için kullanıldı.,False,,2026-06-08,Yüksek,announcement_date,True,2026-05-01,Kesim tarihi ve tarih güveni uygun: 2026-06-08,İş Birliği,True,"İş birliği, mutabakat veya entegrasyon duyurusu içeriyor.",Good,True,,,2026-06-16T11:37:35.478938+00:00
RIAUD-343dd830780e,RUN-20260616113732,Garanti BBVA,REG-003,Garanti BBVA Kurumsal communication / press releases,Kurumsal Hafızada 80 Yıllık Yolculuk,https://www.garantibbva.com.tr/content/public-website/kurumsal-iletisim/kurumsal-hafizada-80-yillik-yolculuk,https://www.garantibbva.com.tr/content/public-website/kurumsal-iletisim/kurumsal-hafizada-80-yillik-yolculuk,kurumsal hafızada 80 yıllık yolculuk,adce12a56e0f69638a98714d41052e9fd75aa57afd2f194baa1bc4c7960f7ffc,2 Haziran 2026,,2026-06-02,,,Duyuru Tarihi,2026-06-02,Duyuru/basın tarihi bulundu; recency için kullanıldı.,False,,2026-06-02,Yüksek,announcement_date,True,2026-05-01,Kesim tarihi ve tarih güveni uygun: 2026-06-02,Sosyal Sorumluluk / PR,False,"KOBİ stratejisine doğrudan bağlanmayan kültür, sanat veya sosyal sorumluluk PR içeriği.",Good,False,"KOBİ stratejisine doğrudan bağlanmayan kültür, sanat veya sosyal sorumluluk PR içeriği.",,2026-06-16T11:37:36.019907+00:00
RIAUD-054fdcf43142,RUN-20260616113732,Garanti BBVA,REG-003,Garanti BBVA Kurumsal communication / press releases,Garanti BBVA Leasing Sürdürülebilirlik Çerçeve Mutabakatı,https://www.garantibbva.com.tr/content/public-website/kurumsal-iletisim/garanti-bbva-leasing-surdurulebilirlik-cerceve-mutabakati,https://www.garantibbva.com.tr/content/public-website/kurumsal-iletisim/garanti-bbva-leasing-surdurulebilirlik-cerceve-mutabakati,garanti bbva leasing sürdürülebilirlik çerçeve mutabakatı,25c926204aac9f48397bdaad6bb2e98e168eb735f29027f7a51dd314a5a78332,01 Haziran 2026,,2026-06-01,,,Duyuru Tarihi,2026-06-01,Duyuru/basın tarihi bulundu; recency için kullanıldı.,False,,2026-06-01,Yüksek,announcement_date,True,2026-05-01,Kesim tarihi ve tarih güveni uygun: 2026-06-01,İş Birliği,True,"İş birliği, mutabakat veya entegrasyon duyurusu içeriyor.",Good,True,,,2026-06-16T11:37:36.239455+00:00
RIAUD-4664276fad5d,RUN-20260616113732,Garanti BBVA,REG-003,Garanti BBVA Kurumsal communication / press releases,Salt 15 Yıldır Kültür Mirasını Geleceğe Taşıyor,https://www.garantibbva.com.tr/content/public-website/kurumsal-iletisim/salt-15-yildir-kultur-mirasini-gelecege-tasiyor,https://www.garantibbva.com.tr/content/public-website/kurumsal-iletisim/salt-15-yildir-kultur-mirasini-gelecege-tasiyor,salt 15 yıldır kültür mirasını geleceğe taşıyor,15c7b7f4495d1920ac1b218cf7bf2090cf609417dad38c067526be595271182c,22 Mayıs 2026,,2026-05-22,,,Duyuru Tarihi,2026-05-22,Duyuru/basın tarihi bulundu; recency için kullanıldı.,False,,2026-05-22,Yüksek,announcement_date,True,2026-05-01,Kesim tarihi ve tarih güveni uygun: 2026-05-22,Ürün / Özellik Gelişmesi,True,"Ürün, API, POS, ödeme, tahsilat veya dijital özellik gelişmesi sinyali içeriyor.",Good,True,,,2026-06-16T11:37:36.437561+00:00
RIAUD-2d22a99361a4,RUN-20260616113732,Garanti BBVA,REG-003,Garanti BBVA Kurumsal communication / press releases,Global Finance Türkiye’nin En İyi Bankası Ödülü,https://www.garantibbva.com.tr/content/public-website/kurumsal-iletisim/global-finance-turkiye-nin-en-iyi-bankasi-odulu-2026,https://www.garantibbva.com.tr/content/public-website/kurumsal-iletisim/global-finance-turkiye-nin-en-iyi-bankasi-odulu-2026,global finance türkiye’nin en i̇yi bankası ödülü,28d339a253acbc308a56fdf92b8e29d6c88cabf95eed0864d39397b2498a8ac6,20 Mayıs 2026,,2026-05-20,,,Duyuru Tarihi,2026-05-20,Duyuru/basın tarihi bulundu; recency için kullanıldı.,False,,2026-05-20,Yüksek,announcement_date,True,2026-05-01,Kesim tarihi ve tarih güveni uygun: 2026-05-20,Ürün / Özellik Gelişmesi,True,"Ürün, API, POS, ödeme, tahsilat veya dijital özellik gelişmesi sinyali içeriyor.",Good,True,,,2026-06-16T11:37:36.654702+00:00
RIAUD-d7f730d7418e,RUN-20260616113732,Garanti BBVA,REG-003,Garanti BBVA Kurumsal communication / press releases,Türkiye 2025 İklim Değişikliği ve Doğa Raporu,https://www.garantibbva.com.tr/content/public-website/kurumsal-iletisim/dunyadaki-27-triple-a-seviyesindeki-sirketten-5i-turkiyeden,https://www.garantibbva.com.tr/content/public-website/kurumsal-iletisim/dunyadaki-27-triple-a-seviyesindeki-sirketten-5i-turkiyeden,türkiye 2025 i̇klim değişikliği ve doğa raporu,0d002b60f0954a1cc08cb08c3cd9e0e290b2849c3133af9b00b73049c66b47a8,20 Mayıs 2026,,2026-05-20,,,Duyuru Tarihi,2026-05-20,Duyuru/basın tarihi bulundu; recency için kullanıldı.,False,,2026-05-20,Yüksek,announcement_date,True,2026-05-01,Kesim tarihi ve tarih güveni uygun: 2026-05-20,Kampanya,True,Kampanya veya müşteri teklifi sinyali içeriyor.,Good,True,,,2026-06-16T11:37:38.375591+00:00
RIAUD-dabf88659bf2,RUN-20260616113732,Garanti BBVA,REG-003,Garanti BBVA Kurumsal communication / press releases,Eşitlik İçin Empati,https://www.garantibbva.com.tr/content/public-website/kurumsal-iletisim/esitlik-icin-empati,https://www.garantibbva.com.tr/content/public-website/kurumsal-iletisim/esitlik-icin-empati,eşitlik i̇çin empati,7ae6234dc91b6c9b33b5dbe8081baabe1caa12381a31fe2bbf44a0aaeb2a9653,22 Mayıs 2026,,2026-05-22,,,Duyuru Tarihi,2026-05-22,Duyuru/basın tarihi bulundu; recency için kullanıldı.,False,,2026-05-22,Yüksek,announcement_date,True,2026-05-01,Kesim tarihi ve tarih güveni uygun: 2026-05-22,Kampanya,True,Kampanya veya müşteri teklifi sinyali içeriyor.,Poor,False,title_too_short,,2026-06-16T11:37:38.597592+00:00
RIAUD-3fff7719bfec,RUN-20260616113919,İş Bankası,REG-006,İş Bankası Duyurular,Kobilere Özel Avantajlı Maaş Hesabı Kampanyası | Türkiye İş Bankası,https://www.isbank.com.tr/kampanyalar/maas-anlasmasi-kampanyasi,https://www.isbank.com.tr/kampanyalar/maas-anlasmasi-kampanyasi,kobilere özel avantajlı maaş hesabı kampanyası,819b10200147aee28fed4e852c338bec684134178c5c9acb18a575c8addde53b,1 Ocak 2026,,,,2026-01-01,Kampanya Bitiş Tarihi,2026-01-01,Sadece kampanya bitiş tarihi bulundu; varsayılan recency kanıtı sayılmadı.,False,Kampanya bitiş tarihi kesim tarihinden sonra; aktif eski kampanya olabilir.,2026-01-01,Yüksek,campaign_end_date,False,2026-05-01,Sadece kampanya bitiş tarihi bulundu; yeni gelişme kanıtı değil,Kampanya,True,Kampanya veya müşteri teklifi sinyali içeriyor.,Good,False,Sadece kampanya bitiş tarihi bulundu; yeni gelişme kanıtı değil,,2026-06-16T11:39:27.807807+00:00
RIAUD-bc75278034dd,RUN-20260616113919,İş Bankası,REG-006,İş Bankası Duyurular,Avantajlı Çalışma Koşullarıyla Anında POS İş Bankası'nda! | Türkiye İş Bankası A.Ş.,https://www.isbank.com.tr/kampanyalar/aninda-pos-kampanyasi,https://www.isbank.com.tr/kampanyalar/aninda-pos-kampanyasi,avantajlı çalışma koşullarıyla anında pos i̇ş bankası'nda!,d6db3a3b52f71f014998a82b02ef39feac59761ef4b51b5a7da3bea7171d7d3d,01 Mayıs 2026,,,,2026-05-01,Kampanya Bitiş Tarihi,2026-05-01,Sadece kampanya bitiş tarihi bulundu; varsayılan recency kanıtı sayılmadı.,True,Kampanya bitiş tarihi kesim tarihinden sonra; aktif eski kampanya olabilir.,2026-05-01,Yüksek,campaign_end_date,False,2026-05-01,Sadece kampanya bitiş tarihi bulundu; yeni gelişme kanıtı değil,Kampanya,True,Kampanya veya müşteri teklifi sinyali içeriyor.,Good,False,Sadece kampanya bitiş tarihi bulundu; yeni gelişme kanıtı değil,,2026-06-16T11:39:32.326859+00:00
RIAUD-ed0010fe116c,RUN-20260616113919,İş Bankası,REG-006,İş Bankası Duyurular,Duyurular | Türkiye İş Bankası A.Ş.,https://www.isbank.com.tr/duyurular,https://www.isbank.com.tr/duyurular,duyurular,e7f6532bf974bc752f0fabe96c2b19a0a33bc2ff64a204f20f627a4a39384835,15 Mayıs 2026,,2026-05-15,,,Duyuru Tarihi,2026-05-15,Duyuru/basın tarihi bulundu; recency için kullanıldı.,False,,2026-05-15,Yüksek,announcement_date,True,2026-05-01,Kesim tarihi ve tarih güveni uygun: 2026-05-15,İş Birliği,True,"İş birliği, mutabakat veya entegrasyon duyurusu içeriyor.",Poor,False,item_url_equals_source_url,,2026-06-16T11:39:44.902434+00:00
RIAUD-9430c74a5b30,RUN-20260616113919,İş Bankası,REG-006,İş Bankası Duyurular,Haberler ve Medya | Türkiye İş Bankası,https://www.isbank.com.tr/bankamizi-taniyin/haberler-ve-medya,https://www.isbank.com.tr/bankamizi-taniyin/haberler-ve-medya,haberler ve medya,e1deb61b48d0c3ad603b72d6e545127301928417ae388e61ac27ba928c813d33,,,,,,Belirsiz,,Tarih yok; varsayılan kapıdan geçmedi.,False,,,Yok,missing,False,2026-05-01,Tarih yok; varsayılan kapıdan geçmedi,Basın Bülteni,True,Basın/haber kaynağından gelen tekil ve tarihli duyuru adayı.,Poor,False,detail_text_too_short,,2026-06-16T11:39:45.667037+00:00
RIAUD-726a5477fa70,RUN-20260616113919,İş Bankası,REG-006,İş Bankası Duyurular,buradan​,https://www.isbank.com.tr/contentmanagement/Documents/mevduat-yatirim/duyuru-2021.pdf,https://www.isbank.com.tr/contentmanagement/Documents/mevduat-yatirim/duyuru-2021.pdf,buradan​,f9eab1cc2bc432a86f3125a5c3ef43207479f06c7eb0bb1db0e721e8f4d455f1,,,,,,Belirsiz,,Tarih yok; varsayılan kapıdan geçmedi.,False,,,Yok,missing,False,2026-05-01,Tarih yok; varsayılan kapıdan geçmedi,Basın Bülteni,True,Basın/haber kaynağından gelen tekil ve tarihli duyuru adayı.,Poor,False,title_too_short,,2026-06-16T11:39:51.304297+00:00
RIAUD-6b9c4acacca5,RUN-20260616113919,İş Bankası,REG-006,İş Bankası Duyurular,Yeni Ticari Kredi Kartı Müşterilerimize Hoş Geldin Kampanyası | Türkiye İş Bankası,https://www.isbank.com.tr/kampanyalar/yeni-ticari-kredi-karti-musterilerimize-hos-geldin-kampanyasi,https://www.isbank.com.tr/kampanyalar/yeni-ticari-kredi-karti-musterilerimize-hos-geldin-kampanyasi,yeni ticari kredi kartı müşterilerimize hoş geldin kampanyası,510586871f26beb7e5cd6a768a6f9f0cdfb1f241372bfde45e1c897d53ec1e51,1 Nisan – 30 Haziran 2026,,,2026-04-01,2026-06-30,Kampanya Başlangıç Tarihi,2026-04-01,Kampanya başlangıç tarihi bulundu; recency için kullanıldı.,True,Recency baz tarihi eski; kampanya bitiş tarihi kesim tarihinden sonra görünüyor.,2026-04-01,Yüksek,campaign_start_date,False,2026-05-01,Kesim tarihinden eski: 2026-04-01 < 2026-05-01,Kampanya,True,Kampanya veya müşteri teklifi sinyali içeriyor.,Good,False,Kesim tarihinden eski: 2026-04-01 < 2026-05-01,,2026-06-16T11:39:55.633853+00:00
RIAUD-5cb92a842995,RUN-20260616113919,İş Bankası,REG-006,İş Bankası Duyurular,Maximum’un 25.Yılına Özel Ticari Kredi Kartınız ile Yapacağınız Harcamalara MaxiPuan Fırsatı! | Türkiye İş Bankası A.Ş.,https://www.isbank.com.tr/kampanyalar/maximumun-25-yilina-ozel-ticari-kredi-kartiniz-ile-yapacaginiz-harcamalara-maxipuan,https://www.isbank.com.tr/kampanyalar/maximumun-25-yilina-ozel-ticari-kredi-kartiniz-ile-yapacaginiz-harcamalara-maxipuan,maximum’un 25.yılına özel ticari kredi kartınız ile yapacağınız harcamalara maxipuan fırsatı!,3e7d2a6fc0d322a8fad9f2da132098d5964a749d0922d203f4082d6bd40ac3ae,1 – 30 Haziran 2026,,,2026-06-01,2026-06-30,Kampanya Başlangıç Tarihi,2026-06-01,Kampanya başlangıç tarihi bulundu; recency için kullanıldı.,True,Kampanya tarih aralığı bulundu.,2026-06-01,Yüksek,campaign_start_date,True,2026-05-01,Kesim tarihi ve tarih güveni uygun: 2026-06-01,Kampanya,True,Kampanya veya müşteri teklifi sinyali içeriyor.,Good,True,,,2026-06-16T11:40:02.266197+00:00
RIAUD-f482f14a6e83,RUN-20260616113919,İş Bankası,REG-006,İş Bankası Duyurular,Maximum’un 25.Yılına Özel Ticari Kredi Kartlara Seçili Sektörlerde Taksit Fırsatı! | Türkiye İş Bankası A.Ş.,https://www.isbank.com.tr/kampanyalar/maximumun-25-yilina-ozel-ticari-kredi-kartlara-secili-sektorlerde-taksit-firsati,https://www.isbank.com.tr/kampanyalar/maximumun-25-yilina-ozel-ticari-kredi-kartlara-secili-sektorlerde-taksit-firsati,maximum’un 25.yılına özel ticari kredi kartlara seçili sektörlerde taksit fırsatı!,8ef82c3c2979367e982f66d4ab2b377ab8865e95168a724668eeb2bc1274d680,1 - 30 Haziran 2026,,,2026-06-01,2026-06-30,Kampanya Başlangıç Tarihi,2026-06-01,Kampanya başlangıç tarihi bulundu; recency için kullanıldı.,True,Kampanya tarih aralığı bulundu.,2026-06-01,Yüksek,campaign_start_date,True,2026-05-01,Kesim tarihi ve tarih güveni uygun: 2026-06-01,Kampanya,True,Kampanya veya müşteri teklifi sinyali içeriyor.,Good,True,,,2026-06-16T11:40:07.857763+00:00
RIAUD-852b4511d918,RUN-20260616113919,İş Bankası,REG-006,İş Bankası Duyurular,Ticari Bankamatik Kartınız ile Yapacağınız Harcamalara MaxiPuan Fırsatı! | Türkiye İş Bankası A.Ş.,https://www.isbank.com.tr/kampanyalar/ticari-bankamatik-kartiniz-ile-yapacaginiz-harcamalara-maxipuan-kampanyasi,https://www.isbank.com.tr/kampanyalar/ticari-bankamatik-kartiniz-ile-yapacaginiz-harcamalara-maxipuan-kampanyasi,ticari bankamatik kartınız ile yapacağınız harcamalara maxipuan fırsatı!,2f00ba9475a68a4412125084c56d97b5988cc7406aca7fe35fd6cedaba0ed9f8,1 – 30 Haziran 2026,,,2026-06-01,2026-06-30,Kampanya Başlangıç Tarihi,2026-06-01,Kampanya başlangıç tarihi bulundu; recency için kullanıldı.,True,Kampanya tarih aralığı bulundu.,2026-06-01,Yüksek,campaign_start_date,True,2026-05-01,Kesim tarihi ve tarih güveni uygun: 2026-06-01,Kampanya,True,Kampanya veya müşteri teklifi sinyali içeriyor.,Good,True,,,2026-06-16T11:40:11.383314+00:00
RIAUD-8361561e287d,RUN-20260616113919,İş Bankası,REG-006,İş Bankası Duyurular,Ticari Kredi Kartları ile Yurt Dışı Harcamalara MaxiPuan Fırsatı! | Türkiye İş Bankası A.Ş.,https://www.isbank.com.tr/kampanyalar/ticari-kredi-karti-ile-yurt-disi-harcamalara-maxipuan-firsati,https://www.isbank.com.tr/kampanyalar/ticari-kredi-karti-ile-yurt-disi-harcamalara-maxipuan-firsati,ticari kredi kartları ile yurt dışı harcamalara maxipuan fırsatı!,81be8f1d4beab16e53303a35c54f6c2ed4683a4bc1e5c6c6ea4c7abfbe1b86cf,1 – 30 Haziran 2026,,,2026-06-01,2026-06-30,Kampanya Başlangıç Tarihi,2026-06-01,Kampanya başlangıç tarihi bulundu; recency için kullanıldı.,True,Kampanya tarih aralığı bulundu.,2026-06-01,Yüksek,campaign_start_date,True,2026-05-01,Kesim tarihi ve tarih güveni uygun: 2026-06-01,Kampanya,True,Kampanya veya müşteri teklifi sinyali içeriyor.,Good,True,,,2026-06-16T11:40:14.639007+00:00
RIAUD-5348e5850895,RUN-20260616113919,İş Bankası,REG-006,İş Bankası Duyurular,Suya Değer Kredisi Kampanyası | Türkiye İş Bankası A.Ş.,https://www.isbank.com.tr/kampanyalar/suya-deger-kredisi,https://www.isbank.com.tr/kampanyalar/suya-deger-kredisi,suya değer kredisi kampanyası,104b823083b8d166e16feaa981bbe498d4bed74c0aaacc74c8378dbd789979c7,30.06.2026,,,,2026-06-30,Kampanya Bitiş Tarihi,2026-06-30,Sadece kampanya bitiş tarihi bulundu; varsayılan recency kanıtı sayılmadı.,True,Kampanya bitiş tarihi kesim tarihinden sonra; aktif eski kampanya olabilir.,2026-06-30,Orta,campaign_end_date,False,2026-05-01,Sadece kampanya bitiş tarihi bulundu; yeni gelişme kanıtı değil,Kampanya,True,Kampanya veya müşteri teklifi sinyali içeriyor.,Good,False,Sadece kampanya bitiş tarihi bulundu; yeni gelişme kanıtı değil,,2026-06-16T11:40:19.219376+00:00
RIAUD-7851f606ff57,RUN-20260616113919,İş Bankası,REG-006,İş Bankası Duyurular,Paygo SP630 ECR Mobil ÖKC ve Hugin Tiger T300 Mobil ÖKC Kampanyası | Türkiye İş Bankası A.Ş.,https://www.isbank.com.tr/kampanyalar/hugin-paygo-mobil-okc-kampanyasi,https://www.isbank.com.tr/kampanyalar/hugin-paygo-mobil-okc-kampanyasi,paygo sp630 ecr mobil ökc ve hugin tiger t300 mobil ökc kampanyası,623c1d35da74ba2449420f0bdf73033ef8f148deffc9f1591b6261456ea29336,31.12.2026,,,,2026-12-31,Kampanya Bitiş Tarihi,2026-12-31,Sadece kampanya bitiş tarihi bulundu; varsayılan recency kanıtı sayılmadı.,True,Kampanya bitiş tarihi kesim tarihinden sonra; aktif eski kampanya olabilir.,2026-12-31,Orta,campaign_end_date,False,2026-05-01,Sadece kampanya bitiş tarihi bulundu; yeni gelişme kanıtı değil,Kampanya,True,Kampanya veya müşteri teklifi sinyali içeriyor.,Good,False,Sadece kampanya bitiş tarihi bulundu; yeni gelişme kanıtı değil,,2026-06-16T11:40:21.410607+00:00
RIAUD-4b185568db2c,RUN-20260616113919,İş Bankası,REG-006,İş Bankası Duyurular,Organize Sanayi Bölgelerinde (OSB) Faaliyet Gösteren KOBİ’lerimize Yönelik Finansman Paketi | Türkiye İş Bankası A.Ş.,https://www.isbank.com.tr/kampanyalar/osb-faaliyet-gosteren-kobilerimize-yonelik-finansman-paketi,https://www.isbank.com.tr/kampanyalar/osb-faaliyet-gosteren-kobilerimize-yonelik-finansman-paketi,organize sanayi bölgelerinde (osb) faaliyet gösteren kobi̇’lerimize yönelik finansman paketi,cbb0b8e3274f628e91ecd3b2fe55b57c5c92176f8258c85e82602ca4c58a6e09,13 Haziran 2024,,,,2024-06-13,Kampanya Bitiş Tarihi,2024-06-13,Sadece kampanya bitiş tarihi bulundu; varsayılan recency kanıtı sayılmadı.,False,Kampanya bitiş tarihi kesim tarihinden sonra; aktif eski kampanya olabilir.,2024-06-13,Yüksek,campaign_end_date,False,2026-05-01,Sadece kampanya bitiş tarihi bulundu; yeni gelişme kanıtı değil,Kampanya,True,Kampanya veya müşteri teklifi sinyali içeriyor.,Good,False,Sadece kampanya bitiş tarihi bulundu; yeni gelişme kanıtı değil,,2026-06-16T11:40:22.720894+00:00
RIAUD-3a4ff6ff5c3e,RUN-20260616113919,İş Bankası,REG-006,İş Bankası Duyurular,amazon-pazar-yeri-hak-edis-odemesi-kampanyasi | Türkiye İş Bankası A.Ş.,https://www.isbank.com.tr/kampanyalar/amazon-pazar-yeri-hak-edis-odemesi-kampanyasi,https://www.isbank.com.tr/kampanyalar/amazon-pazar-yeri-hak-edis-odemesi-kampanyasi,amazon-pazar-yeri-hak-edis-odemesi-kampanyasi,280e2ff4556391f859723675aaf46bbd31a434f8050f79234144b790ebc6a3c8,01.02.2026,,,,2026-02-01,Kampanya Bitiş Tarihi,2026-02-01,Sadece kampanya bitiş tarihi bulundu; varsayılan recency kanıtı sayılmadı.,False,Kampanya bitiş tarihi kesim tarihinden sonra; aktif eski kampanya olabilir.,2026-02-01,Yüksek,campaign_end_date,False,2026-05-01,Sadece kampanya bitiş tarihi bulundu; yeni gelişme kanıtı değil,Kampanya,True,Kampanya veya müşteri teklifi sinyali içeriyor.,Good,False,Sadece kampanya bitiş tarihi bulundu; yeni gelişme kanıtı değil,,2026-06-16T11:40:23.781909+00:00
RIAUD-7dd669dd48fe,RUN-20260616113919,İş Bankası,REG-006,İş Bankası Duyurular,esnafa-3lu-kazanc-paketi | Türkiye İş Bankası A.Ş.,https://www.isbank.com.tr/kampanyalar/esnafa-3lu-kazanc-paketi,https://www.isbank.com.tr/kampanyalar/esnafa-3lu-kazanc-paketi,esnafa-3lu-kazanc-paketi,cf2f4c1e6d131cac30db6d77f3d7fc7cf67470b1640528c8d4dc5a64518b3b65,01.06.2026-30.06.2026,,,2026-06-01,2026-06-30,Kampanya Başlangıç Tarihi,2026-06-01,Kampanya başlangıç tarihi bulundu; recency için kullanıldı.,True,Kampanya tarih aralığı bulundu.,2026-06-01,Yüksek,campaign_start_date,True,2026-05-01,Kesim tarihi ve tarih güveni uygun: 2026-06-01,Kampanya,True,Kampanya veya müşteri teklifi sinyali içeriyor.,Good,True,,,2026-06-16T11:40:25.240715+00:00
RIAUD-197dcb14bf1a,RUN-20260616113919,İş Bankası,REG-006,İş Bankası Duyurular,Maximiles Business Startup Kredi Kartı İle Webrazzi Biletleri İndirimli! | Türkiye İş Bankası A.Ş.,https://www.isbank.com.tr/kampanyalar/startup-kredi-karti-ile-webrazzi-biletleri-indirimli,https://www.isbank.com.tr/kampanyalar/startup-kredi-karti-ile-webrazzi-biletleri-indirimli,maximiles business startup kredi kartı i̇le webrazzi biletleri i̇ndirimli!,75de10682a21073a15e7809ec39678cab3041d4ed0c4845c5b7267c05d5ef747,09 Aralık 2026,,,,2026-12-09,Kampanya Bitiş Tarihi,2026-12-09,Sadece kampanya bitiş tarihi bulundu; varsayılan recency kanıtı sayılmadı.,True,Kampanya bitiş tarihi kesim tarihinden sonra; aktif eski kampanya olabilir.,2026-12-09,Yüksek,campaign_end_date,False,2026-05-01,Sadece kampanya bitiş tarihi bulundu; yeni gelişme kanıtı değil,Kampanya,True,Kampanya veya müşteri teklifi sinyali içeriyor.,Good,False,Sadece kampanya bitiş tarihi bulundu; yeni gelişme kanıtı değil,,2026-06-16T11:40:29.705033+00:00
RIAUD-64152138b6e0,RUN-20260616113919,İş Bankası,REG-006,İş Bankası Duyurular,Vergi Ödemelerinizi Taksitlendirme İmkanı | Türkiye İş Bankası A.Ş.,https://www.isbank.com.tr/kampanyalar/vergi-odemelerinizi-taksitlendirme-imkani,https://www.isbank.com.tr/kampanyalar/vergi-odemelerinizi-taksitlendirme-imkani,vergi ödemelerinizi taksitlendirme i̇mkanı,2cba852a21b7625b9320bd786dbd2e19d508b4c34e697014ac45472156f9512d,1 - 30 Haziran 2026,,,2026-06-01,2026-06-30,Kampanya Başlangıç Tarihi,2026-06-01,Kampanya başlangıç tarihi bulundu; recency için kullanıldı.,True,Kampanya tarih aralığı bulundu.,2026-06-01,Yüksek,campaign_start_date,True,2026-05-01,Kesim tarihi ve tarih güveni uygun: 2026-06-01,Kampanya,True,Kampanya veya müşteri teklifi sinyali içeriyor.,Good,True,,,2026-06-16T11:40:34.056249+00:00
RIAUD-7b2a8bbac939,RUN-20260616113919,İş Bankası,REG-006,İş Bankası Duyurular,İlk Ticari Kredi Kartına Özel Seçili Sektörlerde Faizsiz Taksit Fırsatı | Türkiye İş Bankası A.Ş.,https://www.isbank.com.tr/kampanyalar/ilk-ticari-kredi-kartina-ozel-secili-sektorlerde-taksit-firsati,https://www.isbank.com.tr/kampanyalar/ilk-ticari-kredi-kartina-ozel-secili-sektorlerde-taksit-firsati,i̇lk ticari kredi kartına özel seçili sektörlerde faizsiz taksit fırsatı,0548aa1bfd484160eb510354b9192f978416e5b21522d3e3cf18f983e47bd2cd,1– 30 Haziran 2026,,,2026-06-01,2026-06-30,Kampanya Başlangıç Tarihi,2026-06-01,Kampanya başlangıç tarihi bulundu; recency için kullanıldı.,True,Kampanya tarih aralığı bulundu.,2026-06-01,Yüksek,campaign_start_date,True,2026-05-01,Kesim tarihi ve tarih güveni uygun: 2026-06-01,Kampanya,True,Kampanya veya müşteri teklifi sinyali içeriyor.,Good,True,,,2026-06-16T11:40:37.809266+00:00
RIAUD-08a174ade7f4,RUN-20260616113919,İş Bankası,REG-006,İş Bankası Duyurular,Kredim POS'ta | Türkiye İş Bankası,https://www.isbank.com.tr/kredim-pos,https://www.isbank.com.tr/kredim-pos,kredim pos'ta,93241ca409a743d0189afaf332069e3ea8b39dffcee83005997fffd2bb0cad40,,,,,,Belirsiz,,Tarih yok; varsayılan kapıdan geçmedi.,False,,,Yok,missing,False,2026-05-01,Tarih yok; varsayılan kapıdan geçmedi,İş Birliği,True,"İş birliği, mutabakat veya entegrasyon duyurusu içeriyor.",Good,False,Tarih yok; varsayılan kapıdan geçmedi,,2026-06-16T11:40:38.345176+00:00
RIAUD-9af9669f4cee,RUN-20260616113919,İş Bankası,REG-006,İş Bankası Duyurular,Ödemeler ve Para Transferi | Türkiye İş Bankası,https://www.isbank.com.tr/odemeler-ve-para-transferi,https://www.isbank.com.tr/odemeler-ve-para-transferi,ödemeler ve para transferi,d1af7b2496fe84e7880d66d3c5e017a38554a20cbf22b7aa8a3f58f43c8a84fa,,,,,,Belirsiz,,Tarih yok; varsayılan kapıdan geçmedi.,False,,,Yok,missing,False,2026-05-01,Tarih yok; varsayılan kapıdan geçmedi,Kampanya,True,Kampanya veya müşteri teklifi sinyali içeriyor.,Good,False,Tarih yok; varsayılan kapıdan geçmedi,,2026-06-16T11:40:42.757932+00:00
RIAUD-25c970b32ddf,RUN-20260616113919,İş Bankası,REG-006,İş Bankası Duyurular,Online Kredi Kartı İle Trafik Cezası Ödeme ve Sorgulama | Türkiye İş Bankası,https://www.isbank.com.tr/trafik-cezasi-tpc-odeme,https://www.isbank.com.tr/trafik-cezasi-tpc-odeme,online kredi kartı i̇le trafik cezası ödeme ve sorgulama,dbbb12d4424d47ac555cc43df81e3fb49f67f6c031e130205336a84a3d8d96cf,,,,,,Belirsiz,,Tarih yok; varsayılan kapıdan geçmedi.,False,,,Yok,missing,False,2026-05-01,Tarih yok; varsayılan kapıdan geçmedi,Ürün / Özellik Gelişmesi,True,"Ürün, API, POS, ödeme, tahsilat veya dijital özellik gelişmesi sinyali içeriyor.",Good,False,Tarih yok; varsayılan kapıdan geçmedi,,2026-06-16T11:40:43.618151+00:00
RIAUD-93b38c1d3196,RUN-20260616113919,İş Bankası,REG-006,İş Bankası Duyurular,Tüketici Kredisi Ödeme İşlemleri | Türkiye İş Bankası,https://www.isbank.com.tr/tuketici-kredisi-odemeleri,https://www.isbank.com.tr/tuketici-kredisi-odemeleri,tüketici kredisi ödeme i̇şlemleri,3d00d092ac516820de02e63c48e64d15fa52e14fc805e467dd0f5fe964a15ede,,,,,,Belirsiz,,Tarih yok; varsayılan kapıdan geçmedi.,False,,,Yok,missing,False,2026-05-01,Tarih yok; varsayılan kapıdan geçmedi,Basın Bülteni,True,Basın/haber kaynağından gelen tekil ve tarihli duyuru adayı.,Good,False,Tarih yok; varsayılan kapıdan geçmedi,,2026-06-16T11:40:44.067160+00:00
RIAUD-a5739657aff0,RUN-20260616113919,İş Bankası,REG-006,İş Bankası Duyurular,Öğrenci Harcı Ödeme - Anlaşmalı Üniversiteler | Türkiye İş Bankası,https://www.isbank.com.tr/universite-harc-odeme,https://www.isbank.com.tr/universite-harc-odeme,öğrenci harcı ödeme - anlaşmalı üniversiteler,81730c42c7f56766dd330c892cf4d1c609c6d3aad5debaaec840b8f70f965f46,,,,,,Belirsiz,,Tarih yok; varsayılan kapıdan geçmedi.,False,,,Yok,missing,False,2026-05-01,Tarih yok; varsayılan kapıdan geçmedi,Sosyal Sorumluluk / PR,False,"KOBİ stratejisine doğrudan bağlanmayan kültür, sanat veya sosyal sorumluluk PR içeriği.",Good,False,Tarih yok; varsayılan kapıdan geçmedi,,2026-06-16T11:40:44.691010+00:00
RIAUD-b75b337caec2,RUN-20260616113919,İş Bankası,REG-006,İş Bankası Duyurular,Çevreye Duyarlı Ticari Krediler | Türkiye İş Bankası,https://www.isbank.com.tr/is-ticari/cevreye-duyarli-ticari-krediler,https://www.isbank.com.tr/is-ticari/cevreye-duyarli-ticari-krediler,çevreye duyarlı ticari krediler,e560ac850e20255364c99629d73a336f48268970e65af3eab94a82c81bd22a38,,,,,,Belirsiz,,Tarih yok; varsayılan kapıdan geçmedi.,False,,,Yok,missing,False,2026-05-01,Tarih yok; varsayılan kapıdan geçmedi,Kampanya,True,Kampanya veya müşteri teklifi sinyali içeriyor.,Good,False,Tarih yok; varsayılan kapıdan geçmedi,,2026-06-16T11:40:45.036181+00:00
RIAUD-03efa716f6ca,RUN-20260616113919,İş Bankası,REG-006,İş Bankası Duyurular,Ticari Ek Hesap | Türkiye İş Bankası A.Ş.,https://www.isbank.com.tr/is-ticari/ticari-ek-hesap,https://www.isbank.com.tr/is-ticari/ticari-ek-hesap,ticari ek hesap,c727b50108f1d357ee1021b4704f180b151f6beebdae57816bf1ac313a53c076,,,,,,Belirsiz,,Tarih yok; varsayılan kapıdan geçmedi.,False,,,Yok,missing,False,2026-05-01,Tarih yok; varsayılan kapıdan geçmedi,Kampanya,True,Kampanya veya müşteri teklifi sinyali içeriyor.,Good,False,Tarih yok; varsayılan kapıdan geçmedi,,2026-06-16T11:56:35.743954+00:00
RIAUD-c121b3c1a2ce,RUN-20260616113919,İş Bankası,REG-006,İş Bankası Duyurular,Ticari Kredi Faiz Hesaplama ve Başvuru | Türkiye İş Bankası A.Ş.,https://www.isbank.com.tr/is-ticari/ticari-krediler-faiz-oranlari,https://www.isbank.com.tr/is-ticari/ticari-krediler-faiz-oranlari,ticari kredi faiz hesaplama ve başvuru,63e2eea58a6c810a68a55faac18d33971b2fe29b66237cffe5c088aae866ed5a,,,,,,Belirsiz,,Tarih yok; varsayılan kapıdan geçmedi.,False,,,Yok,missing,False,2026-05-01,Tarih yok; varsayılan kapıdan geçmedi,Ürün / Özellik Gelişmesi,True,"Ürün, API, POS, ödeme, tahsilat veya dijital özellik gelişmesi sinyali içeriyor.",Good,False,Tarih yok; varsayılan kapıdan geçmedi,,2026-06-16T11:56:36.066769+00:00
RIAUD-27ecbc875309,RUN-20260616113919,İş Bankası,REG-006,İş Bankası Duyurular,Maximum Ticari Kredi Kartı | Türkiye İş Bankası,https://www.isbank.com.tr/is-ticari/maximum-sirket-kredi-karti,https://www.isbank.com.tr/is-ticari/maximum-sirket-kredi-karti,maximum ticari kredi kartı,77beb17362528742d59ba770f2b07387f58d905c64586ecc1ad28c9c8b0ed5d4,,,,,,Belirsiz,,Tarih yok; varsayılan kapıdan geçmedi.,False,,,Yok,missing,False,2026-05-01,Tarih yok; varsayılan kapıdan geçmedi,Kampanya,True,Kampanya veya müşteri teklifi sinyali içeriyor.,Good,False,Tarih yok; varsayılan kapıdan geçmedi,,2026-06-16T11:56:36.596449+00:00
RIAUD-87f356ce20de,RUN-20260616113919,İş Bankası,REG-006,İş Bankası Duyurular,Maximum Business Aidatsız Kredi Kartı | Türkiye İş Bankası,https://www.isbank.com.tr/is-ticari/maximum-business-aidatsiz-kredi-karti,https://www.isbank.com.tr/is-ticari/maximum-business-aidatsiz-kredi-karti,maximum business aidatsız kredi kartı,99780502ee799a520bc0ddbbd966e9add72498d86125af06215af063969330b3,,,,,,Belirsiz,,Tarih yok; varsayılan kapıdan geçmedi.,False,,,Yok,missing,False,2026-05-01,Tarih yok; varsayılan kapıdan geçmedi,Kampanya,True,Kampanya veya müşteri teklifi sinyali içeriyor.,Good,False,Tarih yok; varsayılan kapıdan geçmedi,,2026-06-16T11:56:36.938122+00:00
RIAUD-0ef5d8258e01,RUN-20260616113919,İş Bankası,REG-006,İş Bankası Duyurular,Maximiles Business Kart | Türkiye İş Bankası A.Ş.,https://www.isbank.com.tr/is-ticari/maximiles-business-kart,https://www.isbank.com.tr/is-ticari/maximiles-business-kart,maximiles business kart,ce60ae2c3806549fd35f170ca3a415ce240f82aff3f683d088e0352adc9f66a8,,,,,,Belirsiz,,Tarih yok; varsayılan kapıdan geçmedi.,False,,,Yok,missing,False,2026-05-01,Tarih yok; varsayılan kapıdan geçmedi,Kampanya,True,Kampanya veya müşteri teklifi sinyali içeriyor.,Good,False,Tarih yok; varsayılan kapıdan geçmedi,,2026-06-16T11:56:37.384165+00:00
RIAUD-b45b440f3b2b,RUN-20260616113919,İş Bankası,REG-006,İş Bankası Duyurular,Maximiles Business Startup Kart | Türkiye İş Bankası,https://www.isbank.com.tr/is-ticari/maximiles-business-startup-kart,https://www.isbank.com.tr/is-ticari/maximiles-business-startup-kart,maximiles business startup kart,839c9e14468004e1170c3e744c0368e58f56acbe5f21c46013aef7575cb4a226,,,,,,Belirsiz,,Tarih yok; varsayılan kapıdan geçmedi.,False,,,Yok,missing,False,2026-05-01,Tarih yok; varsayılan kapıdan geçmedi,Kampanya,True,Kampanya veya müşteri teklifi sinyali içeriyor.,Good,False,Tarih yok; varsayılan kapıdan geçmedi,,2026-06-16T11:56:37.851851+00:00
RIAUD-96fec5e0f937,RUN-20260616113919,İş Bankası,REG-006,İş Bankası Duyurular,Maximum Business Turizm Kart | Türkiye İş Bankası,https://www.isbank.com.tr/is-ticari/turizm-kart,https://www.isbank.com.tr/is-ticari/turizm-kart,maximum business turizm kart,da10af66d06d0ebc4351781e358f7d1523b8ca5005001777e143af3600d27473,,,,,,Belirsiz,,Tarih yok; varsayılan kapıdan geçmedi.,False,,,Yok,missing,False,2026-05-01,Tarih yok; varsayılan kapıdan geçmedi,Kampanya,True,Kampanya veya müşteri teklifi sinyali içeriyor.,Good,False,Tarih yok; varsayılan kapıdan geçmedi,,2026-06-16T11:56:38.209603+00:00
RIAUD-5c43a01ce273,RUN-20260616113919,İş Bankası,REG-006,İş Bankası Duyurular,Maximum TEMA Şirket Kredi Kartı | Türkiye İş Bankası,https://www.isbank.com.tr/is-ticari/maximum-tema-sirket-kredi-karti,https://www.isbank.com.tr/is-ticari/maximum-tema-sirket-kredi-karti,maximum tema şirket kredi kartı,a9bb151f3bdd62dd1964728bedd1f34cf92fba90fa53002eb34ad6cb73b34189,,,,,,Belirsiz,,Tarih yok; varsayılan kapıdan geçmedi.,False,,,Yok,missing,False,2026-05-01,Tarih yok; varsayılan kapıdan geçmedi,Kampanya,True,Kampanya veya müşteri teklifi sinyali içeriyor.,Good,False,Tarih yok; varsayılan kapıdan geçmedi,,2026-06-16T11:56:38.709877+00:00
RIAUD-f377045d77dc,RUN-20260616113919,İş Bankası,REG-006,İş Bankası Duyurular,Ticari Kart Ayrıcalıkları | Türkiye İş Bankası,https://www.isbank.com.tr/is-ticari/ticari-kart-ayricaliklari,https://www.isbank.com.tr/is-ticari/ticari-kart-ayricaliklari,ticari kart ayrıcalıkları,536a678f9b26f2a789eae0fa8c7d946acad05c540d8de76a8641dcb88e665d56,,,,,,Belirsiz,,Tarih yok; varsayılan kapıdan geçmedi.,False,,,Yok,missing,False,2026-05-01,Tarih yok; varsayılan kapıdan geçmedi,Kampanya,True,Kampanya veya müşteri teklifi sinyali içeriyor.,Good,False,Tarih yok; varsayılan kapıdan geçmedi,,2026-06-16T11:56:39.418984+00:00
RIAUD-ae402c15f4ca,RUN-20260616115810,Yapı Kredi,REG-012,Yapı Kredi Basın Bültenleri,"YAPI KREDİ’YE YAKLAŞIK 1,1 MİLYAR DOLARLIK SENDİKASYON KREDİSİ",https://www.yapikredi.com.tr/medium/file/yapi-krediye-yaklasik-11-milyar-dolarlik-sendikasyon-kredisi_72541/download,https://www.yapikredi.com.tr/medium/file/yapi-krediye-yaklasik-11-milyar-dolarlik-sendikasyon-kredisi_72541/download,"yapi kredi̇’ye yaklaşik 1,1 mi̇lyar dolarlik sendi̇kasyon kredi̇si̇",fa82cddfebf3f516837c6e24c4f2438ff7030ac6803fd29895361238a9d78376,04.06.2026,,2026-06-04,,,Duyuru Tarihi,2026-06-04,Duyuru/basın tarihi bulundu; recency için kullanıldı.,False,,2026-06-04,Orta,announcement_date,True,2026-05-01,Kesim tarihi ve tarih güveni uygun: 2026-06-04,İş Birliği,True,"İş birliği, mutabakat veya entegrasyon duyurusu içeriyor.",Good,True,,,2026-06-16T11:58:10.475499+00:00
RIAUD-74107e124b73,RUN-20260616115810,Yapı Kredi,REG-012,Yapı Kredi Basın Bültenleri,YAPI KREDİ 500 MİLYON DOLARLIK İLAVE ANA SERMAYE TAHVİL İHRACINI BAŞARIYLA TAMAMLADI,https://www.yapikredi.com.tr/medium/file/yapi-kredi-500-milyon-dolarlik-ilave-ana-sermaye-tahvil-ihracini-basariyla-tamamladi_72516/download,https://www.yapikredi.com.tr/medium/file/yapi-kredi-500-milyon-dolarlik-ilave-ana-sermaye-tahvil-ihracini-basariyla-tamamladi_72516/download,yapi kredi̇ 500 mi̇lyon dolarlik i̇lave ana sermaye tahvi̇l i̇hracini başariyla tamamladi,f0f94beb3769936eda4910d1c77db705241800cb313781ecd42534282fb14624,20.05.2026,,2026-05-20,,,Duyuru Tarihi,2026-05-20,Duyuru/basın tarihi bulundu; recency için kullanıldı.,False,,2026-05-20,Orta,announcement_date,True,2026-05-01,Kesim tarihi ve tarih güveni uygun: 2026-05-20,Ürün / Özellik Gelişmesi,True,"Ürün, API, POS, ödeme, tahsilat veya dijital özellik gelişmesi sinyali içeriyor.",Good,True,,,2026-06-16T11:58:10.728635+00:00
RIAUD-6e22f096ef62,RUN-20260616115810,Yapı Kredi,REG-012,Yapı Kredi Basın Bültenleri,"YAPI KREDİ’DEN YILIN İLK ÇEYREĞİNDE EKONOMİYE 2,8 TRİLYON TL’YE YAKLAŞAN DESTEK",https://www.yapikredi.com.tr/medium/file/yapi-krediden-yilin-ilk-ceyreginde-ekonomiye-28-trilyon-tlye-yaklasan-destek_72462/download,https://www.yapikredi.com.tr/medium/file/yapi-krediden-yilin-ilk-ceyreginde-ekonomiye-28-trilyon-tlye-yaklasan-destek_72462/download,"yapi kredi̇’den yilin i̇lk çeyreği̇nde ekonomi̇ye 2,8 tri̇lyon tl’ye yaklaşan destek",29c6096f859f85b978ae596c309da603def8a8b30b7fab4c06c5a0d8d5ce1cce,31 Mart 2026,,2026-03-31,,,Duyuru Tarihi,2026-03-31,Duyuru/basın tarihi bulundu; recency için kullanıldı.,False,,2026-03-31,Yüksek,announcement_date,False,2026-05-01,Kesim tarihinden eski: 2026-03-31 < 2026-05-01,Ürün / Özellik Gelişmesi,True,"Ürün, API, POS, ödeme, tahsilat veya dijital özellik gelişmesi sinyali içeriyor.",Good,False,Kesim tarihinden eski: 2026-03-31 < 2026-05-01,,2026-06-16T11:58:11.016446+00:00
RIAUD-83b80c6c477b,RUN-20260616115810,Yapı Kredi,REG-012,Yapı Kredi Basın Bültenleri,"YAPI KREDİ, SORUMLU YAPAY ZEKÂ İLKELERİYLE GELECEĞİN BANKACILIĞINA YÖN VERİYOR",https://www.yapikredi.com.tr/medium/file/yapay-zeka_72142/download,https://www.yapikredi.com.tr/medium/file/yapay-zeka_72142/download,"yapi kredi̇, sorumlu yapay zekâ i̇lkeleri̇yle geleceği̇n bankaciliğina yön veri̇yor",82230b5aa48787cbbd6cf57dc1768afce2da7ef6ae73d624e0a04e1a975e4f19,20.02.2026,,2026-02-20,,,Duyuru Tarihi,2026-02-20,Duyuru/basın tarihi bulundu; recency için kullanıldı.,False,,2026-02-20,Orta,announcement_date,False,2026-05-01,Kesim tarihinden eski: 2026-02-20 < 2026-05-01,Sosyal Sorumluluk / PR,False,"KOBİ stratejisine doğrudan bağlanmayan kültür, sanat veya sosyal sorumluluk PR içeriği.",Good,False,Kesim tarihinden eski: 2026-02-20 < 2026-05-01,,2026-06-16T11:58:11.298506+00:00
RIAUD-304fcb69188d,RUN-20260616115810,Yapı Kredi,REG-012,Yapı Kredi Basın Bültenleri,"YAPI KREDİ’DEN ÜLKE EKONOMİSİNE 2,6 TRİLYON TL’Yİ AŞAN KAYNAK",https://www.yapikredi.com.tr/medium/file/yapi-krediden-ulke-ekonomisine-26-trilyon-tlyi-asan-kaynak_72088/download,https://www.yapikredi.com.tr/medium/file/yapi-krediden-ulke-ekonomisine-26-trilyon-tlyi-asan-kaynak_72088/download,"yapi kredi̇’den ülke ekonomi̇si̇ne 2,6 tri̇lyon tl’yi̇ aşan kaynak",4b7a7c9af2efd7a5080a2eae08fd3cc530f29444ad422d1a07e6d5ee4ca02e7c,31 Aralık 2025,,2025-12-31,,,Duyuru Tarihi,2025-12-31,Duyuru/basın tarihi bulundu; recency için kullanıldı.,False,,2025-12-31,Yüksek,announcement_date,False,2026-05-01,Kesim tarihinden eski: 2025-12-31 < 2026-05-01,Ürün / Özellik Gelişmesi,True,"Ürün, API, POS, ödeme, tahsilat veya dijital özellik gelişmesi sinyali içeriyor.",Good,False,Kesim tarihinden eski: 2025-12-31 < 2026-05-01,,2026-06-16T11:58:14.150615+00:00
RIAUD-1040b1e485ad,RUN-20260616115810,Yapı Kredi,REG-011,Yapı Kredi KOBİ Kampanyaları,Yapı Kredi'den firmalara özel 48.000 TL değerinde hoş geldin paketi! | Kampanyalar | Yapı Kredi,https://www.yapikredi.com.tr/kampanyalar/detay/253386,https://www.yapikredi.com.tr/kampanyalar/detay/253386,yapı kredi'den firmalara özel 48.000 tl değerinde hoş geldin paketi! | kampanyalar,cb1bfa159a98d502f8b992cb592949d17f365a1ff2d549c07f3a7b3234c9e6de,16.06.2026,,,2026-06-16,,Kampanya Başlangıç Tarihi,2026-06-16,Kampanya başlangıç tarihi bulundu; recency için kullanıldı.,False,,2026-06-16,Yüksek,campaign_start_date,True,2026-05-01,Kesim tarihi ve tarih güveni uygun: 2026-06-16,Kampanya,True,Kampanya veya müşteri teklifi sinyali içeriyor.,Good,True,,,2026-06-16T11:58:14.893130+00:00
RIAUD-c30f7d3c2cf4,RUN-20260616124128,QNB Finansbank,REG-068,QNB KOBİ Ticari Kredi Kartları,İşim İçin,https://www.qnb.com.tr/isim-icin,https://www.qnb.com.tr/isim-icin,i̇şim i̇çin,0e75f6a9554ede975104e464149d6bf18baa9e9d887e03b708045340c12e6de7,,,,,,Belirsiz,,Tarih yok; varsayılan kapıdan geçmedi.,False,,,Yok,missing,False,2026-05-01,Tarih yok; varsayılan kapıdan geçmedi,Kampanya,True,Kampanya veya müşteri teklifi sinyali içeriyor.,Poor,False,title_too_short,,2026-06-16T12:41:29.014780+00:00
RIAUD-bc2fa7b4fd81,RUN-20260616124128,QNB Finansbank,REG-068,QNB KOBİ Ticari Kredi Kartları,KOBİ,https://www.qnb.com.tr/isim-icin/kobi,https://www.qnb.com.tr/isim-icin/kobi,kobi̇,511574b56481cb8c5a1e4be36b0730dfa1574f892f1c92f80c65df9de6fabfe6,,,,,,Belirsiz,,Tarih yok; varsayılan kapıdan geçmedi.,False,,,Yok,missing,False,2026-05-01,Tarih yok; varsayılan kapıdan geçmedi,Kampanya,True,Kampanya veya müşteri teklifi sinyali içeriyor.,Poor,False,title_too_short,,2026-06-16T12:41:29.015242+00:00
RIAUD-f0005d1595a8,RUN-20260616124128,QNB Finansbank,REG-068,QNB KOBİ Ticari Kredi Kartları,Kartlar,https://www.qnb.com.tr/isim-icin/kobi/kobi-ticari-kartlar,https://www.qnb.com.tr/isim-icin/kobi/kobi-ticari-kartlar,kartlar,efd6b75d06cd02e99cb6b817e53a18431f79d9c8c45ac14517e4d91ebf80e442,,,,,,Belirsiz,,Tarih yok; varsayılan kapıdan geçmedi.,False,,,Yok,missing,False,2026-05-01,Tarih yok; varsayılan kapıdan geçmedi,Kampanya,True,Kampanya veya müşteri teklifi sinyali içeriyor.,Poor,False,title_too_short,,2026-06-16T12:41:29.015782+00:00
RIAUD-7a5e38365d11,RUN-20260616124128,QNB Finansbank,REG-068,QNB KOBİ Ticari Kredi Kartları,QNB KOBİ,https://www.qnb.com.tr/qnb-kobi-kredi-karti,https://www.qnb.com.tr/qnb-kobi-kredi-karti,qnb kobi̇,846f4ff34ffbda3e5a9962b7e6f1468900fa428761520f94208bc2d73a842df8,,,,,,Belirsiz,,Tarih yok; varsayılan kapıdan geçmedi.,False,,,Yok,missing,False,2026-05-01,Tarih yok; varsayılan kapıdan geçmedi,Kampanya,True,Kampanya veya müşteri teklifi sinyali içeriyor.,Poor,False,title_too_short,,2026-06-16T12:41:29.016235+00:00
RIAUD-0ab2055f8285,RUN-20260616124128,QNB Finansbank,REG-067,QNB KOBİ Rahat,Kobiler İçin Diğer Hizmetler ve Ürünler,https://www.qnb.com.tr/kobi-diger-hizmetler-ve-urunler,https://www.qnb.com.tr/kobi-diger-hizmetler-ve-urunler,kobiler i̇çin diğer hizmetler ve ürünler,98a3f4695d5b11429deeb08fddbfbef95c47936048c3e7b1a24a4476d78e6305,,,,,,Belirsiz,,Tarih yok; varsayılan kapıdan geçmedi.,False,,,Yok,missing,False,2026-05-01,Tarih yok; varsayılan kapıdan geçmedi,Kampanya,True,Kampanya veya müşteri teklifi sinyali içeriyor.,Medium,False,Tarih yok; varsayılan kapıdan geçmedi,,2026-06-16T12:41:29.029385+00:00
RIAUD-8012fbdfa7c4,RUN-20260616124128,QNB Finansbank,REG-067,QNB KOBİ Rahat,Mevduat ve Yatırım Ürünleri,https://www.qnb.com.tr/isim-icin/kobi/mevduat-ve-yatirim-urunleri,https://www.qnb.com.tr/isim-icin/kobi/mevduat-ve-yatirim-urunleri,mevduat ve yatırım ürünleri,1270d0cd8c48a1db6f44b9b6e0602ab9af9e59d48d1b0be4e75d86abf57870d3,,,,,,Belirsiz,,Tarih yok; varsayılan kapıdan geçmedi.,False,,,Yok,missing,False,2026-05-01,Tarih yok; varsayılan kapıdan geçmedi,Kampanya,True,Kampanya veya müşteri teklifi sinyali içeriyor.,Medium,False,Tarih yok; varsayılan kapıdan geçmedi,,2026-06-16T12:41:29.029685+00:00
RIAUD-b6177d0b71dd,RUN-20260616124128,QNB Finansbank,REG-067,QNB KOBİ Rahat,KOBİ Nakit Yönetimi ve Tahsilat Ürünleri,https://www.qnb.com.tr/kobi-nakit-yonetimi-ve-tahsilat-urunleri,https://www.qnb.com.tr/kobi-nakit-yonetimi-ve-tahsilat-urunleri,kobi̇ nakit yönetimi ve tahsilat ürünleri,a1c7ef9dddfb1c932f5260f7fe40b099b62c55feabb5db9f34c604d1e7d50bf3,,,,,,Belirsiz,,Tarih yok; varsayılan kapıdan geçmedi.,False,,,Yok,missing,False,2026-05-01,Tarih yok; varsayılan kapıdan geçmedi,Kampanya,True,Kampanya veya müşteri teklifi sinyali içeriyor.,Medium,False,Tarih yok; varsayılan kapıdan geçmedi,,2026-06-16T12:41:29.029956+00:00
RIAUD-49940547ec60,RUN-20260616124128,QNB Finansbank,REG-067,QNB KOBİ Rahat,QNB ’de Ömür Boyu Havale Ücreti Yok!,https://www.qnb.com.tr/isim-icin/kobi/diger-hizmetler-ve-urunler/qnbde-omur-boyu-havale-ucreti-yok,https://www.qnb.com.tr/isim-icin/kobi/diger-hizmetler-ve-urunler/qnbde-omur-boyu-havale-ucreti-yok,qnb ’de ömür boyu havale ücreti yok!,6bd9b461a8a77831c7c46cbe40ad2bd6e1d4ce5e0ef8f9bed7f5062cba1c67d4,,,,,,Belirsiz,,Tarih yok; varsayılan kapıdan geçmedi.,False,,,Yok,missing,False,2026-05-01,Tarih yok; varsayılan kapıdan geçmedi,Kampanya,True,Kampanya veya müşteri teklifi sinyali içeriyor.,Medium,False,Tarih yok; varsayılan kapıdan geçmedi,,2026-06-16T12:41:29.030206+00:00
RIAUD-c543a7bed534,RUN-20260616124128,QNB Finansbank,REG-067,QNB KOBİ Rahat,Karekodla yapacağınız para transferleriniz anında hesabınızda!,https://www.qnb.com.tr/isim-icin/kobi/diger-hizmetler-ve-urunler/karekodla-yapacaginiz-para-transferleriniz-aninda-hesabinizda,https://www.qnb.com.tr/isim-icin/kobi/diger-hizmetler-ve-urunler/karekodla-yapacaginiz-para-transferleriniz-aninda-hesabinizda,karekodla yapacağınız para transferleriniz anında hesabınızda!,4a9ae89be03bac632be157bbe327ec55370862146101c32af6da1cf257a4637e,,,,,,Belirsiz,,Tarih yok; varsayılan kapıdan geçmedi.,False,,,Yok,missing,False,2026-05-01,Tarih yok; varsayılan kapıdan geçmedi,Kampanya,True,Kampanya veya müşteri teklifi sinyali içeriyor.,Medium,False,Tarih yok; varsayılan kapıdan geçmedi,,2026-06-16T12:41:29.030468+00:00
RIAUD-9d0dc14e4e61,RUN-20260616124128,QNB Finansbank,REG-067,QNB KOBİ Rahat,QNB'den Mali Müşavir Avantaj Seti,https://www.qnb.com.tr/isim-icin/kobi/diger-hizmetler-ve-urunler/qnbden-mali-musavir-avantaj-seti,https://www.qnb.com.tr/isim-icin/kobi/diger-hizmetler-ve-urunler/qnbden-mali-musavir-avantaj-seti,qnb'den mali müşavir avantaj seti,9144742c8b0d9aeb03c41d3a08db599a67b4add2676ff8188b7b1ae46b4608f1,,,,,,Belirsiz,,Tarih yok; varsayılan kapıdan geçmedi.,False,,,Yok,missing,False,2026-05-01,Tarih yok; varsayılan kapıdan geçmedi,Kampanya,True,Kampanya veya müşteri teklifi sinyali içeriyor.,Medium,False,Tarih yok; varsayılan kapıdan geçmedi,,2026-06-16T12:41:29.030694+00:00
RIAUD-6cb4288c79ef,RUN-20260616124128,QNB Finansbank,REG-067,QNB KOBİ Rahat,Kentsel Dönüşüm / Yap - Sat,https://www.qnb.com.tr/kobi-kentsel-donusum-yap-sat,https://www.qnb.com.tr/kobi-kentsel-donusum-yap-sat,kentsel dönüşüm / yap - sat,91ece5b01ccf80d19d3717c3cef4e812b9ff7eedd26784971f4f42c554a9c6b3,,,,,,Belirsiz,,Tarih yok; varsayılan kapıdan geçmedi.,False,,,Yok,missing,False,2026-05-01,Tarih yok; varsayılan kapıdan geçmedi,Kampanya,True,Kampanya veya müşteri teklifi sinyali içeriyor.,Medium,False,Tarih yok; varsayılan kapıdan geçmedi,,2026-06-16T12:41:29.030912+00:00
RIAUD-7cb7b812effe,RUN-20260616124128,QNB Finansbank,REG-067,QNB KOBİ Rahat,Müşteri Bilgilendirme Hizmeti,https://www.qnb.com.tr/kobi-musteri-bilgilendirme-hizmeti,https://www.qnb.com.tr/kobi-musteri-bilgilendirme-hizmeti,müşteri bilgilendirme hizmeti,b0c9d2f91d7855dd6890e4be0de029776b1667c7490c93665b6ec88b465f6cf4,,,,,,Belirsiz,,Tarih yok; varsayılan kapıdan geçmedi.,False,,,Yok,missing,False,2026-05-01,Tarih yok; varsayılan kapıdan geçmedi,Kampanya,True,Kampanya veya müşteri teklifi sinyali içeriyor.,Medium,False,Tarih yok; varsayılan kapıdan geçmedi,,2026-06-16T12:41:29.031122+00:00
RIAUD-cc47c52d22c5,RUN-20260616124128,QNB Finansbank,REG-067,QNB KOBİ Rahat,Findeks Ticari Paketleri,https://www.qnb.com.tr/isim-icin/kobi/findeks-ticari-paketleri,https://www.qnb.com.tr/isim-icin/kobi/findeks-ticari-paketleri,findeks ticari paketleri,2ee6501c9b64d54f4ea6522328583db3a0decac387b37ad710f59dad4405afb8,,,,,,Belirsiz,,Tarih yok; varsayılan kapıdan geçmedi.,False,,,Yok,missing,False,2026-05-01,Tarih yok; varsayılan kapıdan geçmedi,Kampanya,True,Kampanya veya müşteri teklifi sinyali içeriyor.,Medium,False,Tarih yok; varsayılan kapıdan geçmedi,,2026-06-16T12:41:29.031335+00:00
RIAUD-de44ffedf68a,RUN-20260616124128,QNB Finansbank,REG-067,QNB KOBİ Rahat,İşim İçin,https://www.qnb.com.tr/isim-icin,https://www.qnb.com.tr/isim-icin,i̇şim i̇çin,0e75f6a9554ede975104e464149d6bf18baa9e9d887e03b708045340c12e6de7,,,,,,Belirsiz,,Tarih yok; varsayılan kapıdan geçmedi.,False,,,Yok,missing,False,2026-05-01,Tarih yok; varsayılan kapıdan geçmedi,Kampanya,True,Kampanya veya müşteri teklifi sinyali içeriyor.,Poor,False,title_too_short,,2026-06-16T12:41:29.031536+00:00
RIAUD-1fb84c99e22c,RUN-20260616124128,QNB Finansbank,REG-067,QNB KOBİ Rahat,KOBİ,https://www.qnb.com.tr/isim-icin/kobi,https://www.qnb.com.tr/isim-icin/kobi,kobi̇,511574b56481cb8c5a1e4be36b0730dfa1574f892f1c92f80c65df9de6fabfe6,,,,,,Belirsiz,,Tarih yok; varsayılan kapıdan geçmedi.,False,,,Yok,missing,False,2026-05-01,Tarih yok; varsayılan kapıdan geçmedi,Kampanya,True,Kampanya veya müşteri teklifi sinyali içeriyor.,Poor,False,title_too_short,,2026-06-16T12:41:29.031852+00:00
RIAUD-3f841c097268,RUN-20260616124128,QNB Finansbank,REG-067,QNB KOBİ Rahat,KOBİ Kredileri,https://www.qnb.com.tr/kobi-kredileri,https://www.qnb.com.tr/kobi-kredileri,kobi̇ kredileri,689cc8dd555eec6db14912bd3d08a57baa8f801cb6baa150f6ccc025a8da08f7,,,,,,Belirsiz,,Tarih yok; varsayılan kapıdan geçmedi.,False,,,Yok,missing,False,2026-05-01,Tarih yok; varsayılan kapıdan geçmedi,Kampanya,True,Kampanya veya müşteri teklifi sinyali içeriyor.,Poor,False,title_too_short,,2026-06-16T12:41:29.032154+00:00
RIAUD-832e9ec46a30,RUN-20260616124128,QNB Finansbank,REG-067,QNB KOBİ Rahat,Esnaf Kredileri,https://www.qnb.com.tr/isim-icin/kobi/krediler/esnaf-kredileri,https://www.qnb.com.tr/isim-icin/kobi/krediler/esnaf-kredileri,esnaf kredileri,3d14aeee3be303c09902e668ac57386b433bd295de99d6b2a89cbe26ff5f5e8b,,,,,,Belirsiz,,Tarih yok; varsayılan kapıdan geçmedi.,False,,,Yok,missing,False,2026-05-01,Tarih yok; varsayılan kapıdan geçmedi,Kampanya,True,Kampanya veya müşteri teklifi sinyali içeriyor.,Poor,False,title_too_short,,2026-06-16T12:41:29.032500+00:00
RIAUD-4b4b4534dda0,RUN-20260616124128,QNB Finansbank,REG-067,QNB KOBİ Rahat,POS,https://www.qnb.com.tr/isim-icin/kobi/kobi-pos-cozumleri,https://www.qnb.com.tr/isim-icin/kobi/kobi-pos-cozumleri,pos,ede5873df0677039d3205f0550055e2afcb1afd02a48c87582a2c68f513d550b,,,,,,Belirsiz,,Tarih yok; varsayılan kapıdan geçmedi.,False,,,Yok,missing,False,2026-05-01,Tarih yok; varsayılan kapıdan geçmedi,Kampanya,True,Kampanya veya müşteri teklifi sinyali içeriyor.,Poor,False,title_too_short,,2026-06-16T12:41:29.032881+00:00
RIAUD-94277bc7fb0d,RUN-20260616124128,QNB Finansbank,REG-067,QNB KOBİ Rahat,Kartlar,https://www.qnb.com.tr/isim-icin/kobi/kobi-ticari-kartlar,https://www.qnb.com.tr/isim-icin/kobi/kobi-ticari-kartlar,kartlar,efd6b75d06cd02e99cb6b817e53a18431f79d9c8c45ac14517e4d91ebf80e442,,,,,,Belirsiz,,Tarih yok; varsayılan kapıdan geçmedi.,False,,,Yok,missing,False,2026-05-01,Tarih yok; varsayılan kapıdan geçmedi,Kampanya,True,Kampanya veya müşteri teklifi sinyali içeriyor.,Poor,False,title_too_short,,2026-06-16T12:41:29.033281+00:00
RIAUD-049b11efdf5b,RUN-20260616124128,QNB Finansbank,REG-067,QNB KOBİ Rahat,Kazananlar Kulübü,https://www.qnb.com.tr/isim-icin/kobi/kazananlar-kulubu,https://www.qnb.com.tr/isim-icin/kobi/kazananlar-kulubu,kazananlar kulübü,5c427f71e636b6414d567f167515a5eac05d89952adde7008404df999451b680,,,,,,Belirsiz,,Tarih yok; varsayılan kapıdan geçmedi.,False,,,Yok,missing,False,2026-05-01,Tarih yok; varsayılan kapıdan geçmedi,Kampanya,True,Kampanya veya müşteri teklifi sinyali içeriyor.,Poor,False,title_too_short,,2026-06-16T12:41:29.033754+00:00
RIAUD-b64788b58c3b,RUN-20260616124128,QNB Finansbank,REG-067,QNB KOBİ Rahat,KOBİ Sigortaları,https://www.qnb.com.tr/kobi-sigortalar,https://www.qnb.com.tr/kobi-sigortalar,kobi̇ sigortaları,c03be60f5aa7cef0106f53f3c66e4bf841034b35ddb7ad6b415ae45b3e9e1a5f,,,,,,Belirsiz,,Tarih yok; varsayılan kapıdan geçmedi.,False,,,Yok,missing,False,2026-05-01,Tarih yok; varsayılan kapıdan geçmedi,Kampanya,True,Kampanya veya müşteri teklifi sinyali içeriyor.,Poor,False,title_too_short,,2026-06-16T12:41:29.034047+00:00
RIAUD-254e09cd31e2,RUN-20260616124128,QNB Finansbank,REG-067,QNB KOBİ Rahat,Leasing & Faktoring,https://www.qnb.com.tr/kobi-leasing-and-faktoring,https://www.qnb.com.tr/kobi-leasing-and-faktoring,leasing & faktoring,2332713a4d4539315c51b722f7a5e1a49c51f01f0d955120f99afe0e076a5829,,,,,,Belirsiz,,Tarih yok; varsayılan kapıdan geçmedi.,False,,,Yok,missing,False,2026-05-01,Tarih yok; varsayılan kapıdan geçmedi,Kampanya,True,Kampanya veya müşteri teklifi sinyali içeriyor.,Poor,False,title_too_short,,2026-06-16T12:41:29.034452+00:00
RIAUD-0a7550c15ed5,RUN-20260616124128,QNB Finansbank,REG-066,QNB KOBİ Kredileri,KOBİ Destek Kredileri,https://www.qnb.com.tr/kobi-ihtiyac-kredileri,https://www.qnb.com.tr/kobi-ihtiyac-kredileri,kobi̇ destek kredileri,33aaeac06db174447a375fc2515f0503a800b792119f75d1e00506898ebc35ec,,,,,,Belirsiz,,Tarih yok; varsayılan kapıdan geçmedi.,False,,,Yok,missing,False,2026-05-01,Tarih yok; varsayılan kapıdan geçmedi,Kampanya,True,Kampanya veya müşteri teklifi sinyali içeriyor.,Medium,False,Tarih yok; varsayılan kapıdan geçmedi,,2026-06-16T12:41:29.046750+00:00
RIAUD-0b7ae6b8ca94,RUN-20260616124128,QNB Finansbank,REG-066,QNB KOBİ Kredileri,Yeşili Arttıkça Faizi Düşen Kredi,https://www.qnb.com.tr/isim-icin/kobi/krediler/yesili-arttikca-faizi-dusen-kredi,https://www.qnb.com.tr/isim-icin/kobi/krediler/yesili-arttikca-faizi-dusen-kredi,yeşili arttıkça faizi düşen kredi,19f09e654fbe0adaae9404725e78821640b0810f35638835591f284758122993,,,,,,Belirsiz,,Tarih yok; varsayılan kapıdan geçmedi.,False,,,Yok,missing,False,2026-05-01,Tarih yok; varsayılan kapıdan geçmedi,Kampanya,True,Kampanya veya müşteri teklifi sinyali içeriyor.,Medium,False,Tarih yok; varsayılan kapıdan geçmedi,,2026-06-16T12:41:29.047112+00:00
RIAUD-45cae08a5d24,RUN-20260616124128,QNB Finansbank,REG-066,QNB KOBİ Kredileri,İşim İçin,https://www.qnb.com.tr/isim-icin,https://www.qnb.com.tr/isim-icin,i̇şim i̇çin,0e75f6a9554ede975104e464149d6bf18baa9e9d887e03b708045340c12e6de7,,,,,,Belirsiz,,Tarih yok; varsayılan kapıdan geçmedi.,False,,,Yok,missing,False,2026-05-01,Tarih yok; varsayılan kapıdan geçmedi,Kampanya,True,Kampanya veya müşteri teklifi sinyali içeriyor.,Poor,False,title_too_short,,2026-06-16T12:41:29.047335+00:00
RIAUD-efee56840345,RUN-20260616124128,QNB Finansbank,REG-066,QNB KOBİ Kredileri,KOBİ,https://www.qnb.com.tr/isim-icin/kobi,https://www.qnb.com.tr/isim-icin/kobi,kobi̇,511574b56481cb8c5a1e4be36b0730dfa1574f892f1c92f80c65df9de6fabfe6,,,,,,Belirsiz,,Tarih yok; varsayılan kapıdan geçmedi.,False,,,Yok,missing,False,2026-05-01,Tarih yok; varsayılan kapıdan geçmedi,Kampanya,True,Kampanya veya müşteri teklifi sinyali içeriyor.,Poor,False,title_too_short,,2026-06-16T12:41:29.047622+00:00
RIAUD-b1fb4f994591,RUN-20260616124128,QNB Finansbank,REG-066,QNB KOBİ Kredileri,Detaylı Bilgi,https://www.qnb.com.tr/kobilere-mobil-ve-internetten-kredi,https://www.qnb.com.tr/kobilere-mobil-ve-internetten-kredi,detaylı bilgi,c055f2f5b3493da972012897ab374d38c0e38463387e1938ed6212fe423566c9,,,,,,Belirsiz,,Tarih yok; varsayılan kapıdan geçmedi.,False,,,Yok,missing,False,2026-05-01,Tarih yok; varsayılan kapıdan geçmedi,Kampanya,True,Kampanya veya müşteri teklifi sinyali içeriyor.,Poor,False,title_too_short,,2026-06-16T12:41:29.047870+00:00
RIAUD-f40db72b0a92,RUN-20260616124128,QNB Finansbank,REG-066,QNB KOBİ Kredileri,Detaylı Bilgi,https://www.qnb.com.tr/ipotek-teminatli-taksitli-kobi-ticari-kredi,https://www.qnb.com.tr/ipotek-teminatli-taksitli-kobi-ticari-kredi,detaylı bilgi,4ad7518dfd33cf16bf8b3081bf1af95f3b3b5cdd482b84ab4976917db5b252fa,,,,,,Belirsiz,,Tarih yok; varsayılan kapıdan geçmedi.,False,,,Yok,missing,False,2026-05-01,Tarih yok; varsayılan kapıdan geçmedi,Kampanya,True,Kampanya veya müşteri teklifi sinyali içeriyor.,Poor,False,title_too_short,,2026-06-16T12:41:29.048116+00:00
RIAUD-93d1a6672888,RUN-20260616124128,QNB Finansbank,REG-066,QNB KOBİ Kredileri,Detaylı Bilgi,https://www.qnb.com.tr/isim-icin/kobi/krediler/kobi-destek-kredileri/diger-krediler,https://www.qnb.com.tr/isim-icin/kobi/krediler/kobi-destek-kredileri/diger-krediler,detaylı bilgi,32f15a5ce5fc33204d3cec8d652446594931283e34b3ed20e470d67cf25a35b2,,,,,,Belirsiz,,Tarih yok; varsayılan kapıdan geçmedi.,False,,,Yok,missing,False,2026-05-01,Tarih yok; varsayılan kapıdan geçmedi,Kampanya,True,Kampanya veya müşteri teklifi sinyali içeriyor.,Poor,False,title_too_short,,2026-06-16T12:41:29.048401+00:00
RIAUD-c13b9c0d20c6,RUN-20260616124128,QNB Finansbank,REG-066,QNB KOBİ Kredileri,Nakdi Krediler,https://www.qnb.com.tr/kobi-nakdi-krediler,https://www.qnb.com.tr/kobi-nakdi-krediler,nakdi krediler,49de88db0d0d7dadd658e26b16f8816d2827baff3c1774ab4fc14b5e82cce94d,,,,,,Belirsiz,,Tarih yok; varsayılan kapıdan geçmedi.,False,,,Yok,missing,False,2026-05-01,Tarih yok; varsayılan kapıdan geçmedi,Kampanya,True,Kampanya veya müşteri teklifi sinyali içeriyor.,Poor,False,title_too_short,,2026-06-16T12:41:29.048688+00:00
RIAUD-693e3f777f37,RUN-20260616124128,QNB Finansbank,REG-066,QNB KOBİ Kredileri,Gayrinakdi Krediler,https://www.qnb.com.tr/kobi-gayrinakdi-krediler,https://www.qnb.com.tr/kobi-gayrinakdi-krediler,gayrinakdi krediler,267f8b5d3c52ea4b89695e56f156a35648c4e0b43a06c5b5cb6124eaa52b1a82,,,,,,Belirsiz,,Tarih yok; varsayılan kapıdan geçmedi.,False,,,Yok,missing,False,2026-05-01,Tarih yok; varsayılan kapıdan geçmedi,Kampanya,True,Kampanya veya müşteri teklifi sinyali içeriyor.,Poor,False,title_too_short,,2026-06-16T12:41:29.048926+00:00
RIAUD-0e3ae8598d00,RUN-20260616124128,QNB Finansbank,REG-066,QNB KOBİ Kredileri,KOBİNakit Hesap,https://www.qnb.com.tr/isim-icin/kobi/krediler/kobinakit-hesap,https://www.qnb.com.tr/isim-icin/kobi/krediler/kobinakit-hesap,kobi̇nakit hesap,84dad30d04ef17760f709ec9282952b65d0060c005fdaace8a653ee9802c946b,,,,,,Belirsiz,,Tarih yok; varsayılan kapıdan geçmedi.,False,,,Yok,missing,False,2026-05-01,Tarih yok; varsayılan kapıdan geçmedi,Kampanya,True,Kampanya veya müşteri teklifi sinyali içeriyor.,Poor,False,title_too_short,,2026-06-16T12:41:29.049226+00:00
RIAUD-1f0a8e595022,RUN-20260616124128,QNB Finansbank,REG-066,QNB KOBİ Kredileri,Mavi Kredi Programı,https://www.qnb.com.tr/isim-icin/kobi/krediler/mavi-kredi-programi,https://www.qnb.com.tr/isim-icin/kobi/krediler/mavi-kredi-programi,mavi kredi programı,bf7ed74cbe7c41078861d2772d32fab3030181deff0e33d7387cc190dcd0f1fa,,,,,,Belirsiz,,Tarih yok; varsayılan kapıdan geçmedi.,False,,,Yok,missing,False,2026-05-01,Tarih yok; varsayılan kapıdan geçmedi,Kampanya,True,Kampanya veya müşteri teklifi sinyali içeriyor.,Poor,False,title_too_short,,2026-06-16T12:41:29.049484+00:00
RIAUD-babe21b4dd74,RUN-20260616124128,QNB Finansbank,REG-066,QNB KOBİ Kredileri,Esnaf Kredileri,https://www.qnb.com.tr/isim-icin/kobi/krediler/esnaf-kredileri,https://www.qnb.com.tr/isim-icin/kobi/krediler/esnaf-kredileri,esnaf kredileri,3d14aeee3be303c09902e668ac57386b433bd295de99d6b2a89cbe26ff5f5e8b,,,,,,Belirsiz,,Tarih yok; varsayılan kapıdan geçmedi.,False,,,Yok,missing,False,2026-05-01,Tarih yok; varsayılan kapıdan geçmedi,Kampanya,True,Kampanya veya müşteri teklifi sinyali içeriyor.,Poor,False,title_too_short,,2026-06-16T12:41:29.049743+00:00
RIAUD-cd4ddd6409b4,RUN-20260616124128,QNB Finansbank,REG-065,QNB Yazar Kasa POS,Kampanyalar,https://www.qnb.com.tr/kampanyalar/kobi-kampanyalari,https://www.qnb.com.tr/kampanyalar/kobi-kampanyalari,kampanyalar,eb250a2ef66884e3366d9b57c17a77e95456e4bb6c9f1b62210cae1408cc311a,,,,,,Belirsiz,,Tarih yok; varsayılan kapıdan geçmedi.,False,,,Yok,missing,False,2026-05-01,Tarih yok; varsayılan kapıdan geçmedi,Kampanya,True,Kampanya veya müşteri teklifi sinyali içeriyor.,Poor,False,title_too_short,,2026-06-16T12:41:29.063934+00:00
RIAUD-8c8155ecd02e,RUN-20260616124128,QNB Finansbank,REG-065,QNB Yazar Kasa POS,Mevduat ve Yatırım Ürünleri,https://www.qnb.com.tr/isim-icin/kobi/mevduat-ve-yatirim-urunleri,https://www.qnb.com.tr/isim-icin/kobi/mevduat-ve-yatirim-urunleri,mevduat ve yatırım ürünleri,1270d0cd8c48a1db6f44b9b6e0602ab9af9e59d48d1b0be4e75d86abf57870d3,,,,,,Belirsiz,,Tarih yok; varsayılan kapıdan geçmedi.,False,,,Yok,missing,False,2026-05-01,Tarih yok; varsayılan kapıdan geçmedi,Kampanya,True,Kampanya veya müşteri teklifi sinyali içeriyor.,Medium,False,Tarih yok; varsayılan kapıdan geçmedi,,2026-06-16T12:41:29.064419+00:00
RIAUD-04702ddccd48,RUN-20260616124128,QNB Finansbank,REG-065,QNB Yazar Kasa POS,Link POS & Sanal POS Üye İşyeri Giriş Ekranı,https://www.qnb.com.tr/isim-icin/kobi/kobi-pos-cozumleri/link-pos-and-sanal-pos-uye-isyeri-giris-ekrani,https://www.qnb.com.tr/isim-icin/kobi/kobi-pos-cozumleri/link-pos-and-sanal-pos-uye-isyeri-giris-ekrani,link pos & sanal pos üye i̇şyeri giriş ekranı,60d66a978e49c7ea19fb130be0deefb98acb1f16f315ded1a2558de3c251d983,,,,,,Belirsiz,,Tarih yok; varsayılan kapıdan geçmedi.,False,,,Yok,missing,False,2026-05-01,Tarih yok; varsayılan kapıdan geçmedi,Statik Ürün Sayfası,False,"Statik ürün, yardım, giriş veya navigasyon içeriği gibi görünüyor.",Medium,False,Tarih yok; varsayılan kapıdan geçmedi,,2026-06-16T12:41:29.064665+00:00
RIAUD-ef0c49ebb0d6,RUN-20260616124128,QNB Finansbank,REG-065,QNB Yazar Kasa POS,POS Başvurusu Şimdi QNB Mobil’de,https://www.qnb.com.tr/isim-icin/kobi/kobi-pos-cozumleri/pos-basvurusu-qnb-mobilde,https://www.qnb.com.tr/isim-icin/kobi/kobi-pos-cozumleri/pos-basvurusu-qnb-mobilde,pos başvurusu şimdi qnb mobil’de,3d8d891bd1c9bb323909ab0f01936ba1fcf70eb38024513d31619935e3994299,,,,,,Belirsiz,,Tarih yok; varsayılan kapıdan geçmedi.,False,,,Yok,missing,False,2026-05-01,Tarih yok; varsayılan kapıdan geçmedi,Kampanya,True,Kampanya veya müşteri teklifi sinyali içeriyor.,Medium,False,Tarih yok; varsayılan kapıdan geçmedi,,2026-06-16T12:41:29.064985+00:00
RIAUD-9beb9a239503,RUN-20260616124128,QNB Finansbank,REG-065,QNB Yazar Kasa POS,POS’tan TR Karekod ile Ödeme Alma,https://www.qnb.com.tr/isim-icin/kobi/kobi-pos-cozumleri/pos-qr-kod,https://www.qnb.com.tr/isim-icin/kobi/kobi-pos-cozumleri/pos-qr-kod,pos’tan tr karekod ile ödeme alma,31789f0be0c84c6c3b6269136d26181ad4080af95b3795b05e513a6045deb546,,,,,,Belirsiz,,Tarih yok; varsayılan kapıdan geçmedi.,False,,,Yok,missing,False,2026-05-01,Tarih yok; varsayılan kapıdan geçmedi,Kampanya,True,Kampanya veya müşteri teklifi sinyali içeriyor.,Medium,False,Tarih yok; varsayılan kapıdan geçmedi,,2026-06-16T12:41:29.065255+00:00
RIAUD-6e2795ef2030,RUN-20260616124128,QNB Finansbank,REG-065,QNB Yazar Kasa POS,Düzenli Tahsilat Kolay,https://www.qnb.com.tr/isim-icin/kobi/kobi-pos-cozumleri/tahsilat-kolay,https://www.qnb.com.tr/isim-icin/kobi/kobi-pos-cozumleri/tahsilat-kolay,düzenli tahsilat kolay,d50e0f137149ac87deb3c5d59d94cd1c3d6fee4e8d5ffdcf0001e368ef165bf7,,,,,,Belirsiz,,Tarih yok; varsayılan kapıdan geçmedi.,False,,,Yok,missing,False,2026-05-01,Tarih yok; varsayılan kapıdan geçmedi,Kampanya,True,Kampanya veya müşteri teklifi sinyali içeriyor.,Medium,False,Tarih yok; varsayılan kapıdan geçmedi,,2026-06-16T12:41:29.065577+00:00
RIAUD-3f00c9570a39,RUN-20260616124128,QNB Finansbank,REG-065,QNB Yazar Kasa POS,KOBİ Nakit Yönetimi ve Tahsilat Ürünleri,https://www.qnb.com.tr/kobi-nakit-yonetimi-ve-tahsilat-urunleri,https://www.qnb.com.tr/kobi-nakit-yonetimi-ve-tahsilat-urunleri,kobi̇ nakit yönetimi ve tahsilat ürünleri,a1c7ef9dddfb1c932f5260f7fe40b099b62c55feabb5db9f34c604d1e7d50bf3,,,,,,Belirsiz,,Tarih yok; varsayılan kapıdan geçmedi.,False,,,Yok,missing,False,2026-05-01,Tarih yok; varsayılan kapıdan geçmedi,Kampanya,True,Kampanya veya müşteri teklifi sinyali içeriyor.,Medium,False,Tarih yok; varsayılan kapıdan geçmedi,,2026-06-16T12:41:29.065814+00:00
RIAUD-cabd65c05e63,RUN-20260616124128,QNB Finansbank,REG-065,QNB Yazar Kasa POS,Kobiler İçin Diğer Hizmetler ve Ürünler,https://www.qnb.com.tr/kobi-diger-hizmetler-ve-urunler,https://www.qnb.com.tr/kobi-diger-hizmetler-ve-urunler,kobiler i̇çin diğer hizmetler ve ürünler,98a3f4695d5b11429deeb08fddbfbef95c47936048c3e7b1a24a4476d78e6305,,,,,,Belirsiz,,Tarih yok; varsayılan kapıdan geçmedi.,False,,,Yok,missing,False,2026-05-01,Tarih yok; varsayılan kapıdan geçmedi,Kampanya,True,Kampanya veya müşteri teklifi sinyali içeriyor.,Medium,False,Tarih yok; varsayılan kapıdan geçmedi,,2026-06-16T12:41:29.066072+00:00
RIAUD-9cbbe254cdef,RUN-20260616124128,QNB Finansbank,REG-065,QNB Yazar Kasa POS,Findeks Ticari Paketleri,https://www.qnb.com.tr/isim-icin/kobi/findeks-ticari-paketleri,https://www.qnb.com.tr/isim-icin/kobi/findeks-ticari-paketleri,findeks ticari paketleri,2ee6501c9b64d54f4ea6522328583db3a0decac387b37ad710f59dad4405afb8,,,,,,Belirsiz,,Tarih yok; varsayılan kapıdan geçmedi.,False,,,Yok,missing,False,2026-05-01,Tarih yok; varsayılan kapıdan geçmedi,Kampanya,True,Kampanya veya müşteri teklifi sinyali içeriyor.,Medium,False,Tarih yok; varsayılan kapıdan geçmedi,,2026-06-16T12:41:29.066364+00:00
RIAUD-c9678e57259d,RUN-20260616124128,QNB Finansbank,REG-065,QNB Yazar Kasa POS,İşim İçin,https://www.qnb.com.tr/isim-icin,https://www.qnb.com.tr/isim-icin,i̇şim i̇çin,0e75f6a9554ede975104e464149d6bf18baa9e9d887e03b708045340c12e6de7,,,,,,Belirsiz,,Tarih yok; varsayılan kapıdan geçmedi.,False,,,Yok,missing,False,2026-05-01,Tarih yok; varsayılan kapıdan geçmedi,Kampanya,True,Kampanya veya müşteri teklifi sinyali içeriyor.,Poor,False,title_too_short,,2026-06-16T12:41:29.066590+00:00
RIAUD-669a373a756e,RUN-20260616124128,QNB Finansbank,REG-065,QNB Yazar Kasa POS,KOBİ,https://www.qnb.com.tr/isim-icin/kobi,https://www.qnb.com.tr/isim-icin/kobi,kobi̇,511574b56481cb8c5a1e4be36b0730dfa1574f892f1c92f80c65df9de6fabfe6,,,,,,Belirsiz,,Tarih yok; varsayılan kapıdan geçmedi.,False,,,Yok,missing,False,2026-05-01,Tarih yok; varsayılan kapıdan geçmedi,Kampanya,True,Kampanya veya müşteri teklifi sinyali içeriyor.,Poor,False,title_too_short,,2026-06-16T12:41:29.066853+00:00
RIAUD-fb43001697c8,RUN-20260616124128,QNB Finansbank,REG-065,QNB Yazar Kasa POS,POS,https://www.qnb.com.tr/isim-icin/kobi/kobi-pos-cozumleri,https://www.qnb.com.tr/isim-icin/kobi/kobi-pos-cozumleri,pos,ede5873df0677039d3205f0550055e2afcb1afd02a48c87582a2c68f513d550b,,,,,,Belirsiz,,Tarih yok; varsayılan kapıdan geçmedi.,False,,,Yok,missing,False,2026-05-01,Tarih yok; varsayılan kapıdan geçmedi,Kampanya,True,Kampanya veya müşteri teklifi sinyali içeriyor.,Poor,False,title_too_short,,2026-06-16T12:41:29.067107+00:00
RIAUD-0eedfecca11f,RUN-20260616124128,QNB Finansbank,REG-065,QNB Yazar Kasa POS,Hemen Başvur,https://www.qnb.com.tr/isim-icin/kobi/kobi-pos-cozumleri/yazar-kasa-pos#hemen-basvur,https://www.qnb.com.tr/isim-icin/kobi/kobi-pos-cozumleri/yazar-kasa-pos,hemen başvur,87e3d9a840201cefbb9ac7897da5c4ac7fc8e55663c80e3ce2d4dc5988920365,,,,,,Belirsiz,,Tarih yok; varsayılan kapıdan geçmedi.,False,,,Yok,missing,False,2026-05-01,Tarih yok; varsayılan kapıdan geçmedi,Kampanya,True,Kampanya veya müşteri teklifi sinyali içeriyor.,Poor,False,title_too_short,,2026-06-16T12:41:29.067384+00:00
RIAUD-493a2c7bfa1a,RUN-20260616124128,QNB Finansbank,REG-065,QNB Yazar Kasa POS,KOBİ Kredileri,https://www.qnb.com.tr/kobi-kredileri,https://www.qnb.com.tr/kobi-kredileri,kobi̇ kredileri,689cc8dd555eec6db14912bd3d08a57baa8f801cb6baa150f6ccc025a8da08f7,,,,,,Belirsiz,,Tarih yok; varsayılan kapıdan geçmedi.,False,,,Yok,missing,False,2026-05-01,Tarih yok; varsayılan kapıdan geçmedi,Kampanya,True,Kampanya veya müşteri teklifi sinyali içeriyor.,Poor,False,title_too_short,,2026-06-16T12:41:29.067701+00:00
RIAUD-fffe4307bc69,RUN-20260616124128,QNB Finansbank,REG-065,QNB Yazar Kasa POS,Esnaf Kredileri,https://www.qnb.com.tr/isim-icin/kobi/krediler/esnaf-kredileri,https://www.qnb.com.tr/isim-icin/kobi/krediler/esnaf-kredileri,esnaf kredileri,3d14aeee3be303c09902e668ac57386b433bd295de99d6b2a89cbe26ff5f5e8b,,,,,,Belirsiz,,Tarih yok; varsayılan kapıdan geçmedi.,False,,,Yok,missing,False,2026-05-01,Tarih yok; varsayılan kapıdan geçmedi,Kampanya,True,Kampanya veya müşteri teklifi sinyali içeriyor.,Poor,False,title_too_short,,2026-06-16T12:41:29.068045+00:00
RIAUD-e787bb7b85d1,RUN-20260616124128,QNB Finansbank,REG-065,QNB Yazar Kasa POS,POS Başvurusu,https://www.qnb.com.tr/isim-icin/kobi/kobi-pos-cozumleri/pos,https://www.qnb.com.tr/isim-icin/kobi/kobi-pos-cozumleri/pos,pos başvurusu,3e4bc5617cee4940ecb5f509cca2e6ff0e54ba3b257a14affc021060db97c797,,,,,,Belirsiz,,Tarih yok; varsayılan kapıdan geçmedi.,False,,,Yok,missing,False,2026-05-01,Tarih yok; varsayılan kapıdan geçmedi,Kampanya,True,Kampanya veya müşteri teklifi sinyali içeriyor.,Poor,False,title_too_short,,2026-06-16T12:41:29.068321+00:00
RIAUD-72ae157ef7c1,RUN-20260616124128,QNB Finansbank,REG-065,QNB Yazar Kasa POS,LinkPOS,https://www.qnb.com.tr/linkpos,https://www.qnb.com.tr/linkpos,linkpos,37da27cfd1c74c59db079f5ea1599b926de4a0d96081a10d88ad2ec9f5f074f2,,,,,,Belirsiz,,Tarih yok; varsayılan kapıdan geçmedi.,False,,,Yok,missing,False,2026-05-01,Tarih yok; varsayılan kapıdan geçmedi,Kampanya,True,Kampanya veya müşteri teklifi sinyali içeriyor.,Poor,False,title_too_short,,2026-06-16T12:41:29.068599+00:00
RIAUD-175f8e92eba0,RUN-20260616124128,QNB Finansbank,REG-065,QNB Yazar Kasa POS,Sanal POS,https://www.qnb.com.tr/sanal-pos,https://www.qnb.com.tr/sanal-pos,sanal pos,670424c9e1e33703e968a853da08170089ed30138a5e30f0d5f030ea40a4eae8,,,,,,Belirsiz,,Tarih yok; varsayılan kapıdan geçmedi.,False,,,Yok,missing,False,2026-05-01,Tarih yok; varsayılan kapıdan geçmedi,Kampanya,True,Kampanya veya müşteri teklifi sinyali içeriyor.,Poor,False,title_too_short,,2026-06-16T12:41:29.068885+00:00
RIAUD-a4da575592e6,RUN-20260616124128,QNB Finansbank,REG-065,QNB Yazar Kasa POS,CepPOS,https://www.qnb.com.tr/isim-icin/kobi/kobi-pos-cozumleri/ceppos,https://www.qnb.com.tr/isim-icin/kobi/kobi-pos-cozumleri/ceppos,ceppos,86dedca1a42921ed117cb7f4e5377109fe28b77da41e299c9a0c6a5372b4cb5c,,,,,,Belirsiz,,Tarih yok; varsayılan kapıdan geçmedi.,False,,,Yok,missing,False,2026-05-01,Tarih yok; varsayılan kapıdan geçmedi,Kampanya,True,Kampanya veya müşteri teklifi sinyali içeriyor.,Poor,False,title_too_short,,2026-06-16T12:41:29.069201+00:00
RIAUD-cb1d092dc8f9,RUN-20260616124128,QNB Finansbank,REG-065,QNB Yazar Kasa POS,Mobil POS,https://www.qnb.com.tr/isim-icin/kobi/kobi-pos-cozumleri/mobil-pos,https://www.qnb.com.tr/isim-icin/kobi/kobi-pos-cozumleri/mobil-pos,mobil pos,21b6a8fa05bef55156b89a60b38592704b703d18ba5e970cde7977aed9b95f9e,,,,,,Belirsiz,,Tarih yok; varsayılan kapıdan geçmedi.,False,,,Yok,missing,False,2026-05-01,Tarih yok; varsayılan kapıdan geçmedi,Kampanya,True,Kampanya veya müşteri teklifi sinyali içeriyor.,Poor,False,title_too_short,,2026-06-16T12:41:29.069576+00:00
RIAUD-d5867dc16a14,RUN-20260616124128,QNB Finansbank,REG-065,QNB Yazar Kasa POS,Temassız POS,https://www.qnb.com.tr/isim-icin/kobi/kobi-pos-cozumleri/temassiz-taksitli-pos,https://www.qnb.com.tr/isim-icin/kobi/kobi-pos-cozumleri/temassiz-taksitli-pos,temassız pos,6f0cccecd377a099b2998975882543dff467101d8ae6ddb5cca38dbde3b979b5,,,,,,Belirsiz,,Tarih yok; varsayılan kapıdan geçmedi.,False,,,Yok,missing,False,2026-05-01,Tarih yok; varsayılan kapıdan geçmedi,Kampanya,True,Kampanya veya müşteri teklifi sinyali içeriyor.,Poor,False,title_too_short,,2026-06-16T12:41:29.069869+00:00
RIAUD-9e41baa20ebe,RUN-20260616124128,QNB Finansbank,REG-065,QNB Yazar Kasa POS,POS Kılavuzu,https://www.qnb.com.tr/isim-icin/kobi/kobi-pos-cozumleri/pos-kilavuzu,https://www.qnb.com.tr/isim-icin/kobi/kobi-pos-cozumleri/pos-kilavuzu,pos kılavuzu,66fa707030a7079735fab0fad0896a6e7caf434eede1bf9b224eb4c1fa44ede1,,,,,,Belirsiz,,Tarih yok; varsayılan kapıdan geçmedi.,False,,,Yok,missing,False,2026-05-01,Tarih yok; varsayılan kapıdan geçmedi,Kampanya,True,Kampanya veya müşteri teklifi sinyali içeriyor.,Poor,False,title_too_short,,2026-06-16T12:41:29.070169+00:00
RIAUD-27ee566907b3,RUN-20260616124128,QNB Finansbank,REG-065,QNB Yazar Kasa POS,Dijital Slip,https://www.qnb.com.tr/isim-icin/kobi/kobi-pos-cozumleri/dijital-slip,https://www.qnb.com.tr/isim-icin/kobi/kobi-pos-cozumleri/dijital-slip,dijital slip,ddc25f7d8e3f0cb159a7c4c5344f7f67608afdca151db92c536864e0e4e16758,,,,,,Belirsiz,,Tarih yok; varsayılan kapıdan geçmedi.,False,,,Yok,missing,False,2026-05-01,Tarih yok; varsayılan kapıdan geçmedi,Kampanya,True,Kampanya veya müşteri teklifi sinyali içeriyor.,Poor,False,title_too_short,,2026-06-16T12:41:29.070426+00:00
RIAUD-7ccac24d39eb,RUN-20260616124128,QNB Finansbank,REG-065,QNB Yazar Kasa POS,Kartlar,https://www.qnb.com.tr/isim-icin/kobi/kobi-ticari-kartlar,https://www.qnb.com.tr/isim-icin/kobi/kobi-ticari-kartlar,kartlar,efd6b75d06cd02e99cb6b817e53a18431f79d9c8c45ac14517e4d91ebf80e442,,,,,,Belirsiz,,Tarih yok; varsayılan kapıdan geçmedi.,False,,,Yok,missing,False,2026-05-01,Tarih yok; varsayılan kapıdan geçmedi,Kampanya,True,Kampanya veya müşteri teklifi sinyali içeriyor.,Poor,False,title_too_short,,2026-06-16T12:41:29.070739+00:00
RIAUD-894a725b1bb2,RUN-20260616124128,QNB Finansbank,REG-065,QNB Yazar Kasa POS,Kazananlar Kulübü,https://www.qnb.com.tr/isim-icin/kobi/kazananlar-kulubu,https://www.qnb.com.tr/isim-icin/kobi/kazananlar-kulubu,kazananlar kulübü,5c427f71e636b6414d567f167515a5eac05d89952adde7008404df999451b680,,,,,,Belirsiz,,Tarih yok; varsayılan kapıdan geçmedi.,False,,,Yok,missing,False,2026-05-01,Tarih yok; varsayılan kapıdan geçmedi,Kampanya,True,Kampanya veya müşteri teklifi sinyali içeriyor.,Poor,False,title_too_short,,2026-06-16T12:41:29.070986+00:00
RIAUD-7d614b2ecd19,RUN-20260616124128,QNB Finansbank,REG-065,QNB Yazar Kasa POS,KOBİ Sigortaları,https://www.qnb.com.tr/kobi-sigortalar,https://www.qnb.com.tr/kobi-sigortalar,kobi̇ sigortaları,c03be60f5aa7cef0106f53f3c66e4bf841034b35ddb7ad6b415ae45b3e9e1a5f,,,,,,Belirsiz,,Tarih yok; varsayılan kapıdan geçmedi.,False,,,Yok,missing,False,2026-05-01,Tarih yok; varsayılan kapıdan geçmedi,Kampanya,True,Kampanya veya müşteri teklifi sinyali içeriyor.,Poor,False,title_too_short,,2026-06-16T12:41:29.071296+00:00
RIAUD-771708e791d0,RUN-20260616124128,QNB Finansbank,REG-065,QNB Yazar Kasa POS,Leasing & Faktoring,https://www.qnb.com.tr/kobi-leasing-and-faktoring,https://www.qnb.com.tr/kobi-leasing-and-faktoring,leasing & faktoring,2332713a4d4539315c51b722f7a5e1a49c51f01f0d955120f99afe0e076a5829,,,,,,Belirsiz,,Tarih yok; varsayılan kapıdan geçmedi.,False,,,Yok,missing,False,2026-05-01,Tarih yok; varsayılan kapıdan geçmedi,Kampanya,True,Kampanya veya müşteri teklifi sinyali içeriyor.,Poor,False,title_too_short,,2026-06-16T12:41:29.071560+00:00
RIAUD-7b0a13a97ab5,RUN-20260616124128,QNB Finansbank,REG-064,QNB POS,Kampanyalar,https://www.qnb.com.tr/kampanyalar/kobi-kampanyalari,https://www.qnb.com.tr/kampanyalar/kobi-kampanyalari,kampanyalar,eb250a2ef66884e3366d9b57c17a77e95456e4bb6c9f1b62210cae1408cc311a,,,,,,Belirsiz,,Tarih yok; varsayılan kapıdan geçmedi.,False,,,Yok,missing,False,2026-05-01,Tarih yok; varsayılan kapıdan geçmedi,Kampanya,True,Kampanya veya müşteri teklifi sinyali içeriyor.,Poor,False,title_too_short,,2026-06-16T12:41:29.088408+00:00
RIAUD-6054d61db0b8,RUN-20260616124128,QNB Finansbank,REG-064,QNB POS,Düzenli Tahsilat Kolay,https://www.qnb.com.tr/isim-icin/kobi/kobi-pos-cozumleri/tahsilat-kolay,https://www.qnb.com.tr/isim-icin/kobi/kobi-pos-cozumleri/tahsilat-kolay,düzenli tahsilat kolay,d50e0f137149ac87deb3c5d59d94cd1c3d6fee4e8d5ffdcf0001e368ef165bf7,,,,,,Belirsiz,,Tarih yok; varsayılan kapıdan geçmedi.,False,,,Yok,missing,False,2026-05-01,Tarih yok; varsayılan kapıdan geçmedi,Kampanya,True,Kampanya veya müşteri teklifi sinyali içeriyor.,Medium,False,Tarih yok; varsayılan kapıdan geçmedi,,2026-06-16T12:41:29.088814+00:00
RIAUD-035d443eac37,RUN-20260616124128,QNB Finansbank,REG-064,QNB POS,Mevduat ve Yatırım Ürünleri,https://www.qnb.com.tr/isim-icin/kobi/mevduat-ve-yatirim-urunleri,https://www.qnb.com.tr/isim-icin/kobi/mevduat-ve-yatirim-urunleri,mevduat ve yatırım ürünleri,1270d0cd8c48a1db6f44b9b6e0602ab9af9e59d48d1b0be4e75d86abf57870d3,,,,,,Belirsiz,,Tarih yok; varsayılan kapıdan geçmedi.,False,,,Yok,missing,False,2026-05-01,Tarih yok; varsayılan kapıdan geçmedi,Kampanya,True,Kampanya veya müşteri teklifi sinyali içeriyor.,Medium,False,Tarih yok; varsayılan kapıdan geçmedi,,2026-06-16T12:41:29.089138+00:00
RIAUD-ff49abac0a67,RUN-20260616124128,QNB Finansbank,REG-064,QNB POS,Link POS & Sanal POS Üye İşyeri Giriş Ekranı,https://www.qnb.com.tr/isim-icin/kobi/kobi-pos-cozumleri/link-pos-and-sanal-pos-uye-isyeri-giris-ekrani,https://www.qnb.com.tr/isim-icin/kobi/kobi-pos-cozumleri/link-pos-and-sanal-pos-uye-isyeri-giris-ekrani,link pos & sanal pos üye i̇şyeri giriş ekranı,60d66a978e49c7ea19fb130be0deefb98acb1f16f315ded1a2558de3c251d983,,,,,,Belirsiz,,Tarih yok; varsayılan kapıdan geçmedi.,False,,,Yok,missing,False,2026-05-01,Tarih yok; varsayılan kapıdan geçmedi,Statik Ürün Sayfası,False,"Statik ürün, yardım, giriş veya navigasyon içeriği gibi görünüyor.",Medium,False,Tarih yok; varsayılan kapıdan geçmedi,,2026-06-16T12:41:29.089464+00:00
RIAUD-0c5468ac328a,RUN-20260616124128,QNB Finansbank,REG-064,QNB POS,POS Başvurusu Şimdi QNB Mobil’de,https://www.qnb.com.tr/isim-icin/kobi/kobi-pos-cozumleri/pos-basvurusu-qnb-mobilde,https://www.qnb.com.tr/isim-icin/kobi/kobi-pos-cozumleri/pos-basvurusu-qnb-mobilde,pos başvurusu şimdi qnb mobil’de,3d8d891bd1c9bb323909ab0f01936ba1fcf70eb38024513d31619935e3994299,,,,,,Belirsiz,,Tarih yok; varsayılan kapıdan geçmedi.,False,,,Yok,missing,False,2026-05-01,Tarih yok; varsayılan kapıdan geçmedi,Kampanya,True,Kampanya veya müşteri teklifi sinyali içeriyor.,Medium,False,Tarih yok; varsayılan kapıdan geçmedi,,2026-06-16T12:41:29.089719+00:00
RIAUD-20b992aa4b91,RUN-20260616124128,QNB Finansbank,REG-064,QNB POS,POS’tan TR Karekod ile Ödeme Alma,https://www.qnb.com.tr/isim-icin/kobi/kobi-pos-cozumleri/pos-qr-kod,https://www.qnb.com.tr/isim-icin/kobi/kobi-pos-cozumleri/pos-qr-kod,pos’tan tr karekod ile ödeme alma,31789f0be0c84c6c3b6269136d26181ad4080af95b3795b05e513a6045deb546,,,,,,Belirsiz,,Tarih yok; varsayılan kapıdan geçmedi.,False,,,Yok,missing,False,2026-05-01,Tarih yok; varsayılan kapıdan geçmedi,Kampanya,True,Kampanya veya müşteri teklifi sinyali içeriyor.,Medium,False,Tarih yok; varsayılan kapıdan geçmedi,,2026-06-16T12:41:29.090113+00:00
RIAUD-dbf376e80771,RUN-20260616124128,QNB Finansbank,REG-064,QNB POS,KOBİ Nakit Yönetimi ve Tahsilat Ürünleri,https://www.qnb.com.tr/kobi-nakit-yonetimi-ve-tahsilat-urunleri,https://www.qnb.com.tr/kobi-nakit-yonetimi-ve-tahsilat-urunleri,kobi̇ nakit yönetimi ve tahsilat ürünleri,a1c7ef9dddfb1c932f5260f7fe40b099b62c55feabb5db9f34c604d1e7d50bf3,,,,,,Belirsiz,,Tarih yok; varsayılan kapıdan geçmedi.,False,,,Yok,missing,False,2026-05-01,Tarih yok; varsayılan kapıdan geçmedi,Kampanya,True,Kampanya veya müşteri teklifi sinyali içeriyor.,Medium,False,Tarih yok; varsayılan kapıdan geçmedi,,2026-06-16T12:41:29.090335+00:00
RIAUD-edb960e5de03,RUN-20260616124128,QNB Finansbank,REG-064,QNB POS,Kobiler İçin Diğer Hizmetler ve Ürünler,https://www.qnb.com.tr/kobi-diger-hizmetler-ve-urunler,https://www.qnb.com.tr/kobi-diger-hizmetler-ve-urunler,kobiler i̇çin diğer hizmetler ve ürünler,98a3f4695d5b11429deeb08fddbfbef95c47936048c3e7b1a24a4476d78e6305,,,,,,Belirsiz,,Tarih yok; varsayılan kapıdan geçmedi.,False,,,Yok,missing,False,2026-05-01,Tarih yok; varsayılan kapıdan geçmedi,Kampanya,True,Kampanya veya müşteri teklifi sinyali içeriyor.,Medium,False,Tarih yok; varsayılan kapıdan geçmedi,,2026-06-16T12:41:29.090549+00:00
RIAUD-50dd31a38efd,RUN-20260616124128,QNB Finansbank,REG-064,QNB POS,Findeks Ticari Paketleri,https://www.qnb.com.tr/isim-icin/kobi/findeks-ticari-paketleri,https://www.qnb.com.tr/isim-icin/kobi/findeks-ticari-paketleri,findeks ticari paketleri,2ee6501c9b64d54f4ea6522328583db3a0decac387b37ad710f59dad4405afb8,,,,,,Belirsiz,,Tarih yok; varsayılan kapıdan geçmedi.,False,,,Yok,missing,False,2026-05-01,Tarih yok; varsayılan kapıdan geçmedi,Kampanya,True,Kampanya veya müşteri teklifi sinyali içeriyor.,Medium,False,Tarih yok; varsayılan kapıdan geçmedi,,2026-06-16T12:41:29.090754+00:00
RIAUD-e25183c1df2a,RUN-20260616124128,QNB Finansbank,REG-064,QNB POS,İşim İçin,https://www.qnb.com.tr/isim-icin,https://www.qnb.com.tr/isim-icin,i̇şim i̇çin,0e75f6a9554ede975104e464149d6bf18baa9e9d887e03b708045340c12e6de7,,,,,,Belirsiz,,Tarih yok; varsayılan kapıdan geçmedi.,False,,,Yok,missing,False,2026-05-01,Tarih yok; varsayılan kapıdan geçmedi,Kampanya,True,Kampanya veya müşteri teklifi sinyali içeriyor.,Poor,False,title_too_short,,2026-06-16T12:41:29.090948+00:00
RIAUD-45f537e289f9,RUN-20260616124128,QNB Finansbank,REG-064,QNB POS,KOBİ,https://www.qnb.com.tr/isim-icin/kobi,https://www.qnb.com.tr/isim-icin/kobi,kobi̇,511574b56481cb8c5a1e4be36b0730dfa1574f892f1c92f80c65df9de6fabfe6,,,,,,Belirsiz,,Tarih yok; varsayılan kapıdan geçmedi.,False,,,Yok,missing,False,2026-05-01,Tarih yok; varsayılan kapıdan geçmedi,Kampanya,True,Kampanya veya müşteri teklifi sinyali içeriyor.,Poor,False,title_too_short,,2026-06-16T12:41:29.091199+00:00
RIAUD-d23689897151,RUN-20260616124128,QNB Finansbank,REG-064,QNB POS,POS,https://www.qnb.com.tr/isim-icin/kobi/kobi-pos-cozumleri,https://www.qnb.com.tr/isim-icin/kobi/kobi-pos-cozumleri,pos,ede5873df0677039d3205f0550055e2afcb1afd02a48c87582a2c68f513d550b,,,,,,Belirsiz,,Tarih yok; varsayılan kapıdan geçmedi.,False,,,Yok,missing,False,2026-05-01,Tarih yok; varsayılan kapıdan geçmedi,Kampanya,True,Kampanya veya müşteri teklifi sinyali içeriyor.,Poor,False,title_too_short,,2026-06-16T12:41:29.091445+00:00
RIAUD-8197ac7375b9,RUN-20260616124128,QNB Finansbank,REG-064,QNB POS,tıklayınız.,https://www.qnb.com.tr/isim-icin/kobi/kobi-pos-cozumleri/yazar-kasa-pos,https://www.qnb.com.tr/isim-icin/kobi/kobi-pos-cozumleri/yazar-kasa-pos,tıklayınız.,72389f61c1e225e2933e6a7e67a9bdfce3aab7ef1bf399e4b9d05f821959f954,,,,,,Belirsiz,,Tarih yok; varsayılan kapıdan geçmedi.,False,,,Yok,missing,False,2026-05-01,Tarih yok; varsayılan kapıdan geçmedi,Kampanya,True,Kampanya veya müşteri teklifi sinyali içeriyor.,Poor,False,title_too_short,,2026-06-16T12:41:29.091685+00:00
RIAUD-33f1ed6ba96a,RUN-20260616124128,QNB Finansbank,REG-064,QNB POS,tıklayınız,https://www.qnb.com.tr/isim-icin/kobi/kobi-pos-cozumleri/mobil-pos,https://www.qnb.com.tr/isim-icin/kobi/kobi-pos-cozumleri/mobil-pos,tıklayınız,e0eaac1a218ed24d859c132a290a710f1758317f136841de1175dce9251d0274,,,,,,Belirsiz,,Tarih yok; varsayılan kapıdan geçmedi.,False,,,Yok,missing,False,2026-05-01,Tarih yok; varsayılan kapıdan geçmedi,Kampanya,True,Kampanya veya müşteri teklifi sinyali içeriyor.,Poor,False,title_too_short,,2026-06-16T12:41:29.091945+00:00
RIAUD-36cc47b6426d,RUN-20260616124128,QNB Finansbank,REG-064,QNB POS,KOBİ Kredileri,https://www.qnb.com.tr/kobi-kredileri,https://www.qnb.com.tr/kobi-kredileri,kobi̇ kredileri,689cc8dd555eec6db14912bd3d08a57baa8f801cb6baa150f6ccc025a8da08f7,,,,,,Belirsiz,,Tarih yok; varsayılan kapıdan geçmedi.,False,,,Yok,missing,False,2026-05-01,Tarih yok; varsayılan kapıdan geçmedi,Kampanya,True,Kampanya veya müşteri teklifi sinyali içeriyor.,Poor,False,title_too_short,,2026-06-16T12:41:29.092213+00:00
RIAUD-38f8bd8cf955,RUN-20260616124128,QNB Finansbank,REG-064,QNB POS,Esnaf Kredileri,https://www.qnb.com.tr/isim-icin/kobi/krediler/esnaf-kredileri,https://www.qnb.com.tr/isim-icin/kobi/krediler/esnaf-kredileri,esnaf kredileri,3d14aeee3be303c09902e668ac57386b433bd295de99d6b2a89cbe26ff5f5e8b,,,,,,Belirsiz,,Tarih yok; varsayılan kapıdan geçmedi.,False,,,Yok,missing,False,2026-05-01,Tarih yok; varsayılan kapıdan geçmedi,Kampanya,True,Kampanya veya müşteri teklifi sinyali içeriyor.,Poor,False,title_too_short,,2026-06-16T12:41:29.092526+00:00
RIAUD-43637106b615,RUN-20260616124128,QNB Finansbank,REG-064,QNB POS,LinkPOS,https://www.qnb.com.tr/linkpos,https://www.qnb.com.tr/linkpos,linkpos,37da27cfd1c74c59db079f5ea1599b926de4a0d96081a10d88ad2ec9f5f074f2,,,,,,Belirsiz,,Tarih yok; varsayılan kapıdan geçmedi.,False,,,Yok,missing,False,2026-05-01,Tarih yok; varsayılan kapıdan geçmedi,Kampanya,True,Kampanya veya müşteri teklifi sinyali içeriyor.,Poor,False,title_too_short,,2026-06-16T12:41:29.092797+00:00
RIAUD-a8e786f367b8,RUN-20260616124128,QNB Finansbank,REG-064,QNB POS,Sanal POS,https://www.qnb.com.tr/sanal-pos,https://www.qnb.com.tr/sanal-pos,sanal pos,670424c9e1e33703e968a853da08170089ed30138a5e30f0d5f030ea40a4eae8,,,,,,Belirsiz,,Tarih yok; varsayılan kapıdan geçmedi.,False,,,Yok,missing,False,2026-05-01,Tarih yok; varsayılan kapıdan geçmedi,Kampanya,True,Kampanya veya müşteri teklifi sinyali içeriyor.,Poor,False,title_too_short,,2026-06-16T12:41:29.093361+00:00
RIAUD-91f5f1566ac0,RUN-20260616124128,QNB Finansbank,REG-064,QNB POS,CepPOS,https://www.qnb.com.tr/isim-icin/kobi/kobi-pos-cozumleri/ceppos,https://www.qnb.com.tr/isim-icin/kobi/kobi-pos-cozumleri/ceppos,ceppos,86dedca1a42921ed117cb7f4e5377109fe28b77da41e299c9a0c6a5372b4cb5c,,,,,,Belirsiz,,Tarih yok; varsayılan kapıdan geçmedi.,False,,,Yok,missing,False,2026-05-01,Tarih yok; varsayılan kapıdan geçmedi,Kampanya,True,Kampanya veya müşteri teklifi sinyali içeriyor.,Poor,False,title_too_short,,2026-06-16T12:41:29.093635+00:00
RIAUD-11db4cf70e9e,RUN-20260616124128,QNB Finansbank,REG-064,QNB POS,Temassız POS,https://www.qnb.com.tr/isim-icin/kobi/kobi-pos-cozumleri/temassiz-taksitli-pos,https://www.qnb.com.tr/isim-icin/kobi/kobi-pos-cozumleri/temassiz-taksitli-pos,temassız pos,6f0cccecd377a099b2998975882543dff467101d8ae6ddb5cca38dbde3b979b5,,,,,,Belirsiz,,Tarih yok; varsayılan kapıdan geçmedi.,False,,,Yok,missing,False,2026-05-01,Tarih yok; varsayılan kapıdan geçmedi,Kampanya,True,Kampanya veya müşteri teklifi sinyali içeriyor.,Poor,False,title_too_short,,2026-06-16T12:41:29.093880+00:00
RIAUD-327e8528dd57,RUN-20260616124128,QNB Finansbank,REG-064,QNB POS,POS Kılavuzu,https://www.qnb.com.tr/isim-icin/kobi/kobi-pos-cozumleri/pos-kilavuzu,https://www.qnb.com.tr/isim-icin/kobi/kobi-pos-cozumleri/pos-kilavuzu,pos kılavuzu,66fa707030a7079735fab0fad0896a6e7caf434eede1bf9b224eb4c1fa44ede1,,,,,,Belirsiz,,Tarih yok; varsayılan kapıdan geçmedi.,False,,,Yok,missing,False,2026-05-01,Tarih yok; varsayılan kapıdan geçmedi,Kampanya,True,Kampanya veya müşteri teklifi sinyali içeriyor.,Poor,False,title_too_short,,2026-06-16T12:41:29.094532+00:00
RIAUD-131bd7786d44,RUN-20260616124128,QNB Finansbank,REG-064,QNB POS,Dijital Slip,https://www.qnb.com.tr/isim-icin/kobi/kobi-pos-cozumleri/dijital-slip,https://www.qnb.com.tr/isim-icin/kobi/kobi-pos-cozumleri/dijital-slip,dijital slip,ddc25f7d8e3f0cb159a7c4c5344f7f67608afdca151db92c536864e0e4e16758,,,,,,Belirsiz,,Tarih yok; varsayılan kapıdan geçmedi.,False,,,Yok,missing,False,2026-05-01,Tarih yok; varsayılan kapıdan geçmedi,Kampanya,True,Kampanya veya müşteri teklifi sinyali içeriyor.,Poor,False,title_too_short,,2026-06-16T12:41:29.095250+00:00
RIAUD-82a796f39214,RUN-20260616124128,QNB Finansbank,REG-064,QNB POS,Kartlar,https://www.qnb.com.tr/isim-icin/kobi/kobi-ticari-kartlar,https://www.qnb.com.tr/isim-icin/kobi/kobi-ticari-kartlar,kartlar,efd6b75d06cd02e99cb6b817e53a18431f79d9c8c45ac14517e4d91ebf80e442,,,,,,Belirsiz,,Tarih yok; varsayılan kapıdan geçmedi.,False,,,Yok,missing,False,2026-05-01,Tarih yok; varsayılan kapıdan geçmedi,Kampanya,True,Kampanya veya müşteri teklifi sinyali içeriyor.,Poor,False,title_too_short,,2026-06-16T12:41:29.096210+00:00
RIAUD-f45d4f21364c,RUN-20260616124128,QNB Finansbank,REG-064,QNB POS,Kazananlar Kulübü,https://www.qnb.com.tr/isim-icin/kobi/kazananlar-kulubu,https://www.qnb.com.tr/isim-icin/kobi/kazananlar-kulubu,kazananlar kulübü,5c427f71e636b6414d567f167515a5eac05d89952adde7008404df999451b680,,,,,,Belirsiz,,Tarih yok; varsayılan kapıdan geçmedi.,False,,,Yok,missing,False,2026-05-01,Tarih yok; varsayılan kapıdan geçmedi,Kampanya,True,Kampanya veya müşteri teklifi sinyali içeriyor.,Poor,False,title_too_short,,2026-06-16T12:41:29.096576+00:00
RIAUD-ba4bfe21db44,RUN-20260616124128,QNB Finansbank,REG-064,QNB POS,KOBİ Sigortaları,https://www.qnb.com.tr/kobi-sigortalar,https://www.qnb.com.tr/kobi-sigortalar,kobi̇ sigortaları,c03be60f5aa7cef0106f53f3c66e4bf841034b35ddb7ad6b415ae45b3e9e1a5f,,,,,,Belirsiz,,Tarih yok; varsayılan kapıdan geçmedi.,False,,,Yok,missing,False,2026-05-01,Tarih yok; varsayılan kapıdan geçmedi,Kampanya,True,Kampanya veya müşteri teklifi sinyali içeriyor.,Poor,False,title_too_short,,2026-06-16T12:41:29.096856+00:00
RIAUD-ab31f6ffb71b,RUN-20260616124128,QNB Finansbank,REG-064,QNB POS,Leasing & Faktoring,https://www.qnb.com.tr/kobi-leasing-and-faktoring,https://www.qnb.com.tr/kobi-leasing-and-faktoring,leasing & faktoring,2332713a4d4539315c51b722f7a5e1a49c51f01f0d955120f99afe0e076a5829,,,,,,Belirsiz,,Tarih yok; varsayılan kapıdan geçmedi.,False,,,Yok,missing,False,2026-05-01,Tarih yok; varsayılan kapıdan geçmedi,Kampanya,True,Kampanya veya müşteri teklifi sinyali içeriyor.,Poor,False,title_too_short,,2026-06-16T12:41:29.097313+00:00
RIAUD-aaf02625afdd,RUN-20260616124128,QNB Finansbank,REG-063,QNB KOBİ POS Çözümleri,Kampanyalar,https://www.qnb.com.tr/kampanyalar/kobi-kampanyalari,https://www.qnb.com.tr/kampanyalar/kobi-kampanyalari,kampanyalar,eb250a2ef66884e3366d9b57c17a77e95456e4bb6c9f1b62210cae1408cc311a,,,,,,Belirsiz,,Tarih yok; varsayılan kapıdan geçmedi.,False,,,Yok,missing,False,2026-05-01,Tarih yok; varsayılan kapıdan geçmedi,Kampanya,True,Kampanya veya müşteri teklifi sinyali içeriyor.,Poor,False,title_too_short,,2026-06-16T12:41:29.109584+00:00
RIAUD-3fa154691db6,RUN-20260616124128,QNB Finansbank,REG-063,QNB KOBİ POS Çözümleri,Link POS & Sanal POS Üye İşyeri Giriş Ekranı,https://www.qnb.com.tr/isim-icin/kobi/kobi-pos-cozumleri/link-pos-and-sanal-pos-uye-isyeri-giris-ekrani,https://www.qnb.com.tr/isim-icin/kobi/kobi-pos-cozumleri/link-pos-and-sanal-pos-uye-isyeri-giris-ekrani,link pos & sanal pos üye i̇şyeri giriş ekranı,60d66a978e49c7ea19fb130be0deefb98acb1f16f315ded1a2558de3c251d983,,,,,,Belirsiz,,Tarih yok; varsayılan kapıdan geçmedi.,False,,,Yok,missing,False,2026-05-01,Tarih yok; varsayılan kapıdan geçmedi,Statik Ürün Sayfası,False,"Statik ürün, yardım, giriş veya navigasyon içeriği gibi görünüyor.",Medium,False,Tarih yok; varsayılan kapıdan geçmedi,,2026-06-16T12:41:29.109936+00:00
RIAUD-10b5d897c90a,RUN-20260616124128,QNB Finansbank,REG-063,QNB KOBİ POS Çözümleri,POS Başvurusu Şimdi QNB Mobil’de,https://www.qnb.com.tr/isim-icin/kobi/kobi-pos-cozumleri/pos-basvurusu-qnb-mobilde,https://www.qnb.com.tr/isim-icin/kobi/kobi-pos-cozumleri/pos-basvurusu-qnb-mobilde,pos başvurusu şimdi qnb mobil’de,3d8d891bd1c9bb323909ab0f01936ba1fcf70eb38024513d31619935e3994299,,,,,,Belirsiz,,Tarih yok; varsayılan kapıdan geçmedi.,False,,,Yok,missing,False,2026-05-01,Tarih yok; varsayılan kapıdan geçmedi,Kampanya,True,Kampanya veya müşteri teklifi sinyali içeriyor.,Medium,False,Tarih yok; varsayılan kapıdan geçmedi,,2026-06-16T12:41:29.110222+00:00
RIAUD-e4898c065afe,RUN-20260616124128,QNB Finansbank,REG-063,QNB KOBİ POS Çözümleri,POS’tan TR Karekod ile Ödeme Alma,https://www.qnb.com.tr/isim-icin/kobi/kobi-pos-cozumleri/pos-qr-kod,https://www.qnb.com.tr/isim-icin/kobi/kobi-pos-cozumleri/pos-qr-kod,pos’tan tr karekod ile ödeme alma,31789f0be0c84c6c3b6269136d26181ad4080af95b3795b05e513a6045deb546,,,,,,Belirsiz,,Tarih yok; varsayılan kapıdan geçmedi.,False,,,Yok,missing,False,2026-05-01,Tarih yok; varsayılan kapıdan geçmedi,Kampanya,True,Kampanya veya müşteri teklifi sinyali içeriyor.,Medium,False,Tarih yok; varsayılan kapıdan geçmedi,,2026-06-16T12:41:29.110513+00:00
RIAUD-495655c9afea,RUN-20260616124128,QNB Finansbank,REG-063,QNB KOBİ POS Çözümleri,Düzenli Tahsilat Kolay,https://www.qnb.com.tr/isim-icin/kobi/kobi-pos-cozumleri/tahsilat-kolay,https://www.qnb.com.tr/isim-icin/kobi/kobi-pos-cozumleri/tahsilat-kolay,düzenli tahsilat kolay,d50e0f137149ac87deb3c5d59d94cd1c3d6fee4e8d5ffdcf0001e368ef165bf7,,,,,,Belirsiz,,Tarih yok; varsayılan kapıdan geçmedi.,False,,,Yok,missing,False,2026-05-01,Tarih yok; varsayılan kapıdan geçmedi,Kampanya,True,Kampanya veya müşteri teklifi sinyali içeriyor.,Medium,False,Tarih yok; varsayılan kapıdan geçmedi,,2026-06-16T12:41:29.110775+00:00
RIAUD-2e7180bd84f9,RUN-20260616124128,QNB Finansbank,REG-063,QNB KOBİ POS Çözümleri,İşim İçin,https://www.qnb.com.tr/isim-icin,https://www.qnb.com.tr/isim-icin,i̇şim i̇çin,0e75f6a9554ede975104e464149d6bf18baa9e9d887e03b708045340c12e6de7,,,,,,Belirsiz,,Tarih yok; varsayılan kapıdan geçmedi.,False,,,Yok,missing,False,2026-05-01,Tarih yok; varsayılan kapıdan geçmedi,Kampanya,True,Kampanya veya müşteri teklifi sinyali içeriyor.,Poor,False,title_too_short,,2026-06-16T12:41:29.111013+00:00
RIAUD-5c28bee459b0,RUN-20260616124128,QNB Finansbank,REG-063,QNB KOBİ POS Çözümleri,KOBİ,https://www.qnb.com.tr/isim-icin/kobi,https://www.qnb.com.tr/isim-icin/kobi,kobi̇,511574b56481cb8c5a1e4be36b0730dfa1574f892f1c92f80c65df9de6fabfe6,,,,,,Belirsiz,,Tarih yok; varsayılan kapıdan geçmedi.,False,,,Yok,missing,False,2026-05-01,Tarih yok; varsayılan kapıdan geçmedi,Kampanya,True,Kampanya veya müşteri teklifi sinyali içeriyor.,Poor,False,title_too_short,,2026-06-16T12:41:29.111242+00:00
RIAUD-cb4aa1005bf1,RUN-20260616124128,QNB Finansbank,REG-063,QNB KOBİ POS Çözümleri,POS Başvurusu,https://www.qnb.com.tr/isim-icin/kobi/kobi-pos-cozumleri/pos,https://www.qnb.com.tr/isim-icin/kobi/kobi-pos-cozumleri/pos,pos başvurusu,3e4bc5617cee4940ecb5f509cca2e6ff0e54ba3b257a14affc021060db97c797,,,,,,Belirsiz,,Tarih yok; varsayılan kapıdan geçmedi.,False,,,Yok,missing,False,2026-05-01,Tarih yok; varsayılan kapıdan geçmedi,Kampanya,True,Kampanya veya müşteri teklifi sinyali içeriyor.,Poor,False,title_too_short,,2026-06-16T12:41:29.111494+00:00
RIAUD-01f0198ab308,RUN-20260616124128,QNB Finansbank,REG-063,QNB KOBİ POS Çözümleri,Yazar Kasa POS,https://www.qnb.com.tr/isim-icin/kobi/kobi-pos-cozumleri/yazar-kasa-pos,https://www.qnb.com.tr/isim-icin/kobi/kobi-pos-cozumleri/yazar-kasa-pos,yazar kasa pos,89a35b94956b1e18d22f5d037ce24ed65d25e4b07212a6269f085b3f2d367cd4,,,,,,Belirsiz,,Tarih yok; varsayılan kapıdan geçmedi.,False,,,Yok,missing,False,2026-05-01,Tarih yok; varsayılan kapıdan geçmedi,Kampanya,True,Kampanya veya müşteri teklifi sinyali içeriyor.,Poor,False,title_too_short,,2026-06-16T12:41:29.111770+00:00
RIAUD-2f1e8f0b9d86,RUN-20260616124128,QNB Finansbank,REG-063,QNB KOBİ POS Çözümleri,LinkPOS,https://www.qnb.com.tr/linkpos,https://www.qnb.com.tr/linkpos,linkpos,37da27cfd1c74c59db079f5ea1599b926de4a0d96081a10d88ad2ec9f5f074f2,,,,,,Belirsiz,,Tarih yok; varsayılan kapıdan geçmedi.,False,,,Yok,missing,False,2026-05-01,Tarih yok; varsayılan kapıdan geçmedi,Kampanya,True,Kampanya veya müşteri teklifi sinyali içeriyor.,Poor,False,title_too_short,,2026-06-16T12:41:29.112082+00:00
RIAUD-a0570786d864,RUN-20260616124128,QNB Finansbank,REG-063,QNB KOBİ POS Çözümleri,Sanal POS,https://www.qnb.com.tr/sanal-pos,https://www.qnb.com.tr/sanal-pos,sanal pos,670424c9e1e33703e968a853da08170089ed30138a5e30f0d5f030ea40a4eae8,,,,,,Belirsiz,,Tarih yok; varsayılan kapıdan geçmedi.,False,,,Yok,missing,False,2026-05-01,Tarih yok; varsayılan kapıdan geçmedi,Kampanya,True,Kampanya veya müşteri teklifi sinyali içeriyor.,Poor,False,title_too_short,,2026-06-16T12:41:29.112349+00:00
RIAUD-9653dfa3a439,RUN-20260616124128,QNB Finansbank,REG-063,QNB KOBİ POS Çözümleri,CepPOS,https://www.qnb.com.tr/isim-icin/kobi/kobi-pos-cozumleri/ceppos,https://www.qnb.com.tr/isim-icin/kobi/kobi-pos-cozumleri/ceppos,ceppos,86dedca1a42921ed117cb7f4e5377109fe28b77da41e299c9a0c6a5372b4cb5c,,,,,,Belirsiz,,Tarih yok; varsayılan kapıdan geçmedi.,False,,,Yok,missing,False,2026-05-01,Tarih yok; varsayılan kapıdan geçmedi,Kampanya,True,Kampanya veya müşteri teklifi sinyali içeriyor.,Poor,False,title_too_short,,2026-06-16T12:41:29.112591+00:00
RIAUD-f759e783b172,RUN-20260616124128,QNB Finansbank,REG-063,QNB KOBİ POS Çözümleri,Hemen Başvur,https://www.qnb.com.tr/isim-icin/kobi/kobi-pos-cozumleri/ceppos#pos_basvuru,https://www.qnb.com.tr/isim-icin/kobi/kobi-pos-cozumleri/ceppos,hemen başvur,3a3de4cbf8c98230b9a057125e5ffa6d507ea86762f0e3d32c72a66c11226df3,,,,,,Belirsiz,,Tarih yok; varsayılan kapıdan geçmedi.,False,,,Yok,missing,False,2026-05-01,Tarih yok; varsayılan kapıdan geçmedi,Kampanya,True,Kampanya veya müşteri teklifi sinyali içeriyor.,Poor,False,title_too_short,,2026-06-16T12:41:29.112878+00:00
RIAUD-beb9be21e382,RUN-20260616124128,QNB Finansbank,REG-063,QNB KOBİ POS Çözümleri,Mobil POS,https://www.qnb.com.tr/isim-icin/kobi/kobi-pos-cozumleri/mobil-pos,https://www.qnb.com.tr/isim-icin/kobi/kobi-pos-cozumleri/mobil-pos,mobil pos,21b6a8fa05bef55156b89a60b38592704b703d18ba5e970cde7977aed9b95f9e,,,,,,Belirsiz,,Tarih yok; varsayılan kapıdan geçmedi.,False,,,Yok,missing,False,2026-05-01,Tarih yok; varsayılan kapıdan geçmedi,Kampanya,True,Kampanya veya müşteri teklifi sinyali içeriyor.,Poor,False,title_too_short,,2026-06-16T12:41:29.113168+00:00
RIAUD-b8075f79d396,RUN-20260616124128,QNB Finansbank,REG-063,QNB KOBİ POS Çözümleri,Temassız POS,https://www.qnb.com.tr/isim-icin/kobi/kobi-pos-cozumleri/temassiz-taksitli-pos,https://www.qnb.com.tr/isim-icin/kobi/kobi-pos-cozumleri/temassiz-taksitli-pos,temassız pos,6f0cccecd377a099b2998975882543dff467101d8ae6ddb5cca38dbde3b979b5,,,,,,Belirsiz,,Tarih yok; varsayılan kapıdan geçmedi.,False,,,Yok,missing,False,2026-05-01,Tarih yok; varsayılan kapıdan geçmedi,Kampanya,True,Kampanya veya müşteri teklifi sinyali içeriyor.,Poor,False,title_too_short,,2026-06-16T12:41:29.113434+00:00
RIAUD-d901d59af69c,RUN-20260616124128,QNB Finansbank,REG-063,QNB KOBİ POS Çözümleri,POS Kılavuzu,https://www.qnb.com.tr/isim-icin/kobi/kobi-pos-cozumleri/pos-kilavuzu,https://www.qnb.com.tr/isim-icin/kobi/kobi-pos-cozumleri/pos-kilavuzu,pos kılavuzu,66fa707030a7079735fab0fad0896a6e7caf434eede1bf9b224eb4c1fa44ede1,,,,,,Belirsiz,,Tarih yok; varsayılan kapıdan geçmedi.,False,,,Yok,missing,False,2026-05-01,Tarih yok; varsayılan kapıdan geçmedi,Kampanya,True,Kampanya veya müşteri teklifi sinyali içeriyor.,Poor,False,title_too_short,,2026-06-16T12:41:29.113716+00:00
RIAUD-9e63479e2a90,RUN-20260616124128,QNB Finansbank,REG-063,QNB KOBİ POS Çözümleri,Dijital Slip,https://www.qnb.com.tr/isim-icin/kobi/kobi-pos-cozumleri/dijital-slip,https://www.qnb.com.tr/isim-icin/kobi/kobi-pos-cozumleri/dijital-slip,dijital slip,ddc25f7d8e3f0cb159a7c4c5344f7f67608afdca151db92c536864e0e4e16758,,,,,,Belirsiz,,Tarih yok; varsayılan kapıdan geçmedi.,False,,,Yok,missing,False,2026-05-01,Tarih yok; varsayılan kapıdan geçmedi,Kampanya,True,Kampanya veya müşteri teklifi sinyali içeriyor.,Poor,False,title_too_short,,2026-06-16T12:41:29.113954+00:00
RIAUD-d37954ba82f2,RUN-20260616124128,QNB Finansbank,REG-062,QNB Card KOBİ Ticari Kredi Kartı Kampanyaları,Dijital Kanallarımız Üzerinden İlk Kez Ticari Kredi Kartı Alan Müşterilerimize Her Yerde 3 Taksit Fırsatı!,https://www.qnbcard.com.tr/kartlar/ticari-kartlar/qnb-kobi-ticari-kredi-karti/qnb-kobi-ticari-kredi-karti-kampanyalari/dijital-kanallarimiz-uzerinden-ilk-kez-ticari-kredi-karti-alan-musterilerimize-her-yerde-3-taksit-firsati,https://www.qnbcard.com.tr/kartlar/ticari-kartlar/qnb-kobi-ticari-kredi-karti/qnb-kobi-ticari-kredi-karti-kampanyalari/dijital-kanallarimiz-uzerinden-ilk-kez-ticari-kredi-karti-alan-musterilerimize-her-yerde-3-taksit-firsati,dijital kanallarımız üzerinden i̇lk kez ticari kredi kartı alan müşterilerimize her yerde 3 taksit fırsatı!,d37d9f9a691d8df8ea9ebdfdb6234091cf644e0e6d90674793d82c6a80c71bba,,,,,,Belirsiz,,Tarih yok; varsayılan kapıdan geçmedi.,False,,,Yok,missing,False,2026-05-01,Tarih yok; varsayılan kapıdan geçmedi,Kampanya,True,Kampanya veya müşteri teklifi sinyali içeriyor.,Medium,False,Tarih yok; varsayılan kapıdan geçmedi,,2026-06-16T12:41:29.305516+00:00
RIAUD-8fdfdf24af0b,RUN-20260616124128,QNB Finansbank,REG-062,QNB Card KOBİ Ticari Kredi Kartı Kampanyaları,Dijital Kanallarımız Üzerinden İlk Kez Ticari Kredi Kartı Alan Müşterilerimiz İlk Yıl Ticari Kart Yıllık Üyelik Ücreti Ödemiyor!,https://www.qnbcard.com.tr/kartlar/ticari-kartlar/qnb-kobi-ticari-kredi-karti/qnb-kobi-ticari-kredi-karti-kampanyalari/dijital-kanallarimiz-uzerinden-ilk-kez-ticari-kredi-karti-alan-musterilerimiz-ilk-yil-ticari-kart-yillik-uyelik-ucreti-odemiyor,https://www.qnbcard.com.tr/kartlar/ticari-kartlar/qnb-kobi-ticari-kredi-karti/qnb-kobi-ticari-kredi-karti-kampanyalari/dijital-kanallarimiz-uzerinden-ilk-kez-ticari-kredi-karti-alan-musterilerimiz-ilk-yil-ticari-kart-yillik-uyelik-ucreti-odemiyor,dijital kanallarımız üzerinden i̇lk kez ticari kredi kartı alan müşterilerimiz i̇lk yıl ticari kart yıllık üyelik ücreti ödemiyor!,d5988481af2a4e04de10eeff6965442193b85fd84b70b7d1b916fb89048e1352,,,,,,Belirsiz,,Tarih yok; varsayılan kapıdan geçmedi.,False,,,Yok,missing,False,2026-05-01,Tarih yok; varsayılan kapıdan geçmedi,Kampanya,True,Kampanya veya müşteri teklifi sinyali içeriyor.,Medium,False,Tarih yok; varsayılan kapıdan geçmedi,,2026-06-16T12:41:29.306044+00:00
RIAUD-840bc1cd79d2,RUN-20260616124128,QNB Finansbank,REG-062,QNB Card KOBİ Ticari Kredi Kartı Kampanyaları,Mastercard X Galataport Otopark 1TL Kampanyası,https://www.qnbcard.com.tr/kartlar/ticari-kartlar/qnb-kobi-ticari-kredi-karti/qnb-kobi-ticari-kredi-karti-kampanyalari/mastercard-x-galataport-otopark-1tl-kampanyasi,https://www.qnbcard.com.tr/kartlar/ticari-kartlar/qnb-kobi-ticari-kredi-karti/qnb-kobi-ticari-kredi-karti-kampanyalari/mastercard-x-galataport-otopark-1tl-kampanyasi,mastercard x galataport otopark 1tl kampanyası,faf1d3e4e25fd111facd243f75187a52f63aeb4bc7f19945368ece3ed59c3ffa,,,,,,Belirsiz,,Tarih yok; varsayılan kapıdan geçmedi.,False,,,Yok,missing,False,2026-05-01,Tarih yok; varsayılan kapıdan geçmedi,Kampanya,True,Kampanya veya müşteri teklifi sinyali içeriyor.,Medium,False,Tarih yok; varsayılan kapıdan geçmedi,,2026-06-16T12:41:29.306341+00:00
RIAUD-a31bd2c3254b,RUN-20260616124128,QNB Finansbank,REG-062,QNB Card KOBİ Ticari Kredi Kartı Kampanyaları,Workinton Sanal Ofis Pratik Paket’te %50 İndirim Fırsatı!,https://www.qnbcard.com.tr/kartlar/ticari-kartlar/qnb-kobi-ticari-kredi-karti/qnb-kobi-ticari-kredi-karti-kampanyalari/workinton-sanal-ofis-pratik-pakette-50-indirim-firsati,https://www.qnbcard.com.tr/kartlar/ticari-kartlar/qnb-kobi-ticari-kredi-karti/qnb-kobi-ticari-kredi-karti-kampanyalari/workinton-sanal-ofis-pratik-pakette-50-indirim-firsati,workinton sanal ofis pratik paket’te %50 i̇ndirim fırsatı!,f8fcc0b1aca77b5b0f84780c9a9a5a93e3cb2d71026b831f5e2606b168c1ffdd,,,,,,Belirsiz,,Tarih yok; varsayılan kapıdan geçmedi.,False,,,Yok,missing,False,2026-05-01,Tarih yok; varsayılan kapıdan geçmedi,Kampanya,True,Kampanya veya müşteri teklifi sinyali içeriyor.,Medium,False,Tarih yok; varsayılan kapıdan geçmedi,,2026-06-16T12:41:29.306684+00:00
RIAUD-598e1cf0b820,RUN-20260616124128,QNB Finansbank,REG-062,QNB Card KOBİ Ticari Kredi Kartı Kampanyaları,Silver Logolu Mastercard Sahiplerine Özel Sabiha Gökçen İç Hatlar Terminali'nde Geçerli Ücretsiz Hızlı Geçiş!,https://www.qnbcard.com.tr/kartlar/ticari-kartlar/qnb-kobi-ticari-kredi-karti/qnb-kobi-ticari-kredi-karti-kampanyalari/silver-logolu-mastercard-sahiplerine-ozel-sabiha-gokcen-ic-hatlar-terminalinde-gecerli-ucretsiz-hizli-gecis,https://www.qnbcard.com.tr/kartlar/ticari-kartlar/qnb-kobi-ticari-kredi-karti/qnb-kobi-ticari-kredi-karti-kampanyalari/silver-logolu-mastercard-sahiplerine-ozel-sabiha-gokcen-ic-hatlar-terminalinde-gecerli-ucretsiz-hizli-gecis,silver logolu mastercard sahiplerine özel sabiha gökçen i̇ç hatlar terminali'nde geçerli ücretsiz hızlı geçiş!,270a79108ae8e450d53c45d059471af5014a70ff51ff6d33e0b014eb99fcefa9,,,,,,Belirsiz,,Tarih yok; varsayılan kapıdan geçmedi.,False,,,Yok,missing,False,2026-05-01,Tarih yok; varsayılan kapıdan geçmedi,Kampanya,True,Kampanya veya müşteri teklifi sinyali içeriyor.,Medium,False,Tarih yok; varsayılan kapıdan geçmedi,,2026-06-16T12:41:29.307116+00:00
RIAUD-6031639fb4f1,RUN-20260616124128,QNB Finansbank,REG-062,QNB Card KOBİ Ticari Kredi Kartı Kampanyaları,Folio AI üyeliklerinde %25 indirim!,https://www.qnbcard.com.tr/kartlar/ticari-kartlar/qnb-kobi-ticari-kredi-karti/qnb-kobi-ticari-kredi-karti-kampanyalari/folio-ai-uyeliklerinde-25-indirim,https://www.qnbcard.com.tr/kartlar/ticari-kartlar/qnb-kobi-ticari-kredi-karti/qnb-kobi-ticari-kredi-karti-kampanyalari/folio-ai-uyeliklerinde-25-indirim,folio ai üyeliklerinde %25 indirim!,83bd5db727d875536f737ce17b1313236979dcd8889db2d221df92852f56ada3,,,,,,Belirsiz,,Tarih yok; varsayılan kapıdan geçmedi.,False,,,Yok,missing,False,2026-05-01,Tarih yok; varsayılan kapıdan geçmedi,Kampanya,True,Kampanya veya müşteri teklifi sinyali içeriyor.,Medium,False,Tarih yok; varsayılan kapıdan geçmedi,,2026-06-16T12:41:29.307493+00:00
RIAUD-ad2664496ba2,RUN-20260616124128,QNB Finansbank,REG-062,QNB Card KOBİ Ticari Kredi Kartı Kampanyaları,Silver Logolu Mastercard Sahiplerine Özel Sabiha Gökçen Dış Hatlar Terminali'nde Geçerli Ücretsiz Hızlı Geçiş!,https://www.qnbcard.com.tr/kartlar/ticari-kartlar/qnb-kobi-ticari-kredi-karti/qnb-kobi-ticari-kredi-karti-kampanyalari/silver-logolu-mastercard-sahiplerine-ozel-sabiha-gokcen-dis-hatlar-terminalinde-gecerli-ucretsiz-hizli-gecis,https://www.qnbcard.com.tr/kartlar/ticari-kartlar/qnb-kobi-ticari-kredi-karti/qnb-kobi-ticari-kredi-karti-kampanyalari/silver-logolu-mastercard-sahiplerine-ozel-sabiha-gokcen-dis-hatlar-terminalinde-gecerli-ucretsiz-hizli-gecis,silver logolu mastercard sahiplerine özel sabiha gökçen dış hatlar terminali'nde geçerli ücretsiz hızlı geçiş!,d8dd9a2c7c28412d12f4292688a210b74cb3f6250a6c0ec6a43395d15209ffab,,,,,,Belirsiz,,Tarih yok; varsayılan kapıdan geçmedi.,False,,,Yok,missing,False,2026-05-01,Tarih yok; varsayılan kapıdan geçmedi,Kampanya,True,Kampanya veya müşteri teklifi sinyali içeriyor.,Medium,False,Tarih yok; varsayılan kapıdan geçmedi,,2026-06-16T12:41:29.307855+00:00
RIAUD-4bf9d2bebffb,RUN-20260616124128,QNB Finansbank,REG-062,QNB Card KOBİ Ticari Kredi Kartı Kampanyaları,Babalar Günü Kampanyası ile 1000 TL’ye Varan ParaPuan kazanın!,https://www.qnbcard.com.tr/kampanyalar/babalar-gunu-kampanyasi-ile-1000-tlye-varan-parapuan-kazanin-42943,https://www.qnbcard.com.tr/kampanyalar/babalar-gunu-kampanyasi-ile-1000-tlye-varan-parapuan-kazanin-42943,babalar günü kampanyası ile 1000 tl’ye varan parapuan kazanın!,3a0c49e8b78e3d60ac746bc0d2c01c05ee015974dd5f465dc2de31939ebd0bcf,,,,,,Belirsiz,,Tarih yok; varsayılan kapıdan geçmedi.,False,,,Yok,missing,False,2026-05-01,Tarih yok; varsayılan kapıdan geçmedi,Kampanya,True,Kampanya veya müşteri teklifi sinyali içeriyor.,Medium,False,Tarih yok; varsayılan kapıdan geçmedi,,2026-06-16T12:41:29.308153+00:00
RIAUD-fa8e9f8792e7,RUN-20260616124128,QNB Finansbank,REG-062,QNB Card KOBİ Ticari Kredi Kartı Kampanyaları,Hepsiburada'da peşin fiyatına 3 taksit!,https://www.qnbcard.com.tr/kampanyalar/hepsiburadada-pesin-fiyatina-3-taksit-40307,https://www.qnbcard.com.tr/kampanyalar/hepsiburadada-pesin-fiyatina-3-taksit-40307,hepsiburada'da peşin fiyatına 3 taksit!,d97aed5d511c6eebf9e485c4d9ec5e1e6eb017d760564eee15bb0d596f37f8d1,,,,,,Belirsiz,,Tarih yok; varsayılan kapıdan geçmedi.,False,,,Yok,missing,False,2026-05-01,Tarih yok; varsayılan kapıdan geçmedi,Kampanya,True,Kampanya veya müşteri teklifi sinyali içeriyor.,Medium,False,Tarih yok; varsayılan kapıdan geçmedi,,2026-06-16T12:41:29.308398+00:00
RIAUD-b37b58dd3725,RUN-20260616124128,QNB Finansbank,REG-062,QNB Card KOBİ Ticari Kredi Kartı Kampanyaları,QNB Dijital Ödeme Çözümleriyle 750 TL ParaPuan Hediye!,https://www.qnbcard.com.tr/kampanyalar/qnb-dijital-odeme-cozumleriyle-750-tl-parapuan-hediye-42933,https://www.qnbcard.com.tr/kampanyalar/qnb-dijital-odeme-cozumleriyle-750-tl-parapuan-hediye-42933,qnb dijital ödeme çözümleriyle 750 tl parapuan hediye!,979244cce545e8784c915a81809680b45f3fdf8c9af22bcb79654952970bf32c,,,,,,Belirsiz,,Tarih yok; varsayılan kapıdan geçmedi.,False,,,Yok,missing,False,2026-05-01,Tarih yok; varsayılan kapıdan geçmedi,Kampanya,True,Kampanya veya müşteri teklifi sinyali içeriyor.,Medium,False,Tarih yok; varsayılan kapıdan geçmedi,,2026-06-16T12:41:29.308697+00:00
RIAUD-3e0e0d74475d,RUN-20260616124128,QNB Finansbank,REG-062,QNB Card KOBİ Ticari Kredi Kartı Kampanyaları,Mobilet'te seçili etkinliklerde %25'e varan indirim!,https://www.qnbcard.com.tr/kampanyalar/mobilette-indirim-ayricaligi-40772,https://www.qnbcard.com.tr/kampanyalar/mobilette-indirim-ayricaligi-40772,mobilet'te seçili etkinliklerde %25'e varan indirim!,3865988ddb0a5fefa74e6b9a01729e2a875ba8a93d878d5e49f25a6ef495de92,,,,,,Belirsiz,,Tarih yok; varsayılan kapıdan geçmedi.,False,,,Yok,missing,False,2026-05-01,Tarih yok; varsayılan kapıdan geçmedi,Kampanya,True,Kampanya veya müşteri teklifi sinyali içeriyor.,Medium,False,Tarih yok; varsayılan kapıdan geçmedi,,2026-06-16T12:41:29.308970+00:00
RIAUD-f7e161c5233d,RUN-20260616124128,QNB Finansbank,REG-062,QNB Card KOBİ Ticari Kredi Kartı Kampanyaları,Amazon'da peşin fiyatına 3 taksit!,https://www.qnbcard.com.tr/kampanyalar/amazonda-pesin-fiyatina-3-taksit-42359,https://www.qnbcard.com.tr/kampanyalar/amazonda-pesin-fiyatina-3-taksit-42359,amazon'da peşin fiyatına 3 taksit!,ee6bd97de26c33c558fd4559536eb09a2e65d5f4ef565d6c4fb61a959d997c51,,,,,,Belirsiz,,Tarih yok; varsayılan kapıdan geçmedi.,False,,,Yok,missing,False,2026-05-01,Tarih yok; varsayılan kapıdan geçmedi,Kampanya,True,Kampanya veya müşteri teklifi sinyali içeriyor.,Medium,False,Tarih yok; varsayılan kapıdan geçmedi,,2026-06-16T12:41:29.309211+00:00
RIAUD-2fac94749ebb,RUN-20260616124128,QNB Finansbank,REG-062,QNB Card KOBİ Ticari Kredi Kartı Kampanyaları,"Zara, Massimo Dutti, Oysho, Bershka, Pull&Bear, Stradivarius, Lefties ve Zara Home mağazalarında 1.250 TL ParaPuan!",https://www.qnbcard.com.tr/kampanyalar/zara-massimo-dutti-oysho-bershka-pullandbear-stradivarius-lefties-ve-zara-home-magazalarinda-1250-tl-parapuan-42903,https://www.qnbcard.com.tr/kampanyalar/zara-massimo-dutti-oysho-bershka-pullandbear-stradivarius-lefties-ve-zara-home-magazalarinda-1250-tl-parapuan-42903,"zara, massimo dutti, oysho, bershka, pull&bear, stradivarius, lefties ve zara home mağazalarında 1.250 tl parapuan!",4c3b52f15afa470dbe0b2cc84ef3aa7c0e3620b0bde6468e4fb05a83aa86e87e,,,,,,Belirsiz,,Tarih yok; varsayılan kapıdan geçmedi.,False,,,Yok,missing,False,2026-05-01,Tarih yok; varsayılan kapıdan geçmedi,Kampanya,True,Kampanya veya müşteri teklifi sinyali içeriyor.,Medium,False,Tarih yok; varsayılan kapıdan geçmedi,,2026-06-16T12:41:29.309530+00:00
RIAUD-3c96174c2dee,RUN-20260616124128,QNB Finansbank,REG-062,QNB Card KOBİ Ticari Kredi Kartı Kampanyaları,ZARA’da Peşin Fiyatına 6 Taksit!,https://www.qnbcard.com.tr/kampanyalar/zarada-pesin-fiyatina-6-taksit-42615,https://www.qnbcard.com.tr/kampanyalar/zarada-pesin-fiyatina-6-taksit-42615,zara’da peşin fiyatına 6 taksit!,d78a91185eb3f668bf9c3a9dfc96306693f8e0855ebd672c45309582c090325a,,,,,,Belirsiz,,Tarih yok; varsayılan kapıdan geçmedi.,False,,,Yok,missing,False,2026-05-01,Tarih yok; varsayılan kapıdan geçmedi,Kampanya,True,Kampanya veya müşteri teklifi sinyali içeriyor.,Medium,False,Tarih yok; varsayılan kapıdan geçmedi,,2026-06-16T12:41:29.309757+00:00
RIAUD-9045b8fe65e7,RUN-20260616124128,QNB Finansbank,REG-062,QNB Card KOBİ Ticari Kredi Kartı Kampanyaları,Stradivarius’da Peşin Fiyatına 6 Taksit!,https://www.qnbcard.com.tr/kampanyalar/stradivariusda-pesin-fiyatina-6-taksit-42611,https://www.qnbcard.com.tr/kampanyalar/stradivariusda-pesin-fiyatina-6-taksit-42611,stradivarius’da peşin fiyatına 6 taksit!,7d9b76355b653968152a3fa35fafc336d8899cc06b083c233661ef9d7b147dce,,,,,,Belirsiz,,Tarih yok; varsayılan kapıdan geçmedi.,False,,,Yok,missing,False,2026-05-01,Tarih yok; varsayılan kapıdan geçmedi,Kampanya,True,Kampanya veya müşteri teklifi sinyali içeriyor.,Medium,False,Tarih yok; varsayılan kapıdan geçmedi,,2026-06-16T12:41:29.309973+00:00
RIAUD-8734324d38e8,RUN-20260616124128,QNB Finansbank,REG-062,QNB Card KOBİ Ticari Kredi Kartı Kampanyaları,Bershka’da Peşin Fiyatına 6 Taksit!,https://www.qnbcard.com.tr/kampanyalar/bershkada-pesin-fiyatina-6-taksit-42609,https://www.qnbcard.com.tr/kampanyalar/bershkada-pesin-fiyatina-6-taksit-42609,bershka’da peşin fiyatına 6 taksit!,93fb2232a94d087ddad2a8cd3309a4e80d9e5103b08e5b16b257e92adbd864bb,,,,,,Belirsiz,,Tarih yok; varsayılan kapıdan geçmedi.,False,,,Yok,missing,False,2026-05-01,Tarih yok; varsayılan kapıdan geçmedi,Kampanya,True,Kampanya veya müşteri teklifi sinyali içeriyor.,Medium,False,Tarih yok; varsayılan kapıdan geçmedi,,2026-06-16T12:41:29.310232+00:00
RIAUD-6b726996c48d,RUN-20260616124128,QNB Finansbank,REG-062,QNB Card KOBİ Ticari Kredi Kartı Kampanyaları,Lefties’de Peşin Fiyatına 6 Taksit!,https://www.qnbcard.com.tr/kampanyalar/leftiesde-pesin-fiyatina-6-taksit-42613,https://www.qnbcard.com.tr/kampanyalar/leftiesde-pesin-fiyatina-6-taksit-42613,lefties’de peşin fiyatına 6 taksit!,0fea639abf394e2c2a06609fff575459f9f386e88d3b2adb65b27a6ced205219,,,,,,Belirsiz,,Tarih yok; varsayılan kapıdan geçmedi.,False,,,Yok,missing,False,2026-05-01,Tarih yok; varsayılan kapıdan geçmedi,Kampanya,True,Kampanya veya müşteri teklifi sinyali içeriyor.,Medium,False,Tarih yok; varsayılan kapıdan geçmedi,,2026-06-16T12:41:29.310453+00:00
RIAUD-9312579d2e40,RUN-20260616124128,QNB Finansbank,REG-062,QNB Card KOBİ Ticari Kredi Kartı Kampanyaları,Massimo Dutti’de Peşin Fiyatına 6 Taksit!,https://www.qnbcard.com.tr/kampanyalar/massimo-duttide-pesin-fiyatina-6-taksit-42617,https://www.qnbcard.com.tr/kampanyalar/massimo-duttide-pesin-fiyatina-6-taksit-42617,massimo dutti’de peşin fiyatına 6 taksit!,7d110d9eafc1f72df5211910ac023c34709bdde89a6516aabc9d0c5a99c78683,,,,,,Belirsiz,,Tarih yok; varsayılan kapıdan geçmedi.,False,,,Yok,missing,False,2026-05-01,Tarih yok; varsayılan kapıdan geçmedi,Kampanya,True,Kampanya veya müşteri teklifi sinyali içeriyor.,Medium,False,Tarih yok; varsayılan kapıdan geçmedi,,2026-06-16T12:41:29.310713+00:00
RIAUD-c7cacaece64c,RUN-20260616124128,QNB Finansbank,REG-062,QNB Card KOBİ Ticari Kredi Kartı Kampanyaları,Biten Kampanyalar,https://www.qnbcard.com.tr/kampanyalar/biten-kampanyalar,https://www.qnbcard.com.tr/kampanyalar/biten-kampanyalar,biten kampanyalar,60cee849223df4ff25a6aa6e6508bf036cd14ce4dc013e10a49d892bb86daa65,,,,,,Belirsiz,,Tarih yok; varsayılan kapıdan geçmedi.,False,,,Yok,missing,False,2026-05-01,Tarih yok; varsayılan kapıdan geçmedi,Kampanya,True,Kampanya veya müşteri teklifi sinyali içeriyor.,Poor,False,title_too_short,,2026-06-16T12:41:29.310934+00:00
RIAUD-a50b5c8375fe,RUN-20260616124128,QNB Finansbank,REG-062,QNB Card KOBİ Ticari Kredi Kartı Kampanyaları,Taksitli Nakit Avans,https://www.qnbcard.com.tr/ozellikler/nakit-ihtiyaclari-icin/taksitli-nakit-avans,https://www.qnbcard.com.tr/ozellikler/nakit-ihtiyaclari-icin/taksitli-nakit-avans,taksitli nakit avans,dcb2d1061e8d74b2bfd1539134651af39c4daa406e77490236a54b58bfb2eeb3,,,,,,Belirsiz,,Tarih yok; varsayılan kapıdan geçmedi.,False,,,Yok,missing,False,2026-05-01,Tarih yok; varsayılan kapıdan geçmedi,Kampanya,True,Kampanya veya müşteri teklifi sinyali içeriyor.,Medium,False,Tarih yok; varsayılan kapıdan geçmedi,,2026-06-16T12:41:29.311165+00:00
RIAUD-24f6426536f3,RUN-20260616124128,QNB Finansbank,REG-062,QNB Card KOBİ Ticari Kredi Kartı Kampanyaları,Sigorta Ürünleri ve Ödeme Güvencesi,https://www.qnbcard.com.tr/ozellikler/ekstra-ozellikler/sigorta-urunleri,https://www.qnbcard.com.tr/ozellikler/ekstra-ozellikler/sigorta-urunleri,sigorta ürünleri ve ödeme güvencesi,036b8862511974ef20b602743f3e0dd4f377319408e359883ff5f42efad5900e,,,,,,Belirsiz,,Tarih yok; varsayılan kapıdan geçmedi.,False,,,Yok,missing,False,2026-05-01,Tarih yok; varsayılan kapıdan geçmedi,Kampanya,True,Kampanya veya müşteri teklifi sinyali içeriyor.,Medium,False,Tarih yok; varsayılan kapıdan geçmedi,,2026-06-16T12:41:29.311388+00:00
RIAUD-b5b4a39dc1af,RUN-20260616124128,QNB Finansbank,REG-062,QNB Card KOBİ Ticari Kredi Kartı Kampanyaları,Otomatik Fatura Ödeme,https://www.qnbcard.com.tr/ozellikler/odemeler/otomatik-fatura-odeme,https://www.qnbcard.com.tr/ozellikler/odemeler/otomatik-fatura-odeme,otomatik fatura ödeme,eb7cb9596e2621dcb36eb599fa41a67a258049b75eef13b766a3b96c7290b729,,,,,,Belirsiz,,Tarih yok; varsayılan kapıdan geçmedi.,False,,,Yok,missing,False,2026-05-01,Tarih yok; varsayılan kapıdan geçmedi,Kampanya,True,Kampanya veya müşteri teklifi sinyali içeriyor.,Medium,False,Tarih yok; varsayılan kapıdan geçmedi,,2026-06-16T12:41:29.311625+00:00
RIAUD-01022430d1e5,RUN-20260616124128,QNB Finansbank,REG-062,QNB Card KOBİ Ticari Kredi Kartı Kampanyaları,SGK & Vergi Ödemeleri,https://www.qnbcard.com.tr/ozellikler/odemeler/sgk-and-vergi-odemeleri,https://www.qnbcard.com.tr/ozellikler/odemeler/sgk-and-vergi-odemeleri,sgk & vergi ödemeleri,d3ea9ba5caf50d7ebcbb223cfa45a8a0d012eb13411c4bf6f7bc31ade8463bf3,,,,,,Belirsiz,,Tarih yok; varsayılan kapıdan geçmedi.,False,,,Yok,missing,False,2026-05-01,Tarih yok; varsayılan kapıdan geçmedi,Kampanya,True,Kampanya veya müşteri teklifi sinyali içeriyor.,Medium,False,Tarih yok; varsayılan kapıdan geçmedi,,2026-06-16T12:41:29.311936+00:00
RIAUD-3d29d9c0af7a,RUN-20260616124128,QNB Finansbank,REG-062,QNB Card KOBİ Ticari Kredi Kartı Kampanyaları,TaksitKolay,https://www.qnbcard.com.tr/ozellikler/kolay-odeme-rehberi/taksitkolay,https://www.qnbcard.com.tr/ozellikler/kolay-odeme-rehberi/taksitkolay,taksitkolay,0b9e4b3006705dfc6d73fcaf3beff44242cdd9ac24bf3390d46a159fc9e69bda,,,,,,Belirsiz,,Tarih yok; varsayılan kapıdan geçmedi.,False,,,Yok,missing,False,2026-05-01,Tarih yok; varsayılan kapıdan geçmedi,Kampanya,True,Kampanya veya müşteri teklifi sinyali içeriyor.,Poor,False,title_too_short,,2026-06-16T12:41:29.312220+00:00
RIAUD-b94070a228a8,RUN-20260616124128,QNB Finansbank,REG-062,QNB Card KOBİ Ticari Kredi Kartı Kampanyaları,Ekstre Taksit,https://www.qnbcard.com.tr/ozellikler/kolay-odeme-rehberi/ekstretaksit,https://www.qnbcard.com.tr/ozellikler/kolay-odeme-rehberi/ekstretaksit,ekstre taksit,1aec4cffa29cf1d6cfb99b2020f710c459bb81e4a9ae9c0c4e1e5264f074be32,,,,,,Belirsiz,,Tarih yok; varsayılan kapıdan geçmedi.,False,,,Yok,missing,False,2026-05-01,Tarih yok; varsayılan kapıdan geçmedi,Kampanya,True,Kampanya veya müşteri teklifi sinyali içeriyor.,Poor,False,title_too_short,,2026-06-16T12:41:29.312485+00:00
RIAUD-a8fe38fd4c11,RUN-20260616124128,QNB Finansbank,REG-062,QNB Card KOBİ Ticari Kredi Kartı Kampanyaları,Ticari Kartlar,https://www.qnbcard.com.tr/ticari-kartlar,https://www.qnbcard.com.tr/ticari-kartlar,ticari kartlar,39cd9efb581d953d3bc4fdeef9528a7c684d537fc63a7a8ff9e0f94675cb3857,,,,,,Belirsiz,,Tarih yok; varsayılan kapıdan geçmedi.,False,,,Yok,missing,False,2026-05-01,Tarih yok; varsayılan kapıdan geçmedi,Kampanya,True,Kampanya veya müşteri teklifi sinyali içeriyor.,Poor,False,title_too_short,,2026-06-16T12:41:29.312711+00:00
RIAUD-b3ade1ac5ce5,RUN-20260616124128,QNB Finansbank,REG-062,QNB Card KOBİ Ticari Kredi Kartı Kampanyaları,QNB KOBİ,https://www.qnbcard.com.tr/qnb-kobi-ticari-kredi-karti,https://www.qnbcard.com.tr/qnb-kobi-ticari-kredi-karti,qnb kobi̇,80b505628d0d4a812fc76f2018989fd199d30b4f69533aea3bb3d06eabfd5d25,,,,,,Belirsiz,,Tarih yok; varsayılan kapıdan geçmedi.,False,,,Yok,missing,False,2026-05-01,Tarih yok; varsayılan kapıdan geçmedi,Kampanya,True,Kampanya veya müşteri teklifi sinyali içeriyor.,Poor,False,title_too_short,,2026-06-16T12:41:29.312946+00:00
RIAUD-f575ded4df45,RUN-20260616124128,QNB Finansbank,REG-061,QNB Finansbank Kampanyalar,Dijital Köprü’den Ömür Boyu Ücretsiz eFatura Desteği!,https://www.qnb.com.tr/kampanyalar/kobi-kampanyalari/dijital-kopruden-omur-boyu-ucretsiz-efatura-destegi-16586,https://www.qnb.com.tr/kampanyalar/kobi-kampanyalari/dijital-kopruden-omur-boyu-ucretsiz-efatura-destegi-16586,dijital köprü’den ömür boyu ücretsiz efatura desteği!,cf39bae8a8fa283efd302e551d761858d8ff3637cc0d9939bfddd847971acc73,20.12.2023,,,2023-12-20,,Kampanya Başlangıç Tarihi,2023-12-20,Kampanya başlangıç tarihi bulundu; recency için kullanıldı.,False,,2023-12-20,Orta,campaign_start_date,False,2026-05-01,Kesim tarihinden eski: 2023-12-20 < 2026-05-01,Kampanya,True,Kampanya veya müşteri teklifi sinyali içeriyor.,Medium,False,Kesim tarihinden eski: 2023-12-20 < 2026-05-01,,2026-06-16T12:41:29.444767+00:00
RIAUD-2d509702e1c3,RUN-20260616124223,QNB Finansbank,REG-068,QNB KOBİ Ticari Kredi Kartları,İşim İçin,https://www.qnb.com.tr/isim-icin,https://www.qnb.com.tr/isim-icin,i̇şim i̇çin,0e75f6a9554ede975104e464149d6bf18baa9e9d887e03b708045340c12e6de7,,,,,,Belirsiz,,Tarih yok; varsayılan kapıdan geçmedi.,False,,,Yok,missing,False,2026-05-01,Tarih yok; varsayılan kapıdan geçmedi,Kampanya,True,Kampanya veya müşteri teklifi sinyali içeriyor.,Poor,False,title_too_short,,2026-06-16T12:42:23.209585+00:00
RIAUD-4bf9d706d182,RUN-20260616124223,QNB Finansbank,REG-068,QNB KOBİ Ticari Kredi Kartları,KOBİ,https://www.qnb.com.tr/isim-icin/kobi,https://www.qnb.com.tr/isim-icin/kobi,kobi̇,511574b56481cb8c5a1e4be36b0730dfa1574f892f1c92f80c65df9de6fabfe6,,,,,,Belirsiz,,Tarih yok; varsayılan kapıdan geçmedi.,False,,,Yok,missing,False,2026-05-01,Tarih yok; varsayılan kapıdan geçmedi,Kampanya,True,Kampanya veya müşteri teklifi sinyali içeriyor.,Poor,False,title_too_short,,2026-06-16T12:42:23.209836+00:00
RIAUD-5ece8381a85c,RUN-20260616124223,QNB Finansbank,REG-068,QNB KOBİ Ticari Kredi Kartları,Kartlar,https://www.qnb.com.tr/isim-icin/kobi/kobi-ticari-kartlar,https://www.qnb.com.tr/isim-icin/kobi/kobi-ticari-kartlar,kartlar,efd6b75d06cd02e99cb6b817e53a18431f79d9c8c45ac14517e4d91ebf80e442,,,,,,Belirsiz,,Tarih yok; varsayılan kapıdan geçmedi.,False,,,Yok,missing,False,2026-05-01,Tarih yok; varsayılan kapıdan geçmedi,Kampanya,True,Kampanya veya müşteri teklifi sinyali içeriyor.,Poor,False,title_too_short,,2026-06-16T12:42:23.210059+00:00
RIAUD-83267932f196,RUN-20260616124223,QNB Finansbank,REG-068,QNB KOBİ Ticari Kredi Kartları,QNB KOBİ,https://www.qnb.com.tr/qnb-kobi-kredi-karti,https://www.qnb.com.tr/qnb-kobi-kredi-karti,qnb kobi̇,846f4ff34ffbda3e5a9962b7e6f1468900fa428761520f94208bc2d73a842df8,,,,,,Belirsiz,,Tarih yok; varsayılan kapıdan geçmedi.,False,,,Yok,missing,False,2026-05-01,Tarih yok; varsayılan kapıdan geçmedi,Kampanya,True,Kampanya veya müşteri teklifi sinyali içeriyor.,Poor,False,title_too_short,,2026-06-16T12:42:23.210392+00:00
RIAUD-2974df8d293f,RUN-20260616124223,QNB Finansbank,REG-067,QNB KOBİ Rahat,Kobiler İçin Diğer Hizmetler ve Ürünler,https://www.qnb.com.tr/kobi-diger-hizmetler-ve-urunler,https://www.qnb.com.tr/kobi-diger-hizmetler-ve-urunler,kobiler i̇çin diğer hizmetler ve ürünler,98a3f4695d5b11429deeb08fddbfbef95c47936048c3e7b1a24a4476d78e6305,,,,,,Belirsiz,,Tarih yok; varsayılan kapıdan geçmedi.,False,,,Yok,missing,False,2026-05-01,Tarih yok; varsayılan kapıdan geçmedi,Kampanya,True,Kampanya veya müşteri teklifi sinyali içeriyor.,Medium,False,Tarih yok; varsayılan kapıdan geçmedi,,2026-06-16T12:42:23.220588+00:00
RIAUD-6a3263dd7c4b,RUN-20260616124223,QNB Finansbank,REG-067,QNB KOBİ Rahat,Mevduat ve Yatırım Ürünleri,https://www.qnb.com.tr/isim-icin/kobi/mevduat-ve-yatirim-urunleri,https://www.qnb.com.tr/isim-icin/kobi/mevduat-ve-yatirim-urunleri,mevduat ve yatırım ürünleri,1270d0cd8c48a1db6f44b9b6e0602ab9af9e59d48d1b0be4e75d86abf57870d3,,,,,,Belirsiz,,Tarih yok; varsayılan kapıdan geçmedi.,False,,,Yok,missing,False,2026-05-01,Tarih yok; varsayılan kapıdan geçmedi,Kampanya,True,Kampanya veya müşteri teklifi sinyali içeriyor.,Medium,False,Tarih yok; varsayılan kapıdan geçmedi,,2026-06-16T12:42:23.220846+00:00
RIAUD-f7ff15ea3f5e,RUN-20260616124223,QNB Finansbank,REG-067,QNB KOBİ Rahat,KOBİ Nakit Yönetimi ve Tahsilat Ürünleri,https://www.qnb.com.tr/kobi-nakit-yonetimi-ve-tahsilat-urunleri,https://www.qnb.com.tr/kobi-nakit-yonetimi-ve-tahsilat-urunleri,kobi̇ nakit yönetimi ve tahsilat ürünleri,a1c7ef9dddfb1c932f5260f7fe40b099b62c55feabb5db9f34c604d1e7d50bf3,,,,,,Belirsiz,,Tarih yok; varsayılan kapıdan geçmedi.,False,,,Yok,missing,False,2026-05-01,Tarih yok; varsayılan kapıdan geçmedi,Kampanya,True,Kampanya veya müşteri teklifi sinyali içeriyor.,Medium,False,Tarih yok; varsayılan kapıdan geçmedi,,2026-06-16T12:42:23.221087+00:00
RIAUD-5d1521e17b70,RUN-20260616124223,QNB Finansbank,REG-067,QNB KOBİ Rahat,QNB ’de Ömür Boyu Havale Ücreti Yok!,https://www.qnb.com.tr/isim-icin/kobi/diger-hizmetler-ve-urunler/qnbde-omur-boyu-havale-ucreti-yok,https://www.qnb.com.tr/isim-icin/kobi/diger-hizmetler-ve-urunler/qnbde-omur-boyu-havale-ucreti-yok,qnb ’de ömür boyu havale ücreti yok!,6bd9b461a8a77831c7c46cbe40ad2bd6e1d4ce5e0ef8f9bed7f5062cba1c67d4,,,,,,Belirsiz,,Tarih yok; varsayılan kapıdan geçmedi.,False,,,Yok,missing,False,2026-05-01,Tarih yok; varsayılan kapıdan geçmedi,Kampanya,True,Kampanya veya müşteri teklifi sinyali içeriyor.,Medium,False,Tarih yok; varsayılan kapıdan geçmedi,,2026-06-16T12:42:23.221328+00:00
RIAUD-130686bfb6c9,RUN-20260616124223,QNB Finansbank,REG-067,QNB KOBİ Rahat,Karekodla yapacağınız para transferleriniz anında hesabınızda!,https://www.qnb.com.tr/isim-icin/kobi/diger-hizmetler-ve-urunler/karekodla-yapacaginiz-para-transferleriniz-aninda-hesabinizda,https://www.qnb.com.tr/isim-icin/kobi/diger-hizmetler-ve-urunler/karekodla-yapacaginiz-para-transferleriniz-aninda-hesabinizda,karekodla yapacağınız para transferleriniz anında hesabınızda!,4a9ae89be03bac632be157bbe327ec55370862146101c32af6da1cf257a4637e,,,,,,Belirsiz,,Tarih yok; varsayılan kapıdan geçmedi.,False,,,Yok,missing,False,2026-05-01,Tarih yok; varsayılan kapıdan geçmedi,Kampanya,True,Kampanya veya müşteri teklifi sinyali içeriyor.,Medium,False,Tarih yok; varsayılan kapıdan geçmedi,,2026-06-16T12:42:23.221592+00:00
RIAUD-8115e165af57,RUN-20260616124223,QNB Finansbank,REG-067,QNB KOBİ Rahat,QNB'den Mali Müşavir Avantaj Seti,https://www.qnb.com.tr/isim-icin/kobi/diger-hizmetler-ve-urunler/qnbden-mali-musavir-avantaj-seti,https://www.qnb.com.tr/isim-icin/kobi/diger-hizmetler-ve-urunler/qnbden-mali-musavir-avantaj-seti,qnb'den mali müşavir avantaj seti,9144742c8b0d9aeb03c41d3a08db599a67b4add2676ff8188b7b1ae46b4608f1,,,,,,Belirsiz,,Tarih yok; varsayılan kapıdan geçmedi.,False,,,Yok,missing,False,2026-05-01,Tarih yok; varsayılan kapıdan geçmedi,Kampanya,True,Kampanya veya müşteri teklifi sinyali içeriyor.,Medium,False,Tarih yok; varsayılan kapıdan geçmedi,,2026-06-16T12:42:23.221816+00:00
RIAUD-2b75a63115b5,RUN-20260616124223,QNB Finansbank,REG-067,QNB KOBİ Rahat,Kentsel Dönüşüm / Yap - Sat,https://www.qnb.com.tr/kobi-kentsel-donusum-yap-sat,https://www.qnb.com.tr/kobi-kentsel-donusum-yap-sat,kentsel dönüşüm / yap - sat,91ece5b01ccf80d19d3717c3cef4e812b9ff7eedd26784971f4f42c554a9c6b3,,,,,,Belirsiz,,Tarih yok; varsayılan kapıdan geçmedi.,False,,,Yok,missing,False,2026-05-01,Tarih yok; varsayılan kapıdan geçmedi,Kampanya,True,Kampanya veya müşteri teklifi sinyali içeriyor.,Medium,False,Tarih yok; varsayılan kapıdan geçmedi,,2026-06-16T12:42:23.222037+00:00
RIAUD-742209eb1cfa,RUN-20260616124223,QNB Finansbank,REG-067,QNB KOBİ Rahat,Müşteri Bilgilendirme Hizmeti,https://www.qnb.com.tr/kobi-musteri-bilgilendirme-hizmeti,https://www.qnb.com.tr/kobi-musteri-bilgilendirme-hizmeti,müşteri bilgilendirme hizmeti,b0c9d2f91d7855dd6890e4be0de029776b1667c7490c93665b6ec88b465f6cf4,,,,,,Belirsiz,,Tarih yok; varsayılan kapıdan geçmedi.,False,,,Yok,missing,False,2026-05-01,Tarih yok; varsayılan kapıdan geçmedi,Kampanya,True,Kampanya veya müşteri teklifi sinyali içeriyor.,Medium,False,Tarih yok; varsayılan kapıdan geçmedi,,2026-06-16T12:42:23.222253+00:00
RIAUD-c19ed538929e,RUN-20260616124223,QNB Finansbank,REG-067,QNB KOBİ Rahat,Findeks Ticari Paketleri,https://www.qnb.com.tr/isim-icin/kobi/findeks-ticari-paketleri,https://www.qnb.com.tr/isim-icin/kobi/findeks-ticari-paketleri,findeks ticari paketleri,2ee6501c9b64d54f4ea6522328583db3a0decac387b37ad710f59dad4405afb8,,,,,,Belirsiz,,Tarih yok; varsayılan kapıdan geçmedi.,False,,,Yok,missing,False,2026-05-01,Tarih yok; varsayılan kapıdan geçmedi,Kampanya,True,Kampanya veya müşteri teklifi sinyali içeriyor.,Medium,False,Tarih yok; varsayılan kapıdan geçmedi,,2026-06-16T12:42:23.222461+00:00
RIAUD-d54b3403bb87,RUN-20260616124223,QNB Finansbank,REG-067,QNB KOBİ Rahat,İşim İçin,https://www.qnb.com.tr/isim-icin,https://www.qnb.com.tr/isim-icin,i̇şim i̇çin,0e75f6a9554ede975104e464149d6bf18baa9e9d887e03b708045340c12e6de7,,,,,,Belirsiz,,Tarih yok; varsayılan kapıdan geçmedi.,False,,,Yok,missing,False,2026-05-01,Tarih yok; varsayılan kapıdan geçmedi,Kampanya,True,Kampanya veya müşteri teklifi sinyali içeriyor.,Poor,False,title_too_short,,2026-06-16T12:42:23.222657+00:00
RIAUD-88358ac48e21,RUN-20260616124223,QNB Finansbank,REG-067,QNB KOBİ Rahat,KOBİ,https://www.qnb.com.tr/isim-icin/kobi,https://www.qnb.com.tr/isim-icin/kobi,kobi̇,511574b56481cb8c5a1e4be36b0730dfa1574f892f1c92f80c65df9de6fabfe6,,,,,,Belirsiz,,Tarih yok; varsayılan kapıdan geçmedi.,False,,,Yok,missing,False,2026-05-01,Tarih yok; varsayılan kapıdan geçmedi,Kampanya,True,Kampanya veya müşteri teklifi sinyali içeriyor.,Poor,False,title_too_short,,2026-06-16T12:42:23.222860+00:00
RIAUD-0ff6471255ea,RUN-20260616124223,QNB Finansbank,REG-067,QNB KOBİ Rahat,KOBİ Kredileri,https://www.qnb.com.tr/kobi-kredileri,https://www.qnb.com.tr/kobi-kredileri,kobi̇ kredileri,689cc8dd555eec6db14912bd3d08a57baa8f801cb6baa150f6ccc025a8da08f7,,,,,,Belirsiz,,Tarih yok; varsayılan kapıdan geçmedi.,False,,,Yok,missing,False,2026-05-01,Tarih yok; varsayılan kapıdan geçmedi,Kampanya,True,Kampanya veya müşteri teklifi sinyali içeriyor.,Poor,False,title_too_short,,2026-06-16T12:42:23.223067+00:00
RIAUD-5f8b8e0075da,RUN-20260616124223,QNB Finansbank,REG-067,QNB KOBİ Rahat,Esnaf Kredileri,https://www.qnb.com.tr/isim-icin/kobi/krediler/esnaf-kredileri,https://www.qnb.com.tr/isim-icin/kobi/krediler/esnaf-kredileri,esnaf kredileri,3d14aeee3be303c09902e668ac57386b433bd295de99d6b2a89cbe26ff5f5e8b,,,,,,Belirsiz,,Tarih yok; varsayılan kapıdan geçmedi.,False,,,Yok,missing,False,2026-05-01,Tarih yok; varsayılan kapıdan geçmedi,Kampanya,True,Kampanya veya müşteri teklifi sinyali içeriyor.,Poor,False,title_too_short,,2026-06-16T12:42:23.223281+00:00
RIAUD-756938b01eda,RUN-20260616124223,QNB Finansbank,REG-067,QNB KOBİ Rahat,POS,https://www.qnb.com.tr/isim-icin/kobi/kobi-pos-cozumleri,https://www.qnb.com.tr/isim-icin/kobi/kobi-pos-cozumleri,pos,ede5873df0677039d3205f0550055e2afcb1afd02a48c87582a2c68f513d550b,,,,,,Belirsiz,,Tarih yok; varsayılan kapıdan geçmedi.,False,,,Yok,missing,False,2026-05-01,Tarih yok; varsayılan kapıdan geçmedi,Kampanya,True,Kampanya veya müşteri teklifi sinyali içeriyor.,Poor,False,title_too_short,,2026-06-16T12:42:23.223507+00:00
RIAUD-fcf5885ba2c8,RUN-20260616124223,QNB Finansbank,REG-067,QNB KOBİ Rahat,Kartlar,https://www.qnb.com.tr/isim-icin/kobi/kobi-ticari-kartlar,https://www.qnb.com.tr/isim-icin/kobi/kobi-ticari-kartlar,kartlar,efd6b75d06cd02e99cb6b817e53a18431f79d9c8c45ac14517e4d91ebf80e442,,,,,,Belirsiz,,Tarih yok; varsayılan kapıdan geçmedi.,False,,,Yok,missing,False,2026-05-01,Tarih yok; varsayılan kapıdan geçmedi,Kampanya,True,Kampanya veya müşteri teklifi sinyali içeriyor.,Poor,False,title_too_short,,2026-06-16T12:42:23.223716+00:00
RIAUD-3da311e0b548,RUN-20260616124223,QNB Finansbank,REG-067,QNB KOBİ Rahat,Kazananlar Kulübü,https://www.qnb.com.tr/isim-icin/kobi/kazananlar-kulubu,https://www.qnb.com.tr/isim-icin/kobi/kazananlar-kulubu,kazananlar kulübü,5c427f71e636b6414d567f167515a5eac05d89952adde7008404df999451b680,,,,,,Belirsiz,,Tarih yok; varsayılan kapıdan geçmedi.,False,,,Yok,missing,False,2026-05-01,Tarih yok; varsayılan kapıdan geçmedi,Kampanya,True,Kampanya veya müşteri teklifi sinyali içeriyor.,Poor,False,title_too_short,,2026-06-16T12:42:23.223941+00:00
RIAUD-911ea0d42510,RUN-20260616124223,QNB Finansbank,REG-067,QNB KOBİ Rahat,KOBİ Sigortaları,https://www.qnb.com.tr/kobi-sigortalar,https://www.qnb.com.tr/kobi-sigortalar,kobi̇ sigortaları,c03be60f5aa7cef0106f53f3c66e4bf841034b35ddb7ad6b415ae45b3e9e1a5f,,,,,,Belirsiz,,Tarih yok; varsayılan kapıdan geçmedi.,False,,,Yok,missing,False,2026-05-01,Tarih yok; varsayılan kapıdan geçmedi,Kampanya,True,Kampanya veya müşteri teklifi sinyali içeriyor.,Poor,False,title_too_short,,2026-06-16T12:42:23.224253+00:00
RIAUD-4ff7b64d213a,RUN-20260616124223,QNB Finansbank,REG-067,QNB KOBİ Rahat,Leasing & Faktoring,https://www.qnb.com.tr/kobi-leasing-and-faktoring,https://www.qnb.com.tr/kobi-leasing-and-faktoring,leasing & faktoring,2332713a4d4539315c51b722f7a5e1a49c51f01f0d955120f99afe0e076a5829,,,,,,Belirsiz,,Tarih yok; varsayılan kapıdan geçmedi.,False,,,Yok,missing,False,2026-05-01,Tarih yok; varsayılan kapıdan geçmedi,Kampanya,True,Kampanya veya müşteri teklifi sinyali içeriyor.,Poor,False,title_too_short,,2026-06-16T12:42:23.224502+00:00
RIAUD-7caeb37fa5ab,RUN-20260616124223,QNB Finansbank,REG-066,QNB KOBİ Kredileri,KOBİ Destek Kredileri,https://www.qnb.com.tr/kobi-ihtiyac-kredileri,https://www.qnb.com.tr/kobi-ihtiyac-kredileri,kobi̇ destek kredileri,33aaeac06db174447a375fc2515f0503a800b792119f75d1e00506898ebc35ec,,,,,,Belirsiz,,Tarih yok; varsayılan kapıdan geçmedi.,False,,,Yok,missing,False,2026-05-01,Tarih yok; varsayılan kapıdan geçmedi,Kampanya,True,Kampanya veya müşteri teklifi sinyali içeriyor.,Medium,False,Tarih yok; varsayılan kapıdan geçmedi,,2026-06-16T12:42:23.234637+00:00
RIAUD-305e3128d895,RUN-20260616124223,QNB Finansbank,REG-066,QNB KOBİ Kredileri,Yeşili Arttıkça Faizi Düşen Kredi,https://www.qnb.com.tr/isim-icin/kobi/krediler/yesili-arttikca-faizi-dusen-kredi,https://www.qnb.com.tr/isim-icin/kobi/krediler/yesili-arttikca-faizi-dusen-kredi,yeşili arttıkça faizi düşen kredi,19f09e654fbe0adaae9404725e78821640b0810f35638835591f284758122993,,,,,,Belirsiz,,Tarih yok; varsayılan kapıdan geçmedi.,False,,,Yok,missing,False,2026-05-01,Tarih yok; varsayılan kapıdan geçmedi,Kampanya,True,Kampanya veya müşteri teklifi sinyali içeriyor.,Medium,False,Tarih yok; varsayılan kapıdan geçmedi,,2026-06-16T12:42:23.234878+00:00
RIAUD-b0195c43b3b6,RUN-20260616124223,QNB Finansbank,REG-066,QNB KOBİ Kredileri,İşim İçin,https://www.qnb.com.tr/isim-icin,https://www.qnb.com.tr/isim-icin,i̇şim i̇çin,0e75f6a9554ede975104e464149d6bf18baa9e9d887e03b708045340c12e6de7,,,,,,Belirsiz,,Tarih yok; varsayılan kapıdan geçmedi.,False,,,Yok,missing,False,2026-05-01,Tarih yok; varsayılan kapıdan geçmedi,Kampanya,True,Kampanya veya müşteri teklifi sinyali içeriyor.,Poor,False,title_too_short,,2026-06-16T12:42:23.235079+00:00
RIAUD-67bca0981f92,RUN-20260616124223,QNB Finansbank,REG-066,QNB KOBİ Kredileri,KOBİ,https://www.qnb.com.tr/isim-icin/kobi,https://www.qnb.com.tr/isim-icin/kobi,kobi̇,511574b56481cb8c5a1e4be36b0730dfa1574f892f1c92f80c65df9de6fabfe6,,,,,,Belirsiz,,Tarih yok; varsayılan kapıdan geçmedi.,False,,,Yok,missing,False,2026-05-01,Tarih yok; varsayılan kapıdan geçmedi,Kampanya,True,Kampanya veya müşteri teklifi sinyali içeriyor.,Poor,False,title_too_short,,2026-06-16T12:42:23.235277+00:00
RIAUD-14e43a87b21e,RUN-20260616124223,QNB Finansbank,REG-066,QNB KOBİ Kredileri,Detaylı Bilgi,https://www.qnb.com.tr/kobilere-mobil-ve-internetten-kredi,https://www.qnb.com.tr/kobilere-mobil-ve-internetten-kredi,detaylı bilgi,c055f2f5b3493da972012897ab374d38c0e38463387e1938ed6212fe423566c9,,,,,,Belirsiz,,Tarih yok; varsayılan kapıdan geçmedi.,False,,,Yok,missing,False,2026-05-01,Tarih yok; varsayılan kapıdan geçmedi,Kampanya,True,Kampanya veya müşteri teklifi sinyali içeriyor.,Poor,False,title_too_short,,2026-06-16T12:42:23.235485+00:00
RIAUD-7025cb352153,RUN-20260616124223,QNB Finansbank,REG-066,QNB KOBİ Kredileri,Detaylı Bilgi,https://www.qnb.com.tr/ipotek-teminatli-taksitli-kobi-ticari-kredi,https://www.qnb.com.tr/ipotek-teminatli-taksitli-kobi-ticari-kredi,detaylı bilgi,4ad7518dfd33cf16bf8b3081bf1af95f3b3b5cdd482b84ab4976917db5b252fa,,,,,,Belirsiz,,Tarih yok; varsayılan kapıdan geçmedi.,False,,,Yok,missing,False,2026-05-01,Tarih yok; varsayılan kapıdan geçmedi,Kampanya,True,Kampanya veya müşteri teklifi sinyali içeriyor.,Poor,False,title_too_short,,2026-06-16T12:42:23.235695+00:00
RIAUD-8af697ac81c8,RUN-20260616124223,QNB Finansbank,REG-066,QNB KOBİ Kredileri,Detaylı Bilgi,https://www.qnb.com.tr/isim-icin/kobi/krediler/kobi-destek-kredileri/diger-krediler,https://www.qnb.com.tr/isim-icin/kobi/krediler/kobi-destek-kredileri/diger-krediler,detaylı bilgi,32f15a5ce5fc33204d3cec8d652446594931283e34b3ed20e470d67cf25a35b2,,,,,,Belirsiz,,Tarih yok; varsayılan kapıdan geçmedi.,False,,,Yok,missing,False,2026-05-01,Tarih yok; varsayılan kapıdan geçmedi,Kampanya,True,Kampanya veya müşteri teklifi sinyali içeriyor.,Poor,False,title_too_short,,2026-06-16T12:42:23.235909+00:00
RIAUD-2368744e58f9,RUN-20260616124223,QNB Finansbank,REG-066,QNB KOBİ Kredileri,Nakdi Krediler,https://www.qnb.com.tr/kobi-nakdi-krediler,https://www.qnb.com.tr/kobi-nakdi-krediler,nakdi krediler,49de88db0d0d7dadd658e26b16f8816d2827baff3c1774ab4fc14b5e82cce94d,,,,,,Belirsiz,,Tarih yok; varsayılan kapıdan geçmedi.,False,,,Yok,missing,False,2026-05-01,Tarih yok; varsayılan kapıdan geçmedi,Kampanya,True,Kampanya veya müşteri teklifi sinyali içeriyor.,Poor,False,title_too_short,,2026-06-16T12:42:23.236161+00:00
RIAUD-07c5f8af952e,RUN-20260616124223,QNB Finansbank,REG-066,QNB KOBİ Kredileri,Gayrinakdi Krediler,https://www.qnb.com.tr/kobi-gayrinakdi-krediler,https://www.qnb.com.tr/kobi-gayrinakdi-krediler,gayrinakdi krediler,267f8b5d3c52ea4b89695e56f156a35648c4e0b43a06c5b5cb6124eaa52b1a82,,,,,,Belirsiz,,Tarih yok; varsayılan kapıdan geçmedi.,False,,,Yok,missing,False,2026-05-01,Tarih yok; varsayılan kapıdan geçmedi,Kampanya,True,Kampanya veya müşteri teklifi sinyali içeriyor.,Poor,False,title_too_short,,2026-06-16T12:42:23.236382+00:00
RIAUD-a0ef4ec2ba6b,RUN-20260616124223,QNB Finansbank,REG-066,QNB KOBİ Kredileri,KOBİNakit Hesap,https://www.qnb.com.tr/isim-icin/kobi/krediler/kobinakit-hesap,https://www.qnb.com.tr/isim-icin/kobi/krediler/kobinakit-hesap,kobi̇nakit hesap,84dad30d04ef17760f709ec9282952b65d0060c005fdaace8a653ee9802c946b,,,,,,Belirsiz,,Tarih yok; varsayılan kapıdan geçmedi.,False,,,Yok,missing,False,2026-05-01,Tarih yok; varsayılan kapıdan geçmedi,Kampanya,True,Kampanya veya müşteri teklifi sinyali içeriyor.,Poor,False,title_too_short,,2026-06-16T12:42:23.236608+00:00
RIAUD-f78543547a50,RUN-20260616124223,QNB Finansbank,REG-066,QNB KOBİ Kredileri,Mavi Kredi Programı,https://www.qnb.com.tr/isim-icin/kobi/krediler/mavi-kredi-programi,https://www.qnb.com.tr/isim-icin/kobi/krediler/mavi-kredi-programi,mavi kredi programı,bf7ed74cbe7c41078861d2772d32fab3030181deff0e33d7387cc190dcd0f1fa,,,,,,Belirsiz,,Tarih yok; varsayılan kapıdan geçmedi.,False,,,Yok,missing,False,2026-05-01,Tarih yok; varsayılan kapıdan geçmedi,Kampanya,True,Kampanya veya müşteri teklifi sinyali içeriyor.,Poor,False,title_too_short,,2026-06-16T12:42:23.236834+00:00
RIAUD-4f56b13f89e7,RUN-20260616124223,QNB Finansbank,REG-066,QNB KOBİ Kredileri,Esnaf Kredileri,https://www.qnb.com.tr/isim-icin/kobi/krediler/esnaf-kredileri,https://www.qnb.com.tr/isim-icin/kobi/krediler/esnaf-kredileri,esnaf kredileri,3d14aeee3be303c09902e668ac57386b433bd295de99d6b2a89cbe26ff5f5e8b,,,,,,Belirsiz,,Tarih yok; varsayılan kapıdan geçmedi.,False,,,Yok,missing,False,2026-05-01,Tarih yok; varsayılan kapıdan geçmedi,Kampanya,True,Kampanya veya müşteri teklifi sinyali içeriyor.,Poor,False,title_too_short,,2026-06-16T12:42:23.237052+00:00
RIAUD-b8dd8a177b77,RUN-20260616124223,QNB Finansbank,REG-065,QNB Yazar Kasa POS,Kampanyalar,https://www.qnb.com.tr/kampanyalar/kobi-kampanyalari,https://www.qnb.com.tr/kampanyalar/kobi-kampanyalari,kampanyalar,eb250a2ef66884e3366d9b57c17a77e95456e4bb6c9f1b62210cae1408cc311a,,,,,,Belirsiz,,Tarih yok; varsayılan kapıdan geçmedi.,False,,,Yok,missing,False,2026-05-01,Tarih yok; varsayılan kapıdan geçmedi,Kampanya,True,Kampanya veya müşteri teklifi sinyali içeriyor.,Poor,False,title_too_short,,2026-06-16T12:42:23.248821+00:00
RIAUD-56ef04eae00f,RUN-20260616124223,QNB Finansbank,REG-065,QNB Yazar Kasa POS,Mevduat ve Yatırım Ürünleri,https://www.qnb.com.tr/isim-icin/kobi/mevduat-ve-yatirim-urunleri,https://www.qnb.com.tr/isim-icin/kobi/mevduat-ve-yatirim-urunleri,mevduat ve yatırım ürünleri,1270d0cd8c48a1db6f44b9b6e0602ab9af9e59d48d1b0be4e75d86abf57870d3,,,,,,Belirsiz,,Tarih yok; varsayılan kapıdan geçmedi.,False,,,Yok,missing,False,2026-05-01,Tarih yok; varsayılan kapıdan geçmedi,Kampanya,True,Kampanya veya müşteri teklifi sinyali içeriyor.,Medium,False,Tarih yok; varsayılan kapıdan geçmedi,,2026-06-16T12:42:23.249067+00:00
RIAUD-db3945509f79,RUN-20260616124223,QNB Finansbank,REG-065,QNB Yazar Kasa POS,Link POS & Sanal POS Üye İşyeri Giriş Ekranı,https://www.qnb.com.tr/isim-icin/kobi/kobi-pos-cozumleri/link-pos-and-sanal-pos-uye-isyeri-giris-ekrani,https://www.qnb.com.tr/isim-icin/kobi/kobi-pos-cozumleri/link-pos-and-sanal-pos-uye-isyeri-giris-ekrani,link pos & sanal pos üye i̇şyeri giriş ekranı,60d66a978e49c7ea19fb130be0deefb98acb1f16f315ded1a2558de3c251d983,,,,,,Belirsiz,,Tarih yok; varsayılan kapıdan geçmedi.,False,,,Yok,missing,False,2026-05-01,Tarih yok; varsayılan kapıdan geçmedi,Statik Ürün Sayfası,False,"Statik ürün, yardım, giriş veya navigasyon içeriği gibi görünüyor.",Medium,False,Tarih yok; varsayılan kapıdan geçmedi,,2026-06-16T12:42:23.249270+00:00
RIAUD-de0c03ad6213,RUN-20260616124223,QNB Finansbank,REG-065,QNB Yazar Kasa POS,POS Başvurusu Şimdi QNB Mobil’de,https://www.qnb.com.tr/isim-icin/kobi/kobi-pos-cozumleri/pos-basvurusu-qnb-mobilde,https://www.qnb.com.tr/isim-icin/kobi/kobi-pos-cozumleri/pos-basvurusu-qnb-mobilde,pos başvurusu şimdi qnb mobil’de,3d8d891bd1c9bb323909ab0f01936ba1fcf70eb38024513d31619935e3994299,,,,,,Belirsiz,,Tarih yok; varsayılan kapıdan geçmedi.,False,,,Yok,missing,False,2026-05-01,Tarih yok; varsayılan kapıdan geçmedi,Kampanya,True,Kampanya veya müşteri teklifi sinyali içeriyor.,Medium,False,Tarih yok; varsayılan kapıdan geçmedi,,2026-06-16T12:42:23.249494+00:00
RIAUD-b48e3bb5303e,RUN-20260616124223,QNB Finansbank,REG-065,QNB Yazar Kasa POS,POS’tan TR Karekod ile Ödeme Alma,https://www.qnb.com.tr/isim-icin/kobi/kobi-pos-cozumleri/pos-qr-kod,https://www.qnb.com.tr/isim-icin/kobi/kobi-pos-cozumleri/pos-qr-kod,pos’tan tr karekod ile ödeme alma,31789f0be0c84c6c3b6269136d26181ad4080af95b3795b05e513a6045deb546,,,,,,Belirsiz,,Tarih yok; varsayılan kapıdan geçmedi.,False,,,Yok,missing,False,2026-05-01,Tarih yok; varsayılan kapıdan geçmedi,Kampanya,True,Kampanya veya müşteri teklifi sinyali içeriyor.,Medium,False,Tarih yok; varsayılan kapıdan geçmedi,,2026-06-16T12:42:23.249721+00:00
RIAUD-70fbbcba2eef,RUN-20260616124223,QNB Finansbank,REG-065,QNB Yazar Kasa POS,Düzenli Tahsilat Kolay,https://www.qnb.com.tr/isim-icin/kobi/kobi-pos-cozumleri/tahsilat-kolay,https://www.qnb.com.tr/isim-icin/kobi/kobi-pos-cozumleri/tahsilat-kolay,düzenli tahsilat kolay,d50e0f137149ac87deb3c5d59d94cd1c3d6fee4e8d5ffdcf0001e368ef165bf7,,,,,,Belirsiz,,Tarih yok; varsayılan kapıdan geçmedi.,False,,,Yok,missing,False,2026-05-01,Tarih yok; varsayılan kapıdan geçmedi,Kampanya,True,Kampanya veya müşteri teklifi sinyali içeriyor.,Medium,False,Tarih yok; varsayılan kapıdan geçmedi,,2026-06-16T12:42:23.249932+00:00
RIAUD-fe42e30e2334,RUN-20260616124223,QNB Finansbank,REG-065,QNB Yazar Kasa POS,KOBİ Nakit Yönetimi ve Tahsilat Ürünleri,https://www.qnb.com.tr/kobi-nakit-yonetimi-ve-tahsilat-urunleri,https://www.qnb.com.tr/kobi-nakit-yonetimi-ve-tahsilat-urunleri,kobi̇ nakit yönetimi ve tahsilat ürünleri,a1c7ef9dddfb1c932f5260f7fe40b099b62c55feabb5db9f34c604d1e7d50bf3,,,,,,Belirsiz,,Tarih yok; varsayılan kapıdan geçmedi.,False,,,Yok,missing,False,2026-05-01,Tarih yok; varsayılan kapıdan geçmedi,Kampanya,True,Kampanya veya müşteri teklifi sinyali içeriyor.,Medium,False,Tarih yok; varsayılan kapıdan geçmedi,,2026-06-16T12:42:23.250145+00:00
RIAUD-0fc7a3168902,RUN-20260616124223,QNB Finansbank,REG-065,QNB Yazar Kasa POS,Kobiler İçin Diğer Hizmetler ve Ürünler,https://www.qnb.com.tr/kobi-diger-hizmetler-ve-urunler,https://www.qnb.com.tr/kobi-diger-hizmetler-ve-urunler,kobiler i̇çin diğer hizmetler ve ürünler,98a3f4695d5b11429deeb08fddbfbef95c47936048c3e7b1a24a4476d78e6305,,,,,,Belirsiz,,Tarih yok; varsayılan kapıdan geçmedi.,False,,,Yok,missing,False,2026-05-01,Tarih yok; varsayılan kapıdan geçmedi,Kampanya,True,Kampanya veya müşteri teklifi sinyali içeriyor.,Medium,False,Tarih yok; varsayılan kapıdan geçmedi,,2026-06-16T12:42:23.250356+00:00
RIAUD-9d081c8cb13c,RUN-20260616124223,QNB Finansbank,REG-065,QNB Yazar Kasa POS,Findeks Ticari Paketleri,https://www.qnb.com.tr/isim-icin/kobi/findeks-ticari-paketleri,https://www.qnb.com.tr/isim-icin/kobi/findeks-ticari-paketleri,findeks ticari paketleri,2ee6501c9b64d54f4ea6522328583db3a0decac387b37ad710f59dad4405afb8,,,,,,Belirsiz,,Tarih yok; varsayılan kapıdan geçmedi.,False,,,Yok,missing,False,2026-05-01,Tarih yok; varsayılan kapıdan geçmedi,Kampanya,True,Kampanya veya müşteri teklifi sinyali içeriyor.,Medium,False,Tarih yok; varsayılan kapıdan geçmedi,,2026-06-16T12:42:23.250557+00:00
RIAUD-5291a7316325,RUN-20260616124223,QNB Finansbank,REG-065,QNB Yazar Kasa POS,İşim İçin,https://www.qnb.com.tr/isim-icin,https://www.qnb.com.tr/isim-icin,i̇şim i̇çin,0e75f6a9554ede975104e464149d6bf18baa9e9d887e03b708045340c12e6de7,,,,,,Belirsiz,,Tarih yok; varsayılan kapıdan geçmedi.,False,,,Yok,missing,False,2026-05-01,Tarih yok; varsayılan kapıdan geçmedi,Kampanya,True,Kampanya veya müşteri teklifi sinyali içeriyor.,Poor,False,title_too_short,,2026-06-16T12:42:23.250757+00:00
RIAUD-f715ad00f8f5,RUN-20260616124223,QNB Finansbank,REG-065,QNB Yazar Kasa POS,KOBİ,https://www.qnb.com.tr/isim-icin/kobi,https://www.qnb.com.tr/isim-icin/kobi,kobi̇,511574b56481cb8c5a1e4be36b0730dfa1574f892f1c92f80c65df9de6fabfe6,,,,,,Belirsiz,,Tarih yok; varsayılan kapıdan geçmedi.,False,,,Yok,missing,False,2026-05-01,Tarih yok; varsayılan kapıdan geçmedi,Kampanya,True,Kampanya veya müşteri teklifi sinyali içeriyor.,Poor,False,title_too_short,,2026-06-16T12:42:23.250951+00:00
RIAUD-82cd1b4c6401,RUN-20260616124223,QNB Finansbank,REG-065,QNB Yazar Kasa POS,POS,https://www.qnb.com.tr/isim-icin/kobi/kobi-pos-cozumleri,https://www.qnb.com.tr/isim-icin/kobi/kobi-pos-cozumleri,pos,ede5873df0677039d3205f0550055e2afcb1afd02a48c87582a2c68f513d550b,,,,,,Belirsiz,,Tarih yok; varsayılan kapıdan geçmedi.,False,,,Yok,missing,False,2026-05-01,Tarih yok; varsayılan kapıdan geçmedi,Kampanya,True,Kampanya veya müşteri teklifi sinyali içeriyor.,Poor,False,title_too_short,,2026-06-16T12:42:23.251149+00:00
RIAUD-6cf66e1154a7,RUN-20260616124223,QNB Finansbank,REG-065,QNB Yazar Kasa POS,Hemen Başvur,https://www.qnb.com.tr/isim-icin/kobi/kobi-pos-cozumleri/yazar-kasa-pos#hemen-basvur,https://www.qnb.com.tr/isim-icin/kobi/kobi-pos-cozumleri/yazar-kasa-pos,hemen başvur,87e3d9a840201cefbb9ac7897da5c4ac7fc8e55663c80e3ce2d4dc5988920365,,,,,,Belirsiz,,Tarih yok; varsayılan kapıdan geçmedi.,False,,,Yok,missing,False,2026-05-01,Tarih yok; varsayılan kapıdan geçmedi,Kampanya,True,Kampanya veya müşteri teklifi sinyali içeriyor.,Poor,False,title_too_short,,2026-06-16T12:42:23.251362+00:00
RIAUD-90894416cea9,RUN-20260616124223,QNB Finansbank,REG-065,QNB Yazar Kasa POS,KOBİ Kredileri,https://www.qnb.com.tr/kobi-kredileri,https://www.qnb.com.tr/kobi-kredileri,kobi̇ kredileri,689cc8dd555eec6db14912bd3d08a57baa8f801cb6baa150f6ccc025a8da08f7,,,,,,Belirsiz,,Tarih yok; varsayılan kapıdan geçmedi.,False,,,Yok,missing,False,2026-05-01,Tarih yok; varsayılan kapıdan geçmedi,Kampanya,True,Kampanya veya müşteri teklifi sinyali içeriyor.,Poor,False,title_too_short,,2026-06-16T12:42:23.251561+00:00
RIAUD-8c15373c405e,RUN-20260616124223,QNB Finansbank,REG-065,QNB Yazar Kasa POS,Esnaf Kredileri,https://www.qnb.com.tr/isim-icin/kobi/krediler/esnaf-kredileri,https://www.qnb.com.tr/isim-icin/kobi/krediler/esnaf-kredileri,esnaf kredileri,3d14aeee3be303c09902e668ac57386b433bd295de99d6b2a89cbe26ff5f5e8b,,,,,,Belirsiz,,Tarih yok; varsayılan kapıdan geçmedi.,False,,,Yok,missing,False,2026-05-01,Tarih yok; varsayılan kapıdan geçmedi,Kampanya,True,Kampanya veya müşteri teklifi sinyali içeriyor.,Poor,False,title_too_short,,2026-06-16T12:42:23.251769+00:00
RIAUD-ffe692e4bef9,RUN-20260616124223,QNB Finansbank,REG-065,QNB Yazar Kasa POS,POS Başvurusu,https://www.qnb.com.tr/isim-icin/kobi/kobi-pos-cozumleri/pos,https://www.qnb.com.tr/isim-icin/kobi/kobi-pos-cozumleri/pos,pos başvurusu,3e4bc5617cee4940ecb5f509cca2e6ff0e54ba3b257a14affc021060db97c797,,,,,,Belirsiz,,Tarih yok; varsayılan kapıdan geçmedi.,False,,,Yok,missing,False,2026-05-01,Tarih yok; varsayılan kapıdan geçmedi,Kampanya,True,Kampanya veya müşteri teklifi sinyali içeriyor.,Poor,False,title_too_short,,2026-06-16T12:42:23.251972+00:00
RIAUD-4c3d891b3e6f,RUN-20260616124223,QNB Finansbank,REG-065,QNB Yazar Kasa POS,LinkPOS,https://www.qnb.com.tr/linkpos,https://www.qnb.com.tr/linkpos,linkpos,37da27cfd1c74c59db079f5ea1599b926de4a0d96081a10d88ad2ec9f5f074f2,,,,,,Belirsiz,,Tarih yok; varsayılan kapıdan geçmedi.,False,,,Yok,missing,False,2026-05-01,Tarih yok; varsayılan kapıdan geçmedi,Kampanya,True,Kampanya veya müşteri teklifi sinyali içeriyor.,Poor,False,title_too_short,,2026-06-16T12:42:23.252213+00:00
RIAUD-6a99da35f007,RUN-20260616124223,QNB Finansbank,REG-065,QNB Yazar Kasa POS,Sanal POS,https://www.qnb.com.tr/sanal-pos,https://www.qnb.com.tr/sanal-pos,sanal pos,670424c9e1e33703e968a853da08170089ed30138a5e30f0d5f030ea40a4eae8,,,,,,Belirsiz,,Tarih yok; varsayılan kapıdan geçmedi.,False,,,Yok,missing,False,2026-05-01,Tarih yok; varsayılan kapıdan geçmedi,Kampanya,True,Kampanya veya müşteri teklifi sinyali içeriyor.,Poor,False,title_too_short,,2026-06-16T12:42:23.252421+00:00
RIAUD-29a4d974aa0c,RUN-20260616124223,QNB Finansbank,REG-065,QNB Yazar Kasa POS,CepPOS,https://www.qnb.com.tr/isim-icin/kobi/kobi-pos-cozumleri/ceppos,https://www.qnb.com.tr/isim-icin/kobi/kobi-pos-cozumleri/ceppos,ceppos,86dedca1a42921ed117cb7f4e5377109fe28b77da41e299c9a0c6a5372b4cb5c,,,,,,Belirsiz,,Tarih yok; varsayılan kapıdan geçmedi.,False,,,Yok,missing,False,2026-05-01,Tarih yok; varsayılan kapıdan geçmedi,Kampanya,True,Kampanya veya müşteri teklifi sinyali içeriyor.,Poor,False,title_too_short,,2026-06-16T12:42:23.252636+00:00
RIAUD-d3d95a53785c,RUN-20260616124223,QNB Finansbank,REG-065,QNB Yazar Kasa POS,Mobil POS,https://www.qnb.com.tr/isim-icin/kobi/kobi-pos-cozumleri/mobil-pos,https://www.qnb.com.tr/isim-icin/kobi/kobi-pos-cozumleri/mobil-pos,mobil pos,21b6a8fa05bef55156b89a60b38592704b703d18ba5e970cde7977aed9b95f9e,,,,,,Belirsiz,,Tarih yok; varsayılan kapıdan geçmedi.,False,,,Yok,missing,False,2026-05-01,Tarih yok; varsayılan kapıdan geçmedi,Kampanya,True,Kampanya veya müşteri teklifi sinyali içeriyor.,Poor,False,title_too_short,,2026-06-16T12:42:23.252907+00:00
RIAUD-b732248c866d,RUN-20260616124223,QNB Finansbank,REG-065,QNB Yazar Kasa POS,Temassız POS,https://www.qnb.com.tr/isim-icin/kobi/kobi-pos-cozumleri/temassiz-taksitli-pos,https://www.qnb.com.tr/isim-icin/kobi/kobi-pos-cozumleri/temassiz-taksitli-pos,temassız pos,6f0cccecd377a099b2998975882543dff467101d8ae6ddb5cca38dbde3b979b5,,,,,,Belirsiz,,Tarih yok; varsayılan kapıdan geçmedi.,False,,,Yok,missing,False,2026-05-01,Tarih yok; varsayılan kapıdan geçmedi,Kampanya,True,Kampanya veya müşteri teklifi sinyali içeriyor.,Poor,False,title_too_short,,2026-06-16T12:42:23.253245+00:00
RIAUD-bffa9a7edf60,RUN-20260616124223,QNB Finansbank,REG-065,QNB Yazar Kasa POS,POS Kılavuzu,https://www.qnb.com.tr/isim-icin/kobi/kobi-pos-cozumleri/pos-kilavuzu,https://www.qnb.com.tr/isim-icin/kobi/kobi-pos-cozumleri/pos-kilavuzu,pos kılavuzu,66fa707030a7079735fab0fad0896a6e7caf434eede1bf9b224eb4c1fa44ede1,,,,,,Belirsiz,,Tarih yok; varsayılan kapıdan geçmedi.,False,,,Yok,missing,False,2026-05-01,Tarih yok; varsayılan kapıdan geçmedi,Kampanya,True,Kampanya veya müşteri teklifi sinyali içeriyor.,Poor,False,title_too_short,,2026-06-16T12:42:23.253499+00:00
RIAUD-94e5ce3a0723,RUN-20260616124223,QNB Finansbank,REG-065,QNB Yazar Kasa POS,Dijital Slip,https://www.qnb.com.tr/isim-icin/kobi/kobi-pos-cozumleri/dijital-slip,https://www.qnb.com.tr/isim-icin/kobi/kobi-pos-cozumleri/dijital-slip,dijital slip,ddc25f7d8e3f0cb159a7c4c5344f7f67608afdca151db92c536864e0e4e16758,,,,,,Belirsiz,,Tarih yok; varsayılan kapıdan geçmedi.,False,,,Yok,missing,False,2026-05-01,Tarih yok; varsayılan kapıdan geçmedi,Kampanya,True,Kampanya veya müşteri teklifi sinyali içeriyor.,Poor,False,title_too_short,,2026-06-16T12:42:23.253761+00:00
RIAUD-f713960c0967,RUN-20260616124223,QNB Finansbank,REG-065,QNB Yazar Kasa POS,Kartlar,https://www.qnb.com.tr/isim-icin/kobi/kobi-ticari-kartlar,https://www.qnb.com.tr/isim-icin/kobi/kobi-ticari-kartlar,kartlar,efd6b75d06cd02e99cb6b817e53a18431f79d9c8c45ac14517e4d91ebf80e442,,,,,,Belirsiz,,Tarih yok; varsayılan kapıdan geçmedi.,False,,,Yok,missing,False,2026-05-01,Tarih yok; varsayılan kapıdan geçmedi,Kampanya,True,Kampanya veya müşteri teklifi sinyali içeriyor.,Poor,False,title_too_short,,2026-06-16T12:42:23.253971+00:00
RIAUD-12cfc771e8f2,RUN-20260616124223,QNB Finansbank,REG-065,QNB Yazar Kasa POS,Kazananlar Kulübü,https://www.qnb.com.tr/isim-icin/kobi/kazananlar-kulubu,https://www.qnb.com.tr/isim-icin/kobi/kazananlar-kulubu,kazananlar kulübü,5c427f71e636b6414d567f167515a5eac05d89952adde7008404df999451b680,,,,,,Belirsiz,,Tarih yok; varsayılan kapıdan geçmedi.,False,,,Yok,missing,False,2026-05-01,Tarih yok; varsayılan kapıdan geçmedi,Kampanya,True,Kampanya veya müşteri teklifi sinyali içeriyor.,Poor,False,title_too_short,,2026-06-16T12:42:23.254196+00:00
RIAUD-0be212db2c68,RUN-20260616124223,QNB Finansbank,REG-065,QNB Yazar Kasa POS,KOBİ Sigortaları,https://www.qnb.com.tr/kobi-sigortalar,https://www.qnb.com.tr/kobi-sigortalar,kobi̇ sigortaları,c03be60f5aa7cef0106f53f3c66e4bf841034b35ddb7ad6b415ae45b3e9e1a5f,,,,,,Belirsiz,,Tarih yok; varsayılan kapıdan geçmedi.,False,,,Yok,missing,False,2026-05-01,Tarih yok; varsayılan kapıdan geçmedi,Kampanya,True,Kampanya veya müşteri teklifi sinyali içeriyor.,Poor,False,title_too_short,,2026-06-16T12:42:23.254416+00:00
RIAUD-e7839770ec65,RUN-20260616124223,QNB Finansbank,REG-065,QNB Yazar Kasa POS,Leasing & Faktoring,https://www.qnb.com.tr/kobi-leasing-and-faktoring,https://www.qnb.com.tr/kobi-leasing-and-faktoring,leasing & faktoring,2332713a4d4539315c51b722f7a5e1a49c51f01f0d955120f99afe0e076a5829,,,,,,Belirsiz,,Tarih yok; varsayılan kapıdan geçmedi.,False,,,Yok,missing,False,2026-05-01,Tarih yok; varsayılan kapıdan geçmedi,Kampanya,True,Kampanya veya müşteri teklifi sinyali içeriyor.,Poor,False,title_too_short,,2026-06-16T12:42:23.254663+00:00
RIAUD-e55b3268d11a,RUN-20260616124223,QNB Finansbank,REG-064,QNB POS,Kampanyalar,https://www.qnb.com.tr/kampanyalar/kobi-kampanyalari,https://www.qnb.com.tr/kampanyalar/kobi-kampanyalari,kampanyalar,eb250a2ef66884e3366d9b57c17a77e95456e4bb6c9f1b62210cae1408cc311a,,,,,,Belirsiz,,Tarih yok; varsayılan kapıdan geçmedi.,False,,,Yok,missing,False,2026-05-01,Tarih yok; varsayılan kapıdan geçmedi,Kampanya,True,Kampanya veya müşteri teklifi sinyali içeriyor.,Poor,False,title_too_short,,2026-06-16T12:42:23.270480+00:00
RIAUD-815fcd8ae687,RUN-20260616124223,QNB Finansbank,REG-064,QNB POS,Düzenli Tahsilat Kolay,https://www.qnb.com.tr/isim-icin/kobi/kobi-pos-cozumleri/tahsilat-kolay,https://www.qnb.com.tr/isim-icin/kobi/kobi-pos-cozumleri/tahsilat-kolay,düzenli tahsilat kolay,d50e0f137149ac87deb3c5d59d94cd1c3d6fee4e8d5ffdcf0001e368ef165bf7,,,,,,Belirsiz,,Tarih yok; varsayılan kapıdan geçmedi.,False,,,Yok,missing,False,2026-05-01,Tarih yok; varsayılan kapıdan geçmedi,Kampanya,True,Kampanya veya müşteri teklifi sinyali içeriyor.,Medium,False,Tarih yok; varsayılan kapıdan geçmedi,,2026-06-16T12:42:23.270743+00:00
RIAUD-853f6e3ac704,RUN-20260616124223,QNB Finansbank,REG-064,QNB POS,Mevduat ve Yatırım Ürünleri,https://www.qnb.com.tr/isim-icin/kobi/mevduat-ve-yatirim-urunleri,https://www.qnb.com.tr/isim-icin/kobi/mevduat-ve-yatirim-urunleri,mevduat ve yatırım ürünleri,1270d0cd8c48a1db6f44b9b6e0602ab9af9e59d48d1b0be4e75d86abf57870d3,,,,,,Belirsiz,,Tarih yok; varsayılan kapıdan geçmedi.,False,,,Yok,missing,False,2026-05-01,Tarih yok; varsayılan kapıdan geçmedi,Kampanya,True,Kampanya veya müşteri teklifi sinyali içeriyor.,Medium,False,Tarih yok; varsayılan kapıdan geçmedi,,2026-06-16T12:42:23.271042+00:00
RIAUD-202104557d74,RUN-20260616124223,QNB Finansbank,REG-064,QNB POS,Link POS & Sanal POS Üye İşyeri Giriş Ekranı,https://www.qnb.com.tr/isim-icin/kobi/kobi-pos-cozumleri/link-pos-and-sanal-pos-uye-isyeri-giris-ekrani,https://www.qnb.com.tr/isim-icin/kobi/kobi-pos-cozumleri/link-pos-and-sanal-pos-uye-isyeri-giris-ekrani,link pos & sanal pos üye i̇şyeri giriş ekranı,60d66a978e49c7ea19fb130be0deefb98acb1f16f315ded1a2558de3c251d983,,,,,,Belirsiz,,Tarih yok; varsayılan kapıdan geçmedi.,False,,,Yok,missing,False,2026-05-01,Tarih yok; varsayılan kapıdan geçmedi,Statik Ürün Sayfası,False,"Statik ürün, yardım, giriş veya navigasyon içeriği gibi görünüyor.",Medium,False,Tarih yok; varsayılan kapıdan geçmedi,,2026-06-16T12:42:23.271261+00:00
RIAUD-1485c4fca40f,RUN-20260616124223,QNB Finansbank,REG-064,QNB POS,POS Başvurusu Şimdi QNB Mobil’de,https://www.qnb.com.tr/isim-icin/kobi/kobi-pos-cozumleri/pos-basvurusu-qnb-mobilde,https://www.qnb.com.tr/isim-icin/kobi/kobi-pos-cozumleri/pos-basvurusu-qnb-mobilde,pos başvurusu şimdi qnb mobil’de,3d8d891bd1c9bb323909ab0f01936ba1fcf70eb38024513d31619935e3994299,,,,,,Belirsiz,,Tarih yok; varsayılan kapıdan geçmedi.,False,,,Yok,missing,False,2026-05-01,Tarih yok; varsayılan kapıdan geçmedi,Kampanya,True,Kampanya veya müşteri teklifi sinyali içeriyor.,Medium,False,Tarih yok; varsayılan kapıdan geçmedi,,2026-06-16T12:42:23.271498+00:00
RIAUD-6fca6942d9c5,RUN-20260616124223,QNB Finansbank,REG-064,QNB POS,POS’tan TR Karekod ile Ödeme Alma,https://www.qnb.com.tr/isim-icin/kobi/kobi-pos-cozumleri/pos-qr-kod,https://www.qnb.com.tr/isim-icin/kobi/kobi-pos-cozumleri/pos-qr-kod,pos’tan tr karekod ile ödeme alma,31789f0be0c84c6c3b6269136d26181ad4080af95b3795b05e513a6045deb546,,,,,,Belirsiz,,Tarih yok; varsayılan kapıdan geçmedi.,False,,,Yok,missing,False,2026-05-01,Tarih yok; varsayılan kapıdan geçmedi,Kampanya,True,Kampanya veya müşteri teklifi sinyali içeriyor.,Medium,False,Tarih yok; varsayılan kapıdan geçmedi,,2026-06-16T12:42:23.271728+00:00
RIAUD-0b3112581f1f,RUN-20260616124223,QNB Finansbank,REG-064,QNB POS,KOBİ Nakit Yönetimi ve Tahsilat Ürünleri,https://www.qnb.com.tr/kobi-nakit-yonetimi-ve-tahsilat-urunleri,https://www.qnb.com.tr/kobi-nakit-yonetimi-ve-tahsilat-urunleri,kobi̇ nakit yönetimi ve tahsilat ürünleri,a1c7ef9dddfb1c932f5260f7fe40b099b62c55feabb5db9f34c604d1e7d50bf3,,,,,,Belirsiz,,Tarih yok; varsayılan kapıdan geçmedi.,False,,,Yok,missing,False,2026-05-01,Tarih yok; varsayılan kapıdan geçmedi,Kampanya,True,Kampanya veya müşteri teklifi sinyali içeriyor.,Medium,False,Tarih yok; varsayılan kapıdan geçmedi,,2026-06-16T12:42:23.271952+00:00
RIAUD-151fd0bdcd26,RUN-20260616124223,QNB Finansbank,REG-064,QNB POS,Kobiler İçin Diğer Hizmetler ve Ürünler,https://www.qnb.com.tr/kobi-diger-hizmetler-ve-urunler,https://www.qnb.com.tr/kobi-diger-hizmetler-ve-urunler,kobiler i̇çin diğer hizmetler ve ürünler,98a3f4695d5b11429deeb08fddbfbef95c47936048c3e7b1a24a4476d78e6305,,,,,,Belirsiz,,Tarih yok; varsayılan kapıdan geçmedi.,False,,,Yok,missing,False,2026-05-01,Tarih yok; varsayılan kapıdan geçmedi,Kampanya,True,Kampanya veya müşteri teklifi sinyali içeriyor.,Medium,False,Tarih yok; varsayılan kapıdan geçmedi,,2026-06-16T12:42:23.272183+00:00
RIAUD-1585fae0faca,RUN-20260616124223,QNB Finansbank,REG-064,QNB POS,Findeks Ticari Paketleri,https://www.qnb.com.tr/isim-icin/kobi/findeks-ticari-paketleri,https://www.qnb.com.tr/isim-icin/kobi/findeks-ticari-paketleri,findeks ticari paketleri,2ee6501c9b64d54f4ea6522328583db3a0decac387b37ad710f59dad4405afb8,,,,,,Belirsiz,,Tarih yok; varsayılan kapıdan geçmedi.,False,,,Yok,missing,False,2026-05-01,Tarih yok; varsayılan kapıdan geçmedi,Kampanya,True,Kampanya veya müşteri teklifi sinyali içeriyor.,Medium,False,Tarih yok; varsayılan kapıdan geçmedi,,2026-06-16T12:42:23.272392+00:00
RIAUD-1b34ab1ea0a9,RUN-20260616124223,QNB Finansbank,REG-064,QNB POS,İşim İçin,https://www.qnb.com.tr/isim-icin,https://www.qnb.com.tr/isim-icin,i̇şim i̇çin,0e75f6a9554ede975104e464149d6bf18baa9e9d887e03b708045340c12e6de7,,,,,,Belirsiz,,Tarih yok; varsayılan kapıdan geçmedi.,False,,,Yok,missing,False,2026-05-01,Tarih yok; varsayılan kapıdan geçmedi,Kampanya,True,Kampanya veya müşteri teklifi sinyali içeriyor.,Poor,False,title_too_short,,2026-06-16T12:42:23.272601+00:00
RIAUD-2e26decd549f,RUN-20260616124223,QNB Finansbank,REG-064,QNB POS,KOBİ,https://www.qnb.com.tr/isim-icin/kobi,https://www.qnb.com.tr/isim-icin/kobi,kobi̇,511574b56481cb8c5a1e4be36b0730dfa1574f892f1c92f80c65df9de6fabfe6,,,,,,Belirsiz,,Tarih yok; varsayılan kapıdan geçmedi.,False,,,Yok,missing,False,2026-05-01,Tarih yok; varsayılan kapıdan geçmedi,Kampanya,True,Kampanya veya müşteri teklifi sinyali içeriyor.,Poor,False,title_too_short,,2026-06-16T12:42:23.272803+00:00
RIAUD-67c9e048a496,RUN-20260616124223,QNB Finansbank,REG-064,QNB POS,POS,https://www.qnb.com.tr/isim-icin/kobi/kobi-pos-cozumleri,https://www.qnb.com.tr/isim-icin/kobi/kobi-pos-cozumleri,pos,ede5873df0677039d3205f0550055e2afcb1afd02a48c87582a2c68f513d550b,,,,,,Belirsiz,,Tarih yok; varsayılan kapıdan geçmedi.,False,,,Yok,missing,False,2026-05-01,Tarih yok; varsayılan kapıdan geçmedi,Kampanya,True,Kampanya veya müşteri teklifi sinyali içeriyor.,Poor,False,title_too_short,,2026-06-16T12:42:23.273005+00:00
RIAUD-8a818155dad5,RUN-20260616124223,QNB Finansbank,REG-064,QNB POS,tıklayınız.,https://www.qnb.com.tr/isim-icin/kobi/kobi-pos-cozumleri/yazar-kasa-pos,https://www.qnb.com.tr/isim-icin/kobi/kobi-pos-cozumleri/yazar-kasa-pos,tıklayınız.,72389f61c1e225e2933e6a7e67a9bdfce3aab7ef1bf399e4b9d05f821959f954,,,,,,Belirsiz,,Tarih yok; varsayılan kapıdan geçmedi.,False,,,Yok,missing,False,2026-05-01,Tarih yok; varsayılan kapıdan geçmedi,Kampanya,True,Kampanya veya müşteri teklifi sinyali içeriyor.,Poor,False,title_too_short,,2026-06-16T12:42:23.273236+00:00
RIAUD-fd91e00fb59d,RUN-20260616124223,QNB Finansbank,REG-064,QNB POS,tıklayınız,https://www.qnb.com.tr/isim-icin/kobi/kobi-pos-cozumleri/mobil-pos,https://www.qnb.com.tr/isim-icin/kobi/kobi-pos-cozumleri/mobil-pos,tıklayınız,e0eaac1a218ed24d859c132a290a710f1758317f136841de1175dce9251d0274,,,,,,Belirsiz,,Tarih yok; varsayılan kapıdan geçmedi.,False,,,Yok,missing,False,2026-05-01,Tarih yok; varsayılan kapıdan geçmedi,Kampanya,True,Kampanya veya müşteri teklifi sinyali içeriyor.,Poor,False,title_too_short,,2026-06-16T12:42:23.273448+00:00
RIAUD-9d7a74285725,RUN-20260616124223,QNB Finansbank,REG-064,QNB POS,KOBİ Kredileri,https://www.qnb.com.tr/kobi-kredileri,https://www.qnb.com.tr/kobi-kredileri,kobi̇ kredileri,689cc8dd555eec6db14912bd3d08a57baa8f801cb6baa150f6ccc025a8da08f7,,,,,,Belirsiz,,Tarih yok; varsayılan kapıdan geçmedi.,False,,,Yok,missing,False,2026-05-01,Tarih yok; varsayılan kapıdan geçmedi,Kampanya,True,Kampanya veya müşteri teklifi sinyali içeriyor.,Poor,False,title_too_short,,2026-06-16T12:42:23.273655+00:00
RIAUD-cc780182efae,RUN-20260616124223,QNB Finansbank,REG-064,QNB POS,Esnaf Kredileri,https://www.qnb.com.tr/isim-icin/kobi/krediler/esnaf-kredileri,https://www.qnb.com.tr/isim-icin/kobi/krediler/esnaf-kredileri,esnaf kredileri,3d14aeee3be303c09902e668ac57386b433bd295de99d6b2a89cbe26ff5f5e8b,,,,,,Belirsiz,,Tarih yok; varsayılan kapıdan geçmedi.,False,,,Yok,missing,False,2026-05-01,Tarih yok; varsayılan kapıdan geçmedi,Kampanya,True,Kampanya veya müşteri teklifi sinyali içeriyor.,Poor,False,title_too_short,,2026-06-16T12:42:23.273900+00:00
RIAUD-9dbb4869ab48,RUN-20260616124223,QNB Finansbank,REG-064,QNB POS,LinkPOS,https://www.qnb.com.tr/linkpos,https://www.qnb.com.tr/linkpos,linkpos,37da27cfd1c74c59db079f5ea1599b926de4a0d96081a10d88ad2ec9f5f074f2,,,,,,Belirsiz,,Tarih yok; varsayılan kapıdan geçmedi.,False,,,Yok,missing,False,2026-05-01,Tarih yok; varsayılan kapıdan geçmedi,Kampanya,True,Kampanya veya müşteri teklifi sinyali içeriyor.,Poor,False,title_too_short,,2026-06-16T12:42:23.274104+00:00
RIAUD-a3d2c600e87d,RUN-20260616124223,QNB Finansbank,REG-064,QNB POS,Sanal POS,https://www.qnb.com.tr/sanal-pos,https://www.qnb.com.tr/sanal-pos,sanal pos,670424c9e1e33703e968a853da08170089ed30138a5e30f0d5f030ea40a4eae8,,,,,,Belirsiz,,Tarih yok; varsayılan kapıdan geçmedi.,False,,,Yok,missing,False,2026-05-01,Tarih yok; varsayılan kapıdan geçmedi,Kampanya,True,Kampanya veya müşteri teklifi sinyali içeriyor.,Poor,False,title_too_short,,2026-06-16T12:42:23.274306+00:00
RIAUD-68d24ebea952,RUN-20260616124223,QNB Finansbank,REG-064,QNB POS,CepPOS,https://www.qnb.com.tr/isim-icin/kobi/kobi-pos-cozumleri/ceppos,https://www.qnb.com.tr/isim-icin/kobi/kobi-pos-cozumleri/ceppos,ceppos,86dedca1a42921ed117cb7f4e5377109fe28b77da41e299c9a0c6a5372b4cb5c,,,,,,Belirsiz,,Tarih yok; varsayılan kapıdan geçmedi.,False,,,Yok,missing,False,2026-05-01,Tarih yok; varsayılan kapıdan geçmedi,Kampanya,True,Kampanya veya müşteri teklifi sinyali içeriyor.,Poor,False,title_too_short,,2026-06-16T12:42:23.274509+00:00
RIAUD-ac7e7013b744,RUN-20260616124223,QNB Finansbank,REG-064,QNB POS,Temassız POS,https://www.qnb.com.tr/isim-icin/kobi/kobi-pos-cozumleri/temassiz-taksitli-pos,https://www.qnb.com.tr/isim-icin/kobi/kobi-pos-cozumleri/temassiz-taksitli-pos,temassız pos,6f0cccecd377a099b2998975882543dff467101d8ae6ddb5cca38dbde3b979b5,,,,,,Belirsiz,,Tarih yok; varsayılan kapıdan geçmedi.,False,,,Yok,missing,False,2026-05-01,Tarih yok; varsayılan kapıdan geçmedi,Kampanya,True,Kampanya veya müşteri teklifi sinyali içeriyor.,Poor,False,title_too_short,,2026-06-16T12:42:23.274721+00:00
RIAUD-d458ba838615,RUN-20260616124223,QNB Finansbank,REG-064,QNB POS,POS Kılavuzu,https://www.qnb.com.tr/isim-icin/kobi/kobi-pos-cozumleri/pos-kilavuzu,https://www.qnb.com.tr/isim-icin/kobi/kobi-pos-cozumleri/pos-kilavuzu,pos kılavuzu,66fa707030a7079735fab0fad0896a6e7caf434eede1bf9b224eb4c1fa44ede1,,,,,,Belirsiz,,Tarih yok; varsayılan kapıdan geçmedi.,False,,,Yok,missing,False,2026-05-01,Tarih yok; varsayılan kapıdan geçmedi,Kampanya,True,Kampanya veya müşteri teklifi sinyali içeriyor.,Poor,False,title_too_short,,2026-06-16T12:42:23.274929+00:00
RIAUD-28364cd6af2d,RUN-20260616124223,QNB Finansbank,REG-064,QNB POS,Dijital Slip,https://www.qnb.com.tr/isim-icin/kobi/kobi-pos-cozumleri/dijital-slip,https://www.qnb.com.tr/isim-icin/kobi/kobi-pos-cozumleri/dijital-slip,dijital slip,ddc25f7d8e3f0cb159a7c4c5344f7f67608afdca151db92c536864e0e4e16758,,,,,,Belirsiz,,Tarih yok; varsayılan kapıdan geçmedi.,False,,,Yok,missing,False,2026-05-01,Tarih yok; varsayılan kapıdan geçmedi,Kampanya,True,Kampanya veya müşteri teklifi sinyali içeriyor.,Poor,False,title_too_short,,2026-06-16T12:42:23.275135+00:00
RIAUD-ab6c2ca67320,RUN-20260616124223,QNB Finansbank,REG-064,QNB POS,Kartlar,https://www.qnb.com.tr/isim-icin/kobi/kobi-ticari-kartlar,https://www.qnb.com.tr/isim-icin/kobi/kobi-ticari-kartlar,kartlar,efd6b75d06cd02e99cb6b817e53a18431f79d9c8c45ac14517e4d91ebf80e442,,,,,,Belirsiz,,Tarih yok; varsayılan kapıdan geçmedi.,False,,,Yok,missing,False,2026-05-01,Tarih yok; varsayılan kapıdan geçmedi,Kampanya,True,Kampanya veya müşteri teklifi sinyali içeriyor.,Poor,False,title_too_short,,2026-06-16T12:42:23.275330+00:00
RIAUD-bdf1617e0697,RUN-20260616124223,QNB Finansbank,REG-064,QNB POS,Kazananlar Kulübü,https://www.qnb.com.tr/isim-icin/kobi/kazananlar-kulubu,https://www.qnb.com.tr/isim-icin/kobi/kazananlar-kulubu,kazananlar kulübü,5c427f71e636b6414d567f167515a5eac05d89952adde7008404df999451b680,,,,,,Belirsiz,,Tarih yok; varsayılan kapıdan geçmedi.,False,,,Yok,missing,False,2026-05-01,Tarih yok; varsayılan kapıdan geçmedi,Kampanya,True,Kampanya veya müşteri teklifi sinyali içeriyor.,Poor,False,title_too_short,,2026-06-16T12:42:23.275656+00:00
RIAUD-6f06e9b20ba5,RUN-20260616124223,QNB Finansbank,REG-064,QNB POS,KOBİ Sigortaları,https://www.qnb.com.tr/kobi-sigortalar,https://www.qnb.com.tr/kobi-sigortalar,kobi̇ sigortaları,c03be60f5aa7cef0106f53f3c66e4bf841034b35ddb7ad6b415ae45b3e9e1a5f,,,,,,Belirsiz,,Tarih yok; varsayılan kapıdan geçmedi.,False,,,Yok,missing,False,2026-05-01,Tarih yok; varsayılan kapıdan geçmedi,Kampanya,True,Kampanya veya müşteri teklifi sinyali içeriyor.,Poor,False,title_too_short,,2026-06-16T12:42:23.275910+00:00
RIAUD-1ff2a74e39b0,RUN-20260616124223,QNB Finansbank,REG-064,QNB POS,Leasing & Faktoring,https://www.qnb.com.tr/kobi-leasing-and-faktoring,https://www.qnb.com.tr/kobi-leasing-and-faktoring,leasing & faktoring,2332713a4d4539315c51b722f7a5e1a49c51f01f0d955120f99afe0e076a5829,,,,,,Belirsiz,,Tarih yok; varsayılan kapıdan geçmedi.,False,,,Yok,missing,False,2026-05-01,Tarih yok; varsayılan kapıdan geçmedi,Kampanya,True,Kampanya veya müşteri teklifi sinyali içeriyor.,Poor,False,title_too_short,,2026-06-16T12:42:23.276134+00:00
RIAUD-508ac5b1eab8,RUN-20260616124223,QNB Finansbank,REG-063,QNB KOBİ POS Çözümleri,Kampanyalar,https://www.qnb.com.tr/kampanyalar/kobi-kampanyalari,https://www.qnb.com.tr/kampanyalar/kobi-kampanyalari,kampanyalar,eb250a2ef66884e3366d9b57c17a77e95456e4bb6c9f1b62210cae1408cc311a,,,,,,Belirsiz,,Tarih yok; varsayılan kapıdan geçmedi.,False,,,Yok,missing,False,2026-05-01,Tarih yok; varsayılan kapıdan geçmedi,Kampanya,True,Kampanya veya müşteri teklifi sinyali içeriyor.,Poor,False,title_too_short,,2026-06-16T12:42:23.286766+00:00
RIAUD-f787eb386d7b,RUN-20260616124223,QNB Finansbank,REG-063,QNB KOBİ POS Çözümleri,Link POS & Sanal POS Üye İşyeri Giriş Ekranı,https://www.qnb.com.tr/isim-icin/kobi/kobi-pos-cozumleri/link-pos-and-sanal-pos-uye-isyeri-giris-ekrani,https://www.qnb.com.tr/isim-icin/kobi/kobi-pos-cozumleri/link-pos-and-sanal-pos-uye-isyeri-giris-ekrani,link pos & sanal pos üye i̇şyeri giriş ekranı,60d66a978e49c7ea19fb130be0deefb98acb1f16f315ded1a2558de3c251d983,,,,,,Belirsiz,,Tarih yok; varsayılan kapıdan geçmedi.,False,,,Yok,missing,False,2026-05-01,Tarih yok; varsayılan kapıdan geçmedi,Statik Ürün Sayfası,False,"Statik ürün, yardım, giriş veya navigasyon içeriği gibi görünüyor.",Medium,False,Tarih yok; varsayılan kapıdan geçmedi,,2026-06-16T12:42:23.286996+00:00
RIAUD-49d4f8f7a8ae,RUN-20260616124223,QNB Finansbank,REG-063,QNB KOBİ POS Çözümleri,POS Başvurusu Şimdi QNB Mobil’de,https://www.qnb.com.tr/isim-icin/kobi/kobi-pos-cozumleri/pos-basvurusu-qnb-mobilde,https://www.qnb.com.tr/isim-icin/kobi/kobi-pos-cozumleri/pos-basvurusu-qnb-mobilde,pos başvurusu şimdi qnb mobil’de,3d8d891bd1c9bb323909ab0f01936ba1fcf70eb38024513d31619935e3994299,,,,,,Belirsiz,,Tarih yok; varsayılan kapıdan geçmedi.,False,,,Yok,missing,False,2026-05-01,Tarih yok; varsayılan kapıdan geçmedi,Kampanya,True,Kampanya veya müşteri teklifi sinyali içeriyor.,Medium,False,Tarih yok; varsayılan kapıdan geçmedi,,2026-06-16T12:42:23.287229+00:00
RIAUD-7073310a6f66,RUN-20260616124223,QNB Finansbank,REG-063,QNB KOBİ POS Çözümleri,POS’tan TR Karekod ile Ödeme Alma,https://www.qnb.com.tr/isim-icin/kobi/kobi-pos-cozumleri/pos-qr-kod,https://www.qnb.com.tr/isim-icin/kobi/kobi-pos-cozumleri/pos-qr-kod,pos’tan tr karekod ile ödeme alma,31789f0be0c84c6c3b6269136d26181ad4080af95b3795b05e513a6045deb546,,,,,,Belirsiz,,Tarih yok; varsayılan kapıdan geçmedi.,False,,,Yok,missing,False,2026-05-01,Tarih yok; varsayılan kapıdan geçmedi,Kampanya,True,Kampanya veya müşteri teklifi sinyali içeriyor.,Medium,False,Tarih yok; varsayılan kapıdan geçmedi,,2026-06-16T12:42:23.287443+00:00
RIAUD-6d23ebbff2d2,RUN-20260616124223,QNB Finansbank,REG-063,QNB KOBİ POS Çözümleri,Düzenli Tahsilat Kolay,https://www.qnb.com.tr/isim-icin/kobi/kobi-pos-cozumleri/tahsilat-kolay,https://www.qnb.com.tr/isim-icin/kobi/kobi-pos-cozumleri/tahsilat-kolay,düzenli tahsilat kolay,d50e0f137149ac87deb3c5d59d94cd1c3d6fee4e8d5ffdcf0001e368ef165bf7,,,,,,Belirsiz,,Tarih yok; varsayılan kapıdan geçmedi.,False,,,Yok,missing,False,2026-05-01,Tarih yok; varsayılan kapıdan geçmedi,Kampanya,True,Kampanya veya müşteri teklifi sinyali içeriyor.,Medium,False,Tarih yok; varsayılan kapıdan geçmedi,,2026-06-16T12:42:23.287651+00:00
RIAUD-9fd5f4b8e49b,RUN-20260616124223,QNB Finansbank,REG-063,QNB KOBİ POS Çözümleri,İşim İçin,https://www.qnb.com.tr/isim-icin,https://www.qnb.com.tr/isim-icin,i̇şim i̇çin,0e75f6a9554ede975104e464149d6bf18baa9e9d887e03b708045340c12e6de7,,,,,,Belirsiz,,Tarih yok; varsayılan kapıdan geçmedi.,False,,,Yok,missing,False,2026-05-01,Tarih yok; varsayılan kapıdan geçmedi,Kampanya,True,Kampanya veya müşteri teklifi sinyali içeriyor.,Poor,False,title_too_short,,2026-06-16T12:42:23.287848+00:00
RIAUD-08e3dc68aa9c,RUN-20260616124223,QNB Finansbank,REG-063,QNB KOBİ POS Çözümleri,KOBİ,https://www.qnb.com.tr/isim-icin/kobi,https://www.qnb.com.tr/isim-icin/kobi,kobi̇,511574b56481cb8c5a1e4be36b0730dfa1574f892f1c92f80c65df9de6fabfe6,,,,,,Belirsiz,,Tarih yok; varsayılan kapıdan geçmedi.,False,,,Yok,missing,False,2026-05-01,Tarih yok; varsayılan kapıdan geçmedi,Kampanya,True,Kampanya veya müşteri teklifi sinyali içeriyor.,Poor,False,title_too_short,,2026-06-16T12:42:23.288048+00:00
RIAUD-dad204a17749,RUN-20260616124223,QNB Finansbank,REG-063,QNB KOBİ POS Çözümleri,POS Başvurusu,https://www.qnb.com.tr/isim-icin/kobi/kobi-pos-cozumleri/pos,https://www.qnb.com.tr/isim-icin/kobi/kobi-pos-cozumleri/pos,pos başvurusu,3e4bc5617cee4940ecb5f509cca2e6ff0e54ba3b257a14affc021060db97c797,,,,,,Belirsiz,,Tarih yok; varsayılan kapıdan geçmedi.,False,,,Yok,missing,False,2026-05-01,Tarih yok; varsayılan kapıdan geçmedi,Kampanya,True,Kampanya veya müşteri teklifi sinyali içeriyor.,Poor,False,title_too_short,,2026-06-16T12:42:23.288257+00:00
RIAUD-8de1acaa2751,RUN-20260616124223,QNB Finansbank,REG-063,QNB KOBİ POS Çözümleri,Yazar Kasa POS,https://www.qnb.com.tr/isim-icin/kobi/kobi-pos-cozumleri/yazar-kasa-pos,https://www.qnb.com.tr/isim-icin/kobi/kobi-pos-cozumleri/yazar-kasa-pos,yazar kasa pos,89a35b94956b1e18d22f5d037ce24ed65d25e4b07212a6269f085b3f2d367cd4,,,,,,Belirsiz,,Tarih yok; varsayılan kapıdan geçmedi.,False,,,Yok,missing,False,2026-05-01,Tarih yok; varsayılan kapıdan geçmedi,Kampanya,True,Kampanya veya müşteri teklifi sinyali içeriyor.,Poor,False,title_too_short,,2026-06-16T12:42:23.288475+00:00
RIAUD-eea2fde0d390,RUN-20260616124223,QNB Finansbank,REG-063,QNB KOBİ POS Çözümleri,LinkPOS,https://www.qnb.com.tr/linkpos,https://www.qnb.com.tr/linkpos,linkpos,37da27cfd1c74c59db079f5ea1599b926de4a0d96081a10d88ad2ec9f5f074f2,,,,,,Belirsiz,,Tarih yok; varsayılan kapıdan geçmedi.,False,,,Yok,missing,False,2026-05-01,Tarih yok; varsayılan kapıdan geçmedi,Kampanya,True,Kampanya veya müşteri teklifi sinyali içeriyor.,Poor,False,title_too_short,,2026-06-16T12:42:23.288669+00:00
RIAUD-864bec073395,RUN-20260616124223,QNB Finansbank,REG-063,QNB KOBİ POS Çözümleri,Sanal POS,https://www.qnb.com.tr/sanal-pos,https://www.qnb.com.tr/sanal-pos,sanal pos,670424c9e1e33703e968a853da08170089ed30138a5e30f0d5f030ea40a4eae8,,,,,,Belirsiz,,Tarih yok; varsayılan kapıdan geçmedi.,False,,,Yok,missing,False,2026-05-01,Tarih yok; varsayılan kapıdan geçmedi,Kampanya,True,Kampanya veya müşteri teklifi sinyali içeriyor.,Poor,False,title_too_short,,2026-06-16T12:42:23.288901+00:00
RIAUD-4930d51aa804,RUN-20260616124223,QNB Finansbank,REG-063,QNB KOBİ POS Çözümleri,CepPOS,https://www.qnb.com.tr/isim-icin/kobi/kobi-pos-cozumleri/ceppos,https://www.qnb.com.tr/isim-icin/kobi/kobi-pos-cozumleri/ceppos,ceppos,86dedca1a42921ed117cb7f4e5377109fe28b77da41e299c9a0c6a5372b4cb5c,,,,,,Belirsiz,,Tarih yok; varsayılan kapıdan geçmedi.,False,,,Yok,missing,False,2026-05-01,Tarih yok; varsayılan kapıdan geçmedi,Kampanya,True,Kampanya veya müşteri teklifi sinyali içeriyor.,Poor,False,title_too_short,,2026-06-16T12:42:23.289116+00:00
RIAUD-8f93a7fb71c5,RUN-20260616124223,QNB Finansbank,REG-063,QNB KOBİ POS Çözümleri,Hemen Başvur,https://www.qnb.com.tr/isim-icin/kobi/kobi-pos-cozumleri/ceppos#pos_basvuru,https://www.qnb.com.tr/isim-icin/kobi/kobi-pos-cozumleri/ceppos,hemen başvur,3a3de4cbf8c98230b9a057125e5ffa6d507ea86762f0e3d32c72a66c11226df3,,,,,,Belirsiz,,Tarih yok; varsayılan kapıdan geçmedi.,False,,,Yok,missing,False,2026-05-01,Tarih yok; varsayılan kapıdan geçmedi,Kampanya,True,Kampanya veya müşteri teklifi sinyali içeriyor.,Poor,False,title_too_short,,2026-06-16T12:42:23.289331+00:00
RIAUD-23844b65ba88,RUN-20260616124223,QNB Finansbank,REG-063,QNB KOBİ POS Çözümleri,Mobil POS,https://www.qnb.com.tr/isim-icin/kobi/kobi-pos-cozumleri/mobil-pos,https://www.qnb.com.tr/isim-icin/kobi/kobi-pos-cozumleri/mobil-pos,mobil pos,21b6a8fa05bef55156b89a60b38592704b703d18ba5e970cde7977aed9b95f9e,,,,,,Belirsiz,,Tarih yok; varsayılan kapıdan geçmedi.,False,,,Yok,missing,False,2026-05-01,Tarih yok; varsayılan kapıdan geçmedi,Kampanya,True,Kampanya veya müşteri teklifi sinyali içeriyor.,Poor,False,title_too_short,,2026-06-16T12:42:23.289541+00:00
RIAUD-2d32655a3e3a,RUN-20260616124223,QNB Finansbank,REG-063,QNB KOBİ POS Çözümleri,Temassız POS,https://www.qnb.com.tr/isim-icin/kobi/kobi-pos-cozumleri/temassiz-taksitli-pos,https://www.qnb.com.tr/isim-icin/kobi/kobi-pos-cozumleri/temassiz-taksitli-pos,temassız pos,6f0cccecd377a099b2998975882543dff467101d8ae6ddb5cca38dbde3b979b5,,,,,,Belirsiz,,Tarih yok; varsayılan kapıdan geçmedi.,False,,,Yok,missing,False,2026-05-01,Tarih yok; varsayılan kapıdan geçmedi,Kampanya,True,Kampanya veya müşteri teklifi sinyali içeriyor.,Poor,False,title_too_short,,2026-06-16T12:42:23.289745+00:00
RIAUD-eeee002e44a9,RUN-20260616124223,QNB Finansbank,REG-063,QNB KOBİ POS Çözümleri,POS Kılavuzu,https://www.qnb.com.tr/isim-icin/kobi/kobi-pos-cozumleri/pos-kilavuzu,https://www.qnb.com.tr/isim-icin/kobi/kobi-pos-cozumleri/pos-kilavuzu,pos kılavuzu,66fa707030a7079735fab0fad0896a6e7caf434eede1bf9b224eb4c1fa44ede1,,,,,,Belirsiz,,Tarih yok; varsayılan kapıdan geçmedi.,False,,,Yok,missing,False,2026-05-01,Tarih yok; varsayılan kapıdan geçmedi,Kampanya,True,Kampanya veya müşteri teklifi sinyali içeriyor.,Poor,False,title_too_short,,2026-06-16T12:42:23.289955+00:00
RIAUD-ec9746c06084,RUN-20260616124223,QNB Finansbank,REG-063,QNB KOBİ POS Çözümleri,Dijital Slip,https://www.qnb.com.tr/isim-icin/kobi/kobi-pos-cozumleri/dijital-slip,https://www.qnb.com.tr/isim-icin/kobi/kobi-pos-cozumleri/dijital-slip,dijital slip,ddc25f7d8e3f0cb159a7c4c5344f7f67608afdca151db92c536864e0e4e16758,,,,,,Belirsiz,,Tarih yok; varsayılan kapıdan geçmedi.,False,,,Yok,missing,False,2026-05-01,Tarih yok; varsayılan kapıdan geçmedi,Kampanya,True,Kampanya veya müşteri teklifi sinyali içeriyor.,Poor,False,title_too_short,,2026-06-16T12:42:23.290167+00:00
RIAUD-b72f88cd1987,RUN-20260616124223,QNB Finansbank,REG-062,QNB Card KOBİ Ticari Kredi Kartı Kampanyaları,Dijital Kanallarımız Üzerinden İlk Kez Ticari Kredi Kartı Alan Müşterilerimize Her Yerde 3 Taksit Fırsatı!,https://www.qnbcard.com.tr/kartlar/ticari-kartlar/qnb-kobi-ticari-kredi-karti/qnb-kobi-ticari-kredi-karti-kampanyalari/dijital-kanallarimiz-uzerinden-ilk-kez-ticari-kredi-karti-alan-musterilerimize-her-yerde-3-taksit-firsati,https://www.qnbcard.com.tr/kartlar/ticari-kartlar/qnb-kobi-ticari-kredi-karti/qnb-kobi-ticari-kredi-karti-kampanyalari/dijital-kanallarimiz-uzerinden-ilk-kez-ticari-kredi-karti-alan-musterilerimize-her-yerde-3-taksit-firsati,dijital kanallarımız üzerinden i̇lk kez ticari kredi kartı alan müşterilerimize her yerde 3 taksit fırsatı!,d37d9f9a691d8df8ea9ebdfdb6234091cf644e0e6d90674793d82c6a80c71bba,,,,,,Belirsiz,,Tarih yok; varsayılan kapıdan geçmedi.,False,,,Yok,missing,False,2026-05-01,Tarih yok; varsayılan kapıdan geçmedi,Kampanya,True,Kampanya veya müşteri teklifi sinyali içeriyor.,Medium,False,Tarih yok; varsayılan kapıdan geçmedi,,2026-06-16T12:42:23.296052+00:00
RIAUD-ea8e78c2ae38,RUN-20260616124223,QNB Finansbank,REG-062,QNB Card KOBİ Ticari Kredi Kartı Kampanyaları,Dijital Kanallarımız Üzerinden İlk Kez Ticari Kredi Kartı Alan Müşterilerimiz İlk Yıl Ticari Kart Yıllık Üyelik Ücreti Ödemiyor!,https://www.qnbcard.com.tr/kartlar/ticari-kartlar/qnb-kobi-ticari-kredi-karti/qnb-kobi-ticari-kredi-karti-kampanyalari/dijital-kanallarimiz-uzerinden-ilk-kez-ticari-kredi-karti-alan-musterilerimiz-ilk-yil-ticari-kart-yillik-uyelik-ucreti-odemiyor,https://www.qnbcard.com.tr/kartlar/ticari-kartlar/qnb-kobi-ticari-kredi-karti/qnb-kobi-ticari-kredi-karti-kampanyalari/dijital-kanallarimiz-uzerinden-ilk-kez-ticari-kredi-karti-alan-musterilerimiz-ilk-yil-ticari-kart-yillik-uyelik-ucreti-odemiyor,dijital kanallarımız üzerinden i̇lk kez ticari kredi kartı alan müşterilerimiz i̇lk yıl ticari kart yıllık üyelik ücreti ödemiyor!,d5988481af2a4e04de10eeff6965442193b85fd84b70b7d1b916fb89048e1352,,,,,,Belirsiz,,Tarih yok; varsayılan kapıdan geçmedi.,False,,,Yok,missing,False,2026-05-01,Tarih yok; varsayılan kapıdan geçmedi,Kampanya,True,Kampanya veya müşteri teklifi sinyali içeriyor.,Medium,False,Tarih yok; varsayılan kapıdan geçmedi,,2026-06-16T12:42:23.296424+00:00
RIAUD-ae0756854dd9,RUN-20260616124223,QNB Finansbank,REG-062,QNB Card KOBİ Ticari Kredi Kartı Kampanyaları,Mastercard X Galataport Otopark 1TL Kampanyası,https://www.qnbcard.com.tr/kartlar/ticari-kartlar/qnb-kobi-ticari-kredi-karti/qnb-kobi-ticari-kredi-karti-kampanyalari/mastercard-x-galataport-otopark-1tl-kampanyasi,https://www.qnbcard.com.tr/kartlar/ticari-kartlar/qnb-kobi-ticari-kredi-karti/qnb-kobi-ticari-kredi-karti-kampanyalari/mastercard-x-galataport-otopark-1tl-kampanyasi,mastercard x galataport otopark 1tl kampanyası,faf1d3e4e25fd111facd243f75187a52f63aeb4bc7f19945368ece3ed59c3ffa,,,,,,Belirsiz,,Tarih yok; varsayılan kapıdan geçmedi.,False,,,Yok,missing,False,2026-05-01,Tarih yok; varsayılan kapıdan geçmedi,Kampanya,True,Kampanya veya müşteri teklifi sinyali içeriyor.,Medium,False,Tarih yok; varsayılan kapıdan geçmedi,,2026-06-16T12:42:23.296685+00:00
RIAUD-e24dc3fd8a93,RUN-20260616124223,QNB Finansbank,REG-062,QNB Card KOBİ Ticari Kredi Kartı Kampanyaları,Workinton Sanal Ofis Pratik Paket’te %50 İndirim Fırsatı!,https://www.qnbcard.com.tr/kartlar/ticari-kartlar/qnb-kobi-ticari-kredi-karti/qnb-kobi-ticari-kredi-karti-kampanyalari/workinton-sanal-ofis-pratik-pakette-50-indirim-firsati,https://www.qnbcard.com.tr/kartlar/ticari-kartlar/qnb-kobi-ticari-kredi-karti/qnb-kobi-ticari-kredi-karti-kampanyalari/workinton-sanal-ofis-pratik-pakette-50-indirim-firsati,workinton sanal ofis pratik paket’te %50 i̇ndirim fırsatı!,f8fcc0b1aca77b5b0f84780c9a9a5a93e3cb2d71026b831f5e2606b168c1ffdd,,,,,,Belirsiz,,Tarih yok; varsayılan kapıdan geçmedi.,False,,,Yok,missing,False,2026-05-01,Tarih yok; varsayılan kapıdan geçmedi,Kampanya,True,Kampanya veya müşteri teklifi sinyali içeriyor.,Medium,False,Tarih yok; varsayılan kapıdan geçmedi,,2026-06-16T12:42:23.296946+00:00
RIAUD-ac2e183b9eca,RUN-20260616124223,QNB Finansbank,REG-062,QNB Card KOBİ Ticari Kredi Kartı Kampanyaları,Silver Logolu Mastercard Sahiplerine Özel Sabiha Gökçen İç Hatlar Terminali'nde Geçerli Ücretsiz Hızlı Geçiş!,https://www.qnbcard.com.tr/kartlar/ticari-kartlar/qnb-kobi-ticari-kredi-karti/qnb-kobi-ticari-kredi-karti-kampanyalari/silver-logolu-mastercard-sahiplerine-ozel-sabiha-gokcen-ic-hatlar-terminalinde-gecerli-ucretsiz-hizli-gecis,https://www.qnbcard.com.tr/kartlar/ticari-kartlar/qnb-kobi-ticari-kredi-karti/qnb-kobi-ticari-kredi-karti-kampanyalari/silver-logolu-mastercard-sahiplerine-ozel-sabiha-gokcen-ic-hatlar-terminalinde-gecerli-ucretsiz-hizli-gecis,silver logolu mastercard sahiplerine özel sabiha gökçen i̇ç hatlar terminali'nde geçerli ücretsiz hızlı geçiş!,270a79108ae8e450d53c45d059471af5014a70ff51ff6d33e0b014eb99fcefa9,,,,,,Belirsiz,,Tarih yok; varsayılan kapıdan geçmedi.,False,,,Yok,missing,False,2026-05-01,Tarih yok; varsayılan kapıdan geçmedi,Kampanya,True,Kampanya veya müşteri teklifi sinyali içeriyor.,Medium,False,Tarih yok; varsayılan kapıdan geçmedi,,2026-06-16T12:42:23.297255+00:00
RIAUD-d9852ebf1a3f,RUN-20260616124223,QNB Finansbank,REG-062,QNB Card KOBİ Ticari Kredi Kartı Kampanyaları,Folio AI üyeliklerinde %25 indirim!,https://www.qnbcard.com.tr/kartlar/ticari-kartlar/qnb-kobi-ticari-kredi-karti/qnb-kobi-ticari-kredi-karti-kampanyalari/folio-ai-uyeliklerinde-25-indirim,https://www.qnbcard.com.tr/kartlar/ticari-kartlar/qnb-kobi-ticari-kredi-karti/qnb-kobi-ticari-kredi-karti-kampanyalari/folio-ai-uyeliklerinde-25-indirim,folio ai üyeliklerinde %25 indirim!,83bd5db727d875536f737ce17b1313236979dcd8889db2d221df92852f56ada3,,,,,,Belirsiz,,Tarih yok; varsayılan kapıdan geçmedi.,False,,,Yok,missing,False,2026-05-01,Tarih yok; varsayılan kapıdan geçmedi,Kampanya,True,Kampanya veya müşteri teklifi sinyali içeriyor.,Medium,False,Tarih yok; varsayılan kapıdan geçmedi,,2026-06-16T12:42:23.297543+00:00
RIAUD-463d45012373,RUN-20260616124223,QNB Finansbank,REG-062,QNB Card KOBİ Ticari Kredi Kartı Kampanyaları,Silver Logolu Mastercard Sahiplerine Özel Sabiha Gökçen Dış Hatlar Terminali'nde Geçerli Ücretsiz Hızlı Geçiş!,https://www.qnbcard.com.tr/kartlar/ticari-kartlar/qnb-kobi-ticari-kredi-karti/qnb-kobi-ticari-kredi-karti-kampanyalari/silver-logolu-mastercard-sahiplerine-ozel-sabiha-gokcen-dis-hatlar-terminalinde-gecerli-ucretsiz-hizli-gecis,https://www.qnbcard.com.tr/kartlar/ticari-kartlar/qnb-kobi-ticari-kredi-karti/qnb-kobi-ticari-kredi-karti-kampanyalari/silver-logolu-mastercard-sahiplerine-ozel-sabiha-gokcen-dis-hatlar-terminalinde-gecerli-ucretsiz-hizli-gecis,silver logolu mastercard sahiplerine özel sabiha gökçen dış hatlar terminali'nde geçerli ücretsiz hızlı geçiş!,d8dd9a2c7c28412d12f4292688a210b74cb3f6250a6c0ec6a43395d15209ffab,,,,,,Belirsiz,,Tarih yok; varsayılan kapıdan geçmedi.,False,,,Yok,missing,False,2026-05-01,Tarih yok; varsayılan kapıdan geçmedi,Kampanya,True,Kampanya veya müşteri teklifi sinyali içeriyor.,Medium,False,Tarih yok; varsayılan kapıdan geçmedi,,2026-06-16T12:42:23.297856+00:00
RIAUD-579c112d6300,RUN-20260616124223,QNB Finansbank,REG-061,QNB Finansbank Kampanyalar,Dijital Köprü’den Ömür Boyu Ücretsiz eFatura Desteği!,https://www.qnb.com.tr/kampanyalar/kobi-kampanyalari/dijital-kopruden-omur-boyu-ucretsiz-efatura-destegi-16586,https://www.qnb.com.tr/kampanyalar/kobi-kampanyalari/dijital-kopruden-omur-boyu-ucretsiz-efatura-destegi-16586,dijital köprü’den ömür boyu ücretsiz efatura desteği!,cf39bae8a8fa283efd302e551d761858d8ff3637cc0d9939bfddd847971acc73,20.12.2023,,,2023-12-20,,Kampanya Başlangıç Tarihi,2023-12-20,Kampanya başlangıç tarihi bulundu; recency için kullanıldı.,False,,2023-12-20,Orta,campaign_start_date,False,2026-05-01,Kesim tarihinden eski: 2023-12-20 < 2026-05-01,Kampanya,True,Kampanya veya müşteri teklifi sinyali içeriyor.,Medium,False,Kesim tarihinden eski: 2023-12-20 < 2026-05-01,,2026-06-16T12:42:23.442529+00:00
RIAUD-1ef051cc6846,RUN-20260616124236,QNB Finansbank,REG-068,QNB KOBİ Ticari Kredi Kartları,İşletmeler İçin Bankacılık Çözümleri | QNB,https://www.qnb.com.tr/isim-icin,https://www.qnb.com.tr/isim-icin,i̇şletmeler i̇çin bankacılık çözümleri | qnb,21ff048b95a6eb200cb4a668848f258c6a0d163a5a1bc64220e2e51f89fcf3fb,,,,,,Belirsiz,,Tarih yok; varsayılan kapıdan geçmedi.,False,,,Yok,missing,False,2026-05-01,Tarih yok; varsayılan kapıdan geçmedi,Kampanya,True,Kampanya veya müşteri teklifi sinyali içeriyor.,Poor,False,detail_text_too_short,,2026-06-16T12:42:38.061686+00:00
RIAUD-22adbcdee3cf,RUN-20260616124236,QNB Finansbank,REG-068,QNB KOBİ Ticari Kredi Kartları,KOBİ | QNB,https://www.qnb.com.tr/isim-icin/kobi,https://www.qnb.com.tr/isim-icin/kobi,kobi̇ | qnb,7dcff5dc90b37717762781121829214a3ecf820fcec3d688c4d33f87e2feb85f,,,,,,Belirsiz,,Tarih yok; varsayılan kapıdan geçmedi.,False,,,Yok,missing,False,2026-05-01,Tarih yok; varsayılan kapıdan geçmedi,Kampanya,True,Kampanya veya müşteri teklifi sinyali içeriyor.,Poor,False,title_too_short,,2026-06-16T12:42:38.868481+00:00
RIAUD-cbcaa0009cbd,RUN-20260616124236,QNB Finansbank,REG-068,QNB KOBİ Ticari Kredi Kartları,Kartlar | QNB,https://www.qnb.com.tr/isim-icin/kobi/kobi-ticari-kartlar,https://www.qnb.com.tr/isim-icin/kobi/kobi-ticari-kartlar,kartlar | qnb,bf26f622a76c3665fe64b9120d0276630fd52c4654ec9668fbd255b5d6fad2f1,,,,,,Belirsiz,,Tarih yok; varsayılan kapıdan geçmedi.,False,,,Yok,missing,False,2026-05-01,Tarih yok; varsayılan kapıdan geçmedi,Kampanya,True,Kampanya veya müşteri teklifi sinyali içeriyor.,Poor,False,title_too_short,,2026-06-16T12:42:39.659195+00:00
RIAUD-7df95f8ac8fc,RUN-20260616124236,QNB Finansbank,REG-068,QNB KOBİ Ticari Kredi Kartları,QNB KOBİ Kredi Kartı | QNB,https://www.qnb.com.tr/qnb-kobi-kredi-karti,https://www.qnb.com.tr/qnb-kobi-kredi-karti,qnb kobi̇ kredi kartı | qnb,eb7df6d03fe4b9ddcb4e407e97f6de6bd578099467f5be0befd9ade03f26e497,,,,,,Belirsiz,,Tarih yok; varsayılan kapıdan geçmedi.,False,,,Yok,missing,False,2026-05-01,Tarih yok; varsayılan kapıdan geçmedi,Kampanya,True,Kampanya veya müşteri teklifi sinyali içeriyor.,Poor,False,detail_text_too_short,,2026-06-16T12:42:39.961643+00:00
RIAUD-f5021bde1521,RUN-20260616124236,QNB Finansbank,REG-067,QNB KOBİ Rahat,Kobiler İçin Diğer Hizmetler ve Ürünler | QNB,https://www.qnb.com.tr/kobi-diger-hizmetler-ve-urunler,https://www.qnb.com.tr/kobi-diger-hizmetler-ve-urunler,kobiler i̇çin diğer hizmetler ve ürünler | qnb,81a47e6869026212a9af96cee27980725f98573b645ad16972ef5ab2de2a1910,,,,,,Belirsiz,,Tarih yok; varsayılan kapıdan geçmedi.,False,,,Yok,missing,False,2026-05-01,Tarih yok; varsayılan kapıdan geçmedi,Kampanya,True,Kampanya veya müşteri teklifi sinyali içeriyor.,Poor,False,detail_text_too_short,,2026-06-16T12:42:40.358126+00:00
RIAUD-15a2aa83ebb4,RUN-20260616124236,QNB Finansbank,REG-067,QNB KOBİ Rahat,Kobiler İçin Mevduat Hesabı - Yatırım Ürünleri | QNB,https://www.qnb.com.tr/isim-icin/kobi/mevduat-ve-yatirim-urunleri,https://www.qnb.com.tr/isim-icin/kobi/mevduat-ve-yatirim-urunleri,kobiler i̇çin mevduat hesabı - yatırım ürünleri | qnb,683a49f511503622f61e76ebf9a7ba6c5e55f5657e9d13696996d3d451bc4785,,,,,,Belirsiz,,Tarih yok; varsayılan kapıdan geçmedi.,False,,,Yok,missing,False,2026-05-01,Tarih yok; varsayılan kapıdan geçmedi,Kampanya,True,Kampanya veya müşteri teklifi sinyali içeriyor.,Poor,False,detail_text_too_short,,2026-06-16T12:42:40.571268+00:00
RIAUD-56b3fd31bb2c,RUN-20260616124236,QNB Finansbank,REG-067,QNB KOBİ Rahat,KOBİ Nakit Yönetim ve Tahsilat Ürünleri | QNB,https://www.qnb.com.tr/kobi-nakit-yonetimi-ve-tahsilat-urunleri,https://www.qnb.com.tr/kobi-nakit-yonetimi-ve-tahsilat-urunleri,kobi̇ nakit yönetim ve tahsilat ürünleri | qnb,7d520fda74d321cfdabf71424638a7832837f33bd332310baf5a0ab26bbfe0fa,,,,,,Belirsiz,,Tarih yok; varsayılan kapıdan geçmedi.,False,,,Yok,missing,False,2026-05-01,Tarih yok; varsayılan kapıdan geçmedi,Kampanya,True,Kampanya veya müşteri teklifi sinyali içeriyor.,Poor,False,detail_text_too_short,,2026-06-16T12:42:40.743032+00:00
RIAUD-e3ce2964b0fe,RUN-20260616124236,QNB Finansbank,REG-067,QNB KOBİ Rahat,KOBİ - Ömür Boyu Havale Ücreti Yok | QNB,https://www.qnb.com.tr/isim-icin/kobi/diger-hizmetler-ve-urunler/qnbde-omur-boyu-havale-ucreti-yok,https://www.qnb.com.tr/isim-icin/kobi/diger-hizmetler-ve-urunler/qnbde-omur-boyu-havale-ucreti-yok,kobi̇ - ömür boyu havale ücreti yok | qnb,343bc2a78d7de0ea1bf16211d1450e63671ba0795ff79bfb253730894b36eecc,,,,,,Belirsiz,,Tarih yok; varsayılan kapıdan geçmedi.,False,,,Yok,missing,False,2026-05-01,Tarih yok; varsayılan kapıdan geçmedi,Kampanya,True,Kampanya veya müşteri teklifi sinyali içeriyor.,Poor,False,detail_text_too_short,,2026-06-16T12:42:40.899616+00:00
RIAUD-f903c3e6db56,RUN-20260616124236,QNB Finansbank,REG-067,QNB KOBİ Rahat,Karekodla yapacağınız para transferleriniz anında hesabınızda! | QNB,https://www.qnb.com.tr/isim-icin/kobi/diger-hizmetler-ve-urunler/karekodla-yapacaginiz-para-transferleriniz-aninda-hesabinizda,https://www.qnb.com.tr/isim-icin/kobi/diger-hizmetler-ve-urunler/karekodla-yapacaginiz-para-transferleriniz-aninda-hesabinizda,karekodla yapacağınız para transferleriniz anında hesabınızda! | qnb,038cec81a8f33ffda26e4620be4a511a1c96b9269abfe696cee65844ffc0b379,,,,,,Belirsiz,,Tarih yok; varsayılan kapıdan geçmedi.,False,,,Yok,missing,False,2026-05-01,Tarih yok; varsayılan kapıdan geçmedi,Kampanya,True,Kampanya veya müşteri teklifi sinyali içeriyor.,Poor,False,detail_text_too_short,,2026-06-16T12:42:41.065004+00:00
RIAUD-3ce1b6c1d125,RUN-20260616124236,QNB Finansbank,REG-067,QNB KOBİ Rahat,QNB'den Mali Müşavir Avantaj Seti | QNB,https://www.qnb.com.tr/isim-icin/kobi/diger-hizmetler-ve-urunler/qnbden-mali-musavir-avantaj-seti,https://www.qnb.com.tr/isim-icin/kobi/diger-hizmetler-ve-urunler/qnbden-mali-musavir-avantaj-seti,qnb'den mali müşavir avantaj seti | qnb,48eb7aebedba561f35b8afca7f3bd7f80ec133945da4fa570c44efd47c134c9a,,,,,,Belirsiz,,Tarih yok; varsayılan kapıdan geçmedi.,False,,,Yok,missing,False,2026-05-01,Tarih yok; varsayılan kapıdan geçmedi,Kampanya,True,Kampanya veya müşteri teklifi sinyali içeriyor.,Poor,False,detail_text_too_short,,2026-06-16T12:42:41.249557+00:00
RIAUD-901fb215cb62,RUN-20260616124236,QNB Finansbank,REG-067,QNB KOBİ Rahat,Kentsel Dönüşüm / Yap - Sat | QNB,https://www.qnb.com.tr/kobi-kentsel-donusum-yap-sat,https://www.qnb.com.tr/kobi-kentsel-donusum-yap-sat,kentsel dönüşüm / yap - sat | qnb,2d61dd99c1c3e07b476637f45cdc8e87e691f4f822a99cb4d6f2cacb6aef8013,,,,,,Belirsiz,,Tarih yok; varsayılan kapıdan geçmedi.,False,,,Yok,missing,False,2026-05-01,Tarih yok; varsayılan kapıdan geçmedi,Kampanya,True,Kampanya veya müşteri teklifi sinyali içeriyor.,Poor,False,detail_text_too_short,,2026-06-16T12:42:41.409037+00:00
RIAUD-3a6419949684,RUN-20260616124236,QNB Finansbank,REG-067,QNB KOBİ Rahat,Müşteri Bilgilendirme Hizmeti | QNB,https://www.qnb.com.tr/kobi-musteri-bilgilendirme-hizmeti,https://www.qnb.com.tr/kobi-musteri-bilgilendirme-hizmeti,müşteri bilgilendirme hizmeti | qnb,62c2703fc122926ed8b41091c781d789263797097925a936c599706080abaabb,,,,,,Belirsiz,,Tarih yok; varsayılan kapıdan geçmedi.,False,,,Yok,missing,False,2026-05-01,Tarih yok; varsayılan kapıdan geçmedi,Kampanya,True,Kampanya veya müşteri teklifi sinyali içeriyor.,Poor,False,detail_text_too_short,,2026-06-16T12:42:41.590135+00:00
RIAUD-440878563ece,RUN-20260616124236,QNB Finansbank,REG-067,QNB KOBİ Rahat,Findeks Ticari Paketleri | QNB,https://www.qnb.com.tr/isim-icin/kobi/findeks-ticari-paketleri,https://www.qnb.com.tr/isim-icin/kobi/findeks-ticari-paketleri,findeks ticari paketleri | qnb,002376c5b39a7bf9f307db09bda2ebff44b0fc43b74995a9dd28ce100611ce9d,,,,,,Belirsiz,,Tarih yok; varsayılan kapıdan geçmedi.,False,,,Yok,missing,False,2026-05-01,Tarih yok; varsayılan kapıdan geçmedi,Kampanya,True,Kampanya veya müşteri teklifi sinyali içeriyor.,Poor,False,detail_text_too_short,,2026-06-16T12:42:41.744839+00:00
RIAUD-42bcabda23ae,RUN-20260616124236,QNB Finansbank,REG-067,QNB KOBİ Rahat,İşletmeler İçin Bankacılık Çözümleri | QNB,https://www.qnb.com.tr/isim-icin,https://www.qnb.com.tr/isim-icin,i̇şletmeler i̇çin bankacılık çözümleri | qnb,21ff048b95a6eb200cb4a668848f258c6a0d163a5a1bc64220e2e51f89fcf3fb,,,,,,Belirsiz,,Tarih yok; varsayılan kapıdan geçmedi.,False,,,Yok,missing,False,2026-05-01,Tarih yok; varsayılan kapıdan geçmedi,Kampanya,True,Kampanya veya müşteri teklifi sinyali içeriyor.,Poor,False,detail_text_too_short,,2026-06-16T12:42:41.911954+00:00
RIAUD-1ff41b15e904,RUN-20260616124236,QNB Finansbank,REG-067,QNB KOBİ Rahat,KOBİ | QNB,https://www.qnb.com.tr/isim-icin/kobi,https://www.qnb.com.tr/isim-icin/kobi,kobi̇ | qnb,7dcff5dc90b37717762781121829214a3ecf820fcec3d688c4d33f87e2feb85f,,,,,,Belirsiz,,Tarih yok; varsayılan kapıdan geçmedi.,False,,,Yok,missing,False,2026-05-01,Tarih yok; varsayılan kapıdan geçmedi,Kampanya,True,Kampanya veya müşteri teklifi sinyali içeriyor.,Poor,False,title_too_short,,2026-06-16T12:42:42.189630+00:00
RIAUD-e080f61bec10,RUN-20260616124236,QNB Finansbank,REG-067,QNB KOBİ Rahat,Kobi Kredisi & Kobi Kredisi Hesaplama | QNB,https://www.qnb.com.tr/kobi-kredileri,https://www.qnb.com.tr/kobi-kredileri,kobi kredisi & kobi kredisi hesaplama | qnb,f5e043c2cb9f1a423ababc128bf3b0f44f01f338d8ba3629110300f8f30172e5,,,,,,Belirsiz,,Tarih yok; varsayılan kapıdan geçmedi.,False,,,Yok,missing,False,2026-05-01,Tarih yok; varsayılan kapıdan geçmedi,Statik Ürün Sayfası,False,"Statik ürün, yardım, giriş veya navigasyon içeriği gibi görünüyor.",Poor,False,detail_text_too_short,,2026-06-16T12:42:42.453413+00:00
RIAUD-88a542dbb531,RUN-20260616124236,QNB Finansbank,REG-067,QNB KOBİ Rahat,Esnaf Kredisi & Esnaf Kredisi Hesaplama | QNB,https://www.qnb.com.tr/isim-icin/kobi/krediler/esnaf-kredileri,https://www.qnb.com.tr/isim-icin/kobi/krediler/esnaf-kredileri,esnaf kredisi & esnaf kredisi hesaplama | qnb,eb2aa3421102013984b51cb7f8e75f9e99bd987062ae559b8b6d5f4861a02040,,,,,,Belirsiz,,Tarih yok; varsayılan kapıdan geçmedi.,False,,,Yok,missing,False,2026-05-01,Tarih yok; varsayılan kapıdan geçmedi,Statik Ürün Sayfası,False,"Statik ürün, yardım, giriş veya navigasyon içeriği gibi görünüyor.",Poor,False,detail_text_too_short,,2026-06-16T12:42:42.631296+00:00
RIAUD-1aa28a53306f,RUN-20260616124236,QNB Finansbank,REG-067,QNB KOBİ Rahat,Kobi POS Çözümleri | QNB,https://www.qnb.com.tr/isim-icin/kobi/kobi-pos-cozumleri,https://www.qnb.com.tr/isim-icin/kobi/kobi-pos-cozumleri,kobi pos çözümleri | qnb,b2a52c411997ebfeabd7eca73445bd87184f24bda86fe279ad8887cb77a99f00,,,,,,Belirsiz,,Tarih yok; varsayılan kapıdan geçmedi.,False,,,Yok,missing,False,2026-05-01,Tarih yok; varsayılan kapıdan geçmedi,Kampanya,True,Kampanya veya müşteri teklifi sinyali içeriyor.,Poor,False,detail_text_too_short,,2026-06-16T12:42:42.934963+00:00
RIAUD-8947f226a913,RUN-20260616124236,QNB Finansbank,REG-067,QNB KOBİ Rahat,Kartlar | QNB,https://www.qnb.com.tr/isim-icin/kobi/kobi-ticari-kartlar,https://www.qnb.com.tr/isim-icin/kobi/kobi-ticari-kartlar,kartlar | qnb,bf26f622a76c3665fe64b9120d0276630fd52c4654ec9668fbd255b5d6fad2f1,,,,,,Belirsiz,,Tarih yok; varsayılan kapıdan geçmedi.,False,,,Yok,missing,False,2026-05-01,Tarih yok; varsayılan kapıdan geçmedi,Kampanya,True,Kampanya veya müşteri teklifi sinyali içeriyor.,Poor,False,title_too_short,,2026-06-16T12:42:43.112520+00:00
RIAUD-454f642c768b,RUN-20260616124236,QNB Finansbank,REG-067,QNB KOBİ Rahat,Kazananlar Kulübü | QNB,https://www.qnb.com.tr/isim-icin/kobi/kazananlar-kulubu,https://www.qnb.com.tr/isim-icin/kobi/kazananlar-kulubu,kazananlar kulübü | qnb,c290176bdbc30d4ad394c28ee403568fde00bc92a04eb9b41988b0804c323ddd,,,,,,Belirsiz,,Tarih yok; varsayılan kapıdan geçmedi.,False,,,Yok,missing,False,2026-05-01,Tarih yok; varsayılan kapıdan geçmedi,Kampanya,True,Kampanya veya müşteri teklifi sinyali içeriyor.,Poor,False,detail_text_too_short,,2026-06-16T12:42:44.228851+00:00
RIAUD-77a836ef1b3d,RUN-20260616124236,QNB Finansbank,REG-067,QNB KOBİ Rahat,QNB KOBİ Sigortaları,https://www.qnb.com.tr/kobi-sigortalar,https://www.qnb.com.tr/kobi-sigortalar,qnb kobi̇ sigortaları,d24304b541002879e37fb24183982e801ef21087614a1f146787b2a2330208aa,,,,,,Belirsiz,,Tarih yok; varsayılan kapıdan geçmedi.,False,,,Yok,missing,False,2026-05-01,Tarih yok; varsayılan kapıdan geçmedi,Kampanya,True,Kampanya veya müşteri teklifi sinyali içeriyor.,Poor,False,detail_text_too_short,,2026-06-16T12:42:44.741944+00:00
RIAUD-351610f1bd5f,RUN-20260616124236,QNB Finansbank,REG-067,QNB KOBİ Rahat,KOBİ'ler için Leasıng ve Factoring Çözümleri | QNB,https://www.qnb.com.tr/kobi-leasing-and-faktoring,https://www.qnb.com.tr/kobi-leasing-and-faktoring,kobi̇'ler için leasıng ve factoring çözümleri | qnb,eb7afe403e7050fb09a0e2a9e677d8cb78776a6e3e21bf8a36b6743520a7ef97,,,,,,Belirsiz,,Tarih yok; varsayılan kapıdan geçmedi.,False,,,Yok,missing,False,2026-05-01,Tarih yok; varsayılan kapıdan geçmedi,Kampanya,True,Kampanya veya müşteri teklifi sinyali içeriyor.,Poor,False,detail_text_too_short,,2026-06-16T12:42:44.893262+00:00
RIAUD-248abd3a8923,RUN-20260616124236,QNB Finansbank,REG-066,QNB KOBİ Kredileri,İhtiyaca Özel KOBİ Kredileri | QNB,https://www.qnb.com.tr/kobi-ihtiyac-kredileri,https://www.qnb.com.tr/kobi-ihtiyac-kredileri,i̇htiyaca özel kobi̇ kredileri | qnb,213e20a04ff139f67e811c7e71c0ba0aad897ba355046a75d98aebe794ad6b87,,,,,,Belirsiz,,Tarih yok; varsayılan kapıdan geçmedi.,False,,,Yok,missing,False,2026-05-01,Tarih yok; varsayılan kapıdan geçmedi,Kampanya,True,Kampanya veya müşteri teklifi sinyali içeriyor.,Poor,False,detail_text_too_short,,2026-06-16T12:42:45.216735+00:00
RIAUD-824c61f1acfc,RUN-20260616124236,QNB Finansbank,REG-066,QNB KOBİ Kredileri,KOBİlere Özel Yeşil Dönüşüm Kredisi | QNB,https://www.qnb.com.tr/isim-icin/kobi/krediler/yesili-arttikca-faizi-dusen-kredi,https://www.qnb.com.tr/isim-icin/kobi/krediler/yesili-arttikca-faizi-dusen-kredi,kobi̇lere özel yeşil dönüşüm kredisi | qnb,d7653cbd25787b24f1853995549cf3ed41c2f9244d56cca6ccbd7144a26aac02,,,,,,Belirsiz,,Tarih yok; varsayılan kapıdan geçmedi.,False,,,Yok,missing,False,2026-05-01,Tarih yok; varsayılan kapıdan geçmedi,Kampanya,True,Kampanya veya müşteri teklifi sinyali içeriyor.,Poor,False,detail_text_too_short,,2026-06-16T12:42:45.521038+00:00
RIAUD-0b68f00dc91a,RUN-20260616124236,QNB Finansbank,REG-066,QNB KOBİ Kredileri,İşletmeler İçin Bankacılık Çözümleri | QNB,https://www.qnb.com.tr/isim-icin,https://www.qnb.com.tr/isim-icin,i̇şletmeler i̇çin bankacılık çözümleri | qnb,21ff048b95a6eb200cb4a668848f258c6a0d163a5a1bc64220e2e51f89fcf3fb,,,,,,Belirsiz,,Tarih yok; varsayılan kapıdan geçmedi.,False,,,Yok,missing,False,2026-05-01,Tarih yok; varsayılan kapıdan geçmedi,Kampanya,True,Kampanya veya müşteri teklifi sinyali içeriyor.,Poor,False,detail_text_too_short,,2026-06-16T12:42:45.847703+00:00
RIAUD-3718f0c9dcae,RUN-20260616124236,QNB Finansbank,REG-066,QNB KOBİ Kredileri,KOBİ | QNB,https://www.qnb.com.tr/isim-icin/kobi,https://www.qnb.com.tr/isim-icin/kobi,kobi̇ | qnb,7dcff5dc90b37717762781121829214a3ecf820fcec3d688c4d33f87e2feb85f,,,,,,Belirsiz,,Tarih yok; varsayılan kapıdan geçmedi.,False,,,Yok,missing,False,2026-05-01,Tarih yok; varsayılan kapıdan geçmedi,Kampanya,True,Kampanya veya müşteri teklifi sinyali içeriyor.,Poor,False,title_too_short,,2026-06-16T12:42:46.303418+00:00
RIAUD-fe686fd1a12d,RUN-20260616124236,QNB Finansbank,REG-066,QNB KOBİ Kredileri,KOBİ'lere İnternetten Kredi | QNB,https://www.qnb.com.tr/kobilere-mobil-ve-internetten-kredi,https://www.qnb.com.tr/kobilere-mobil-ve-internetten-kredi,kobi̇'lere i̇nternetten kredi | qnb,5dd11760dc3744ad9a679dae5a1835b2128e52407beb40f4ac53f03768682c03,,,,,,Belirsiz,,Tarih yok; varsayılan kapıdan geçmedi.,False,,,Yok,missing,False,2026-05-01,Tarih yok; varsayılan kapıdan geçmedi,Kampanya,True,Kampanya veya müşteri teklifi sinyali içeriyor.,Poor,False,detail_text_too_short,,2026-06-16T12:42:46.493853+00:00
RIAUD-a5a440a08a54,RUN-20260616124236,QNB Finansbank,REG-066,QNB KOBİ Kredileri,İpotekli Taksitli Kredi - Teminatlı - 72 Ay Vadeli | QNB,https://www.qnb.com.tr/ipotek-teminatli-taksitli-kobi-ticari-kredi,https://www.qnb.com.tr/ipotek-teminatli-taksitli-kobi-ticari-kredi,i̇potekli taksitli kredi - teminatlı - 72 ay vadeli | qnb,eb204150f6a808c77a9ae82c699d427bc1abfed0ea71f420ff4a4c14d7fc7187,,,,,,Belirsiz,,Tarih yok; varsayılan kapıdan geçmedi.,False,,,Yok,missing,False,2026-05-01,Tarih yok; varsayılan kapıdan geçmedi,Kampanya,True,Kampanya veya müşteri teklifi sinyali içeriyor.,Poor,False,detail_text_too_short,,2026-06-16T12:42:46.640993+00:00
RIAUD-d63da97b406d,RUN-20260616124236,QNB Finansbank,REG-066,QNB KOBİ Kredileri,Diğer Krediler | QNB,https://www.qnb.com.tr/isim-icin/kobi/krediler/kobi-destek-kredileri/diger-krediler,https://www.qnb.com.tr/isim-icin/kobi/krediler/kobi-destek-kredileri/diger-krediler,diğer krediler | qnb,8e3bcf792ce395ac7d67941d700417a0033cf95ec23f6e6305ee3fbbc639d106,,,,,,Belirsiz,,Tarih yok; varsayılan kapıdan geçmedi.,False,,,Yok,missing,False,2026-05-01,Tarih yok; varsayılan kapıdan geçmedi,Kampanya,True,Kampanya veya müşteri teklifi sinyali içeriyor.,Poor,False,detail_text_too_short,,2026-06-16T12:42:46.770823+00:00
RIAUD-2dafa4476c25,RUN-20260616124236,QNB Finansbank,REG-066,QNB KOBİ Kredileri,Nakdi KOBİ Destek Kredileri | QNB,https://www.qnb.com.tr/kobi-nakdi-krediler,https://www.qnb.com.tr/kobi-nakdi-krediler,nakdi kobi̇ destek kredileri | qnb,38fe1c0acc0c58aefef9ce7f55ccaf1fcb1ff6b254a00cdaa859c363ff2611ef,,,,,,Belirsiz,,Tarih yok; varsayılan kapıdan geçmedi.,False,,,Yok,missing,False,2026-05-01,Tarih yok; varsayılan kapıdan geçmedi,Kampanya,True,Kampanya veya müşteri teklifi sinyali içeriyor.,Poor,False,detail_text_too_short,,2026-06-16T12:42:46.957067+00:00
RIAUD-3aa9bd49267b,RUN-20260616124236,QNB Finansbank,REG-066,QNB KOBİ Kredileri,Gayrinakdi KOBİ Destek Kredileri | QNB,https://www.qnb.com.tr/kobi-gayrinakdi-krediler,https://www.qnb.com.tr/kobi-gayrinakdi-krediler,gayrinakdi kobi̇ destek kredileri | qnb,b4bac3d0333e923ebee16d03a635d150c66aa407927402cb8cd50b7a90bc7b6f,,,,,,Belirsiz,,Tarih yok; varsayılan kapıdan geçmedi.,False,,,Yok,missing,False,2026-05-01,Tarih yok; varsayılan kapıdan geçmedi,Kampanya,True,Kampanya veya müşteri teklifi sinyali içeriyor.,Poor,False,detail_text_too_short,,2026-06-16T12:42:47.139057+00:00
RIAUD-ba32ccf9666d,RUN-20260616124236,QNB Finansbank,REG-066,QNB KOBİ Kredileri,KOBİNakit Hesap | QNB,https://www.qnb.com.tr/isim-icin/kobi/krediler/kobinakit-hesap,https://www.qnb.com.tr/isim-icin/kobi/krediler/kobinakit-hesap,kobi̇nakit hesap | qnb,29a2eda4ad579147feb588d1d2e592c06532a2922b14d6a7add2ce8c3063d6e8,,,,,,Belirsiz,,Tarih yok; varsayılan kapıdan geçmedi.,False,,,Yok,missing,False,2026-05-01,Tarih yok; varsayılan kapıdan geçmedi,Kampanya,True,Kampanya veya müşteri teklifi sinyali içeriyor.,Poor,False,detail_text_too_short,,2026-06-16T12:42:47.700060+00:00
RIAUD-a6e43a12e1b8,RUN-20260616124236,QNB Finansbank,REG-066,QNB KOBİ Kredileri,Mavi Kredi Programı | QNB,https://www.qnb.com.tr/isim-icin/kobi/krediler/mavi-kredi-programi,https://www.qnb.com.tr/isim-icin/kobi/krediler/mavi-kredi-programi,mavi kredi programı | qnb,834dec42500777ffb8488f39869672061647fefd0662e062a97c38a40cd92c6b,,,,,,Belirsiz,,Tarih yok; varsayılan kapıdan geçmedi.,False,,,Yok,missing,False,2026-05-01,Tarih yok; varsayılan kapıdan geçmedi,Kampanya,True,Kampanya veya müşteri teklifi sinyali içeriyor.,Poor,False,detail_text_too_short,,2026-06-16T12:42:48.349980+00:00
RIAUD-bd99266cc04b,RUN-20260616124236,QNB Finansbank,REG-066,QNB KOBİ Kredileri,Esnaf Kredisi & Esnaf Kredisi Hesaplama | QNB,https://www.qnb.com.tr/isim-icin/kobi/krediler/esnaf-kredileri,https://www.qnb.com.tr/isim-icin/kobi/krediler/esnaf-kredileri,esnaf kredisi & esnaf kredisi hesaplama | qnb,eb2aa3421102013984b51cb7f8e75f9e99bd987062ae559b8b6d5f4861a02040,,,,,,Belirsiz,,Tarih yok; varsayılan kapıdan geçmedi.,False,,,Yok,missing,False,2026-05-01,Tarih yok; varsayılan kapıdan geçmedi,Statik Ürün Sayfası,False,"Statik ürün, yardım, giriş veya navigasyon içeriği gibi görünüyor.",Poor,False,detail_text_too_short,,2026-06-16T12:42:48.504898+00:00
RIAUD-580ebc47bf0e,RUN-20260616124236,QNB Finansbank,REG-065,QNB Yazar Kasa POS,KOBİ Kampanyaları | QNB,https://www.qnb.com.tr/kampanyalar/kobi-kampanyalari,https://www.qnb.com.tr/kampanyalar/kobi-kampanyalari,kobi̇ kampanyaları | qnb,af30b1020adff5b1f34c390163096d1847f7f66c98ef9adf46ed4aadc8a094dd,,,,,,Belirsiz,,Tarih yok; varsayılan kapıdan geçmedi.,False,,,Yok,missing,False,2026-05-01,Tarih yok; varsayılan kapıdan geçmedi,Kampanya,True,Kampanya veya müşteri teklifi sinyali içeriyor.,Poor,False,detail_text_too_short,,2026-06-16T12:42:48.675306+00:00
RIAUD-8d5d3eda48b9,RUN-20260616124236,QNB Finansbank,REG-065,QNB Yazar Kasa POS,Kobiler İçin Mevduat Hesabı - Yatırım Ürünleri | QNB,https://www.qnb.com.tr/isim-icin/kobi/mevduat-ve-yatirim-urunleri,https://www.qnb.com.tr/isim-icin/kobi/mevduat-ve-yatirim-urunleri,kobiler i̇çin mevduat hesabı - yatırım ürünleri | qnb,683a49f511503622f61e76ebf9a7ba6c5e55f5657e9d13696996d3d451bc4785,,,,,,Belirsiz,,Tarih yok; varsayılan kapıdan geçmedi.,False,,,Yok,missing,False,2026-05-01,Tarih yok; varsayılan kapıdan geçmedi,Kampanya,True,Kampanya veya müşteri teklifi sinyali içeriyor.,Poor,False,detail_text_too_short,,2026-06-16T12:42:48.867090+00:00
RIAUD-9b6a4343b82c,RUN-20260616124236,QNB Finansbank,REG-065,QNB Yazar Kasa POS,Link POS & Sanal POS Üye İşyeri Giriş Ekranı | QNB,https://www.qnb.com.tr/isim-icin/kobi/kobi-pos-cozumleri/link-pos-and-sanal-pos-uye-isyeri-giris-ekrani,https://www.qnb.com.tr/isim-icin/kobi/kobi-pos-cozumleri/link-pos-and-sanal-pos-uye-isyeri-giris-ekrani,link pos & sanal pos üye i̇şyeri giriş ekranı | qnb,a2ac38e4a19bd66f88cc18e049b9ac2e8c3471391f0a02eaedaf7b0c36fd7667,,,,,,Belirsiz,,Tarih yok; varsayılan kapıdan geçmedi.,False,,,Yok,missing,False,2026-05-01,Tarih yok; varsayılan kapıdan geçmedi,Statik Ürün Sayfası,False,"Statik ürün, yardım, giriş veya navigasyon içeriği gibi görünüyor.",Poor,False,detail_text_too_short,,2026-06-16T12:42:49.016232+00:00
RIAUD-3f8bbfd4fade,RUN-20260616124236,QNB Finansbank,REG-065,QNB Yazar Kasa POS,POS Başvurusu Şimdi QNB Mobil’de | QNB,https://www.qnb.com.tr/isim-icin/kobi/kobi-pos-cozumleri/pos-basvurusu-qnb-mobilde,https://www.qnb.com.tr/isim-icin/kobi/kobi-pos-cozumleri/pos-basvurusu-qnb-mobilde,pos başvurusu şimdi qnb mobil’de | qnb,c857437d16ebb003123db8d6abcd9c319a95df295472b002b256941f081e648a,,,,,,Belirsiz,,Tarih yok; varsayılan kapıdan geçmedi.,False,,,Yok,missing,False,2026-05-01,Tarih yok; varsayılan kapıdan geçmedi,Kampanya,True,Kampanya veya müşteri teklifi sinyali içeriyor.,Poor,False,detail_text_too_short,,2026-06-16T12:42:49.181209+00:00
RIAUD-8dd081373e85,RUN-20260616124236,QNB Finansbank,REG-065,QNB Yazar Kasa POS,Karekod (QR Kod) ile Ödeme Alma | QNB,https://www.qnb.com.tr/isim-icin/kobi/kobi-pos-cozumleri/pos-qr-kod,https://www.qnb.com.tr/isim-icin/kobi/kobi-pos-cozumleri/pos-qr-kod,karekod (qr kod) ile ödeme alma | qnb,e6663ddf4f4db2ac28aac85388d9a755310b7f562400c4234cff76cc836158d2,,,,,,Belirsiz,,Tarih yok; varsayılan kapıdan geçmedi.,False,,,Yok,missing,False,2026-05-01,Tarih yok; varsayılan kapıdan geçmedi,Kampanya,True,Kampanya veya müşteri teklifi sinyali içeriyor.,Poor,False,detail_text_too_short,,2026-06-16T12:42:49.346268+00:00
RIAUD-9e631a336f25,RUN-20260616124236,QNB Finansbank,REG-065,QNB Yazar Kasa POS,Düzenli Tahsilat Kolay | QNB,https://www.qnb.com.tr/isim-icin/kobi/kobi-pos-cozumleri/tahsilat-kolay,https://www.qnb.com.tr/isim-icin/kobi/kobi-pos-cozumleri/tahsilat-kolay,düzenli tahsilat kolay | qnb,c422122e1d4d89a44ef74438b02fcfc4e41482f6ca956956d6638d14b58799fa,,,,,,Belirsiz,,Tarih yok; varsayılan kapıdan geçmedi.,False,,,Yok,missing,False,2026-05-01,Tarih yok; varsayılan kapıdan geçmedi,Kampanya,True,Kampanya veya müşteri teklifi sinyali içeriyor.,Poor,False,detail_text_too_short,,2026-06-16T12:42:49.504614+00:00
RIAUD-b8495b5b0f08,RUN-20260616124236,QNB Finansbank,REG-065,QNB Yazar Kasa POS,KOBİ Nakit Yönetim ve Tahsilat Ürünleri | QNB,https://www.qnb.com.tr/kobi-nakit-yonetimi-ve-tahsilat-urunleri,https://www.qnb.com.tr/kobi-nakit-yonetimi-ve-tahsilat-urunleri,kobi̇ nakit yönetim ve tahsilat ürünleri | qnb,7d520fda74d321cfdabf71424638a7832837f33bd332310baf5a0ab26bbfe0fa,,,,,,Belirsiz,,Tarih yok; varsayılan kapıdan geçmedi.,False,,,Yok,missing,False,2026-05-01,Tarih yok; varsayılan kapıdan geçmedi,Kampanya,True,Kampanya veya müşteri teklifi sinyali içeriyor.,Poor,False,detail_text_too_short,,2026-06-16T12:42:49.673082+00:00
RIAUD-d50eb09ce101,RUN-20260616124236,QNB Finansbank,REG-065,QNB Yazar Kasa POS,Kobiler İçin Diğer Hizmetler ve Ürünler | QNB,https://www.qnb.com.tr/kobi-diger-hizmetler-ve-urunler,https://www.qnb.com.tr/kobi-diger-hizmetler-ve-urunler,kobiler i̇çin diğer hizmetler ve ürünler | qnb,81a47e6869026212a9af96cee27980725f98573b645ad16972ef5ab2de2a1910,,,,,,Belirsiz,,Tarih yok; varsayılan kapıdan geçmedi.,False,,,Yok,missing,False,2026-05-01,Tarih yok; varsayılan kapıdan geçmedi,Kampanya,True,Kampanya veya müşteri teklifi sinyali içeriyor.,Poor,False,detail_text_too_short,,2026-06-16T12:42:49.906540+00:00
RIAUD-10f4ef649855,RUN-20260616124236,QNB Finansbank,REG-065,QNB Yazar Kasa POS,Findeks Ticari Paketleri | QNB,https://www.qnb.com.tr/isim-icin/kobi/findeks-ticari-paketleri,https://www.qnb.com.tr/isim-icin/kobi/findeks-ticari-paketleri,findeks ticari paketleri | qnb,002376c5b39a7bf9f307db09bda2ebff44b0fc43b74995a9dd28ce100611ce9d,,,,,,Belirsiz,,Tarih yok; varsayılan kapıdan geçmedi.,False,,,Yok,missing,False,2026-05-01,Tarih yok; varsayılan kapıdan geçmedi,Kampanya,True,Kampanya veya müşteri teklifi sinyali içeriyor.,Poor,False,detail_text_too_short,,2026-06-16T12:42:50.078505+00:00
RIAUD-91caba258b65,RUN-20260616124236,QNB Finansbank,REG-065,QNB Yazar Kasa POS,İşletmeler İçin Bankacılık Çözümleri | QNB,https://www.qnb.com.tr/isim-icin,https://www.qnb.com.tr/isim-icin,i̇şletmeler i̇çin bankacılık çözümleri | qnb,21ff048b95a6eb200cb4a668848f258c6a0d163a5a1bc64220e2e51f89fcf3fb,,,,,,Belirsiz,,Tarih yok; varsayılan kapıdan geçmedi.,False,,,Yok,missing,False,2026-05-01,Tarih yok; varsayılan kapıdan geçmedi,Kampanya,True,Kampanya veya müşteri teklifi sinyali içeriyor.,Poor,False,detail_text_too_short,,2026-06-16T12:42:50.246614+00:00
RIAUD-4bb03ecb07ad,RUN-20260616124236,QNB Finansbank,REG-065,QNB Yazar Kasa POS,KOBİ | QNB,https://www.qnb.com.tr/isim-icin/kobi,https://www.qnb.com.tr/isim-icin/kobi,kobi̇ | qnb,7dcff5dc90b37717762781121829214a3ecf820fcec3d688c4d33f87e2feb85f,,,,,,Belirsiz,,Tarih yok; varsayılan kapıdan geçmedi.,False,,,Yok,missing,False,2026-05-01,Tarih yok; varsayılan kapıdan geçmedi,Kampanya,True,Kampanya veya müşteri teklifi sinyali içeriyor.,Poor,False,title_too_short,,2026-06-16T12:42:50.602043+00:00
RIAUD-6160b7936b69,RUN-20260616124236,QNB Finansbank,REG-065,QNB Yazar Kasa POS,Kobi POS Çözümleri | QNB,https://www.qnb.com.tr/isim-icin/kobi/kobi-pos-cozumleri,https://www.qnb.com.tr/isim-icin/kobi/kobi-pos-cozumleri,kobi pos çözümleri | qnb,b2a52c411997ebfeabd7eca73445bd87184f24bda86fe279ad8887cb77a99f00,,,,,,Belirsiz,,Tarih yok; varsayılan kapıdan geçmedi.,False,,,Yok,missing,False,2026-05-01,Tarih yok; varsayılan kapıdan geçmedi,Kampanya,True,Kampanya veya müşteri teklifi sinyali içeriyor.,Poor,False,detail_text_too_short,,2026-06-16T12:42:50.931134+00:00
RIAUD-e1814b401f3a,RUN-20260616124236,QNB Finansbank,REG-065,QNB Yazar Kasa POS,Yazarkasa POS | QNB,https://www.qnb.com.tr/isim-icin/kobi/kobi-pos-cozumleri/yazar-kasa-pos#hemen-basvur,https://www.qnb.com.tr/isim-icin/kobi/kobi-pos-cozumleri/yazar-kasa-pos,yazarkasa pos | qnb,cba7c8bab59409b18e109bed06c77e2e31fd77d796fcd461c5ae1da74e1788ed,,,,,,Belirsiz,,Tarih yok; varsayılan kapıdan geçmedi.,False,,,Yok,missing,False,2026-05-01,Tarih yok; varsayılan kapıdan geçmedi,Kampanya,True,Kampanya veya müşteri teklifi sinyali içeriyor.,Poor,False,title_too_short,,2026-06-16T12:42:51.103547+00:00
RIAUD-f5dddc0d32a5,RUN-20260616124236,QNB Finansbank,REG-065,QNB Yazar Kasa POS,Kobi Kredisi & Kobi Kredisi Hesaplama | QNB,https://www.qnb.com.tr/kobi-kredileri,https://www.qnb.com.tr/kobi-kredileri,kobi kredisi & kobi kredisi hesaplama | qnb,f5e043c2cb9f1a423ababc128bf3b0f44f01f338d8ba3629110300f8f30172e5,,,,,,Belirsiz,,Tarih yok; varsayılan kapıdan geçmedi.,False,,,Yok,missing,False,2026-05-01,Tarih yok; varsayılan kapıdan geçmedi,Statik Ürün Sayfası,False,"Statik ürün, yardım, giriş veya navigasyon içeriği gibi görünüyor.",Poor,False,detail_text_too_short,,2026-06-16T12:42:51.333414+00:00
RIAUD-b3226e63e3bf,RUN-20260616124236,QNB Finansbank,REG-065,QNB Yazar Kasa POS,Esnaf Kredisi & Esnaf Kredisi Hesaplama | QNB,https://www.qnb.com.tr/isim-icin/kobi/krediler/esnaf-kredileri,https://www.qnb.com.tr/isim-icin/kobi/krediler/esnaf-kredileri,esnaf kredisi & esnaf kredisi hesaplama | qnb,eb2aa3421102013984b51cb7f8e75f9e99bd987062ae559b8b6d5f4861a02040,,,,,,Belirsiz,,Tarih yok; varsayılan kapıdan geçmedi.,False,,,Yok,missing,False,2026-05-01,Tarih yok; varsayılan kapıdan geçmedi,Statik Ürün Sayfası,False,"Statik ürün, yardım, giriş veya navigasyon içeriği gibi görünüyor.",Poor,False,detail_text_too_short,,2026-06-16T12:42:51.481798+00:00
RIAUD-9b51da52b33b,RUN-20260616124236,QNB Finansbank,REG-065,QNB Yazar Kasa POS,POS Cihazı Başvurusu | QNB,https://www.qnb.com.tr/isim-icin/kobi/kobi-pos-cozumleri/pos,https://www.qnb.com.tr/isim-icin/kobi/kobi-pos-cozumleri/pos,pos cihazı başvurusu | qnb,f07fd23719a94d17f98a35eed6b0a770a37a85b6d068f385d4354e49dde9e18b,,,,,,Belirsiz,,Tarih yok; varsayılan kapıdan geçmedi.,False,,,Yok,missing,False,2026-05-01,Tarih yok; varsayılan kapıdan geçmedi,Kampanya,True,Kampanya veya müşteri teklifi sinyali içeriyor.,Poor,False,detail_text_too_short,,2026-06-16T12:42:51.833679+00:00
RIAUD-643d7f9fbd1f,RUN-20260616124236,QNB Finansbank,REG-065,QNB Yazar Kasa POS,LinkPOS | QNB,https://www.qnb.com.tr/linkpos,https://www.qnb.com.tr/linkpos,linkpos | qnb,f365028ce901fda6b7d66176441931aa1e183263431027326fd32320ebe38d5d,,,,,,Belirsiz,,Tarih yok; varsayılan kapıdan geçmedi.,False,,,Yok,missing,False,2026-05-01,Tarih yok; varsayılan kapıdan geçmedi,Kampanya,True,Kampanya veya müşteri teklifi sinyali içeriyor.,Poor,False,title_too_short,,2026-06-16T12:42:52.148917+00:00
RIAUD-4ef39b16aeb1,RUN-20260616124236,QNB Finansbank,REG-065,QNB Yazar Kasa POS,Sanal POS Başvuru | QNB,https://www.qnb.com.tr/sanal-pos,https://www.qnb.com.tr/sanal-pos,sanal pos başvuru | qnb,27ecea26b58692c0a78696e86899bdbdc5b30480fb9e1b562b84bb6fe03d4431,,,,,,Belirsiz,,Tarih yok; varsayılan kapıdan geçmedi.,False,,,Yok,missing,False,2026-05-01,Tarih yok; varsayılan kapıdan geçmedi,Kampanya,True,Kampanya veya müşteri teklifi sinyali içeriyor.,Poor,False,detail_text_too_short,,2026-06-16T12:42:52.329647+00:00
RIAUD-0c92f8eb4436,RUN-20260616124236,QNB Finansbank,REG-065,QNB Yazar Kasa POS,CepPOS | QNB,https://www.qnb.com.tr/isim-icin/kobi/kobi-pos-cozumleri/ceppos,https://www.qnb.com.tr/isim-icin/kobi/kobi-pos-cozumleri/ceppos,ceppos | qnb,19deb2829b90602f1b70a9bc8046a984b65d1ca270ce0803edc1feb7adaa85e8,,,,,,Belirsiz,,Tarih yok; varsayılan kapıdan geçmedi.,False,,,Yok,missing,False,2026-05-01,Tarih yok; varsayılan kapıdan geçmedi,Kampanya,True,Kampanya veya müşteri teklifi sinyali içeriyor.,Poor,False,title_too_short,,2026-06-16T12:42:52.649753+00:00
RIAUD-743a881aee3c,RUN-20260616124236,QNB Finansbank,REG-065,QNB Yazar Kasa POS,Mobil POS | QNB,https://www.qnb.com.tr/isim-icin/kobi/kobi-pos-cozumleri/mobil-pos,https://www.qnb.com.tr/isim-icin/kobi/kobi-pos-cozumleri/mobil-pos,mobil pos | qnb,74196b2d10358079ac6cd399701245ee6e44975bd0440082e3cbb68c8ff14832,,,,,,Belirsiz,,Tarih yok; varsayılan kapıdan geçmedi.,False,,,Yok,missing,False,2026-05-01,Tarih yok; varsayılan kapıdan geçmedi,Kampanya,True,Kampanya veya müşteri teklifi sinyali içeriyor.,Poor,False,title_too_short,,2026-06-16T12:42:53.011528+00:00
RIAUD-33138eb33047,RUN-20260616124236,QNB Finansbank,REG-065,QNB Yazar Kasa POS,Temassız POS | QNB,https://www.qnb.com.tr/isim-icin/kobi/kobi-pos-cozumleri/temassiz-taksitli-pos,https://www.qnb.com.tr/isim-icin/kobi/kobi-pos-cozumleri/temassiz-taksitli-pos,temassız pos | qnb,d035dc9bcc58620e8b80b324595cae4aa7a54a4ed29360407b388df3d28a046d,,,,,,Belirsiz,,Tarih yok; varsayılan kapıdan geçmedi.,False,,,Yok,missing,False,2026-05-01,Tarih yok; varsayılan kapıdan geçmedi,Kampanya,True,Kampanya veya müşteri teklifi sinyali içeriyor.,Poor,False,title_too_short,,2026-06-16T12:42:53.328369+00:00
RIAUD-3b8cac37844f,RUN-20260616124236,QNB Finansbank,REG-065,QNB Yazar Kasa POS,POS Kılavuzu | QNB,https://www.qnb.com.tr/isim-icin/kobi/kobi-pos-cozumleri/pos-kilavuzu,https://www.qnb.com.tr/isim-icin/kobi/kobi-pos-cozumleri/pos-kilavuzu,pos kılavuzu | qnb,7a70c61e5b1f4c9e6a0a31681eb1ffe11bb6b55808eac7ab24b1512dae7e6547,,,,,,Belirsiz,,Tarih yok; varsayılan kapıdan geçmedi.,False,,,Yok,missing,False,2026-05-01,Tarih yok; varsayılan kapıdan geçmedi,Kampanya,True,Kampanya veya müşteri teklifi sinyali içeriyor.,Poor,False,title_too_short,,2026-06-16T12:42:53.671578+00:00
RIAUD-46258290affb,RUN-20260616124236,QNB Finansbank,REG-065,QNB Yazar Kasa POS,Dijital Slip | QNB,https://www.qnb.com.tr/isim-icin/kobi/kobi-pos-cozumleri/dijital-slip,https://www.qnb.com.tr/isim-icin/kobi/kobi-pos-cozumleri/dijital-slip,dijital slip | qnb,0f9f2149d51b79443597117998586a984e64bb7d7358c52a1fee031352c2c921,,,,,,Belirsiz,,Tarih yok; varsayılan kapıdan geçmedi.,False,,,Yok,missing,False,2026-05-01,Tarih yok; varsayılan kapıdan geçmedi,Kampanya,True,Kampanya veya müşteri teklifi sinyali içeriyor.,Poor,False,title_too_short,,2026-06-16T12:42:53.888820+00:00
RIAUD-58cc3883a5cd,RUN-20260616124236,QNB Finansbank,REG-065,QNB Yazar Kasa POS,Kartlar | QNB,https://www.qnb.com.tr/isim-icin/kobi/kobi-ticari-kartlar,https://www.qnb.com.tr/isim-icin/kobi/kobi-ticari-kartlar,kartlar | qnb,bf26f622a76c3665fe64b9120d0276630fd52c4654ec9668fbd255b5d6fad2f1,,,,,,Belirsiz,,Tarih yok; varsayılan kapıdan geçmedi.,False,,,Yok,missing,False,2026-05-01,Tarih yok; varsayılan kapıdan geçmedi,Kampanya,True,Kampanya veya müşteri teklifi sinyali içeriyor.,Poor,False,title_too_short,,2026-06-16T12:42:54.044905+00:00
RIAUD-1d45a84729ad,RUN-20260616124236,QNB Finansbank,REG-065,QNB Yazar Kasa POS,Kazananlar Kulübü | QNB,https://www.qnb.com.tr/isim-icin/kobi/kazananlar-kulubu,https://www.qnb.com.tr/isim-icin/kobi/kazananlar-kulubu,kazananlar kulübü | qnb,c290176bdbc30d4ad394c28ee403568fde00bc92a04eb9b41988b0804c323ddd,,,,,,Belirsiz,,Tarih yok; varsayılan kapıdan geçmedi.,False,,,Yok,missing,False,2026-05-01,Tarih yok; varsayılan kapıdan geçmedi,Kampanya,True,Kampanya veya müşteri teklifi sinyali içeriyor.,Poor,False,detail_text_too_short,,2026-06-16T12:42:54.199761+00:00
RIAUD-adefc87d57b3,RUN-20260616124236,QNB Finansbank,REG-065,QNB Yazar Kasa POS,QNB KOBİ Sigortaları,https://www.qnb.com.tr/kobi-sigortalar,https://www.qnb.com.tr/kobi-sigortalar,qnb kobi̇ sigortaları,d24304b541002879e37fb24183982e801ef21087614a1f146787b2a2330208aa,,,,,,Belirsiz,,Tarih yok; varsayılan kapıdan geçmedi.,False,,,Yok,missing,False,2026-05-01,Tarih yok; varsayılan kapıdan geçmedi,Kampanya,True,Kampanya veya müşteri teklifi sinyali içeriyor.,Poor,False,detail_text_too_short,,2026-06-16T12:42:54.417926+00:00
RIAUD-fff2b15a1d26,RUN-20260616124236,QNB Finansbank,REG-065,QNB Yazar Kasa POS,KOBİ'ler için Leasıng ve Factoring Çözümleri | QNB,https://www.qnb.com.tr/kobi-leasing-and-faktoring,https://www.qnb.com.tr/kobi-leasing-and-faktoring,kobi̇'ler için leasıng ve factoring çözümleri | qnb,eb7afe403e7050fb09a0e2a9e677d8cb78776a6e3e21bf8a36b6743520a7ef97,,,,,,Belirsiz,,Tarih yok; varsayılan kapıdan geçmedi.,False,,,Yok,missing,False,2026-05-01,Tarih yok; varsayılan kapıdan geçmedi,Kampanya,True,Kampanya veya müşteri teklifi sinyali içeriyor.,Poor,False,detail_text_too_short,,2026-06-16T12:42:54.555232+00:00
RIAUD-c571d6041a94,RUN-20260616124236,QNB Finansbank,REG-064,QNB POS,KOBİ Kampanyaları | QNB,https://www.qnb.com.tr/kampanyalar/kobi-kampanyalari,https://www.qnb.com.tr/kampanyalar/kobi-kampanyalari,kobi̇ kampanyaları | qnb,af30b1020adff5b1f34c390163096d1847f7f66c98ef9adf46ed4aadc8a094dd,,,,,,Belirsiz,,Tarih yok; varsayılan kapıdan geçmedi.,False,,,Yok,missing,False,2026-05-01,Tarih yok; varsayılan kapıdan geçmedi,Kampanya,True,Kampanya veya müşteri teklifi sinyali içeriyor.,Poor,False,detail_text_too_short,,2026-06-16T12:42:54.751850+00:00
RIAUD-5e19d1fe3e69,RUN-20260616124236,QNB Finansbank,REG-064,QNB POS,Düzenli Tahsilat Kolay | QNB,https://www.qnb.com.tr/isim-icin/kobi/kobi-pos-cozumleri/tahsilat-kolay,https://www.qnb.com.tr/isim-icin/kobi/kobi-pos-cozumleri/tahsilat-kolay,düzenli tahsilat kolay | qnb,c422122e1d4d89a44ef74438b02fcfc4e41482f6ca956956d6638d14b58799fa,,,,,,Belirsiz,,Tarih yok; varsayılan kapıdan geçmedi.,False,,,Yok,missing,False,2026-05-01,Tarih yok; varsayılan kapıdan geçmedi,Kampanya,True,Kampanya veya müşteri teklifi sinyali içeriyor.,Poor,False,detail_text_too_short,,2026-06-16T12:42:54.933722+00:00
RIAUD-c72935fe7619,RUN-20260616124236,QNB Finansbank,REG-064,QNB POS,Kobiler İçin Mevduat Hesabı - Yatırım Ürünleri | QNB,https://www.qnb.com.tr/isim-icin/kobi/mevduat-ve-yatirim-urunleri,https://www.qnb.com.tr/isim-icin/kobi/mevduat-ve-yatirim-urunleri,kobiler i̇çin mevduat hesabı - yatırım ürünleri | qnb,683a49f511503622f61e76ebf9a7ba6c5e55f5657e9d13696996d3d451bc4785,,,,,,Belirsiz,,Tarih yok; varsayılan kapıdan geçmedi.,False,,,Yok,missing,False,2026-05-01,Tarih yok; varsayılan kapıdan geçmedi,Kampanya,True,Kampanya veya müşteri teklifi sinyali içeriyor.,Poor,False,detail_text_too_short,,2026-06-16T12:42:55.140567+00:00
RIAUD-de6611e53380,RUN-20260616124236,QNB Finansbank,REG-064,QNB POS,Link POS & Sanal POS Üye İşyeri Giriş Ekranı | QNB,https://www.qnb.com.tr/isim-icin/kobi/kobi-pos-cozumleri/link-pos-and-sanal-pos-uye-isyeri-giris-ekrani,https://www.qnb.com.tr/isim-icin/kobi/kobi-pos-cozumleri/link-pos-and-sanal-pos-uye-isyeri-giris-ekrani,link pos & sanal pos üye i̇şyeri giriş ekranı | qnb,a2ac38e4a19bd66f88cc18e049b9ac2e8c3471391f0a02eaedaf7b0c36fd7667,,,,,,Belirsiz,,Tarih yok; varsayılan kapıdan geçmedi.,False,,,Yok,missing,False,2026-05-01,Tarih yok; varsayılan kapıdan geçmedi,Statik Ürün Sayfası,False,"Statik ürün, yardım, giriş veya navigasyon içeriği gibi görünüyor.",Poor,False,detail_text_too_short,,2026-06-16T12:42:55.285426+00:00
RIAUD-ce37d0089067,RUN-20260616124236,QNB Finansbank,REG-064,QNB POS,POS Başvurusu Şimdi QNB Mobil’de | QNB,https://www.qnb.com.tr/isim-icin/kobi/kobi-pos-cozumleri/pos-basvurusu-qnb-mobilde,https://www.qnb.com.tr/isim-icin/kobi/kobi-pos-cozumleri/pos-basvurusu-qnb-mobilde,pos başvurusu şimdi qnb mobil’de | qnb,c857437d16ebb003123db8d6abcd9c319a95df295472b002b256941f081e648a,,,,,,Belirsiz,,Tarih yok; varsayılan kapıdan geçmedi.,False,,,Yok,missing,False,2026-05-01,Tarih yok; varsayılan kapıdan geçmedi,Kampanya,True,Kampanya veya müşteri teklifi sinyali içeriyor.,Poor,False,detail_text_too_short,,2026-06-16T12:42:55.449432+00:00
RIAUD-7a54b79c5b54,RUN-20260616124236,QNB Finansbank,REG-064,QNB POS,Karekod (QR Kod) ile Ödeme Alma | QNB,https://www.qnb.com.tr/isim-icin/kobi/kobi-pos-cozumleri/pos-qr-kod,https://www.qnb.com.tr/isim-icin/kobi/kobi-pos-cozumleri/pos-qr-kod,karekod (qr kod) ile ödeme alma | qnb,e6663ddf4f4db2ac28aac85388d9a755310b7f562400c4234cff76cc836158d2,,,,,,Belirsiz,,Tarih yok; varsayılan kapıdan geçmedi.,False,,,Yok,missing,False,2026-05-01,Tarih yok; varsayılan kapıdan geçmedi,Kampanya,True,Kampanya veya müşteri teklifi sinyali içeriyor.,Poor,False,detail_text_too_short,,2026-06-16T12:42:55.621174+00:00
RIAUD-411b220a9232,RUN-20260616124236,QNB Finansbank,REG-064,QNB POS,KOBİ Nakit Yönetim ve Tahsilat Ürünleri | QNB,https://www.qnb.com.tr/kobi-nakit-yonetimi-ve-tahsilat-urunleri,https://www.qnb.com.tr/kobi-nakit-yonetimi-ve-tahsilat-urunleri,kobi̇ nakit yönetim ve tahsilat ürünleri | qnb,7d520fda74d321cfdabf71424638a7832837f33bd332310baf5a0ab26bbfe0fa,,,,,,Belirsiz,,Tarih yok; varsayılan kapıdan geçmedi.,False,,,Yok,missing,False,2026-05-01,Tarih yok; varsayılan kapıdan geçmedi,Kampanya,True,Kampanya veya müşteri teklifi sinyali içeriyor.,Poor,False,detail_text_too_short,,2026-06-16T12:42:55.797269+00:00
RIAUD-02d1120469e6,RUN-20260616124236,QNB Finansbank,REG-064,QNB POS,Kobiler İçin Diğer Hizmetler ve Ürünler | QNB,https://www.qnb.com.tr/kobi-diger-hizmetler-ve-urunler,https://www.qnb.com.tr/kobi-diger-hizmetler-ve-urunler,kobiler i̇çin diğer hizmetler ve ürünler | qnb,81a47e6869026212a9af96cee27980725f98573b645ad16972ef5ab2de2a1910,,,,,,Belirsiz,,Tarih yok; varsayılan kapıdan geçmedi.,False,,,Yok,missing,False,2026-05-01,Tarih yok; varsayılan kapıdan geçmedi,Kampanya,True,Kampanya veya müşteri teklifi sinyali içeriyor.,Poor,False,detail_text_too_short,,2026-06-16T12:42:56.020108+00:00
RIAUD-7eae6e708160,RUN-20260616124236,QNB Finansbank,REG-064,QNB POS,Findeks Ticari Paketleri | QNB,https://www.qnb.com.tr/isim-icin/kobi/findeks-ticari-paketleri,https://www.qnb.com.tr/isim-icin/kobi/findeks-ticari-paketleri,findeks ticari paketleri | qnb,002376c5b39a7bf9f307db09bda2ebff44b0fc43b74995a9dd28ce100611ce9d,,,,,,Belirsiz,,Tarih yok; varsayılan kapıdan geçmedi.,False,,,Yok,missing,False,2026-05-01,Tarih yok; varsayılan kapıdan geçmedi,Kampanya,True,Kampanya veya müşteri teklifi sinyali içeriyor.,Poor,False,detail_text_too_short,,2026-06-16T12:42:56.188506+00:00
RIAUD-4f6b59abce19,RUN-20260616124236,QNB Finansbank,REG-064,QNB POS,İşletmeler İçin Bankacılık Çözümleri | QNB,https://www.qnb.com.tr/isim-icin,https://www.qnb.com.tr/isim-icin,i̇şletmeler i̇çin bankacılık çözümleri | qnb,21ff048b95a6eb200cb4a668848f258c6a0d163a5a1bc64220e2e51f89fcf3fb,,,,,,Belirsiz,,Tarih yok; varsayılan kapıdan geçmedi.,False,,,Yok,missing,False,2026-05-01,Tarih yok; varsayılan kapıdan geçmedi,Kampanya,True,Kampanya veya müşteri teklifi sinyali içeriyor.,Poor,False,detail_text_too_short,,2026-06-16T12:42:56.358553+00:00
RIAUD-a549f0a59e08,RUN-20260616124236,QNB Finansbank,REG-064,QNB POS,KOBİ | QNB,https://www.qnb.com.tr/isim-icin/kobi,https://www.qnb.com.tr/isim-icin/kobi,kobi̇ | qnb,7dcff5dc90b37717762781121829214a3ecf820fcec3d688c4d33f87e2feb85f,,,,,,Belirsiz,,Tarih yok; varsayılan kapıdan geçmedi.,False,,,Yok,missing,False,2026-05-01,Tarih yok; varsayılan kapıdan geçmedi,Kampanya,True,Kampanya veya müşteri teklifi sinyali içeriyor.,Poor,False,title_too_short,,2026-06-16T12:42:56.627789+00:00
RIAUD-9ad7549c4e9a,RUN-20260616124236,QNB Finansbank,REG-064,QNB POS,Kobi POS Çözümleri | QNB,https://www.qnb.com.tr/isim-icin/kobi/kobi-pos-cozumleri,https://www.qnb.com.tr/isim-icin/kobi/kobi-pos-cozumleri,kobi pos çözümleri | qnb,b2a52c411997ebfeabd7eca73445bd87184f24bda86fe279ad8887cb77a99f00,,,,,,Belirsiz,,Tarih yok; varsayılan kapıdan geçmedi.,False,,,Yok,missing,False,2026-05-01,Tarih yok; varsayılan kapıdan geçmedi,Kampanya,True,Kampanya veya müşteri teklifi sinyali içeriyor.,Poor,False,detail_text_too_short,,2026-06-16T12:42:56.927403+00:00
RIAUD-245c4691e76c,RUN-20260616124236,QNB Finansbank,REG-064,QNB POS,Yazarkasa POS | QNB,https://www.qnb.com.tr/isim-icin/kobi/kobi-pos-cozumleri/yazar-kasa-pos,https://www.qnb.com.tr/isim-icin/kobi/kobi-pos-cozumleri/yazar-kasa-pos,yazarkasa pos | qnb,cba7c8bab59409b18e109bed06c77e2e31fd77d796fcd461c5ae1da74e1788ed,,,,,,Belirsiz,,Tarih yok; varsayılan kapıdan geçmedi.,False,,,Yok,missing,False,2026-05-01,Tarih yok; varsayılan kapıdan geçmedi,Kampanya,True,Kampanya veya müşteri teklifi sinyali içeriyor.,Poor,False,title_too_short,,2026-06-16T12:42:57.098919+00:00
RIAUD-3f49e5e7c993,RUN-20260616124236,QNB Finansbank,REG-064,QNB POS,Mobil POS | QNB,https://www.qnb.com.tr/isim-icin/kobi/kobi-pos-cozumleri/mobil-pos,https://www.qnb.com.tr/isim-icin/kobi/kobi-pos-cozumleri/mobil-pos,mobil pos | qnb,74196b2d10358079ac6cd399701245ee6e44975bd0440082e3cbb68c8ff14832,,,,,,Belirsiz,,Tarih yok; varsayılan kapıdan geçmedi.,False,,,Yok,missing,False,2026-05-01,Tarih yok; varsayılan kapıdan geçmedi,Kampanya,True,Kampanya veya müşteri teklifi sinyali içeriyor.,Poor,False,title_too_short,,2026-06-16T12:42:57.260391+00:00
RIAUD-a0d84090c6bc,RUN-20260616124236,QNB Finansbank,REG-064,QNB POS,Kobi Kredisi & Kobi Kredisi Hesaplama | QNB,https://www.qnb.com.tr/kobi-kredileri,https://www.qnb.com.tr/kobi-kredileri,kobi kredisi & kobi kredisi hesaplama | qnb,f5e043c2cb9f1a423ababc128bf3b0f44f01f338d8ba3629110300f8f30172e5,,,,,,Belirsiz,,Tarih yok; varsayılan kapıdan geçmedi.,False,,,Yok,missing,False,2026-05-01,Tarih yok; varsayılan kapıdan geçmedi,Statik Ürün Sayfası,False,"Statik ürün, yardım, giriş veya navigasyon içeriği gibi görünüyor.",Poor,False,detail_text_too_short,,2026-06-16T12:42:57.625602+00:00
RIAUD-b1914bd270fa,RUN-20260616124236,QNB Finansbank,REG-064,QNB POS,Esnaf Kredisi & Esnaf Kredisi Hesaplama | QNB,https://www.qnb.com.tr/isim-icin/kobi/krediler/esnaf-kredileri,https://www.qnb.com.tr/isim-icin/kobi/krediler/esnaf-kredileri,esnaf kredisi & esnaf kredisi hesaplama | qnb,eb2aa3421102013984b51cb7f8e75f9e99bd987062ae559b8b6d5f4861a02040,,,,,,Belirsiz,,Tarih yok; varsayılan kapıdan geçmedi.,False,,,Yok,missing,False,2026-05-01,Tarih yok; varsayılan kapıdan geçmedi,Statik Ürün Sayfası,False,"Statik ürün, yardım, giriş veya navigasyon içeriği gibi görünüyor.",Poor,False,detail_text_too_short,,2026-06-16T12:42:57.785697+00:00
RIAUD-61219f074b63,RUN-20260616124236,QNB Finansbank,REG-064,QNB POS,LinkPOS | QNB,https://www.qnb.com.tr/linkpos,https://www.qnb.com.tr/linkpos,linkpos | qnb,f365028ce901fda6b7d66176441931aa1e183263431027326fd32320ebe38d5d,,,,,,Belirsiz,,Tarih yok; varsayılan kapıdan geçmedi.,False,,,Yok,missing,False,2026-05-01,Tarih yok; varsayılan kapıdan geçmedi,Kampanya,True,Kampanya veya müşteri teklifi sinyali içeriyor.,Poor,False,title_too_short,,2026-06-16T12:42:58.136829+00:00
RIAUD-53243b077996,RUN-20260616124236,QNB Finansbank,REG-064,QNB POS,Sanal POS Başvuru | QNB,https://www.qnb.com.tr/sanal-pos,https://www.qnb.com.tr/sanal-pos,sanal pos başvuru | qnb,27ecea26b58692c0a78696e86899bdbdc5b30480fb9e1b562b84bb6fe03d4431,,,,,,Belirsiz,,Tarih yok; varsayılan kapıdan geçmedi.,False,,,Yok,missing,False,2026-05-01,Tarih yok; varsayılan kapıdan geçmedi,Kampanya,True,Kampanya veya müşteri teklifi sinyali içeriyor.,Poor,False,detail_text_too_short,,2026-06-16T12:42:58.315801+00:00
RIAUD-6d3349b03032,RUN-20260616124236,QNB Finansbank,REG-064,QNB POS,CepPOS | QNB,https://www.qnb.com.tr/isim-icin/kobi/kobi-pos-cozumleri/ceppos,https://www.qnb.com.tr/isim-icin/kobi/kobi-pos-cozumleri/ceppos,ceppos | qnb,19deb2829b90602f1b70a9bc8046a984b65d1ca270ce0803edc1feb7adaa85e8,,,,,,Belirsiz,,Tarih yok; varsayılan kapıdan geçmedi.,False,,,Yok,missing,False,2026-05-01,Tarih yok; varsayılan kapıdan geçmedi,Kampanya,True,Kampanya veya müşteri teklifi sinyali içeriyor.,Poor,False,title_too_short,,2026-06-16T12:42:58.588890+00:00
RIAUD-c74b37125622,RUN-20260616124236,QNB Finansbank,REG-064,QNB POS,Temassız POS | QNB,https://www.qnb.com.tr/isim-icin/kobi/kobi-pos-cozumleri/temassiz-taksitli-pos,https://www.qnb.com.tr/isim-icin/kobi/kobi-pos-cozumleri/temassiz-taksitli-pos,temassız pos | qnb,d035dc9bcc58620e8b80b324595cae4aa7a54a4ed29360407b388df3d28a046d,,,,,,Belirsiz,,Tarih yok; varsayılan kapıdan geçmedi.,False,,,Yok,missing,False,2026-05-01,Tarih yok; varsayılan kapıdan geçmedi,Kampanya,True,Kampanya veya müşteri teklifi sinyali içeriyor.,Poor,False,title_too_short,,2026-06-16T12:42:58.910024+00:00
RIAUD-0963db0e63a5,RUN-20260616124236,QNB Finansbank,REG-064,QNB POS,POS Kılavuzu | QNB,https://www.qnb.com.tr/isim-icin/kobi/kobi-pos-cozumleri/pos-kilavuzu,https://www.qnb.com.tr/isim-icin/kobi/kobi-pos-cozumleri/pos-kilavuzu,pos kılavuzu | qnb,7a70c61e5b1f4c9e6a0a31681eb1ffe11bb6b55808eac7ab24b1512dae7e6547,,,,,,Belirsiz,,Tarih yok; varsayılan kapıdan geçmedi.,False,,,Yok,missing,False,2026-05-01,Tarih yok; varsayılan kapıdan geçmedi,Kampanya,True,Kampanya veya müşteri teklifi sinyali içeriyor.,Poor,False,title_too_short,,2026-06-16T12:42:59.404262+00:00
RIAUD-b6efca21343d,RUN-20260616124236,QNB Finansbank,REG-064,QNB POS,Dijital Slip | QNB,https://www.qnb.com.tr/isim-icin/kobi/kobi-pos-cozumleri/dijital-slip,https://www.qnb.com.tr/isim-icin/kobi/kobi-pos-cozumleri/dijital-slip,dijital slip | qnb,0f9f2149d51b79443597117998586a984e64bb7d7358c52a1fee031352c2c921,,,,,,Belirsiz,,Tarih yok; varsayılan kapıdan geçmedi.,False,,,Yok,missing,False,2026-05-01,Tarih yok; varsayılan kapıdan geçmedi,Kampanya,True,Kampanya veya müşteri teklifi sinyali içeriyor.,Poor,False,title_too_short,,2026-06-16T12:42:59.591136+00:00
RIAUD-125330726a32,RUN-20260616124236,QNB Finansbank,REG-064,QNB POS,Kartlar | QNB,https://www.qnb.com.tr/isim-icin/kobi/kobi-ticari-kartlar,https://www.qnb.com.tr/isim-icin/kobi/kobi-ticari-kartlar,kartlar | qnb,bf26f622a76c3665fe64b9120d0276630fd52c4654ec9668fbd255b5d6fad2f1,,,,,,Belirsiz,,Tarih yok; varsayılan kapıdan geçmedi.,False,,,Yok,missing,False,2026-05-01,Tarih yok; varsayılan kapıdan geçmedi,Kampanya,True,Kampanya veya müşteri teklifi sinyali içeriyor.,Poor,False,title_too_short,,2026-06-16T12:42:59.749572+00:00
RIAUD-d7d8aa5755fb,RUN-20260616124236,QNB Finansbank,REG-064,QNB POS,Kazananlar Kulübü | QNB,https://www.qnb.com.tr/isim-icin/kobi/kazananlar-kulubu,https://www.qnb.com.tr/isim-icin/kobi/kazananlar-kulubu,kazananlar kulübü | qnb,c290176bdbc30d4ad394c28ee403568fde00bc92a04eb9b41988b0804c323ddd,,,,,,Belirsiz,,Tarih yok; varsayılan kapıdan geçmedi.,False,,,Yok,missing,False,2026-05-01,Tarih yok; varsayılan kapıdan geçmedi,Kampanya,True,Kampanya veya müşteri teklifi sinyali içeriyor.,Poor,False,detail_text_too_short,,2026-06-16T12:42:59.904033+00:00
RIAUD-7925b5fe81c2,RUN-20260616124236,QNB Finansbank,REG-064,QNB POS,QNB KOBİ Sigortaları,https://www.qnb.com.tr/kobi-sigortalar,https://www.qnb.com.tr/kobi-sigortalar,qnb kobi̇ sigortaları,d24304b541002879e37fb24183982e801ef21087614a1f146787b2a2330208aa,,,,,,Belirsiz,,Tarih yok; varsayılan kapıdan geçmedi.,False,,,Yok,missing,False,2026-05-01,Tarih yok; varsayılan kapıdan geçmedi,Kampanya,True,Kampanya veya müşteri teklifi sinyali içeriyor.,Poor,False,detail_text_too_short,,2026-06-16T12:43:00.144479+00:00
RIAUD-352ae066291b,RUN-20260616124236,QNB Finansbank,REG-064,QNB POS,KOBİ'ler için Leasıng ve Factoring Çözümleri | QNB,https://www.qnb.com.tr/kobi-leasing-and-faktoring,https://www.qnb.com.tr/kobi-leasing-and-faktoring,kobi̇'ler için leasıng ve factoring çözümleri | qnb,eb7afe403e7050fb09a0e2a9e677d8cb78776a6e3e21bf8a36b6743520a7ef97,,,,,,Belirsiz,,Tarih yok; varsayılan kapıdan geçmedi.,False,,,Yok,missing,False,2026-05-01,Tarih yok; varsayılan kapıdan geçmedi,Kampanya,True,Kampanya veya müşteri teklifi sinyali içeriyor.,Poor,False,detail_text_too_short,,2026-06-16T12:43:00.700132+00:00
RIAUD-beb2a55d206d,RUN-20260616124236,QNB Finansbank,REG-063,QNB KOBİ POS Çözümleri,KOBİ Kampanyaları | QNB,https://www.qnb.com.tr/kampanyalar/kobi-kampanyalari,https://www.qnb.com.tr/kampanyalar/kobi-kampanyalari,kobi̇ kampanyaları | qnb,af30b1020adff5b1f34c390163096d1847f7f66c98ef9adf46ed4aadc8a094dd,,,,,,Belirsiz,,Tarih yok; varsayılan kapıdan geçmedi.,False,,,Yok,missing,False,2026-05-01,Tarih yok; varsayılan kapıdan geçmedi,Kampanya,True,Kampanya veya müşteri teklifi sinyali içeriyor.,Poor,False,detail_text_too_short,,2026-06-16T12:43:00.891726+00:00
RIAUD-251d9cad7b5a,RUN-20260616124236,QNB Finansbank,REG-063,QNB KOBİ POS Çözümleri,Link POS & Sanal POS Üye İşyeri Giriş Ekranı | QNB,https://www.qnb.com.tr/isim-icin/kobi/kobi-pos-cozumleri/link-pos-and-sanal-pos-uye-isyeri-giris-ekrani,https://www.qnb.com.tr/isim-icin/kobi/kobi-pos-cozumleri/link-pos-and-sanal-pos-uye-isyeri-giris-ekrani,link pos & sanal pos üye i̇şyeri giriş ekranı | qnb,a2ac38e4a19bd66f88cc18e049b9ac2e8c3471391f0a02eaedaf7b0c36fd7667,,,,,,Belirsiz,,Tarih yok; varsayılan kapıdan geçmedi.,False,,,Yok,missing,False,2026-05-01,Tarih yok; varsayılan kapıdan geçmedi,Statik Ürün Sayfası,False,"Statik ürün, yardım, giriş veya navigasyon içeriği gibi görünüyor.",Poor,False,detail_text_too_short,,2026-06-16T12:43:01.072821+00:00
RIAUD-b3ab1cf817a1,RUN-20260616124236,QNB Finansbank,REG-063,QNB KOBİ POS Çözümleri,POS Başvurusu Şimdi QNB Mobil’de | QNB,https://www.qnb.com.tr/isim-icin/kobi/kobi-pos-cozumleri/pos-basvurusu-qnb-mobilde,https://www.qnb.com.tr/isim-icin/kobi/kobi-pos-cozumleri/pos-basvurusu-qnb-mobilde,pos başvurusu şimdi qnb mobil’de | qnb,c857437d16ebb003123db8d6abcd9c319a95df295472b002b256941f081e648a,,,,,,Belirsiz,,Tarih yok; varsayılan kapıdan geçmedi.,False,,,Yok,missing,False,2026-05-01,Tarih yok; varsayılan kapıdan geçmedi,Kampanya,True,Kampanya veya müşteri teklifi sinyali içeriyor.,Poor,False,detail_text_too_short,,2026-06-16T12:43:01.233084+00:00
RIAUD-376d69668cb9,RUN-20260616124236,QNB Finansbank,REG-063,QNB KOBİ POS Çözümleri,Karekod (QR Kod) ile Ödeme Alma | QNB,https://www.qnb.com.tr/isim-icin/kobi/kobi-pos-cozumleri/pos-qr-kod,https://www.qnb.com.tr/isim-icin/kobi/kobi-pos-cozumleri/pos-qr-kod,karekod (qr kod) ile ödeme alma | qnb,e6663ddf4f4db2ac28aac85388d9a755310b7f562400c4234cff76cc836158d2,,,,,,Belirsiz,,Tarih yok; varsayılan kapıdan geçmedi.,False,,,Yok,missing,False,2026-05-01,Tarih yok; varsayılan kapıdan geçmedi,Kampanya,True,Kampanya veya müşteri teklifi sinyali içeriyor.,Poor,False,detail_text_too_short,,2026-06-16T12:43:01.413090+00:00
RIAUD-a2dfef42dc53,RUN-20260616124236,QNB Finansbank,REG-063,QNB KOBİ POS Çözümleri,Düzenli Tahsilat Kolay | QNB,https://www.qnb.com.tr/isim-icin/kobi/kobi-pos-cozumleri/tahsilat-kolay,https://www.qnb.com.tr/isim-icin/kobi/kobi-pos-cozumleri/tahsilat-kolay,düzenli tahsilat kolay | qnb,c422122e1d4d89a44ef74438b02fcfc4e41482f6ca956956d6638d14b58799fa,,,,,,Belirsiz,,Tarih yok; varsayılan kapıdan geçmedi.,False,,,Yok,missing,False,2026-05-01,Tarih yok; varsayılan kapıdan geçmedi,Kampanya,True,Kampanya veya müşteri teklifi sinyali içeriyor.,Poor,False,detail_text_too_short,,2026-06-16T12:43:01.596343+00:00
RIAUD-d99bac607b8f,RUN-20260616124236,QNB Finansbank,REG-063,QNB KOBİ POS Çözümleri,İşletmeler İçin Bankacılık Çözümleri | QNB,https://www.qnb.com.tr/isim-icin,https://www.qnb.com.tr/isim-icin,i̇şletmeler i̇çin bankacılık çözümleri | qnb,21ff048b95a6eb200cb4a668848f258c6a0d163a5a1bc64220e2e51f89fcf3fb,,,,,,Belirsiz,,Tarih yok; varsayılan kapıdan geçmedi.,False,,,Yok,missing,False,2026-05-01,Tarih yok; varsayılan kapıdan geçmedi,Kampanya,True,Kampanya veya müşteri teklifi sinyali içeriyor.,Poor,False,detail_text_too_short,,2026-06-16T12:43:01.812192+00:00
RIAUD-3285ab866506,RUN-20260616124236,QNB Finansbank,REG-063,QNB KOBİ POS Çözümleri,KOBİ | QNB,https://www.qnb.com.tr/isim-icin/kobi,https://www.qnb.com.tr/isim-icin/kobi,kobi̇ | qnb,7dcff5dc90b37717762781121829214a3ecf820fcec3d688c4d33f87e2feb85f,,,,,,Belirsiz,,Tarih yok; varsayılan kapıdan geçmedi.,False,,,Yok,missing,False,2026-05-01,Tarih yok; varsayılan kapıdan geçmedi,Kampanya,True,Kampanya veya müşteri teklifi sinyali içeriyor.,Poor,False,title_too_short,,2026-06-16T12:43:02.236901+00:00
RIAUD-f9e4a19ef3e0,RUN-20260616124236,QNB Finansbank,REG-063,QNB KOBİ POS Çözümleri,POS Cihazı Başvurusu | QNB,https://www.qnb.com.tr/isim-icin/kobi/kobi-pos-cozumleri/pos,https://www.qnb.com.tr/isim-icin/kobi/kobi-pos-cozumleri/pos,pos cihazı başvurusu | qnb,f07fd23719a94d17f98a35eed6b0a770a37a85b6d068f385d4354e49dde9e18b,,,,,,Belirsiz,,Tarih yok; varsayılan kapıdan geçmedi.,False,,,Yok,missing,False,2026-05-01,Tarih yok; varsayılan kapıdan geçmedi,Kampanya,True,Kampanya veya müşteri teklifi sinyali içeriyor.,Poor,False,detail_text_too_short,,2026-06-16T12:43:02.424458+00:00
RIAUD-9cf6fafbf4da,RUN-20260616124236,QNB Finansbank,REG-063,QNB KOBİ POS Çözümleri,Yazarkasa POS | QNB,https://www.qnb.com.tr/isim-icin/kobi/kobi-pos-cozumleri/yazar-kasa-pos,https://www.qnb.com.tr/isim-icin/kobi/kobi-pos-cozumleri/yazar-kasa-pos,yazarkasa pos | qnb,cba7c8bab59409b18e109bed06c77e2e31fd77d796fcd461c5ae1da74e1788ed,,,,,,Belirsiz,,Tarih yok; varsayılan kapıdan geçmedi.,False,,,Yok,missing,False,2026-05-01,Tarih yok; varsayılan kapıdan geçmedi,Kampanya,True,Kampanya veya müşteri teklifi sinyali içeriyor.,Poor,False,title_too_short,,2026-06-16T12:43:02.622886+00:00
RIAUD-f963902356cc,RUN-20260616124236,QNB Finansbank,REG-063,QNB KOBİ POS Çözümleri,LinkPOS | QNB,https://www.qnb.com.tr/linkpos,https://www.qnb.com.tr/linkpos,linkpos | qnb,f365028ce901fda6b7d66176441931aa1e183263431027326fd32320ebe38d5d,,,,,,Belirsiz,,Tarih yok; varsayılan kapıdan geçmedi.,False,,,Yok,missing,False,2026-05-01,Tarih yok; varsayılan kapıdan geçmedi,Kampanya,True,Kampanya veya müşteri teklifi sinyali içeriyor.,Poor,False,title_too_short,,2026-06-16T12:43:02.803891+00:00
RIAUD-5ca51ebd1e81,RUN-20260616124236,QNB Finansbank,REG-063,QNB KOBİ POS Çözümleri,Sanal POS Başvuru | QNB,https://www.qnb.com.tr/sanal-pos,https://www.qnb.com.tr/sanal-pos,sanal pos başvuru | qnb,27ecea26b58692c0a78696e86899bdbdc5b30480fb9e1b562b84bb6fe03d4431,,,,,,Belirsiz,,Tarih yok; varsayılan kapıdan geçmedi.,False,,,Yok,missing,False,2026-05-01,Tarih yok; varsayılan kapıdan geçmedi,Kampanya,True,Kampanya veya müşteri teklifi sinyali içeriyor.,Poor,False,detail_text_too_short,,2026-06-16T12:43:02.980198+00:00
RIAUD-9b31b4d64fe9,RUN-20260616124236,QNB Finansbank,REG-063,QNB KOBİ POS Çözümleri,CepPOS | QNB,https://www.qnb.com.tr/isim-icin/kobi/kobi-pos-cozumleri/ceppos,https://www.qnb.com.tr/isim-icin/kobi/kobi-pos-cozumleri/ceppos,ceppos | qnb,19deb2829b90602f1b70a9bc8046a984b65d1ca270ce0803edc1feb7adaa85e8,,,,,,Belirsiz,,Tarih yok; varsayılan kapıdan geçmedi.,False,,,Yok,missing,False,2026-05-01,Tarih yok; varsayılan kapıdan geçmedi,Kampanya,True,Kampanya veya müşteri teklifi sinyali içeriyor.,Poor,False,title_too_short,,2026-06-16T12:43:03.169194+00:00
RIAUD-a0c097fa71ca,RUN-20260616124236,QNB Finansbank,REG-063,QNB KOBİ POS Çözümleri,CepPOS | QNB,https://www.qnb.com.tr/isim-icin/kobi/kobi-pos-cozumleri/ceppos#pos_basvuru,https://www.qnb.com.tr/isim-icin/kobi/kobi-pos-cozumleri/ceppos,ceppos | qnb,19deb2829b90602f1b70a9bc8046a984b65d1ca270ce0803edc1feb7adaa85e8,,,,,,Belirsiz,,Tarih yok; varsayılan kapıdan geçmedi.,False,,,Yok,missing,False,2026-05-01,Tarih yok; varsayılan kapıdan geçmedi,Kampanya,True,Kampanya veya müşteri teklifi sinyali içeriyor.,Poor,False,title_too_short,,2026-06-16T12:43:03.346181+00:00
RIAUD-ede7a98f1365,RUN-20260616124236,QNB Finansbank,REG-063,QNB KOBİ POS Çözümleri,Mobil POS | QNB,https://www.qnb.com.tr/isim-icin/kobi/kobi-pos-cozumleri/mobil-pos,https://www.qnb.com.tr/isim-icin/kobi/kobi-pos-cozumleri/mobil-pos,mobil pos | qnb,74196b2d10358079ac6cd399701245ee6e44975bd0440082e3cbb68c8ff14832,,,,,,Belirsiz,,Tarih yok; varsayılan kapıdan geçmedi.,False,,,Yok,missing,False,2026-05-01,Tarih yok; varsayılan kapıdan geçmedi,Kampanya,True,Kampanya veya müşteri teklifi sinyali içeriyor.,Poor,False,title_too_short,,2026-06-16T12:43:03.513715+00:00
RIAUD-99ed1a4b15fd,RUN-20260616124236,QNB Finansbank,REG-063,QNB KOBİ POS Çözümleri,Temassız POS | QNB,https://www.qnb.com.tr/isim-icin/kobi/kobi-pos-cozumleri/temassiz-taksitli-pos,https://www.qnb.com.tr/isim-icin/kobi/kobi-pos-cozumleri/temassiz-taksitli-pos,temassız pos | qnb,d035dc9bcc58620e8b80b324595cae4aa7a54a4ed29360407b388df3d28a046d,,,,,,Belirsiz,,Tarih yok; varsayılan kapıdan geçmedi.,False,,,Yok,missing,False,2026-05-01,Tarih yok; varsayılan kapıdan geçmedi,Kampanya,True,Kampanya veya müşteri teklifi sinyali içeriyor.,Poor,False,title_too_short,,2026-06-16T12:43:03.699325+00:00
RIAUD-210a5efa9886,RUN-20260616124236,QNB Finansbank,REG-063,QNB KOBİ POS Çözümleri,POS Kılavuzu | QNB,https://www.qnb.com.tr/isim-icin/kobi/kobi-pos-cozumleri/pos-kilavuzu,https://www.qnb.com.tr/isim-icin/kobi/kobi-pos-cozumleri/pos-kilavuzu,pos kılavuzu | qnb,7a70c61e5b1f4c9e6a0a31681eb1ffe11bb6b55808eac7ab24b1512dae7e6547,,,,,,Belirsiz,,Tarih yok; varsayılan kapıdan geçmedi.,False,,,Yok,missing,False,2026-05-01,Tarih yok; varsayılan kapıdan geçmedi,Kampanya,True,Kampanya veya müşteri teklifi sinyali içeriyor.,Poor,False,title_too_short,,2026-06-16T12:43:03.901732+00:00
RIAUD-41e86a8185ad,RUN-20260616124236,QNB Finansbank,REG-063,QNB KOBİ POS Çözümleri,Dijital Slip | QNB,https://www.qnb.com.tr/isim-icin/kobi/kobi-pos-cozumleri/dijital-slip,https://www.qnb.com.tr/isim-icin/kobi/kobi-pos-cozumleri/dijital-slip,dijital slip | qnb,0f9f2149d51b79443597117998586a984e64bb7d7358c52a1fee031352c2c921,,,,,,Belirsiz,,Tarih yok; varsayılan kapıdan geçmedi.,False,,,Yok,missing,False,2026-05-01,Tarih yok; varsayılan kapıdan geçmedi,Kampanya,True,Kampanya veya müşteri teklifi sinyali içeriyor.,Poor,False,title_too_short,,2026-06-16T12:43:04.058765+00:00
RIAUD-4be927357d34,RUN-20260616124236,QNB Finansbank,REG-062,QNB Card KOBİ Ticari Kredi Kartı Kampanyaları,Dijital Kanallarımız Üzerinden İlk Kez Ticari Kredi Kartı Alan Müşterilerimize Her Yerde 3 Taksit Fırsatı! | QNB Kredi Kartı,https://www.qnbcard.com.tr/kartlar/ticari-kartlar/qnb-kobi-ticari-kredi-karti/qnb-kobi-ticari-kredi-karti-kampanyalari/dijital-kanallarimiz-uzerinden-ilk-kez-ticari-kredi-karti-alan-musterilerimize-her-yerde-3-taksit-firsati,https://www.qnbcard.com.tr/kartlar/ticari-kartlar/qnb-kobi-ticari-kredi-karti/qnb-kobi-ticari-kredi-karti-kampanyalari/dijital-kanallarimiz-uzerinden-ilk-kez-ticari-kredi-karti-alan-musterilerimize-her-yerde-3-taksit-firsati,dijital kanallarımız üzerinden i̇lk kez ticari kredi kartı alan müşterilerimize her yerde 3 taksit fırsatı! | qnb kredi kartı,dc9bef03f3eb956ad458d71508ae02184398f6e0590d2008d8a4e4939151d0c4,,,,,,Belirsiz,,Tarih yok; varsayılan kapıdan geçmedi.,False,,,Yok,missing,False,2026-05-01,Tarih yok; varsayılan kapıdan geçmedi,Kampanya,True,Kampanya veya müşteri teklifi sinyali içeriyor.,Medium,False,Tarih yok; varsayılan kapıdan geçmedi,,2026-06-16T12:43:04.276729+00:00
RIAUD-4a0eda46f4bf,RUN-20260616124236,QNB Finansbank,REG-062,QNB Card KOBİ Ticari Kredi Kartı Kampanyaları,Dijital Kanallarımız Üzerinden İlk Kez Ticari Kredi Kartı Alan Müşterilerimiz İlk Yıl Ticari Kart Yıllık Üyelik Ücreti Ödemiyor! | QNB Kredi Kartı,https://www.qnbcard.com.tr/kartlar/ticari-kartlar/qnb-kobi-ticari-kredi-karti/qnb-kobi-ticari-kredi-karti-kampanyalari/dijital-kanallarimiz-uzerinden-ilk-kez-ticari-kredi-karti-alan-musterilerimiz-ilk-yil-ticari-kart-yillik-uyelik-ucreti-odemiyor,https://www.qnbcard.com.tr/kartlar/ticari-kartlar/qnb-kobi-ticari-kredi-karti/qnb-kobi-ticari-kredi-karti-kampanyalari/dijital-kanallarimiz-uzerinden-ilk-kez-ticari-kredi-karti-alan-musterilerimiz-ilk-yil-ticari-kart-yillik-uyelik-ucreti-odemiyor,dijital kanallarımız üzerinden i̇lk kez ticari kredi kartı alan müşterilerimiz i̇lk yıl ticari kart yıllık üyelik ücreti ödemiyor! | qnb kredi kartı,8b36cd9102ddb3054db30f16cf8018cdf57b3bd56423fdc07837a1e7546fbdd0,,,,,,Belirsiz,,Tarih yok; varsayılan kapıdan geçmedi.,False,,,Yok,missing,False,2026-05-01,Tarih yok; varsayılan kapıdan geçmedi,Kampanya,True,Kampanya veya müşteri teklifi sinyali içeriyor.,Medium,False,Tarih yok; varsayılan kapıdan geçmedi,,2026-06-16T12:43:04.504687+00:00
RIAUD-8fb3f813b616,RUN-20260616124236,QNB Finansbank,REG-062,QNB Card KOBİ Ticari Kredi Kartı Kampanyaları,Mastercard X Galataport Otopark 1TL Kampanyası | QNB Kredi Kartı,https://www.qnbcard.com.tr/kartlar/ticari-kartlar/qnb-kobi-ticari-kredi-karti/qnb-kobi-ticari-kredi-karti-kampanyalari/mastercard-x-galataport-otopark-1tl-kampanyasi,https://www.qnbcard.com.tr/kartlar/ticari-kartlar/qnb-kobi-ticari-kredi-karti/qnb-kobi-ticari-kredi-karti-kampanyalari/mastercard-x-galataport-otopark-1tl-kampanyasi,mastercard x galataport otopark 1tl kampanyası | qnb kredi kartı,dd722abee5e6b755f240f6a76047b6657750aa40d5f3717b0c82b928faa587ab,,,,,,Belirsiz,,Tarih yok; varsayılan kapıdan geçmedi.,False,,,Yok,missing,False,2026-05-01,Tarih yok; varsayılan kapıdan geçmedi,Kampanya,True,Kampanya veya müşteri teklifi sinyali içeriyor.,Medium,False,Tarih yok; varsayılan kapıdan geçmedi,,2026-06-16T12:43:04.854625+00:00
RIAUD-7f096b95478e,RUN-20260616124236,QNB Finansbank,REG-062,QNB Card KOBİ Ticari Kredi Kartı Kampanyaları,Workinton Sanal Ofis Pratik Paket’te %50 İndirim Fırsatı! | QNB Kredi Kartı,https://www.qnbcard.com.tr/kartlar/ticari-kartlar/qnb-kobi-ticari-kredi-karti/qnb-kobi-ticari-kredi-karti-kampanyalari/workinton-sanal-ofis-pratik-pakette-50-indirim-firsati,https://www.qnbcard.com.tr/kartlar/ticari-kartlar/qnb-kobi-ticari-kredi-karti/qnb-kobi-ticari-kredi-karti-kampanyalari/workinton-sanal-ofis-pratik-pakette-50-indirim-firsati,workinton sanal ofis pratik paket’te %50 i̇ndirim fırsatı! | qnb kredi kartı,3071169a2e637ebd01e6cd0a0b46e85501bd3344ff4e045d3394cfefe4582b62,,,,,,Belirsiz,,Tarih yok; varsayılan kapıdan geçmedi.,False,,,Yok,missing,False,2026-05-01,Tarih yok; varsayılan kapıdan geçmedi,Kampanya,True,Kampanya veya müşteri teklifi sinyali içeriyor.,Medium,False,Tarih yok; varsayılan kapıdan geçmedi,,2026-06-16T12:43:05.199834+00:00
RIAUD-b0613029994f,RUN-20260616124236,QNB Finansbank,REG-062,QNB Card KOBİ Ticari Kredi Kartı Kampanyaları,Silver Logolu Mastercard Sahiplerine Özel Sabiha Gökçen İç Hatlar Terminali'nde Geçerli Ücretsiz Hızlı Geçiş! | QNB Kredi Kartı,https://www.qnbcard.com.tr/kartlar/ticari-kartlar/qnb-kobi-ticari-kredi-karti/qnb-kobi-ticari-kredi-karti-kampanyalari/silver-logolu-mastercard-sahiplerine-ozel-sabiha-gokcen-ic-hatlar-terminalinde-gecerli-ucretsiz-hizli-gecis,https://www.qnbcard.com.tr/kartlar/ticari-kartlar/qnb-kobi-ticari-kredi-karti/qnb-kobi-ticari-kredi-karti-kampanyalari/silver-logolu-mastercard-sahiplerine-ozel-sabiha-gokcen-ic-hatlar-terminalinde-gecerli-ucretsiz-hizli-gecis,silver logolu mastercard sahiplerine özel sabiha gökçen i̇ç hatlar terminali'nde geçerli ücretsiz hızlı geçiş! | qnb kredi kartı,36c25b8d4d3faaca72a3235dfd8d7aabe52188bf3f0967012de0390eb5bfd07b,,,,,,Belirsiz,,Tarih yok; varsayılan kapıdan geçmedi.,False,,,Yok,missing,False,2026-05-01,Tarih yok; varsayılan kapıdan geçmedi,Kampanya,True,Kampanya veya müşteri teklifi sinyali içeriyor.,Medium,False,Tarih yok; varsayılan kapıdan geçmedi,,2026-06-16T12:43:05.389746+00:00
RIAUD-4616a61ce3b4,RUN-20260616124236,QNB Finansbank,REG-062,QNB Card KOBİ Ticari Kredi Kartı Kampanyaları,Folio AI üyeliklerinde %25 indirim! | QNB Kredi Kartı,https://www.qnbcard.com.tr/kartlar/ticari-kartlar/qnb-kobi-ticari-kredi-karti/qnb-kobi-ticari-kredi-karti-kampanyalari/folio-ai-uyeliklerinde-25-indirim,https://www.qnbcard.com.tr/kartlar/ticari-kartlar/qnb-kobi-ticari-kredi-karti/qnb-kobi-ticari-kredi-karti-kampanyalari/folio-ai-uyeliklerinde-25-indirim,folio ai üyeliklerinde %25 indirim! | qnb kredi kartı,74cdce3945bc520a3d105c1827da37c82b023ce8cb9c37e7922c9684ab381ed4,,,,,,Belirsiz,,Tarih yok; varsayılan kapıdan geçmedi.,False,,,Yok,missing,False,2026-05-01,Tarih yok; varsayılan kapıdan geçmedi,Kampanya,True,Kampanya veya müşteri teklifi sinyali içeriyor.,Medium,False,Tarih yok; varsayılan kapıdan geçmedi,,2026-06-16T12:43:05.767064+00:00
RIAUD-cc39bc93b8e8,RUN-20260616124236,QNB Finansbank,REG-062,QNB Card KOBİ Ticari Kredi Kartı Kampanyaları,Silver Logolu Mastercard Sahiplerine Özel Sabiha Gökçen Dış Hatlar Terminali'nde Geçerli Ücretsiz Hızlı Geçiş! | QNB Kredi Kartı,https://www.qnbcard.com.tr/kartlar/ticari-kartlar/qnb-kobi-ticari-kredi-karti/qnb-kobi-ticari-kredi-karti-kampanyalari/silver-logolu-mastercard-sahiplerine-ozel-sabiha-gokcen-dis-hatlar-terminalinde-gecerli-ucretsiz-hizli-gecis,https://www.qnbcard.com.tr/kartlar/ticari-kartlar/qnb-kobi-ticari-kredi-karti/qnb-kobi-ticari-kredi-karti-kampanyalari/silver-logolu-mastercard-sahiplerine-ozel-sabiha-gokcen-dis-hatlar-terminalinde-gecerli-ucretsiz-hizli-gecis,silver logolu mastercard sahiplerine özel sabiha gökçen dış hatlar terminali'nde geçerli ücretsiz hızlı geçiş! | qnb kredi kartı,d1669cc174d8349a5a4e6d9a3cca49f4b90aa7b1bb6804c715f299ab16171100,,,,,,Belirsiz,,Tarih yok; varsayılan kapıdan geçmedi.,False,,,Yok,missing,False,2026-05-01,Tarih yok; varsayılan kapıdan geçmedi,Kampanya,True,Kampanya veya müşteri teklifi sinyali içeriyor.,Medium,False,Tarih yok; varsayılan kapıdan geçmedi,,2026-06-16T12:43:06.307336+00:00
RIAUD-5d46d2be22b3,RUN-20260616124236,QNB Finansbank,REG-061,QNB Finansbank Kampanyalar,Dijital Köprü’den Ömür Boyu Ücretsiz eFatura Desteği! | QNB,https://www.qnb.com.tr/kampanyalar/kobi-kampanyalari/dijital-kopruden-omur-boyu-ucretsiz-efatura-destegi-16586,https://www.qnb.com.tr/kampanyalar/kobi-kampanyalari/dijital-kopruden-omur-boyu-ucretsiz-efatura-destegi-16586,dijital köprü’den ömür boyu ücretsiz efatura desteği! | qnb,cf5450100220716160861156269be32e92715034d355f1d8fa55a881fb4724b9,20.12.2023,,,2023-12-20,,Kampanya Başlangıç Tarihi,2023-12-20,Kampanya başlangıç tarihi bulundu; recency için kullanıldı.,False,,2023-12-20,Orta,campaign_start_date,False,2026-05-01,Kesim tarihinden eski: 2023-12-20 < 2026-05-01,Kampanya,True,Kampanya veya müşteri teklifi sinyali içeriyor.,Poor,False,detail_text_too_short,,2026-06-16T12:43:06.787528+00:00
RIAUD-17dce7eebc54,RUN-20260616124446,QNB Finansbank,REG-068,QNB KOBİ Ticari Kredi Kartları,İşletmeler İçin Bankacılık Çözümleri | QNB,https://www.qnb.com.tr/isim-icin,https://www.qnb.com.tr/isim-icin,i̇şletmeler i̇çin bankacılık çözümleri | qnb,21ff048b95a6eb200cb4a668848f258c6a0d163a5a1bc64220e2e51f89fcf3fb,,,,,,Belirsiz,,Tarih yok; varsayılan kapıdan geçmedi.,False,,,Yok,missing,False,2026-05-01,Tarih yok; varsayılan kapıdan geçmedi,Kampanya,True,Kampanya veya müşteri teklifi sinyali içeriyor.,Poor,False,detail_text_too_short,,2026-06-16T12:44:46.938537+00:00
RIAUD-4cd2d8067186,RUN-20260616124446,QNB Finansbank,REG-068,QNB KOBİ Ticari Kredi Kartları,KOBİ | QNB,https://www.qnb.com.tr/isim-icin/kobi,https://www.qnb.com.tr/isim-icin/kobi,kobi̇ | qnb,7dcff5dc90b37717762781121829214a3ecf820fcec3d688c4d33f87e2feb85f,,,,,,Belirsiz,,Tarih yok; varsayılan kapıdan geçmedi.,False,,,Yok,missing,False,2026-05-01,Tarih yok; varsayılan kapıdan geçmedi,Kampanya,True,Kampanya veya müşteri teklifi sinyali içeriyor.,Poor,False,title_too_short,,2026-06-16T12:44:47.223146+00:00
RIAUD-7fdea4a1d0ab,RUN-20260616124446,QNB Finansbank,REG-068,QNB KOBİ Ticari Kredi Kartları,Kartlar | QNB,https://www.qnb.com.tr/isim-icin/kobi/kobi-ticari-kartlar,https://www.qnb.com.tr/isim-icin/kobi/kobi-ticari-kartlar,kartlar | qnb,bf26f622a76c3665fe64b9120d0276630fd52c4654ec9668fbd255b5d6fad2f1,,,,,,Belirsiz,,Tarih yok; varsayılan kapıdan geçmedi.,False,,,Yok,missing,False,2026-05-01,Tarih yok; varsayılan kapıdan geçmedi,Kampanya,True,Kampanya veya müşteri teklifi sinyali içeriyor.,Poor,False,title_too_short,,2026-06-16T12:44:47.373717+00:00
RIAUD-220470154a18,RUN-20260616124446,QNB Finansbank,REG-068,QNB KOBİ Ticari Kredi Kartları,QNB KOBİ Kredi Kartı | QNB,https://www.qnb.com.tr/qnb-kobi-kredi-karti,https://www.qnb.com.tr/qnb-kobi-kredi-karti,qnb kobi̇ kredi kartı | qnb,eb7df6d03fe4b9ddcb4e407e97f6de6bd578099467f5be0befd9ade03f26e497,,,,,,Belirsiz,,Tarih yok; varsayılan kapıdan geçmedi.,False,,,Yok,missing,False,2026-05-01,Tarih yok; varsayılan kapıdan geçmedi,Kampanya,True,Kampanya veya müşteri teklifi sinyali içeriyor.,Poor,False,detail_text_too_short,,2026-06-16T12:44:47.548433+00:00
RIAUD-5acc81acf05d,RUN-20260616124446,QNB Finansbank,REG-067,QNB KOBİ Rahat,Kobiler İçin Diğer Hizmetler ve Ürünler | QNB,https://www.qnb.com.tr/kobi-diger-hizmetler-ve-urunler,https://www.qnb.com.tr/kobi-diger-hizmetler-ve-urunler,kobiler i̇çin diğer hizmetler ve ürünler | qnb,81a47e6869026212a9af96cee27980725f98573b645ad16972ef5ab2de2a1910,,,,,,Belirsiz,,Tarih yok; varsayılan kapıdan geçmedi.,False,,,Yok,missing,False,2026-05-01,Tarih yok; varsayılan kapıdan geçmedi,Kampanya,True,Kampanya veya müşteri teklifi sinyali içeriyor.,Poor,False,detail_text_too_short,,2026-06-16T12:44:47.797777+00:00
RIAUD-ae1bc29242e0,RUN-20260616124446,QNB Finansbank,REG-067,QNB KOBİ Rahat,Kobiler İçin Mevduat Hesabı - Yatırım Ürünleri | QNB,https://www.qnb.com.tr/isim-icin/kobi/mevduat-ve-yatirim-urunleri,https://www.qnb.com.tr/isim-icin/kobi/mevduat-ve-yatirim-urunleri,kobiler i̇çin mevduat hesabı - yatırım ürünleri | qnb,683a49f511503622f61e76ebf9a7ba6c5e55f5657e9d13696996d3d451bc4785,,,,,,Belirsiz,,Tarih yok; varsayılan kapıdan geçmedi.,False,,,Yok,missing,False,2026-05-01,Tarih yok; varsayılan kapıdan geçmedi,Kampanya,True,Kampanya veya müşteri teklifi sinyali içeriyor.,Poor,False,detail_text_too_short,,2026-06-16T12:44:48.000984+00:00
RIAUD-87981f3cead3,RUN-20260616124446,QNB Finansbank,REG-067,QNB KOBİ Rahat,KOBİ Nakit Yönetim ve Tahsilat Ürünleri | QNB,https://www.qnb.com.tr/kobi-nakit-yonetimi-ve-tahsilat-urunleri,https://www.qnb.com.tr/kobi-nakit-yonetimi-ve-tahsilat-urunleri,kobi̇ nakit yönetim ve tahsilat ürünleri | qnb,7d520fda74d321cfdabf71424638a7832837f33bd332310baf5a0ab26bbfe0fa,,,,,,Belirsiz,,Tarih yok; varsayılan kapıdan geçmedi.,False,,,Yok,missing,False,2026-05-01,Tarih yok; varsayılan kapıdan geçmedi,Kampanya,True,Kampanya veya müşteri teklifi sinyali içeriyor.,Poor,False,detail_text_too_short,,2026-06-16T12:44:48.161857+00:00
RIAUD-79810bb6a781,RUN-20260616124446,QNB Finansbank,REG-067,QNB KOBİ Rahat,KOBİ - Ömür Boyu Havale Ücreti Yok | QNB,https://www.qnb.com.tr/isim-icin/kobi/diger-hizmetler-ve-urunler/qnbde-omur-boyu-havale-ucreti-yok,https://www.qnb.com.tr/isim-icin/kobi/diger-hizmetler-ve-urunler/qnbde-omur-boyu-havale-ucreti-yok,kobi̇ - ömür boyu havale ücreti yok | qnb,343bc2a78d7de0ea1bf16211d1450e63671ba0795ff79bfb253730894b36eecc,,,,,,Belirsiz,,Tarih yok; varsayılan kapıdan geçmedi.,False,,,Yok,missing,False,2026-05-01,Tarih yok; varsayılan kapıdan geçmedi,Kampanya,True,Kampanya veya müşteri teklifi sinyali içeriyor.,Poor,False,detail_text_too_short,,2026-06-16T12:44:48.325707+00:00
RIAUD-219eafb9a940,RUN-20260616124446,QNB Finansbank,REG-067,QNB KOBİ Rahat,Karekodla yapacağınız para transferleriniz anında hesabınızda! | QNB,https://www.qnb.com.tr/isim-icin/kobi/diger-hizmetler-ve-urunler/karekodla-yapacaginiz-para-transferleriniz-aninda-hesabinizda,https://www.qnb.com.tr/isim-icin/kobi/diger-hizmetler-ve-urunler/karekodla-yapacaginiz-para-transferleriniz-aninda-hesabinizda,karekodla yapacağınız para transferleriniz anında hesabınızda! | qnb,038cec81a8f33ffda26e4620be4a511a1c96b9269abfe696cee65844ffc0b379,,,,,,Belirsiz,,Tarih yok; varsayılan kapıdan geçmedi.,False,,,Yok,missing,False,2026-05-01,Tarih yok; varsayılan kapıdan geçmedi,Kampanya,True,Kampanya veya müşteri teklifi sinyali içeriyor.,Poor,False,detail_text_too_short,,2026-06-16T12:44:48.490241+00:00
RIAUD-af10841edd42,RUN-20260616124446,QNB Finansbank,REG-067,QNB KOBİ Rahat,QNB'den Mali Müşavir Avantaj Seti | QNB,https://www.qnb.com.tr/isim-icin/kobi/diger-hizmetler-ve-urunler/qnbden-mali-musavir-avantaj-seti,https://www.qnb.com.tr/isim-icin/kobi/diger-hizmetler-ve-urunler/qnbden-mali-musavir-avantaj-seti,qnb'den mali müşavir avantaj seti | qnb,48eb7aebedba561f35b8afca7f3bd7f80ec133945da4fa570c44efd47c134c9a,,,,,,Belirsiz,,Tarih yok; varsayılan kapıdan geçmedi.,False,,,Yok,missing,False,2026-05-01,Tarih yok; varsayılan kapıdan geçmedi,Kampanya,True,Kampanya veya müşteri teklifi sinyali içeriyor.,Poor,False,detail_text_too_short,,2026-06-16T12:44:48.648824+00:00
RIAUD-31af50aba5fd,RUN-20260616124446,QNB Finansbank,REG-067,QNB KOBİ Rahat,Kentsel Dönüşüm / Yap - Sat | QNB,https://www.qnb.com.tr/kobi-kentsel-donusum-yap-sat,https://www.qnb.com.tr/kobi-kentsel-donusum-yap-sat,kentsel dönüşüm / yap - sat | qnb,2d61dd99c1c3e07b476637f45cdc8e87e691f4f822a99cb4d6f2cacb6aef8013,,,,,,Belirsiz,,Tarih yok; varsayılan kapıdan geçmedi.,False,,,Yok,missing,False,2026-05-01,Tarih yok; varsayılan kapıdan geçmedi,Kampanya,True,Kampanya veya müşteri teklifi sinyali içeriyor.,Poor,False,detail_text_too_short,,2026-06-16T12:44:48.817427+00:00
RIAUD-6925f53ddb4a,RUN-20260616124446,QNB Finansbank,REG-067,QNB KOBİ Rahat,Müşteri Bilgilendirme Hizmeti | QNB,https://www.qnb.com.tr/kobi-musteri-bilgilendirme-hizmeti,https://www.qnb.com.tr/kobi-musteri-bilgilendirme-hizmeti,müşteri bilgilendirme hizmeti | qnb,62c2703fc122926ed8b41091c781d789263797097925a936c599706080abaabb,,,,,,Belirsiz,,Tarih yok; varsayılan kapıdan geçmedi.,False,,,Yok,missing,False,2026-05-01,Tarih yok; varsayılan kapıdan geçmedi,Kampanya,True,Kampanya veya müşteri teklifi sinyali içeriyor.,Poor,False,detail_text_too_short,,2026-06-16T12:44:48.975290+00:00
RIAUD-487ddd91d46d,RUN-20260616124446,QNB Finansbank,REG-067,QNB KOBİ Rahat,Findeks Ticari Paketleri | QNB,https://www.qnb.com.tr/isim-icin/kobi/findeks-ticari-paketleri,https://www.qnb.com.tr/isim-icin/kobi/findeks-ticari-paketleri,findeks ticari paketleri | qnb,002376c5b39a7bf9f307db09bda2ebff44b0fc43b74995a9dd28ce100611ce9d,,,,,,Belirsiz,,Tarih yok; varsayılan kapıdan geçmedi.,False,,,Yok,missing,False,2026-05-01,Tarih yok; varsayılan kapıdan geçmedi,Kampanya,True,Kampanya veya müşteri teklifi sinyali içeriyor.,Poor,False,detail_text_too_short,,2026-06-16T12:44:49.126100+00:00
RIAUD-43af6803ae40,RUN-20260616124446,QNB Finansbank,REG-067,QNB KOBİ Rahat,İşletmeler İçin Bankacılık Çözümleri | QNB,https://www.qnb.com.tr/isim-icin,https://www.qnb.com.tr/isim-icin,i̇şletmeler i̇çin bankacılık çözümleri | qnb,21ff048b95a6eb200cb4a668848f258c6a0d163a5a1bc64220e2e51f89fcf3fb,,,,,,Belirsiz,,Tarih yok; varsayılan kapıdan geçmedi.,False,,,Yok,missing,False,2026-05-01,Tarih yok; varsayılan kapıdan geçmedi,Kampanya,True,Kampanya veya müşteri teklifi sinyali içeriyor.,Poor,False,detail_text_too_short,,2026-06-16T12:44:49.294387+00:00
RIAUD-7400b39bc53c,RUN-20260616124446,QNB Finansbank,REG-067,QNB KOBİ Rahat,KOBİ | QNB,https://www.qnb.com.tr/isim-icin/kobi,https://www.qnb.com.tr/isim-icin/kobi,kobi̇ | qnb,7dcff5dc90b37717762781121829214a3ecf820fcec3d688c4d33f87e2feb85f,,,,,,Belirsiz,,Tarih yok; varsayılan kapıdan geçmedi.,False,,,Yok,missing,False,2026-05-01,Tarih yok; varsayılan kapıdan geçmedi,Kampanya,True,Kampanya veya müşteri teklifi sinyali içeriyor.,Poor,False,title_too_short,,2026-06-16T12:44:49.588357+00:00
RIAUD-d19ec0360ee8,RUN-20260616124446,QNB Finansbank,REG-067,QNB KOBİ Rahat,Kobi Kredisi & Kobi Kredisi Hesaplama | QNB,https://www.qnb.com.tr/kobi-kredileri,https://www.qnb.com.tr/kobi-kredileri,kobi kredisi & kobi kredisi hesaplama | qnb,f5e043c2cb9f1a423ababc128bf3b0f44f01f338d8ba3629110300f8f30172e5,,,,,,Belirsiz,,Tarih yok; varsayılan kapıdan geçmedi.,False,,,Yok,missing,False,2026-05-01,Tarih yok; varsayılan kapıdan geçmedi,Statik Ürün Sayfası,False,"Statik ürün, yardım, giriş veya navigasyon içeriği gibi görünüyor.",Poor,False,detail_text_too_short,,2026-06-16T12:44:49.908173+00:00
RIAUD-664c1188d339,RUN-20260616124446,QNB Finansbank,REG-067,QNB KOBİ Rahat,Esnaf Kredisi & Esnaf Kredisi Hesaplama | QNB,https://www.qnb.com.tr/isim-icin/kobi/krediler/esnaf-kredileri,https://www.qnb.com.tr/isim-icin/kobi/krediler/esnaf-kredileri,esnaf kredisi & esnaf kredisi hesaplama | qnb,eb2aa3421102013984b51cb7f8e75f9e99bd987062ae559b8b6d5f4861a02040,,,,,,Belirsiz,,Tarih yok; varsayılan kapıdan geçmedi.,False,,,Yok,missing,False,2026-05-01,Tarih yok; varsayılan kapıdan geçmedi,Statik Ürün Sayfası,False,"Statik ürün, yardım, giriş veya navigasyon içeriği gibi görünüyor.",Poor,False,detail_text_too_short,,2026-06-16T12:44:50.067452+00:00
RIAUD-adb7d64c517d,RUN-20260616124446,QNB Finansbank,REG-067,QNB KOBİ Rahat,Kobi POS Çözümleri | QNB,https://www.qnb.com.tr/isim-icin/kobi/kobi-pos-cozumleri,https://www.qnb.com.tr/isim-icin/kobi/kobi-pos-cozumleri,kobi pos çözümleri | qnb,b2a52c411997ebfeabd7eca73445bd87184f24bda86fe279ad8887cb77a99f00,,,,,,Belirsiz,,Tarih yok; varsayılan kapıdan geçmedi.,False,,,Yok,missing,False,2026-05-01,Tarih yok; varsayılan kapıdan geçmedi,Kampanya,True,Kampanya veya müşteri teklifi sinyali içeriyor.,Poor,False,detail_text_too_short,,2026-06-16T12:44:50.555755+00:00
RIAUD-44f1c9db8dfe,RUN-20260616124446,QNB Finansbank,REG-067,QNB KOBİ Rahat,Kartlar | QNB,https://www.qnb.com.tr/isim-icin/kobi/kobi-ticari-kartlar,https://www.qnb.com.tr/isim-icin/kobi/kobi-ticari-kartlar,kartlar | qnb,bf26f622a76c3665fe64b9120d0276630fd52c4654ec9668fbd255b5d6fad2f1,,,,,,Belirsiz,,Tarih yok; varsayılan kapıdan geçmedi.,False,,,Yok,missing,False,2026-05-01,Tarih yok; varsayılan kapıdan geçmedi,Kampanya,True,Kampanya veya müşteri teklifi sinyali içeriyor.,Poor,False,title_too_short,,2026-06-16T12:44:51.496387+00:00
RIAUD-83ccfc485eb8,RUN-20260616124446,QNB Finansbank,REG-067,QNB KOBİ Rahat,Kazananlar Kulübü | QNB,https://www.qnb.com.tr/isim-icin/kobi/kazananlar-kulubu,https://www.qnb.com.tr/isim-icin/kobi/kazananlar-kulubu,kazananlar kulübü | qnb,c290176bdbc30d4ad394c28ee403568fde00bc92a04eb9b41988b0804c323ddd,,,,,,Belirsiz,,Tarih yok; varsayılan kapıdan geçmedi.,False,,,Yok,missing,False,2026-05-01,Tarih yok; varsayılan kapıdan geçmedi,Kampanya,True,Kampanya veya müşteri teklifi sinyali içeriyor.,Poor,False,detail_text_too_short,,2026-06-16T12:44:51.823102+00:00
RIAUD-0af033625124,RUN-20260616124446,QNB Finansbank,REG-067,QNB KOBİ Rahat,QNB KOBİ Sigortaları,https://www.qnb.com.tr/kobi-sigortalar,https://www.qnb.com.tr/kobi-sigortalar,qnb kobi̇ sigortaları,d24304b541002879e37fb24183982e801ef21087614a1f146787b2a2330208aa,,,,,,Belirsiz,,Tarih yok; varsayılan kapıdan geçmedi.,False,,,Yok,missing,False,2026-05-01,Tarih yok; varsayılan kapıdan geçmedi,Kampanya,True,Kampanya veya müşteri teklifi sinyali içeriyor.,Poor,False,detail_text_too_short,,2026-06-16T12:44:52.050710+00:00
RIAUD-40120544dc50,RUN-20260616124446,QNB Finansbank,REG-067,QNB KOBİ Rahat,KOBİ'ler için Leasıng ve Factoring Çözümleri | QNB,https://www.qnb.com.tr/kobi-leasing-and-faktoring,https://www.qnb.com.tr/kobi-leasing-and-faktoring,kobi̇'ler için leasıng ve factoring çözümleri | qnb,eb7afe403e7050fb09a0e2a9e677d8cb78776a6e3e21bf8a36b6743520a7ef97,,,,,,Belirsiz,,Tarih yok; varsayılan kapıdan geçmedi.,False,,,Yok,missing,False,2026-05-01,Tarih yok; varsayılan kapıdan geçmedi,Kampanya,True,Kampanya veya müşteri teklifi sinyali içeriyor.,Poor,False,detail_text_too_short,,2026-06-16T12:44:52.217753+00:00
RIAUD-16877ea0f884,RUN-20260616124446,QNB Finansbank,REG-066,QNB KOBİ Kredileri,İhtiyaca Özel KOBİ Kredileri | QNB,https://www.qnb.com.tr/kobi-ihtiyac-kredileri,https://www.qnb.com.tr/kobi-ihtiyac-kredileri,i̇htiyaca özel kobi̇ kredileri | qnb,213e20a04ff139f67e811c7e71c0ba0aad897ba355046a75d98aebe794ad6b87,,,,,,Belirsiz,,Tarih yok; varsayılan kapıdan geçmedi.,False,,,Yok,missing,False,2026-05-01,Tarih yok; varsayılan kapıdan geçmedi,Kampanya,True,Kampanya veya müşteri teklifi sinyali içeriyor.,Poor,False,detail_text_too_short,,2026-06-16T12:44:52.418579+00:00
RIAUD-3196fce2c0ce,RUN-20260616124446,QNB Finansbank,REG-066,QNB KOBİ Kredileri,KOBİlere Özel Yeşil Dönüşüm Kredisi | QNB,https://www.qnb.com.tr/isim-icin/kobi/krediler/yesili-arttikca-faizi-dusen-kredi,https://www.qnb.com.tr/isim-icin/kobi/krediler/yesili-arttikca-faizi-dusen-kredi,kobi̇lere özel yeşil dönüşüm kredisi | qnb,d7653cbd25787b24f1853995549cf3ed41c2f9244d56cca6ccbd7144a26aac02,,,,,,Belirsiz,,Tarih yok; varsayılan kapıdan geçmedi.,False,,,Yok,missing,False,2026-05-01,Tarih yok; varsayılan kapıdan geçmedi,Kampanya,True,Kampanya veya müşteri teklifi sinyali içeriyor.,Poor,False,detail_text_too_short,,2026-06-16T12:44:52.589039+00:00
RIAUD-22441cae9ecb,RUN-20260616124446,QNB Finansbank,REG-066,QNB KOBİ Kredileri,İşletmeler İçin Bankacılık Çözümleri | QNB,https://www.qnb.com.tr/isim-icin,https://www.qnb.com.tr/isim-icin,i̇şletmeler i̇çin bankacılık çözümleri | qnb,21ff048b95a6eb200cb4a668848f258c6a0d163a5a1bc64220e2e51f89fcf3fb,,,,,,Belirsiz,,Tarih yok; varsayılan kapıdan geçmedi.,False,,,Yok,missing,False,2026-05-01,Tarih yok; varsayılan kapıdan geçmedi,Kampanya,True,Kampanya veya müşteri teklifi sinyali içeriyor.,Poor,False,detail_text_too_short,,2026-06-16T12:44:52.769285+00:00
RIAUD-d6f9308797d4,RUN-20260616124446,QNB Finansbank,REG-066,QNB KOBİ Kredileri,KOBİ | QNB,https://www.qnb.com.tr/isim-icin/kobi,https://www.qnb.com.tr/isim-icin/kobi,kobi̇ | qnb,7dcff5dc90b37717762781121829214a3ecf820fcec3d688c4d33f87e2feb85f,,,,,,Belirsiz,,Tarih yok; varsayılan kapıdan geçmedi.,False,,,Yok,missing,False,2026-05-01,Tarih yok; varsayılan kapıdan geçmedi,Kampanya,True,Kampanya veya müşteri teklifi sinyali içeriyor.,Poor,False,title_too_short,,2026-06-16T12:44:53.056231+00:00
RIAUD-347348183578,RUN-20260616124446,QNB Finansbank,REG-066,QNB KOBİ Kredileri,KOBİ'lere İnternetten Kredi | QNB,https://www.qnb.com.tr/kobilere-mobil-ve-internetten-kredi,https://www.qnb.com.tr/kobilere-mobil-ve-internetten-kredi,kobi̇'lere i̇nternetten kredi | qnb,5dd11760dc3744ad9a679dae5a1835b2128e52407beb40f4ac53f03768682c03,,,,,,Belirsiz,,Tarih yok; varsayılan kapıdan geçmedi.,False,,,Yok,missing,False,2026-05-01,Tarih yok; varsayılan kapıdan geçmedi,Kampanya,True,Kampanya veya müşteri teklifi sinyali içeriyor.,Poor,False,detail_text_too_short,,2026-06-16T12:44:53.214464+00:00
RIAUD-fe1c14e42276,RUN-20260616124446,QNB Finansbank,REG-066,QNB KOBİ Kredileri,İpotekli Taksitli Kredi - Teminatlı - 72 Ay Vadeli | QNB,https://www.qnb.com.tr/ipotek-teminatli-taksitli-kobi-ticari-kredi,https://www.qnb.com.tr/ipotek-teminatli-taksitli-kobi-ticari-kredi,i̇potekli taksitli kredi - teminatlı - 72 ay vadeli | qnb,eb204150f6a808c77a9ae82c699d427bc1abfed0ea71f420ff4a4c14d7fc7187,,,,,,Belirsiz,,Tarih yok; varsayılan kapıdan geçmedi.,False,,,Yok,missing,False,2026-05-01,Tarih yok; varsayılan kapıdan geçmedi,Kampanya,True,Kampanya veya müşteri teklifi sinyali içeriyor.,Poor,False,detail_text_too_short,,2026-06-16T12:44:53.371614+00:00
RIAUD-38565a51b29e,RUN-20260616124446,QNB Finansbank,REG-066,QNB KOBİ Kredileri,Diğer Krediler | QNB,https://www.qnb.com.tr/isim-icin/kobi/krediler/kobi-destek-kredileri/diger-krediler,https://www.qnb.com.tr/isim-icin/kobi/krediler/kobi-destek-kredileri/diger-krediler,diğer krediler | qnb,8e3bcf792ce395ac7d67941d700417a0033cf95ec23f6e6305ee3fbbc639d106,,,,,,Belirsiz,,Tarih yok; varsayılan kapıdan geçmedi.,False,,,Yok,missing,False,2026-05-01,Tarih yok; varsayılan kapıdan geçmedi,Kampanya,True,Kampanya veya müşteri teklifi sinyali içeriyor.,Poor,False,detail_text_too_short,,2026-06-16T12:44:53.570099+00:00
RIAUD-9c0a03bcea86,RUN-20260616124446,QNB Finansbank,REG-066,QNB KOBİ Kredileri,Nakdi KOBİ Destek Kredileri | QNB,https://www.qnb.com.tr/kobi-nakdi-krediler,https://www.qnb.com.tr/kobi-nakdi-krediler,nakdi kobi̇ destek kredileri | qnb,38fe1c0acc0c58aefef9ce7f55ccaf1fcb1ff6b254a00cdaa859c363ff2611ef,,,,,,Belirsiz,,Tarih yok; varsayılan kapıdan geçmedi.,False,,,Yok,missing,False,2026-05-01,Tarih yok; varsayılan kapıdan geçmedi,Kampanya,True,Kampanya veya müşteri teklifi sinyali içeriyor.,Poor,False,detail_text_too_short,,2026-06-16T12:44:53.740839+00:00
RIAUD-b1eff5e32d0a,RUN-20260616124446,QNB Finansbank,REG-066,QNB KOBİ Kredileri,Gayrinakdi KOBİ Destek Kredileri | QNB,https://www.qnb.com.tr/kobi-gayrinakdi-krediler,https://www.qnb.com.tr/kobi-gayrinakdi-krediler,gayrinakdi kobi̇ destek kredileri | qnb,b4bac3d0333e923ebee16d03a635d150c66aa407927402cb8cd50b7a90bc7b6f,,,,,,Belirsiz,,Tarih yok; varsayılan kapıdan geçmedi.,False,,,Yok,missing,False,2026-05-01,Tarih yok; varsayılan kapıdan geçmedi,Kampanya,True,Kampanya veya müşteri teklifi sinyali içeriyor.,Poor,False,detail_text_too_short,,2026-06-16T12:44:53.955093+00:00
RIAUD-133c67209f5c,RUN-20260616124446,QNB Finansbank,REG-066,QNB KOBİ Kredileri,KOBİNakit Hesap | QNB,https://www.qnb.com.tr/isim-icin/kobi/krediler/kobinakit-hesap,https://www.qnb.com.tr/isim-icin/kobi/krediler/kobinakit-hesap,kobi̇nakit hesap | qnb,29a2eda4ad579147feb588d1d2e592c06532a2922b14d6a7add2ce8c3063d6e8,,,,,,Belirsiz,,Tarih yok; varsayılan kapıdan geçmedi.,False,,,Yok,missing,False,2026-05-01,Tarih yok; varsayılan kapıdan geçmedi,Kampanya,True,Kampanya veya müşteri teklifi sinyali içeriyor.,Poor,False,detail_text_too_short,,2026-06-16T12:44:54.125043+00:00
RIAUD-b9442d641d19,RUN-20260616124446,QNB Finansbank,REG-066,QNB KOBİ Kredileri,Mavi Kredi Programı | QNB,https://www.qnb.com.tr/isim-icin/kobi/krediler/mavi-kredi-programi,https://www.qnb.com.tr/isim-icin/kobi/krediler/mavi-kredi-programi,mavi kredi programı | qnb,834dec42500777ffb8488f39869672061647fefd0662e062a97c38a40cd92c6b,,,,,,Belirsiz,,Tarih yok; varsayılan kapıdan geçmedi.,False,,,Yok,missing,False,2026-05-01,Tarih yok; varsayılan kapıdan geçmedi,Kampanya,True,Kampanya veya müşteri teklifi sinyali içeriyor.,Poor,False,detail_text_too_short,,2026-06-16T12:44:54.294586+00:00
RIAUD-898a2e6ca107,RUN-20260616124446,QNB Finansbank,REG-066,QNB KOBİ Kredileri,Esnaf Kredisi & Esnaf Kredisi Hesaplama | QNB,https://www.qnb.com.tr/isim-icin/kobi/krediler/esnaf-kredileri,https://www.qnb.com.tr/isim-icin/kobi/krediler/esnaf-kredileri,esnaf kredisi & esnaf kredisi hesaplama | qnb,eb2aa3421102013984b51cb7f8e75f9e99bd987062ae559b8b6d5f4861a02040,,,,,,Belirsiz,,Tarih yok; varsayılan kapıdan geçmedi.,False,,,Yok,missing,False,2026-05-01,Tarih yok; varsayılan kapıdan geçmedi,Statik Ürün Sayfası,False,"Statik ürün, yardım, giriş veya navigasyon içeriği gibi görünüyor.",Poor,False,detail_text_too_short,,2026-06-16T12:44:54.451777+00:00
RIAUD-190164e9c4f2,RUN-20260616124446,QNB Finansbank,REG-065,QNB Yazar Kasa POS,KOBİ Kampanyaları | QNB,https://www.qnb.com.tr/kampanyalar/kobi-kampanyalari,https://www.qnb.com.tr/kampanyalar/kobi-kampanyalari,kobi̇ kampanyaları | qnb,af30b1020adff5b1f34c390163096d1847f7f66c98ef9adf46ed4aadc8a094dd,,,,,,Belirsiz,,Tarih yok; varsayılan kapıdan geçmedi.,False,,,Yok,missing,False,2026-05-01,Tarih yok; varsayılan kapıdan geçmedi,Kampanya,True,Kampanya veya müşteri teklifi sinyali içeriyor.,Poor,False,detail_text_too_short,,2026-06-16T12:44:54.636504+00:00
RIAUD-20ef6684a2e2,RUN-20260616124446,QNB Finansbank,REG-065,QNB Yazar Kasa POS,Kobiler İçin Mevduat Hesabı - Yatırım Ürünleri | QNB,https://www.qnb.com.tr/isim-icin/kobi/mevduat-ve-yatirim-urunleri,https://www.qnb.com.tr/isim-icin/kobi/mevduat-ve-yatirim-urunleri,kobiler i̇çin mevduat hesabı - yatırım ürünleri | qnb,683a49f511503622f61e76ebf9a7ba6c5e55f5657e9d13696996d3d451bc4785,,,,,,Belirsiz,,Tarih yok; varsayılan kapıdan geçmedi.,False,,,Yok,missing,False,2026-05-01,Tarih yok; varsayılan kapıdan geçmedi,Kampanya,True,Kampanya veya müşteri teklifi sinyali içeriyor.,Poor,False,detail_text_too_short,,2026-06-16T12:44:54.840533+00:00
RIAUD-b177dc86c11c,RUN-20260616124446,QNB Finansbank,REG-065,QNB Yazar Kasa POS,Link POS & Sanal POS Üye İşyeri Giriş Ekranı | QNB,https://www.qnb.com.tr/isim-icin/kobi/kobi-pos-cozumleri/link-pos-and-sanal-pos-uye-isyeri-giris-ekrani,https://www.qnb.com.tr/isim-icin/kobi/kobi-pos-cozumleri/link-pos-and-sanal-pos-uye-isyeri-giris-ekrani,link pos & sanal pos üye i̇şyeri giriş ekranı | qnb,a2ac38e4a19bd66f88cc18e049b9ac2e8c3471391f0a02eaedaf7b0c36fd7667,,,,,,Belirsiz,,Tarih yok; varsayılan kapıdan geçmedi.,False,,,Yok,missing,False,2026-05-01,Tarih yok; varsayılan kapıdan geçmedi,Statik Ürün Sayfası,False,"Statik ürün, yardım, giriş veya navigasyon içeriği gibi görünüyor.",Poor,False,detail_text_too_short,,2026-06-16T12:44:55.091002+00:00
RIAUD-3f3a37986dec,RUN-20260616124446,QNB Finansbank,REG-065,QNB Yazar Kasa POS,POS Başvurusu Şimdi QNB Mobil’de | QNB,https://www.qnb.com.tr/isim-icin/kobi/kobi-pos-cozumleri/pos-basvurusu-qnb-mobilde,https://www.qnb.com.tr/isim-icin/kobi/kobi-pos-cozumleri/pos-basvurusu-qnb-mobilde,pos başvurusu şimdi qnb mobil’de | qnb,c857437d16ebb003123db8d6abcd9c319a95df295472b002b256941f081e648a,,,,,,Belirsiz,,Tarih yok; varsayılan kapıdan geçmedi.,False,,,Yok,missing,False,2026-05-01,Tarih yok; varsayılan kapıdan geçmedi,Kampanya,True,Kampanya veya müşteri teklifi sinyali içeriyor.,Poor,False,detail_text_too_short,,2026-06-16T12:44:55.290872+00:00
RIAUD-74986e610f90,RUN-20260616124446,QNB Finansbank,REG-065,QNB Yazar Kasa POS,Karekod (QR Kod) ile Ödeme Alma | QNB,https://www.qnb.com.tr/isim-icin/kobi/kobi-pos-cozumleri/pos-qr-kod,https://www.qnb.com.tr/isim-icin/kobi/kobi-pos-cozumleri/pos-qr-kod,karekod (qr kod) ile ödeme alma | qnb,e6663ddf4f4db2ac28aac85388d9a755310b7f562400c4234cff76cc836158d2,,,,,,Belirsiz,,Tarih yok; varsayılan kapıdan geçmedi.,False,,,Yok,missing,False,2026-05-01,Tarih yok; varsayılan kapıdan geçmedi,Kampanya,True,Kampanya veya müşteri teklifi sinyali içeriyor.,Poor,False,detail_text_too_short,,2026-06-16T12:44:55.484908+00:00
RIAUD-53c5ff5fc307,RUN-20260616124446,QNB Finansbank,REG-065,QNB Yazar Kasa POS,Düzenli Tahsilat Kolay | QNB,https://www.qnb.com.tr/isim-icin/kobi/kobi-pos-cozumleri/tahsilat-kolay,https://www.qnb.com.tr/isim-icin/kobi/kobi-pos-cozumleri/tahsilat-kolay,düzenli tahsilat kolay | qnb,c422122e1d4d89a44ef74438b02fcfc4e41482f6ca956956d6638d14b58799fa,,,,,,Belirsiz,,Tarih yok; varsayılan kapıdan geçmedi.,False,,,Yok,missing,False,2026-05-01,Tarih yok; varsayılan kapıdan geçmedi,Kampanya,True,Kampanya veya müşteri teklifi sinyali içeriyor.,Poor,False,detail_text_too_short,,2026-06-16T12:44:55.664518+00:00
RIAUD-1be9bcaa9b6a,RUN-20260616124446,QNB Finansbank,REG-065,QNB Yazar Kasa POS,KOBİ Nakit Yönetim ve Tahsilat Ürünleri | QNB,https://www.qnb.com.tr/kobi-nakit-yonetimi-ve-tahsilat-urunleri,https://www.qnb.com.tr/kobi-nakit-yonetimi-ve-tahsilat-urunleri,kobi̇ nakit yönetim ve tahsilat ürünleri | qnb,7d520fda74d321cfdabf71424638a7832837f33bd332310baf5a0ab26bbfe0fa,,,,,,Belirsiz,,Tarih yok; varsayılan kapıdan geçmedi.,False,,,Yok,missing,False,2026-05-01,Tarih yok; varsayılan kapıdan geçmedi,Kampanya,True,Kampanya veya müşteri teklifi sinyali içeriyor.,Poor,False,detail_text_too_short,,2026-06-16T12:44:55.835135+00:00
RIAUD-3c82d1f24037,RUN-20260616124446,QNB Finansbank,REG-065,QNB Yazar Kasa POS,Kobiler İçin Diğer Hizmetler ve Ürünler | QNB,https://www.qnb.com.tr/kobi-diger-hizmetler-ve-urunler,https://www.qnb.com.tr/kobi-diger-hizmetler-ve-urunler,kobiler i̇çin diğer hizmetler ve ürünler | qnb,81a47e6869026212a9af96cee27980725f98573b645ad16972ef5ab2de2a1910,,,,,,Belirsiz,,Tarih yok; varsayılan kapıdan geçmedi.,False,,,Yok,missing,False,2026-05-01,Tarih yok; varsayılan kapıdan geçmedi,Kampanya,True,Kampanya veya müşteri teklifi sinyali içeriyor.,Poor,False,detail_text_too_short,,2026-06-16T12:44:56.111416+00:00
RIAUD-53f1e4699d14,RUN-20260616124446,QNB Finansbank,REG-065,QNB Yazar Kasa POS,Findeks Ticari Paketleri | QNB,https://www.qnb.com.tr/isim-icin/kobi/findeks-ticari-paketleri,https://www.qnb.com.tr/isim-icin/kobi/findeks-ticari-paketleri,findeks ticari paketleri | qnb,002376c5b39a7bf9f307db09bda2ebff44b0fc43b74995a9dd28ce100611ce9d,,,,,,Belirsiz,,Tarih yok; varsayılan kapıdan geçmedi.,False,,,Yok,missing,False,2026-05-01,Tarih yok; varsayılan kapıdan geçmedi,Kampanya,True,Kampanya veya müşteri teklifi sinyali içeriyor.,Poor,False,detail_text_too_short,,2026-06-16T12:44:56.262970+00:00
RIAUD-cbeb42a9acc8,RUN-20260616124446,QNB Finansbank,REG-065,QNB Yazar Kasa POS,İşletmeler İçin Bankacılık Çözümleri | QNB,https://www.qnb.com.tr/isim-icin,https://www.qnb.com.tr/isim-icin,i̇şletmeler i̇çin bankacılık çözümleri | qnb,21ff048b95a6eb200cb4a668848f258c6a0d163a5a1bc64220e2e51f89fcf3fb,,,,,,Belirsiz,,Tarih yok; varsayılan kapıdan geçmedi.,False,,,Yok,missing,False,2026-05-01,Tarih yok; varsayılan kapıdan geçmedi,Kampanya,True,Kampanya veya müşteri teklifi sinyali içeriyor.,Poor,False,detail_text_too_short,,2026-06-16T12:44:56.437183+00:00
RIAUD-83c510b1a984,RUN-20260616124446,QNB Finansbank,REG-065,QNB Yazar Kasa POS,KOBİ | QNB,https://www.qnb.com.tr/isim-icin/kobi,https://www.qnb.com.tr/isim-icin/kobi,kobi̇ | qnb,7dcff5dc90b37717762781121829214a3ecf820fcec3d688c4d33f87e2feb85f,,,,,,Belirsiz,,Tarih yok; varsayılan kapıdan geçmedi.,False,,,Yok,missing,False,2026-05-01,Tarih yok; varsayılan kapıdan geçmedi,Kampanya,True,Kampanya veya müşteri teklifi sinyali içeriyor.,Poor,False,title_too_short,,2026-06-16T12:44:56.720821+00:00
RIAUD-048c70941465,RUN-20260616124446,QNB Finansbank,REG-065,QNB Yazar Kasa POS,Kobi POS Çözümleri | QNB,https://www.qnb.com.tr/isim-icin/kobi/kobi-pos-cozumleri,https://www.qnb.com.tr/isim-icin/kobi/kobi-pos-cozumleri,kobi pos çözümleri | qnb,b2a52c411997ebfeabd7eca73445bd87184f24bda86fe279ad8887cb77a99f00,,,,,,Belirsiz,,Tarih yok; varsayılan kapıdan geçmedi.,False,,,Yok,missing,False,2026-05-01,Tarih yok; varsayılan kapıdan geçmedi,Kampanya,True,Kampanya veya müşteri teklifi sinyali içeriyor.,Poor,False,detail_text_too_short,,2026-06-16T12:44:57.032165+00:00
RIAUD-be09278d2d62,RUN-20260616124446,QNB Finansbank,REG-065,QNB Yazar Kasa POS,Yazarkasa POS | QNB,https://www.qnb.com.tr/isim-icin/kobi/kobi-pos-cozumleri/yazar-kasa-pos#hemen-basvur,https://www.qnb.com.tr/isim-icin/kobi/kobi-pos-cozumleri/yazar-kasa-pos,yazarkasa pos | qnb,cba7c8bab59409b18e109bed06c77e2e31fd77d796fcd461c5ae1da74e1788ed,,,,,,Belirsiz,,Tarih yok; varsayılan kapıdan geçmedi.,False,,,Yok,missing,False,2026-05-01,Tarih yok; varsayılan kapıdan geçmedi,Kampanya,True,Kampanya veya müşteri teklifi sinyali içeriyor.,Poor,False,title_too_short,,2026-06-16T12:44:57.236392+00:00
RIAUD-bdcc218fea90,RUN-20260616124446,QNB Finansbank,REG-065,QNB Yazar Kasa POS,Kobi Kredisi & Kobi Kredisi Hesaplama | QNB,https://www.qnb.com.tr/kobi-kredileri,https://www.qnb.com.tr/kobi-kredileri,kobi kredisi & kobi kredisi hesaplama | qnb,f5e043c2cb9f1a423ababc128bf3b0f44f01f338d8ba3629110300f8f30172e5,,,,,,Belirsiz,,Tarih yok; varsayılan kapıdan geçmedi.,False,,,Yok,missing,False,2026-05-01,Tarih yok; varsayılan kapıdan geçmedi,Statik Ürün Sayfası,False,"Statik ürün, yardım, giriş veya navigasyon içeriği gibi görünüyor.",Poor,False,detail_text_too_short,,2026-06-16T12:44:57.629987+00:00
RIAUD-757de40220d7,RUN-20260616124446,QNB Finansbank,REG-065,QNB Yazar Kasa POS,Esnaf Kredisi & Esnaf Kredisi Hesaplama | QNB,https://www.qnb.com.tr/isim-icin/kobi/krediler/esnaf-kredileri,https://www.qnb.com.tr/isim-icin/kobi/krediler/esnaf-kredileri,esnaf kredisi & esnaf kredisi hesaplama | qnb,eb2aa3421102013984b51cb7f8e75f9e99bd987062ae559b8b6d5f4861a02040,,,,,,Belirsiz,,Tarih yok; varsayılan kapıdan geçmedi.,False,,,Yok,missing,False,2026-05-01,Tarih yok; varsayılan kapıdan geçmedi,Statik Ürün Sayfası,False,"Statik ürün, yardım, giriş veya navigasyon içeriği gibi görünüyor.",Poor,False,detail_text_too_short,,2026-06-16T12:44:57.935091+00:00
RIAUD-4958afbd1f62,RUN-20260616124446,QNB Finansbank,REG-065,QNB Yazar Kasa POS,POS Cihazı Başvurusu | QNB,https://www.qnb.com.tr/isim-icin/kobi/kobi-pos-cozumleri/pos,https://www.qnb.com.tr/isim-icin/kobi/kobi-pos-cozumleri/pos,pos cihazı başvurusu | qnb,f07fd23719a94d17f98a35eed6b0a770a37a85b6d068f385d4354e49dde9e18b,,,,,,Belirsiz,,Tarih yok; varsayılan kapıdan geçmedi.,False,,,Yok,missing,False,2026-05-01,Tarih yok; varsayılan kapıdan geçmedi,Kampanya,True,Kampanya veya müşteri teklifi sinyali içeriyor.,Poor,False,detail_text_too_short,,2026-06-16T12:44:58.112061+00:00
RIAUD-203c18d20a85,RUN-20260616124446,QNB Finansbank,REG-065,QNB Yazar Kasa POS,LinkPOS | QNB,https://www.qnb.com.tr/linkpos,https://www.qnb.com.tr/linkpos,linkpos | qnb,f365028ce901fda6b7d66176441931aa1e183263431027326fd32320ebe38d5d,,,,,,Belirsiz,,Tarih yok; varsayılan kapıdan geçmedi.,False,,,Yok,missing,False,2026-05-01,Tarih yok; varsayılan kapıdan geçmedi,Kampanya,True,Kampanya veya müşteri teklifi sinyali içeriyor.,Poor,False,title_too_short,,2026-06-16T12:44:58.269232+00:00
RIAUD-993613fb41ce,RUN-20260616124446,QNB Finansbank,REG-065,QNB Yazar Kasa POS,Sanal POS Başvuru | QNB,https://www.qnb.com.tr/sanal-pos,https://www.qnb.com.tr/sanal-pos,sanal pos başvuru | qnb,27ecea26b58692c0a78696e86899bdbdc5b30480fb9e1b562b84bb6fe03d4431,,,,,,Belirsiz,,Tarih yok; varsayılan kapıdan geçmedi.,False,,,Yok,missing,False,2026-05-01,Tarih yok; varsayılan kapıdan geçmedi,Kampanya,True,Kampanya veya müşteri teklifi sinyali içeriyor.,Poor,False,detail_text_too_short,,2026-06-16T12:44:58.539580+00:00
RIAUD-e64873ad3996,RUN-20260616124446,QNB Finansbank,REG-065,QNB Yazar Kasa POS,CepPOS | QNB,https://www.qnb.com.tr/isim-icin/kobi/kobi-pos-cozumleri/ceppos,https://www.qnb.com.tr/isim-icin/kobi/kobi-pos-cozumleri/ceppos,ceppos | qnb,19deb2829b90602f1b70a9bc8046a984b65d1ca270ce0803edc1feb7adaa85e8,,,,,,Belirsiz,,Tarih yok; varsayılan kapıdan geçmedi.,False,,,Yok,missing,False,2026-05-01,Tarih yok; varsayılan kapıdan geçmedi,Kampanya,True,Kampanya veya müşteri teklifi sinyali içeriyor.,Poor,False,title_too_short,,2026-06-16T12:44:58.891657+00:00
RIAUD-6d36d925fac6,RUN-20260616124446,QNB Finansbank,REG-065,QNB Yazar Kasa POS,Mobil POS | QNB,https://www.qnb.com.tr/isim-icin/kobi/kobi-pos-cozumleri/mobil-pos,https://www.qnb.com.tr/isim-icin/kobi/kobi-pos-cozumleri/mobil-pos,mobil pos | qnb,74196b2d10358079ac6cd399701245ee6e44975bd0440082e3cbb68c8ff14832,,,,,,Belirsiz,,Tarih yok; varsayılan kapıdan geçmedi.,False,,,Yok,missing,False,2026-05-01,Tarih yok; varsayılan kapıdan geçmedi,Kampanya,True,Kampanya veya müşteri teklifi sinyali içeriyor.,Poor,False,title_too_short,,2026-06-16T12:44:59.624033+00:00
RIAUD-04e3e3433822,RUN-20260616124446,QNB Finansbank,REG-065,QNB Yazar Kasa POS,Temassız POS | QNB,https://www.qnb.com.tr/isim-icin/kobi/kobi-pos-cozumleri/temassiz-taksitli-pos,https://www.qnb.com.tr/isim-icin/kobi/kobi-pos-cozumleri/temassiz-taksitli-pos,temassız pos | qnb,d035dc9bcc58620e8b80b324595cae4aa7a54a4ed29360407b388df3d28a046d,,,,,,Belirsiz,,Tarih yok; varsayılan kapıdan geçmedi.,False,,,Yok,missing,False,2026-05-01,Tarih yok; varsayılan kapıdan geçmedi,Kampanya,True,Kampanya veya müşteri teklifi sinyali içeriyor.,Poor,False,title_too_short,,2026-06-16T12:44:59.783584+00:00
RIAUD-bc001d63461e,RUN-20260616124446,QNB Finansbank,REG-065,QNB Yazar Kasa POS,POS Kılavuzu | QNB,https://www.qnb.com.tr/isim-icin/kobi/kobi-pos-cozumleri/pos-kilavuzu,https://www.qnb.com.tr/isim-icin/kobi/kobi-pos-cozumleri/pos-kilavuzu,pos kılavuzu | qnb,7a70c61e5b1f4c9e6a0a31681eb1ffe11bb6b55808eac7ab24b1512dae7e6547,,,,,,Belirsiz,,Tarih yok; varsayılan kapıdan geçmedi.,False,,,Yok,missing,False,2026-05-01,Tarih yok; varsayılan kapıdan geçmedi,Kampanya,True,Kampanya veya müşteri teklifi sinyali içeriyor.,Poor,False,title_too_short,,2026-06-16T12:44:59.972559+00:00
RIAUD-51372b1b5314,RUN-20260616124446,QNB Finansbank,REG-065,QNB Yazar Kasa POS,Dijital Slip | QNB,https://www.qnb.com.tr/isim-icin/kobi/kobi-pos-cozumleri/dijital-slip,https://www.qnb.com.tr/isim-icin/kobi/kobi-pos-cozumleri/dijital-slip,dijital slip | qnb,0f9f2149d51b79443597117998586a984e64bb7d7358c52a1fee031352c2c921,,,,,,Belirsiz,,Tarih yok; varsayılan kapıdan geçmedi.,False,,,Yok,missing,False,2026-05-01,Tarih yok; varsayılan kapıdan geçmedi,Kampanya,True,Kampanya veya müşteri teklifi sinyali içeriyor.,Poor,False,title_too_short,,2026-06-16T12:45:00.148816+00:00
RIAUD-5c357f5d2f9f,RUN-20260616124446,QNB Finansbank,REG-065,QNB Yazar Kasa POS,Kartlar | QNB,https://www.qnb.com.tr/isim-icin/kobi/kobi-ticari-kartlar,https://www.qnb.com.tr/isim-icin/kobi/kobi-ticari-kartlar,kartlar | qnb,bf26f622a76c3665fe64b9120d0276630fd52c4654ec9668fbd255b5d6fad2f1,,,,,,Belirsiz,,Tarih yok; varsayılan kapıdan geçmedi.,False,,,Yok,missing,False,2026-05-01,Tarih yok; varsayılan kapıdan geçmedi,Kampanya,True,Kampanya veya müşteri teklifi sinyali içeriyor.,Poor,False,title_too_short,,2026-06-16T12:45:00.362287+00:00
RIAUD-bbd1babb4c23,RUN-20260616124446,QNB Finansbank,REG-065,QNB Yazar Kasa POS,Kazananlar Kulübü | QNB,https://www.qnb.com.tr/isim-icin/kobi/kazananlar-kulubu,https://www.qnb.com.tr/isim-icin/kobi/kazananlar-kulubu,kazananlar kulübü | qnb,c290176bdbc30d4ad394c28ee403568fde00bc92a04eb9b41988b0804c323ddd,,,,,,Belirsiz,,Tarih yok; varsayılan kapıdan geçmedi.,False,,,Yok,missing,False,2026-05-01,Tarih yok; varsayılan kapıdan geçmedi,Kampanya,True,Kampanya veya müşteri teklifi sinyali içeriyor.,Poor,False,detail_text_too_short,,2026-06-16T12:45:00.517811+00:00
RIAUD-75b467db73b7,RUN-20260616124446,QNB Finansbank,REG-065,QNB Yazar Kasa POS,QNB KOBİ Sigortaları,https://www.qnb.com.tr/kobi-sigortalar,https://www.qnb.com.tr/kobi-sigortalar,qnb kobi̇ sigortaları,d24304b541002879e37fb24183982e801ef21087614a1f146787b2a2330208aa,,,,,,Belirsiz,,Tarih yok; varsayılan kapıdan geçmedi.,False,,,Yok,missing,False,2026-05-01,Tarih yok; varsayılan kapıdan geçmedi,Kampanya,True,Kampanya veya müşteri teklifi sinyali içeriyor.,Poor,False,detail_text_too_short,,2026-06-16T12:45:00.796035+00:00
RIAUD-d4a3ed8829de,RUN-20260616124446,QNB Finansbank,REG-065,QNB Yazar Kasa POS,KOBİ'ler için Leasıng ve Factoring Çözümleri | QNB,https://www.qnb.com.tr/kobi-leasing-and-faktoring,https://www.qnb.com.tr/kobi-leasing-and-faktoring,kobi̇'ler için leasıng ve factoring çözümleri | qnb,eb7afe403e7050fb09a0e2a9e677d8cb78776a6e3e21bf8a36b6743520a7ef97,,,,,,Belirsiz,,Tarih yok; varsayılan kapıdan geçmedi.,False,,,Yok,missing,False,2026-05-01,Tarih yok; varsayılan kapıdan geçmedi,Kampanya,True,Kampanya veya müşteri teklifi sinyali içeriyor.,Poor,False,detail_text_too_short,,2026-06-16T12:45:00.946457+00:00
RIAUD-2afa72e558f0,RUN-20260616124446,QNB Finansbank,REG-064,QNB POS,KOBİ Kampanyaları | QNB,https://www.qnb.com.tr/kampanyalar/kobi-kampanyalari,https://www.qnb.com.tr/kampanyalar/kobi-kampanyalari,kobi̇ kampanyaları | qnb,af30b1020adff5b1f34c390163096d1847f7f66c98ef9adf46ed4aadc8a094dd,,,,,,Belirsiz,,Tarih yok; varsayılan kapıdan geçmedi.,False,,,Yok,missing,False,2026-05-01,Tarih yok; varsayılan kapıdan geçmedi,Kampanya,True,Kampanya veya müşteri teklifi sinyali içeriyor.,Poor,False,detail_text_too_short,,2026-06-16T12:45:01.139283+00:00
RIAUD-26f06ad7670b,RUN-20260616124446,QNB Finansbank,REG-064,QNB POS,Düzenli Tahsilat Kolay | QNB,https://www.qnb.com.tr/isim-icin/kobi/kobi-pos-cozumleri/tahsilat-kolay,https://www.qnb.com.tr/isim-icin/kobi/kobi-pos-cozumleri/tahsilat-kolay,düzenli tahsilat kolay | qnb,c422122e1d4d89a44ef74438b02fcfc4e41482f6ca956956d6638d14b58799fa,,,,,,Belirsiz,,Tarih yok; varsayılan kapıdan geçmedi.,False,,,Yok,missing,False,2026-05-01,Tarih yok; varsayılan kapıdan geçmedi,Kampanya,True,Kampanya veya müşteri teklifi sinyali içeriyor.,Poor,False,detail_text_too_short,,2026-06-16T12:45:01.307041+00:00
RIAUD-c7f7261ee2de,RUN-20260616124446,QNB Finansbank,REG-064,QNB POS,Kobiler İçin Mevduat Hesabı - Yatırım Ürünleri | QNB,https://www.qnb.com.tr/isim-icin/kobi/mevduat-ve-yatirim-urunleri,https://www.qnb.com.tr/isim-icin/kobi/mevduat-ve-yatirim-urunleri,kobiler i̇çin mevduat hesabı - yatırım ürünleri | qnb,683a49f511503622f61e76ebf9a7ba6c5e55f5657e9d13696996d3d451bc4785,,,,,,Belirsiz,,Tarih yok; varsayılan kapıdan geçmedi.,False,,,Yok,missing,False,2026-05-01,Tarih yok; varsayılan kapıdan geçmedi,Kampanya,True,Kampanya veya müşteri teklifi sinyali içeriyor.,Poor,False,detail_text_too_short,,2026-06-16T12:45:01.566522+00:00
RIAUD-17770f48eb04,RUN-20260616124446,QNB Finansbank,REG-064,QNB POS,Link POS & Sanal POS Üye İşyeri Giriş Ekranı | QNB,https://www.qnb.com.tr/isim-icin/kobi/kobi-pos-cozumleri/link-pos-and-sanal-pos-uye-isyeri-giris-ekrani,https://www.qnb.com.tr/isim-icin/kobi/kobi-pos-cozumleri/link-pos-and-sanal-pos-uye-isyeri-giris-ekrani,link pos & sanal pos üye i̇şyeri giriş ekranı | qnb,a2ac38e4a19bd66f88cc18e049b9ac2e8c3471391f0a02eaedaf7b0c36fd7667,,,,,,Belirsiz,,Tarih yok; varsayılan kapıdan geçmedi.,False,,,Yok,missing,False,2026-05-01,Tarih yok; varsayılan kapıdan geçmedi,Statik Ürün Sayfası,False,"Statik ürün, yardım, giriş veya navigasyon içeriği gibi görünüyor.",Poor,False,detail_text_too_short,,2026-06-16T12:45:01.729818+00:00
RIAUD-ee1ca739c53a,RUN-20260616124446,QNB Finansbank,REG-064,QNB POS,POS Başvurusu Şimdi QNB Mobil’de | QNB,https://www.qnb.com.tr/isim-icin/kobi/kobi-pos-cozumleri/pos-basvurusu-qnb-mobilde,https://www.qnb.com.tr/isim-icin/kobi/kobi-pos-cozumleri/pos-basvurusu-qnb-mobilde,pos başvurusu şimdi qnb mobil’de | qnb,c857437d16ebb003123db8d6abcd9c319a95df295472b002b256941f081e648a,,,,,,Belirsiz,,Tarih yok; varsayılan kapıdan geçmedi.,False,,,Yok,missing,False,2026-05-01,Tarih yok; varsayılan kapıdan geçmedi,Kampanya,True,Kampanya veya müşteri teklifi sinyali içeriyor.,Poor,False,detail_text_too_short,,2026-06-16T12:45:01.891831+00:00
RIAUD-f8f5a0385809,RUN-20260616124446,QNB Finansbank,REG-064,QNB POS,Karekod (QR Kod) ile Ödeme Alma | QNB,https://www.qnb.com.tr/isim-icin/kobi/kobi-pos-cozumleri/pos-qr-kod,https://www.qnb.com.tr/isim-icin/kobi/kobi-pos-cozumleri/pos-qr-kod,karekod (qr kod) ile ödeme alma | qnb,e6663ddf4f4db2ac28aac85388d9a755310b7f562400c4234cff76cc836158d2,,,,,,Belirsiz,,Tarih yok; varsayılan kapıdan geçmedi.,False,,,Yok,missing,False,2026-05-01,Tarih yok; varsayılan kapıdan geçmedi,Kampanya,True,Kampanya veya müşteri teklifi sinyali içeriyor.,Poor,False,detail_text_too_short,,2026-06-16T12:45:02.081247+00:00
RIAUD-91c669d62d0d,RUN-20260616124446,QNB Finansbank,REG-064,QNB POS,KOBİ Nakit Yönetim ve Tahsilat Ürünleri | QNB,https://www.qnb.com.tr/kobi-nakit-yonetimi-ve-tahsilat-urunleri,https://www.qnb.com.tr/kobi-nakit-yonetimi-ve-tahsilat-urunleri,kobi̇ nakit yönetim ve tahsilat ürünleri | qnb,7d520fda74d321cfdabf71424638a7832837f33bd332310baf5a0ab26bbfe0fa,,,,,,Belirsiz,,Tarih yok; varsayılan kapıdan geçmedi.,False,,,Yok,missing,False,2026-05-01,Tarih yok; varsayılan kapıdan geçmedi,Kampanya,True,Kampanya veya müşteri teklifi sinyali içeriyor.,Poor,False,detail_text_too_short,,2026-06-16T12:45:02.291327+00:00
RIAUD-2b137d5981de,RUN-20260616124446,QNB Finansbank,REG-064,QNB POS,Kobiler İçin Diğer Hizmetler ve Ürünler | QNB,https://www.qnb.com.tr/kobi-diger-hizmetler-ve-urunler,https://www.qnb.com.tr/kobi-diger-hizmetler-ve-urunler,kobiler i̇çin diğer hizmetler ve ürünler | qnb,81a47e6869026212a9af96cee27980725f98573b645ad16972ef5ab2de2a1910,,,,,,Belirsiz,,Tarih yok; varsayılan kapıdan geçmedi.,False,,,Yok,missing,False,2026-05-01,Tarih yok; varsayılan kapıdan geçmedi,Kampanya,True,Kampanya veya müşteri teklifi sinyali içeriyor.,Poor,False,detail_text_too_short,,2026-06-16T12:45:02.659185+00:00
RIAUD-65b841b7db44,RUN-20260616124446,QNB Finansbank,REG-064,QNB POS,Findeks Ticari Paketleri | QNB,https://www.qnb.com.tr/isim-icin/kobi/findeks-ticari-paketleri,https://www.qnb.com.tr/isim-icin/kobi/findeks-ticari-paketleri,findeks ticari paketleri | qnb,002376c5b39a7bf9f307db09bda2ebff44b0fc43b74995a9dd28ce100611ce9d,,,,,,Belirsiz,,Tarih yok; varsayılan kapıdan geçmedi.,False,,,Yok,missing,False,2026-05-01,Tarih yok; varsayılan kapıdan geçmedi,Kampanya,True,Kampanya veya müşteri teklifi sinyali içeriyor.,Poor,False,detail_text_too_short,,2026-06-16T12:45:02.828701+00:00
RIAUD-2c7601a97fd2,RUN-20260616124446,QNB Finansbank,REG-064,QNB POS,İşletmeler İçin Bankacılık Çözümleri | QNB,https://www.qnb.com.tr/isim-icin,https://www.qnb.com.tr/isim-icin,i̇şletmeler i̇çin bankacılık çözümleri | qnb,21ff048b95a6eb200cb4a668848f258c6a0d163a5a1bc64220e2e51f89fcf3fb,,,,,,Belirsiz,,Tarih yok; varsayılan kapıdan geçmedi.,False,,,Yok,missing,False,2026-05-01,Tarih yok; varsayılan kapıdan geçmedi,Kampanya,True,Kampanya veya müşteri teklifi sinyali içeriyor.,Poor,False,detail_text_too_short,,2026-06-16T12:45:03.064617+00:00
RIAUD-e3e3000c6614,RUN-20260616124446,QNB Finansbank,REG-064,QNB POS,KOBİ | QNB,https://www.qnb.com.tr/isim-icin/kobi,https://www.qnb.com.tr/isim-icin/kobi,kobi̇ | qnb,7dcff5dc90b37717762781121829214a3ecf820fcec3d688c4d33f87e2feb85f,,,,,,Belirsiz,,Tarih yok; varsayılan kapıdan geçmedi.,False,,,Yok,missing,False,2026-05-01,Tarih yok; varsayılan kapıdan geçmedi,Kampanya,True,Kampanya veya müşteri teklifi sinyali içeriyor.,Poor,False,title_too_short,,2026-06-16T12:45:03.519963+00:00
RIAUD-10fa3efe27f9,RUN-20260616124446,QNB Finansbank,REG-064,QNB POS,Kobi POS Çözümleri | QNB,https://www.qnb.com.tr/isim-icin/kobi/kobi-pos-cozumleri,https://www.qnb.com.tr/isim-icin/kobi/kobi-pos-cozumleri,kobi pos çözümleri | qnb,b2a52c411997ebfeabd7eca73445bd87184f24bda86fe279ad8887cb77a99f00,,,,,,Belirsiz,,Tarih yok; varsayılan kapıdan geçmedi.,False,,,Yok,missing,False,2026-05-01,Tarih yok; varsayılan kapıdan geçmedi,Kampanya,True,Kampanya veya müşteri teklifi sinyali içeriyor.,Poor,False,detail_text_too_short,,2026-06-16T12:45:04.033625+00:00
RIAUD-f8adab404624,RUN-20260616124446,QNB Finansbank,REG-064,QNB POS,Yazarkasa POS | QNB,https://www.qnb.com.tr/isim-icin/kobi/kobi-pos-cozumleri/yazar-kasa-pos,https://www.qnb.com.tr/isim-icin/kobi/kobi-pos-cozumleri/yazar-kasa-pos,yazarkasa pos | qnb,cba7c8bab59409b18e109bed06c77e2e31fd77d796fcd461c5ae1da74e1788ed,,,,,,Belirsiz,,Tarih yok; varsayılan kapıdan geçmedi.,False,,,Yok,missing,False,2026-05-01,Tarih yok; varsayılan kapıdan geçmedi,Kampanya,True,Kampanya veya müşteri teklifi sinyali içeriyor.,Poor,False,title_too_short,,2026-06-16T12:45:04.220393+00:00
RIAUD-c2d6d0e733d3,RUN-20260616124446,QNB Finansbank,REG-064,QNB POS,Mobil POS | QNB,https://www.qnb.com.tr/isim-icin/kobi/kobi-pos-cozumleri/mobil-pos,https://www.qnb.com.tr/isim-icin/kobi/kobi-pos-cozumleri/mobil-pos,mobil pos | qnb,74196b2d10358079ac6cd399701245ee6e44975bd0440082e3cbb68c8ff14832,,,,,,Belirsiz,,Tarih yok; varsayılan kapıdan geçmedi.,False,,,Yok,missing,False,2026-05-01,Tarih yok; varsayılan kapıdan geçmedi,Kampanya,True,Kampanya veya müşteri teklifi sinyali içeriyor.,Poor,False,title_too_short,,2026-06-16T12:45:04.405693+00:00
RIAUD-a940f3fb8280,RUN-20260616124446,QNB Finansbank,REG-064,QNB POS,Kobi Kredisi & Kobi Kredisi Hesaplama | QNB,https://www.qnb.com.tr/kobi-kredileri,https://www.qnb.com.tr/kobi-kredileri,kobi kredisi & kobi kredisi hesaplama | qnb,f5e043c2cb9f1a423ababc128bf3b0f44f01f338d8ba3629110300f8f30172e5,,,,,,Belirsiz,,Tarih yok; varsayılan kapıdan geçmedi.,False,,,Yok,missing,False,2026-05-01,Tarih yok; varsayılan kapıdan geçmedi,Statik Ürün Sayfası,False,"Statik ürün, yardım, giriş veya navigasyon içeriği gibi görünüyor.",Poor,False,detail_text_too_short,,2026-06-16T12:45:04.911567+00:00
RIAUD-be6414e6002e,RUN-20260616124446,QNB Finansbank,REG-064,QNB POS,Esnaf Kredisi & Esnaf Kredisi Hesaplama | QNB,https://www.qnb.com.tr/isim-icin/kobi/krediler/esnaf-kredileri,https://www.qnb.com.tr/isim-icin/kobi/krediler/esnaf-kredileri,esnaf kredisi & esnaf kredisi hesaplama | qnb,eb2aa3421102013984b51cb7f8e75f9e99bd987062ae559b8b6d5f4861a02040,,,,,,Belirsiz,,Tarih yok; varsayılan kapıdan geçmedi.,False,,,Yok,missing,False,2026-05-01,Tarih yok; varsayılan kapıdan geçmedi,Statik Ürün Sayfası,False,"Statik ürün, yardım, giriş veya navigasyon içeriği gibi görünüyor.",Poor,False,detail_text_too_short,,2026-06-16T12:45:05.247708+00:00
RIAUD-1da3f3569980,RUN-20260616124446,QNB Finansbank,REG-064,QNB POS,LinkPOS | QNB,https://www.qnb.com.tr/linkpos,https://www.qnb.com.tr/linkpos,linkpos | qnb,f365028ce901fda6b7d66176441931aa1e183263431027326fd32320ebe38d5d,,,,,,Belirsiz,,Tarih yok; varsayılan kapıdan geçmedi.,False,,,Yok,missing,False,2026-05-01,Tarih yok; varsayılan kapıdan geçmedi,Kampanya,True,Kampanya veya müşteri teklifi sinyali içeriyor.,Poor,False,title_too_short,,2026-06-16T12:45:05.457149+00:00
RIAUD-28166705e5cc,RUN-20260616124446,QNB Finansbank,REG-064,QNB POS,Sanal POS Başvuru | QNB,https://www.qnb.com.tr/sanal-pos,https://www.qnb.com.tr/sanal-pos,sanal pos başvuru | qnb,27ecea26b58692c0a78696e86899bdbdc5b30480fb9e1b562b84bb6fe03d4431,,,,,,Belirsiz,,Tarih yok; varsayılan kapıdan geçmedi.,False,,,Yok,missing,False,2026-05-01,Tarih yok; varsayılan kapıdan geçmedi,Kampanya,True,Kampanya veya müşteri teklifi sinyali içeriyor.,Poor,False,detail_text_too_short,,2026-06-16T12:45:05.955775+00:00
RIAUD-d4f1f3db7594,RUN-20260616124446,QNB Finansbank,REG-064,QNB POS,CepPOS | QNB,https://www.qnb.com.tr/isim-icin/kobi/kobi-pos-cozumleri/ceppos,https://www.qnb.com.tr/isim-icin/kobi/kobi-pos-cozumleri/ceppos,ceppos | qnb,19deb2829b90602f1b70a9bc8046a984b65d1ca270ce0803edc1feb7adaa85e8,,,,,,Belirsiz,,Tarih yok; varsayılan kapıdan geçmedi.,False,,,Yok,missing,False,2026-05-01,Tarih yok; varsayılan kapıdan geçmedi,Kampanya,True,Kampanya veya müşteri teklifi sinyali içeriyor.,Poor,False,title_too_short,,2026-06-16T12:45:06.304316+00:00
RIAUD-29d9cccc0aea,RUN-20260616124446,QNB Finansbank,REG-064,QNB POS,Temassız POS | QNB,https://www.qnb.com.tr/isim-icin/kobi/kobi-pos-cozumleri/temassiz-taksitli-pos,https://www.qnb.com.tr/isim-icin/kobi/kobi-pos-cozumleri/temassiz-taksitli-pos,temassız pos | qnb,d035dc9bcc58620e8b80b324595cae4aa7a54a4ed29360407b388df3d28a046d,,,,,,Belirsiz,,Tarih yok; varsayılan kapıdan geçmedi.,False,,,Yok,missing,False,2026-05-01,Tarih yok; varsayılan kapıdan geçmedi,Kampanya,True,Kampanya veya müşteri teklifi sinyali içeriyor.,Poor,False,title_too_short,,2026-06-16T12:45:06.624846+00:00
RIAUD-1504bce8fc50,RUN-20260616124446,QNB Finansbank,REG-064,QNB POS,POS Kılavuzu | QNB,https://www.qnb.com.tr/isim-icin/kobi/kobi-pos-cozumleri/pos-kilavuzu,https://www.qnb.com.tr/isim-icin/kobi/kobi-pos-cozumleri/pos-kilavuzu,pos kılavuzu | qnb,7a70c61e5b1f4c9e6a0a31681eb1ffe11bb6b55808eac7ab24b1512dae7e6547,,,,,,Belirsiz,,Tarih yok; varsayılan kapıdan geçmedi.,False,,,Yok,missing,False,2026-05-01,Tarih yok; varsayılan kapıdan geçmedi,Kampanya,True,Kampanya veya müşteri teklifi sinyali içeriyor.,Poor,False,title_too_short,,2026-06-16T12:45:06.837787+00:00
RIAUD-79835728cb26,RUN-20260616124446,QNB Finansbank,REG-064,QNB POS,Dijital Slip | QNB,https://www.qnb.com.tr/isim-icin/kobi/kobi-pos-cozumleri/dijital-slip,https://www.qnb.com.tr/isim-icin/kobi/kobi-pos-cozumleri/dijital-slip,dijital slip | qnb,0f9f2149d51b79443597117998586a984e64bb7d7358c52a1fee031352c2c921,,,,,,Belirsiz,,Tarih yok; varsayılan kapıdan geçmedi.,False,,,Yok,missing,False,2026-05-01,Tarih yok; varsayılan kapıdan geçmedi,Kampanya,True,Kampanya veya müşteri teklifi sinyali içeriyor.,Poor,False,title_too_short,,2026-06-16T12:45:07.015450+00:00
RIAUD-61749c9df0c9,RUN-20260616124446,QNB Finansbank,REG-064,QNB POS,Kartlar | QNB,https://www.qnb.com.tr/isim-icin/kobi/kobi-ticari-kartlar,https://www.qnb.com.tr/isim-icin/kobi/kobi-ticari-kartlar,kartlar | qnb,bf26f622a76c3665fe64b9120d0276630fd52c4654ec9668fbd255b5d6fad2f1,,,,,,Belirsiz,,Tarih yok; varsayılan kapıdan geçmedi.,False,,,Yok,missing,False,2026-05-01,Tarih yok; varsayılan kapıdan geçmedi,Kampanya,True,Kampanya veya müşteri teklifi sinyali içeriyor.,Poor,False,title_too_short,,2026-06-16T12:45:07.490143+00:00
RIAUD-9a8a89776484,RUN-20260616124446,QNB Finansbank,REG-064,QNB POS,Kazananlar Kulübü | QNB,https://www.qnb.com.tr/isim-icin/kobi/kazananlar-kulubu,https://www.qnb.com.tr/isim-icin/kobi/kazananlar-kulubu,kazananlar kulübü | qnb,c290176bdbc30d4ad394c28ee403568fde00bc92a04eb9b41988b0804c323ddd,,,,,,Belirsiz,,Tarih yok; varsayılan kapıdan geçmedi.,False,,,Yok,missing,False,2026-05-01,Tarih yok; varsayılan kapıdan geçmedi,Kampanya,True,Kampanya veya müşteri teklifi sinyali içeriyor.,Poor,False,detail_text_too_short,,2026-06-16T12:45:07.681446+00:00
RIAUD-897ab48ed3af,RUN-20260616124446,QNB Finansbank,REG-064,QNB POS,QNB KOBİ Sigortaları,https://www.qnb.com.tr/kobi-sigortalar,https://www.qnb.com.tr/kobi-sigortalar,qnb kobi̇ sigortaları,d24304b541002879e37fb24183982e801ef21087614a1f146787b2a2330208aa,,,,,,Belirsiz,,Tarih yok; varsayılan kapıdan geçmedi.,False,,,Yok,missing,False,2026-05-01,Tarih yok; varsayılan kapıdan geçmedi,Kampanya,True,Kampanya veya müşteri teklifi sinyali içeriyor.,Poor,False,detail_text_too_short,,2026-06-16T12:45:08.086978+00:00
RIAUD-5c30b97a2a6d,RUN-20260616124446,QNB Finansbank,REG-064,QNB POS,KOBİ'ler için Leasıng ve Factoring Çözümleri | QNB,https://www.qnb.com.tr/kobi-leasing-and-faktoring,https://www.qnb.com.tr/kobi-leasing-and-faktoring,kobi̇'ler için leasıng ve factoring çözümleri | qnb,eb7afe403e7050fb09a0e2a9e677d8cb78776a6e3e21bf8a36b6743520a7ef97,,,,,,Belirsiz,,Tarih yok; varsayılan kapıdan geçmedi.,False,,,Yok,missing,False,2026-05-01,Tarih yok; varsayılan kapıdan geçmedi,Kampanya,True,Kampanya veya müşteri teklifi sinyali içeriyor.,Poor,False,detail_text_too_short,,2026-06-16T12:45:08.245782+00:00
RIAUD-4284b10702bf,RUN-20260616124446,QNB Finansbank,REG-063,QNB KOBİ POS Çözümleri,KOBİ Kampanyaları | QNB,https://www.qnb.com.tr/kampanyalar/kobi-kampanyalari,https://www.qnb.com.tr/kampanyalar/kobi-kampanyalari,kobi̇ kampanyaları | qnb,af30b1020adff5b1f34c390163096d1847f7f66c98ef9adf46ed4aadc8a094dd,,,,,,Belirsiz,,Tarih yok; varsayılan kapıdan geçmedi.,False,,,Yok,missing,False,2026-05-01,Tarih yok; varsayılan kapıdan geçmedi,Kampanya,True,Kampanya veya müşteri teklifi sinyali içeriyor.,Poor,False,detail_text_too_short,,2026-06-16T12:45:08.441653+00:00
RIAUD-176b6598157f,RUN-20260616124446,QNB Finansbank,REG-063,QNB KOBİ POS Çözümleri,Link POS & Sanal POS Üye İşyeri Giriş Ekranı | QNB,https://www.qnb.com.tr/isim-icin/kobi/kobi-pos-cozumleri/link-pos-and-sanal-pos-uye-isyeri-giris-ekrani,https://www.qnb.com.tr/isim-icin/kobi/kobi-pos-cozumleri/link-pos-and-sanal-pos-uye-isyeri-giris-ekrani,link pos & sanal pos üye i̇şyeri giriş ekranı | qnb,a2ac38e4a19bd66f88cc18e049b9ac2e8c3471391f0a02eaedaf7b0c36fd7667,,,,,,Belirsiz,,Tarih yok; varsayılan kapıdan geçmedi.,False,,,Yok,missing,False,2026-05-01,Tarih yok; varsayılan kapıdan geçmedi,Statik Ürün Sayfası,False,"Statik ürün, yardım, giriş veya navigasyon içeriği gibi görünüyor.",Poor,False,detail_text_too_short,,2026-06-16T12:45:08.630544+00:00
RIAUD-28a35093b23f,RUN-20260616124446,QNB Finansbank,REG-063,QNB KOBİ POS Çözümleri,POS Başvurusu Şimdi QNB Mobil’de | QNB,https://www.qnb.com.tr/isim-icin/kobi/kobi-pos-cozumleri/pos-basvurusu-qnb-mobilde,https://www.qnb.com.tr/isim-icin/kobi/kobi-pos-cozumleri/pos-basvurusu-qnb-mobilde,pos başvurusu şimdi qnb mobil’de | qnb,c857437d16ebb003123db8d6abcd9c319a95df295472b002b256941f081e648a,,,,,,Belirsiz,,Tarih yok; varsayılan kapıdan geçmedi.,False,,,Yok,missing,False,2026-05-01,Tarih yok; varsayılan kapıdan geçmedi,Kampanya,True,Kampanya veya müşteri teklifi sinyali içeriyor.,Poor,False,detail_text_too_short,,2026-06-16T12:45:08.814537+00:00
RIAUD-ceefdabef840,RUN-20260616124446,QNB Finansbank,REG-063,QNB KOBİ POS Çözümleri,Karekod (QR Kod) ile Ödeme Alma | QNB,https://www.qnb.com.tr/isim-icin/kobi/kobi-pos-cozumleri/pos-qr-kod,https://www.qnb.com.tr/isim-icin/kobi/kobi-pos-cozumleri/pos-qr-kod,karekod (qr kod) ile ödeme alma | qnb,e6663ddf4f4db2ac28aac85388d9a755310b7f562400c4234cff76cc836158d2,,,,,,Belirsiz,,Tarih yok; varsayılan kapıdan geçmedi.,False,,,Yok,missing,False,2026-05-01,Tarih yok; varsayılan kapıdan geçmedi,Kampanya,True,Kampanya veya müşteri teklifi sinyali içeriyor.,Poor,False,detail_text_too_short,,2026-06-16T12:45:09.010754+00:00
RIAUD-bca3498d08bf,RUN-20260616124446,QNB Finansbank,REG-063,QNB KOBİ POS Çözümleri,Düzenli Tahsilat Kolay | QNB,https://www.qnb.com.tr/isim-icin/kobi/kobi-pos-cozumleri/tahsilat-kolay,https://www.qnb.com.tr/isim-icin/kobi/kobi-pos-cozumleri/tahsilat-kolay,düzenli tahsilat kolay | qnb,c422122e1d4d89a44ef74438b02fcfc4e41482f6ca956956d6638d14b58799fa,,,,,,Belirsiz,,Tarih yok; varsayılan kapıdan geçmedi.,False,,,Yok,missing,False,2026-05-01,Tarih yok; varsayılan kapıdan geçmedi,Kampanya,True,Kampanya veya müşteri teklifi sinyali içeriyor.,Poor,False,detail_text_too_short,,2026-06-16T12:45:09.193151+00:00
RIAUD-b45f722f1359,RUN-20260616124446,QNB Finansbank,REG-063,QNB KOBİ POS Çözümleri,İşletmeler İçin Bankacılık Çözümleri | QNB,https://www.qnb.com.tr/isim-icin,https://www.qnb.com.tr/isim-icin,i̇şletmeler i̇çin bankacılık çözümleri | qnb,21ff048b95a6eb200cb4a668848f258c6a0d163a5a1bc64220e2e51f89fcf3fb,,,,,,Belirsiz,,Tarih yok; varsayılan kapıdan geçmedi.,False,,,Yok,missing,False,2026-05-01,Tarih yok; varsayılan kapıdan geçmedi,Kampanya,True,Kampanya veya müşteri teklifi sinyali içeriyor.,Poor,False,detail_text_too_short,,2026-06-16T12:45:09.397019+00:00
RIAUD-90bf7140bfd8,RUN-20260616124446,QNB Finansbank,REG-063,QNB KOBİ POS Çözümleri,KOBİ | QNB,https://www.qnb.com.tr/isim-icin/kobi,https://www.qnb.com.tr/isim-icin/kobi,kobi̇ | qnb,7dcff5dc90b37717762781121829214a3ecf820fcec3d688c4d33f87e2feb85f,,,,,,Belirsiz,,Tarih yok; varsayılan kapıdan geçmedi.,False,,,Yok,missing,False,2026-05-01,Tarih yok; varsayılan kapıdan geçmedi,Kampanya,True,Kampanya veya müşteri teklifi sinyali içeriyor.,Poor,False,title_too_short,,2026-06-16T12:45:10.851679+00:00
RIAUD-de52167c5dc9,RUN-20260616124446,QNB Finansbank,REG-063,QNB KOBİ POS Çözümleri,POS Cihazı Başvurusu | QNB,https://www.qnb.com.tr/isim-icin/kobi/kobi-pos-cozumleri/pos,https://www.qnb.com.tr/isim-icin/kobi/kobi-pos-cozumleri/pos,pos cihazı başvurusu | qnb,f07fd23719a94d17f98a35eed6b0a770a37a85b6d068f385d4354e49dde9e18b,,,,,,Belirsiz,,Tarih yok; varsayılan kapıdan geçmedi.,False,,,Yok,missing,False,2026-05-01,Tarih yok; varsayılan kapıdan geçmedi,Kampanya,True,Kampanya veya müşteri teklifi sinyali içeriyor.,Poor,False,detail_text_too_short,,2026-06-16T12:45:11.151951+00:00
RIAUD-1b7188e7bbea,RUN-20260616124446,QNB Finansbank,REG-063,QNB KOBİ POS Çözümleri,Yazarkasa POS | QNB,https://www.qnb.com.tr/isim-icin/kobi/kobi-pos-cozumleri/yazar-kasa-pos,https://www.qnb.com.tr/isim-icin/kobi/kobi-pos-cozumleri/yazar-kasa-pos,yazarkasa pos | qnb,cba7c8bab59409b18e109bed06c77e2e31fd77d796fcd461c5ae1da74e1788ed,,,,,,Belirsiz,,Tarih yok; varsayılan kapıdan geçmedi.,False,,,Yok,missing,False,2026-05-01,Tarih yok; varsayılan kapıdan geçmedi,Kampanya,True,Kampanya veya müşteri teklifi sinyali içeriyor.,Poor,False,title_too_short,,2026-06-16T12:45:11.626768+00:00
RIAUD-7a638c336181,RUN-20260616124446,QNB Finansbank,REG-063,QNB KOBİ POS Çözümleri,LinkPOS | QNB,https://www.qnb.com.tr/linkpos,https://www.qnb.com.tr/linkpos,linkpos | qnb,f365028ce901fda6b7d66176441931aa1e183263431027326fd32320ebe38d5d,,,,,,Belirsiz,,Tarih yok; varsayılan kapıdan geçmedi.,False,,,Yok,missing,False,2026-05-01,Tarih yok; varsayılan kapıdan geçmedi,Kampanya,True,Kampanya veya müşteri teklifi sinyali içeriyor.,Poor,False,title_too_short,,2026-06-16T12:45:12.847310+00:00
RIAUD-342bb74ce3b3,RUN-20260616124446,QNB Finansbank,REG-063,QNB KOBİ POS Çözümleri,Sanal POS Başvuru | QNB,https://www.qnb.com.tr/sanal-pos,https://www.qnb.com.tr/sanal-pos,sanal pos başvuru | qnb,27ecea26b58692c0a78696e86899bdbdc5b30480fb9e1b562b84bb6fe03d4431,,,,,,Belirsiz,,Tarih yok; varsayılan kapıdan geçmedi.,False,,,Yok,missing,False,2026-05-01,Tarih yok; varsayılan kapıdan geçmedi,Kampanya,True,Kampanya veya müşteri teklifi sinyali içeriyor.,Poor,False,detail_text_too_short,,2026-06-16T12:45:13.069109+00:00
RIAUD-f6a612eab92e,RUN-20260616124446,QNB Finansbank,REG-063,QNB KOBİ POS Çözümleri,CepPOS | QNB,https://www.qnb.com.tr/isim-icin/kobi/kobi-pos-cozumleri/ceppos,https://www.qnb.com.tr/isim-icin/kobi/kobi-pos-cozumleri/ceppos,ceppos | qnb,19deb2829b90602f1b70a9bc8046a984b65d1ca270ce0803edc1feb7adaa85e8,,,,,,Belirsiz,,Tarih yok; varsayılan kapıdan geçmedi.,False,,,Yok,missing,False,2026-05-01,Tarih yok; varsayılan kapıdan geçmedi,Kampanya,True,Kampanya veya müşteri teklifi sinyali içeriyor.,Poor,False,title_too_short,,2026-06-16T12:45:13.246682+00:00
RIAUD-cdd0f6a58652,RUN-20260616124446,QNB Finansbank,REG-063,QNB KOBİ POS Çözümleri,CepPOS | QNB,https://www.qnb.com.tr/isim-icin/kobi/kobi-pos-cozumleri/ceppos#pos_basvuru,https://www.qnb.com.tr/isim-icin/kobi/kobi-pos-cozumleri/ceppos,ceppos | qnb,19deb2829b90602f1b70a9bc8046a984b65d1ca270ce0803edc1feb7adaa85e8,,,,,,Belirsiz,,Tarih yok; varsayılan kapıdan geçmedi.,False,,,Yok,missing,False,2026-05-01,Tarih yok; varsayılan kapıdan geçmedi,Kampanya,True,Kampanya veya müşteri teklifi sinyali içeriyor.,Poor,False,title_too_short,,2026-06-16T12:45:13.432886+00:00
RIAUD-c7239e7531fd,RUN-20260616124446,QNB Finansbank,REG-063,QNB KOBİ POS Çözümleri,Mobil POS | QNB,https://www.qnb.com.tr/isim-icin/kobi/kobi-pos-cozumleri/mobil-pos,https://www.qnb.com.tr/isim-icin/kobi/kobi-pos-cozumleri/mobil-pos,mobil pos | qnb,74196b2d10358079ac6cd399701245ee6e44975bd0440082e3cbb68c8ff14832,,,,,,Belirsiz,,Tarih yok; varsayılan kapıdan geçmedi.,False,,,Yok,missing,False,2026-05-01,Tarih yok; varsayılan kapıdan geçmedi,Kampanya,True,Kampanya veya müşteri teklifi sinyali içeriyor.,Poor,False,title_too_short,,2026-06-16T12:45:13.615010+00:00
RIAUD-9a1d420c3a9c,RUN-20260616124446,QNB Finansbank,REG-063,QNB KOBİ POS Çözümleri,Temassız POS | QNB,https://www.qnb.com.tr/isim-icin/kobi/kobi-pos-cozumleri/temassiz-taksitli-pos,https://www.qnb.com.tr/isim-icin/kobi/kobi-pos-cozumleri/temassiz-taksitli-pos,temassız pos | qnb,d035dc9bcc58620e8b80b324595cae4aa7a54a4ed29360407b388df3d28a046d,,,,,,Belirsiz,,Tarih yok; varsayılan kapıdan geçmedi.,False,,,Yok,missing,False,2026-05-01,Tarih yok; varsayılan kapıdan geçmedi,Kampanya,True,Kampanya veya müşteri teklifi sinyali içeriyor.,Poor,False,title_too_short,,2026-06-16T12:45:13.804831+00:00
RIAUD-857b7baf30a0,RUN-20260616124446,QNB Finansbank,REG-063,QNB KOBİ POS Çözümleri,POS Kılavuzu | QNB,https://www.qnb.com.tr/isim-icin/kobi/kobi-pos-cozumleri/pos-kilavuzu,https://www.qnb.com.tr/isim-icin/kobi/kobi-pos-cozumleri/pos-kilavuzu,pos kılavuzu | qnb,7a70c61e5b1f4c9e6a0a31681eb1ffe11bb6b55808eac7ab24b1512dae7e6547,,,,,,Belirsiz,,Tarih yok; varsayılan kapıdan geçmedi.,False,,,Yok,missing,False,2026-05-01,Tarih yok; varsayılan kapıdan geçmedi,Kampanya,True,Kampanya veya müşteri teklifi sinyali içeriyor.,Poor,False,title_too_short,,2026-06-16T12:45:14.374514+00:00
RIAUD-846d6abbf2e9,RUN-20260616124446,QNB Finansbank,REG-063,QNB KOBİ POS Çözümleri,Dijital Slip | QNB,https://www.qnb.com.tr/isim-icin/kobi/kobi-pos-cozumleri/dijital-slip,https://www.qnb.com.tr/isim-icin/kobi/kobi-pos-cozumleri/dijital-slip,dijital slip | qnb,0f9f2149d51b79443597117998586a984e64bb7d7358c52a1fee031352c2c921,,,,,,Belirsiz,,Tarih yok; varsayılan kapıdan geçmedi.,False,,,Yok,missing,False,2026-05-01,Tarih yok; varsayılan kapıdan geçmedi,Kampanya,True,Kampanya veya müşteri teklifi sinyali içeriyor.,Poor,False,title_too_short,,2026-06-16T12:45:14.547371+00:00
RIAUD-942cadf1025f,RUN-20260616124446,QNB Finansbank,REG-062,QNB Card KOBİ Ticari Kredi Kartı Kampanyaları,Dijital Kanallarımız Üzerinden İlk Kez Ticari Kredi Kartı Alan Müşterilerimize Her Yerde 3 Taksit Fırsatı! | QNB Kredi Kartı,https://www.qnbcard.com.tr/kartlar/ticari-kartlar/qnb-kobi-ticari-kredi-karti/qnb-kobi-ticari-kredi-karti-kampanyalari/dijital-kanallarimiz-uzerinden-ilk-kez-ticari-kredi-karti-alan-musterilerimize-her-yerde-3-taksit-firsati,https://www.qnbcard.com.tr/kartlar/ticari-kartlar/qnb-kobi-ticari-kredi-karti/qnb-kobi-ticari-kredi-karti-kampanyalari/dijital-kanallarimiz-uzerinden-ilk-kez-ticari-kredi-karti-alan-musterilerimize-her-yerde-3-taksit-firsati,dijital kanallarımız üzerinden i̇lk kez ticari kredi kartı alan müşterilerimize her yerde 3 taksit fırsatı! | qnb kredi kartı,dc9bef03f3eb956ad458d71508ae02184398f6e0590d2008d8a4e4939151d0c4,,,,,,Belirsiz,,Tarih yok; varsayılan kapıdan geçmedi.,False,,,Yok,missing,False,2026-05-01,Tarih yok; varsayılan kapıdan geçmedi,Kampanya,True,Kampanya veya müşteri teklifi sinyali içeriyor.,Medium,False,Tarih yok; varsayılan kapıdan geçmedi,,2026-06-16T12:45:15.127471+00:00
RIAUD-b599a7df33bb,RUN-20260616124446,QNB Finansbank,REG-062,QNB Card KOBİ Ticari Kredi Kartı Kampanyaları,Dijital Kanallarımız Üzerinden İlk Kez Ticari Kredi Kartı Alan Müşterilerimiz İlk Yıl Ticari Kart Yıllık Üyelik Ücreti Ödemiyor! | QNB Kredi Kartı,https://www.qnbcard.com.tr/kartlar/ticari-kartlar/qnb-kobi-ticari-kredi-karti/qnb-kobi-ticari-kredi-karti-kampanyalari/dijital-kanallarimiz-uzerinden-ilk-kez-ticari-kredi-karti-alan-musterilerimiz-ilk-yil-ticari-kart-yillik-uyelik-ucreti-odemiyor,https://www.qnbcard.com.tr/kartlar/ticari-kartlar/qnb-kobi-ticari-kredi-karti/qnb-kobi-ticari-kredi-karti-kampanyalari/dijital-kanallarimiz-uzerinden-ilk-kez-ticari-kredi-karti-alan-musterilerimiz-ilk-yil-ticari-kart-yillik-uyelik-ucreti-odemiyor,dijital kanallarımız üzerinden i̇lk kez ticari kredi kartı alan müşterilerimiz i̇lk yıl ticari kart yıllık üyelik ücreti ödemiyor! | qnb kredi kartı,8b36cd9102ddb3054db30f16cf8018cdf57b3bd56423fdc07837a1e7546fbdd0,,,,,,Belirsiz,,Tarih yok; varsayılan kapıdan geçmedi.,False,,,Yok,missing,False,2026-05-01,Tarih yok; varsayılan kapıdan geçmedi,Kampanya,True,Kampanya veya müşteri teklifi sinyali içeriyor.,Medium,False,Tarih yok; varsayılan kapıdan geçmedi,,2026-06-16T12:45:15.316773+00:00
RIAUD-affce57af630,RUN-20260616124446,QNB Finansbank,REG-062,QNB Card KOBİ Ticari Kredi Kartı Kampanyaları,Mastercard X Galataport Otopark 1TL Kampanyası | QNB Kredi Kartı,https://www.qnbcard.com.tr/kartlar/ticari-kartlar/qnb-kobi-ticari-kredi-karti/qnb-kobi-ticari-kredi-karti-kampanyalari/mastercard-x-galataport-otopark-1tl-kampanyasi,https://www.qnbcard.com.tr/kartlar/ticari-kartlar/qnb-kobi-ticari-kredi-karti/qnb-kobi-ticari-kredi-karti-kampanyalari/mastercard-x-galataport-otopark-1tl-kampanyasi,mastercard x galataport otopark 1tl kampanyası | qnb kredi kartı,dd722abee5e6b755f240f6a76047b6657750aa40d5f3717b0c82b928faa587ab,,,,,,Belirsiz,,Tarih yok; varsayılan kapıdan geçmedi.,False,,,Yok,missing,False,2026-05-01,Tarih yok; varsayılan kapıdan geçmedi,Kampanya,True,Kampanya veya müşteri teklifi sinyali içeriyor.,Medium,False,Tarih yok; varsayılan kapıdan geçmedi,,2026-06-16T12:45:15.498412+00:00
RIAUD-6ddda565e7bc,RUN-20260616124446,QNB Finansbank,REG-062,QNB Card KOBİ Ticari Kredi Kartı Kampanyaları,Workinton Sanal Ofis Pratik Paket’te %50 İndirim Fırsatı! | QNB Kredi Kartı,https://www.qnbcard.com.tr/kartlar/ticari-kartlar/qnb-kobi-ticari-kredi-karti/qnb-kobi-ticari-kredi-karti-kampanyalari/workinton-sanal-ofis-pratik-pakette-50-indirim-firsati,https://www.qnbcard.com.tr/kartlar/ticari-kartlar/qnb-kobi-ticari-kredi-karti/qnb-kobi-ticari-kredi-karti-kampanyalari/workinton-sanal-ofis-pratik-pakette-50-indirim-firsati,workinton sanal ofis pratik paket’te %50 i̇ndirim fırsatı! | qnb kredi kartı,3071169a2e637ebd01e6cd0a0b46e85501bd3344ff4e045d3394cfefe4582b62,,,,,,Belirsiz,,Tarih yok; varsayılan kapıdan geçmedi.,False,,,Yok,missing,False,2026-05-01,Tarih yok; varsayılan kapıdan geçmedi,Kampanya,True,Kampanya veya müşteri teklifi sinyali içeriyor.,Medium,False,Tarih yok; varsayılan kapıdan geçmedi,,2026-06-16T12:45:15.704158+00:00
RIAUD-fb27bbdb7616,RUN-20260616124446,QNB Finansbank,REG-062,QNB Card KOBİ Ticari Kredi Kartı Kampanyaları,Silver Logolu Mastercard Sahiplerine Özel Sabiha Gökçen İç Hatlar Terminali'nde Geçerli Ücretsiz Hızlı Geçiş! | QNB Kredi Kartı,https://www.qnbcard.com.tr/kartlar/ticari-kartlar/qnb-kobi-ticari-kredi-karti/qnb-kobi-ticari-kredi-karti-kampanyalari/silver-logolu-mastercard-sahiplerine-ozel-sabiha-gokcen-ic-hatlar-terminalinde-gecerli-ucretsiz-hizli-gecis,https://www.qnbcard.com.tr/kartlar/ticari-kartlar/qnb-kobi-ticari-kredi-karti/qnb-kobi-ticari-kredi-karti-kampanyalari/silver-logolu-mastercard-sahiplerine-ozel-sabiha-gokcen-ic-hatlar-terminalinde-gecerli-ucretsiz-hizli-gecis,silver logolu mastercard sahiplerine özel sabiha gökçen i̇ç hatlar terminali'nde geçerli ücretsiz hızlı geçiş! | qnb kredi kartı,36c25b8d4d3faaca72a3235dfd8d7aabe52188bf3f0967012de0390eb5bfd07b,,,,,,Belirsiz,,Tarih yok; varsayılan kapıdan geçmedi.,False,,,Yok,missing,False,2026-05-01,Tarih yok; varsayılan kapıdan geçmedi,Kampanya,True,Kampanya veya müşteri teklifi sinyali içeriyor.,Medium,False,Tarih yok; varsayılan kapıdan geçmedi,,2026-06-16T12:45:15.897455+00:00
RIAUD-fde407f25507,RUN-20260616124446,QNB Finansbank,REG-062,QNB Card KOBİ Ticari Kredi Kartı Kampanyaları,Folio AI üyeliklerinde %25 indirim! | QNB Kredi Kartı,https://www.qnbcard.com.tr/kartlar/ticari-kartlar/qnb-kobi-ticari-kredi-karti/qnb-kobi-ticari-kredi-karti-kampanyalari/folio-ai-uyeliklerinde-25-indirim,https://www.qnbcard.com.tr/kartlar/ticari-kartlar/qnb-kobi-ticari-kredi-karti/qnb-kobi-ticari-kredi-karti-kampanyalari/folio-ai-uyeliklerinde-25-indirim,folio ai üyeliklerinde %25 indirim! | qnb kredi kartı,74cdce3945bc520a3d105c1827da37c82b023ce8cb9c37e7922c9684ab381ed4,,,,,,Belirsiz,,Tarih yok; varsayılan kapıdan geçmedi.,False,,,Yok,missing,False,2026-05-01,Tarih yok; varsayılan kapıdan geçmedi,Kampanya,True,Kampanya veya müşteri teklifi sinyali içeriyor.,Medium,False,Tarih yok; varsayılan kapıdan geçmedi,,2026-06-16T12:45:16.522008+00:00
RIAUD-6fbc08364397,RUN-20260616124446,QNB Finansbank,REG-062,QNB Card KOBİ Ticari Kredi Kartı Kampanyaları,Silver Logolu Mastercard Sahiplerine Özel Sabiha Gökçen Dış Hatlar Terminali'nde Geçerli Ücretsiz Hızlı Geçiş! | QNB Kredi Kartı,https://www.qnbcard.com.tr/kartlar/ticari-kartlar/qnb-kobi-ticari-kredi-karti/qnb-kobi-ticari-kredi-karti-kampanyalari/silver-logolu-mastercard-sahiplerine-ozel-sabiha-gokcen-dis-hatlar-terminalinde-gecerli-ucretsiz-hizli-gecis,https://www.qnbcard.com.tr/kartlar/ticari-kartlar/qnb-kobi-ticari-kredi-karti/qnb-kobi-ticari-kredi-karti-kampanyalari/silver-logolu-mastercard-sahiplerine-ozel-sabiha-gokcen-dis-hatlar-terminalinde-gecerli-ucretsiz-hizli-gecis,silver logolu mastercard sahiplerine özel sabiha gökçen dış hatlar terminali'nde geçerli ücretsiz hızlı geçiş! | qnb kredi kartı,d1669cc174d8349a5a4e6d9a3cca49f4b90aa7b1bb6804c715f299ab16171100,,,,,,Belirsiz,,Tarih yok; varsayılan kapıdan geçmedi.,False,,,Yok,missing,False,2026-05-01,Tarih yok; varsayılan kapıdan geçmedi,Kampanya,True,Kampanya veya müşteri teklifi sinyali içeriyor.,Medium,False,Tarih yok; varsayılan kapıdan geçmedi,,2026-06-16T12:45:16.701918+00:00
RIAUD-55ecfc25f797,RUN-20260616124446,QNB Finansbank,REG-061,QNB Finansbank Kampanyalar,Dijital Köprü’den Ömür Boyu Ücretsiz eFatura Desteği! | QNB,https://www.qnb.com.tr/kampanyalar/kobi-kampanyalari/dijital-kopruden-omur-boyu-ucretsiz-efatura-destegi-16586,https://www.qnb.com.tr/kampanyalar/kobi-kampanyalari/dijital-kopruden-omur-boyu-ucretsiz-efatura-destegi-16586,dijital köprü’den ömür boyu ücretsiz efatura desteği! | qnb,cf5450100220716160861156269be32e92715034d355f1d8fa55a881fb4724b9,20.12.2023,,,2023-12-20,,Kampanya Başlangıç Tarihi,2023-12-20,Kampanya başlangıç tarihi bulundu; recency için kullanıldı.,False,,2023-12-20,Orta,campaign_start_date,False,2026-05-01,Kesim tarihinden eski: 2023-12-20 < 2026-05-01,Kampanya,True,Kampanya veya müşteri teklifi sinyali içeriyor.,Poor,False,detail_text_too_short,,2026-06-16T12:45:17.058354+00:00
RIAUD-50f9bd3a803d,RUN-20260616124730,QNB Finansbank,REG-068,QNB KOBİ Ticari Kredi Kartları,İşletmeler İçin Bankacılık Çözümleri | QNB,https://www.qnb.com.tr/isim-icin,https://www.qnb.com.tr/isim-icin,i̇şletmeler i̇çin bankacılık çözümleri | qnb,21ff048b95a6eb200cb4a668848f258c6a0d163a5a1bc64220e2e51f89fcf3fb,,,,,,Belirsiz,,Tarih yok; varsayılan kapıdan geçmedi.,False,,,Yok,missing,False,2026-05-01,Tarih yok; varsayılan kapıdan geçmedi,Kampanya,True,Kampanya veya müşteri teklifi sinyali içeriyor.,Poor,False,detail_text_too_short,,2026-06-16T12:47:30.671607+00:00
RIAUD-ce397632060b,RUN-20260616124730,QNB Finansbank,REG-068,QNB KOBİ Ticari Kredi Kartları,KOBİ | QNB,https://www.qnb.com.tr/isim-icin/kobi,https://www.qnb.com.tr/isim-icin/kobi,kobi̇ | qnb,7dcff5dc90b37717762781121829214a3ecf820fcec3d688c4d33f87e2feb85f,,,,,,Belirsiz,,Tarih yok; varsayılan kapıdan geçmedi.,False,,,Yok,missing,False,2026-05-01,Tarih yok; varsayılan kapıdan geçmedi,Kampanya,True,Kampanya veya müşteri teklifi sinyali içeriyor.,Poor,False,title_too_short,,2026-06-16T12:47:31.366416+00:00
RIAUD-d2ae62f8a8ea,RUN-20260616124730,QNB Finansbank,REG-068,QNB KOBİ Ticari Kredi Kartları,Kartlar | QNB,https://www.qnb.com.tr/isim-icin/kobi/kobi-ticari-kartlar,https://www.qnb.com.tr/isim-icin/kobi/kobi-ticari-kartlar,kartlar | qnb,bf26f622a76c3665fe64b9120d0276630fd52c4654ec9668fbd255b5d6fad2f1,,,,,,Belirsiz,,Tarih yok; varsayılan kapıdan geçmedi.,False,,,Yok,missing,False,2026-05-01,Tarih yok; varsayılan kapıdan geçmedi,Kampanya,True,Kampanya veya müşteri teklifi sinyali içeriyor.,Poor,False,title_too_short,,2026-06-16T12:47:31.529567+00:00
RIAUD-9823b69f927c,RUN-20260616124730,QNB Finansbank,REG-068,QNB KOBİ Ticari Kredi Kartları,QNB KOBİ Kredi Kartı | QNB,https://www.qnb.com.tr/qnb-kobi-kredi-karti,https://www.qnb.com.tr/qnb-kobi-kredi-karti,qnb kobi̇ kredi kartı | qnb,eb7df6d03fe4b9ddcb4e407e97f6de6bd578099467f5be0befd9ade03f26e497,,,,,,Belirsiz,,Tarih yok; varsayılan kapıdan geçmedi.,False,,,Yok,missing,False,2026-05-01,Tarih yok; varsayılan kapıdan geçmedi,Kampanya,True,Kampanya veya müşteri teklifi sinyali içeriyor.,Good,False,Tarih yok; varsayılan kapıdan geçmedi,,2026-06-16T12:47:31.676181+00:00
RIAUD-fad3ce16f67b,RUN-20260616124730,QNB Finansbank,REG-067,QNB KOBİ Rahat,Kobiler İçin Diğer Hizmetler ve Ürünler | QNB,https://www.qnb.com.tr/kobi-diger-hizmetler-ve-urunler,https://www.qnb.com.tr/kobi-diger-hizmetler-ve-urunler,kobiler i̇çin diğer hizmetler ve ürünler | qnb,81a47e6869026212a9af96cee27980725f98573b645ad16972ef5ab2de2a1910,,,,,,Belirsiz,,Tarih yok; varsayılan kapıdan geçmedi.,False,,,Yok,missing,False,2026-05-01,Tarih yok; varsayılan kapıdan geçmedi,Kampanya,True,Kampanya veya müşteri teklifi sinyali içeriyor.,Medium,False,Tarih yok; varsayılan kapıdan geçmedi,,2026-06-16T12:47:31.953551+00:00
RIAUD-c4b24ab8d4bd,RUN-20260616124730,QNB Finansbank,REG-067,QNB KOBİ Rahat,Kobiler İçin Mevduat Hesabı - Yatırım Ürünleri | QNB,https://www.qnb.com.tr/isim-icin/kobi/mevduat-ve-yatirim-urunleri,https://www.qnb.com.tr/isim-icin/kobi/mevduat-ve-yatirim-urunleri,kobiler i̇çin mevduat hesabı - yatırım ürünleri | qnb,683a49f511503622f61e76ebf9a7ba6c5e55f5657e9d13696996d3d451bc4785,,,,,,Belirsiz,,Tarih yok; varsayılan kapıdan geçmedi.,False,,,Yok,missing,False,2026-05-01,Tarih yok; varsayılan kapıdan geçmedi,Kampanya,True,Kampanya veya müşteri teklifi sinyali içeriyor.,Medium,False,Tarih yok; varsayılan kapıdan geçmedi,,2026-06-16T12:47:32.139799+00:00
RIAUD-a184bd54963c,RUN-20260616124730,QNB Finansbank,REG-067,QNB KOBİ Rahat,KOBİ Nakit Yönetim ve Tahsilat Ürünleri | QNB,https://www.qnb.com.tr/kobi-nakit-yonetimi-ve-tahsilat-urunleri,https://www.qnb.com.tr/kobi-nakit-yonetimi-ve-tahsilat-urunleri,kobi̇ nakit yönetim ve tahsilat ürünleri | qnb,7d520fda74d321cfdabf71424638a7832837f33bd332310baf5a0ab26bbfe0fa,,,,,,Belirsiz,,Tarih yok; varsayılan kapıdan geçmedi.,False,,,Yok,missing,False,2026-05-01,Tarih yok; varsayılan kapıdan geçmedi,Kampanya,True,Kampanya veya müşteri teklifi sinyali içeriyor.,Good,False,Tarih yok; varsayılan kapıdan geçmedi,,2026-06-16T12:47:32.458128+00:00
RIAUD-889d24da745e,RUN-20260616124730,QNB Finansbank,REG-067,QNB KOBİ Rahat,KOBİ - Ömür Boyu Havale Ücreti Yok | QNB,https://www.qnb.com.tr/isim-icin/kobi/diger-hizmetler-ve-urunler/qnbde-omur-boyu-havale-ucreti-yok,https://www.qnb.com.tr/isim-icin/kobi/diger-hizmetler-ve-urunler/qnbde-omur-boyu-havale-ucreti-yok,kobi̇ - ömür boyu havale ücreti yok | qnb,343bc2a78d7de0ea1bf16211d1450e63671ba0795ff79bfb253730894b36eecc,30.11.2023,,,2023-11-30,,Kampanya Başlangıç Tarihi,2023-11-30,Kampanya başlangıç tarihi bulundu; recency için kullanıldı.,False,,2023-11-30,Yüksek,campaign_start_date,False,2026-05-01,Kesim tarihinden eski: 2023-11-30 < 2026-05-01,Kampanya,True,Kampanya veya müşteri teklifi sinyali içeriyor.,Good,False,Kesim tarihinden eski: 2023-11-30 < 2026-05-01,,2026-06-16T12:47:32.609834+00:00
RIAUD-0a248466c291,RUN-20260616124730,QNB Finansbank,REG-067,QNB KOBİ Rahat,Karekodla yapacağınız para transferleriniz anında hesabınızda! | QNB,https://www.qnb.com.tr/isim-icin/kobi/diger-hizmetler-ve-urunler/karekodla-yapacaginiz-para-transferleriniz-aninda-hesabinizda,https://www.qnb.com.tr/isim-icin/kobi/diger-hizmetler-ve-urunler/karekodla-yapacaginiz-para-transferleriniz-aninda-hesabinizda,karekodla yapacağınız para transferleriniz anında hesabınızda! | qnb,038cec81a8f33ffda26e4620be4a511a1c96b9269abfe696cee65844ffc0b379,,,,,,Belirsiz,,Tarih yok; varsayılan kapıdan geçmedi.,False,,,Yok,missing,False,2026-05-01,Tarih yok; varsayılan kapıdan geçmedi,Kampanya,True,Kampanya veya müşteri teklifi sinyali içeriyor.,Good,False,Tarih yok; varsayılan kapıdan geçmedi,,2026-06-16T12:47:32.779604+00:00
RIAUD-be4df423c334,RUN-20260616124730,QNB Finansbank,REG-067,QNB KOBİ Rahat,QNB'den Mali Müşavir Avantaj Seti | QNB,https://www.qnb.com.tr/isim-icin/kobi/diger-hizmetler-ve-urunler/qnbden-mali-musavir-avantaj-seti,https://www.qnb.com.tr/isim-icin/kobi/diger-hizmetler-ve-urunler/qnbden-mali-musavir-avantaj-seti,qnb'den mali müşavir avantaj seti | qnb,48eb7aebedba561f35b8afca7f3bd7f80ec133945da4fa570c44efd47c134c9a,,,,,,Belirsiz,,Tarih yok; varsayılan kapıdan geçmedi.,False,,,Yok,missing,False,2026-05-01,Tarih yok; varsayılan kapıdan geçmedi,Kampanya,True,Kampanya veya müşteri teklifi sinyali içeriyor.,Good,False,Tarih yok; varsayılan kapıdan geçmedi,,2026-06-16T12:47:32.938187+00:00
RIAUD-116f89638079,RUN-20260616124730,QNB Finansbank,REG-067,QNB KOBİ Rahat,Kentsel Dönüşüm / Yap - Sat | QNB,https://www.qnb.com.tr/kobi-kentsel-donusum-yap-sat,https://www.qnb.com.tr/kobi-kentsel-donusum-yap-sat,kentsel dönüşüm / yap - sat | qnb,2d61dd99c1c3e07b476637f45cdc8e87e691f4f822a99cb4d6f2cacb6aef8013,,,,,,Belirsiz,,Tarih yok; varsayılan kapıdan geçmedi.,False,,,Yok,missing,False,2026-05-01,Tarih yok; varsayılan kapıdan geçmedi,Kampanya,True,Kampanya veya müşteri teklifi sinyali içeriyor.,Good,False,Tarih yok; varsayılan kapıdan geçmedi,,2026-06-16T12:47:33.117343+00:00
RIAUD-6c3022d14eb8,RUN-20260616124730,QNB Finansbank,REG-067,QNB KOBİ Rahat,Müşteri Bilgilendirme Hizmeti | QNB,https://www.qnb.com.tr/kobi-musteri-bilgilendirme-hizmeti,https://www.qnb.com.tr/kobi-musteri-bilgilendirme-hizmeti,müşteri bilgilendirme hizmeti | qnb,62c2703fc122926ed8b41091c781d789263797097925a936c599706080abaabb,,,,,,Belirsiz,,Tarih yok; varsayılan kapıdan geçmedi.,False,,,Yok,missing,False,2026-05-01,Tarih yok; varsayılan kapıdan geçmedi,Kampanya,True,Kampanya veya müşteri teklifi sinyali içeriyor.,Good,False,Tarih yok; varsayılan kapıdan geçmedi,,2026-06-16T12:47:33.284484+00:00
RIAUD-1dbee2ecc504,RUN-20260616124730,QNB Finansbank,REG-067,QNB KOBİ Rahat,Findeks Ticari Paketleri | QNB,https://www.qnb.com.tr/isim-icin/kobi/findeks-ticari-paketleri,https://www.qnb.com.tr/isim-icin/kobi/findeks-ticari-paketleri,findeks ticari paketleri | qnb,002376c5b39a7bf9f307db09bda2ebff44b0fc43b74995a9dd28ce100611ce9d,,,,,,Belirsiz,,Tarih yok; varsayılan kapıdan geçmedi.,False,,,Yok,missing,False,2026-05-01,Tarih yok; varsayılan kapıdan geçmedi,Kampanya,True,Kampanya veya müşteri teklifi sinyali içeriyor.,Good,False,Tarih yok; varsayılan kapıdan geçmedi,,2026-06-16T12:47:33.438169+00:00
RIAUD-49af6d055d51,RUN-20260616124730,QNB Finansbank,REG-067,QNB KOBİ Rahat,İşletmeler İçin Bankacılık Çözümleri | QNB,https://www.qnb.com.tr/isim-icin,https://www.qnb.com.tr/isim-icin,i̇şletmeler i̇çin bankacılık çözümleri | qnb,21ff048b95a6eb200cb4a668848f258c6a0d163a5a1bc64220e2e51f89fcf3fb,,,,,,Belirsiz,,Tarih yok; varsayılan kapıdan geçmedi.,False,,,Yok,missing,False,2026-05-01,Tarih yok; varsayılan kapıdan geçmedi,Kampanya,True,Kampanya veya müşteri teklifi sinyali içeriyor.,Poor,False,detail_text_too_short,,2026-06-16T12:47:33.609540+00:00
RIAUD-3d5fbe76bfdb,RUN-20260616124730,QNB Finansbank,REG-067,QNB KOBİ Rahat,KOBİ | QNB,https://www.qnb.com.tr/isim-icin/kobi,https://www.qnb.com.tr/isim-icin/kobi,kobi̇ | qnb,7dcff5dc90b37717762781121829214a3ecf820fcec3d688c4d33f87e2feb85f,,,,,,Belirsiz,,Tarih yok; varsayılan kapıdan geçmedi.,False,,,Yok,missing,False,2026-05-01,Tarih yok; varsayılan kapıdan geçmedi,Kampanya,True,Kampanya veya müşteri teklifi sinyali içeriyor.,Poor,False,title_too_short,,2026-06-16T12:47:33.914648+00:00
RIAUD-b6716af82faa,RUN-20260616124730,QNB Finansbank,REG-067,QNB KOBİ Rahat,Kobi Kredisi & Kobi Kredisi Hesaplama | QNB,https://www.qnb.com.tr/kobi-kredileri,https://www.qnb.com.tr/kobi-kredileri,kobi kredisi & kobi kredisi hesaplama | qnb,f5e043c2cb9f1a423ababc128bf3b0f44f01f338d8ba3629110300f8f30172e5,,,,,,Belirsiz,,Tarih yok; varsayılan kapıdan geçmedi.,False,,,Yok,missing,False,2026-05-01,Tarih yok; varsayılan kapıdan geçmedi,Statik Ürün Sayfası,False,"Statik ürün, yardım, giriş veya navigasyon içeriği gibi görünüyor.",Good,False,Tarih yok; varsayılan kapıdan geçmedi,,2026-06-16T12:47:34.170825+00:00
RIAUD-d954942a94e9,RUN-20260616124730,QNB Finansbank,REG-067,QNB KOBİ Rahat,Esnaf Kredisi & Esnaf Kredisi Hesaplama | QNB,https://www.qnb.com.tr/isim-icin/kobi/krediler/esnaf-kredileri,https://www.qnb.com.tr/isim-icin/kobi/krediler/esnaf-kredileri,esnaf kredisi & esnaf kredisi hesaplama | qnb,eb2aa3421102013984b51cb7f8e75f9e99bd987062ae559b8b6d5f4861a02040,,,,,,Belirsiz,,Tarih yok; varsayılan kapıdan geçmedi.,False,,,Yok,missing,False,2026-05-01,Tarih yok; varsayılan kapıdan geçmedi,Statik Ürün Sayfası,False,"Statik ürün, yardım, giriş veya navigasyon içeriği gibi görünüyor.",Good,False,Tarih yok; varsayılan kapıdan geçmedi,,2026-06-16T12:47:34.326946+00:00
RIAUD-9a2bff46d0eb,RUN-20260616124730,QNB Finansbank,REG-067,QNB KOBİ Rahat,Kobi POS Çözümleri | QNB,https://www.qnb.com.tr/isim-icin/kobi/kobi-pos-cozumleri,https://www.qnb.com.tr/isim-icin/kobi/kobi-pos-cozumleri,kobi pos çözümleri | qnb,b2a52c411997ebfeabd7eca73445bd87184f24bda86fe279ad8887cb77a99f00,,,,,,Belirsiz,,Tarih yok; varsayılan kapıdan geçmedi.,False,,,Yok,missing,False,2026-05-01,Tarih yok; varsayılan kapıdan geçmedi,Kampanya,True,Kampanya veya müşteri teklifi sinyali içeriyor.,Medium,False,Tarih yok; varsayılan kapıdan geçmedi,,2026-06-16T12:47:34.636318+00:00
RIAUD-b2721712954c,RUN-20260616124730,QNB Finansbank,REG-067,QNB KOBİ Rahat,Kartlar | QNB,https://www.qnb.com.tr/isim-icin/kobi/kobi-ticari-kartlar,https://www.qnb.com.tr/isim-icin/kobi/kobi-ticari-kartlar,kartlar | qnb,bf26f622a76c3665fe64b9120d0276630fd52c4654ec9668fbd255b5d6fad2f1,,,,,,Belirsiz,,Tarih yok; varsayılan kapıdan geçmedi.,False,,,Yok,missing,False,2026-05-01,Tarih yok; varsayılan kapıdan geçmedi,Kampanya,True,Kampanya veya müşteri teklifi sinyali içeriyor.,Poor,False,title_too_short,,2026-06-16T12:47:35.174101+00:00
RIAUD-cd4bcd341801,RUN-20260616124730,QNB Finansbank,REG-067,QNB KOBİ Rahat,Kazananlar Kulübü | QNB,https://www.qnb.com.tr/isim-icin/kobi/kazananlar-kulubu,https://www.qnb.com.tr/isim-icin/kobi/kazananlar-kulubu,kazananlar kulübü | qnb,c290176bdbc30d4ad394c28ee403568fde00bc92a04eb9b41988b0804c323ddd,,,,,,Belirsiz,,Tarih yok; varsayılan kapıdan geçmedi.,False,,,Yok,missing,False,2026-05-01,Tarih yok; varsayılan kapıdan geçmedi,Kampanya,True,Kampanya veya müşteri teklifi sinyali içeriyor.,Good,False,Tarih yok; varsayılan kapıdan geçmedi,,2026-06-16T12:47:35.327645+00:00
RIAUD-49d187e35402,RUN-20260616124730,QNB Finansbank,REG-067,QNB KOBİ Rahat,QNB KOBİ Sigortaları,https://www.qnb.com.tr/kobi-sigortalar,https://www.qnb.com.tr/kobi-sigortalar,qnb kobi̇ sigortaları,d24304b541002879e37fb24183982e801ef21087614a1f146787b2a2330208aa,,,,,,Belirsiz,,Tarih yok; varsayılan kapıdan geçmedi.,False,,,Yok,missing,False,2026-05-01,Tarih yok; varsayılan kapıdan geçmedi,Kampanya,True,Kampanya veya müşteri teklifi sinyali içeriyor.,Good,False,Tarih yok; varsayılan kapıdan geçmedi,,2026-06-16T12:47:35.562830+00:00
RIAUD-1f892d4bcbc4,RUN-20260616124730,QNB Finansbank,REG-067,QNB KOBİ Rahat,KOBİ'ler için Leasıng ve Factoring Çözümleri | QNB,https://www.qnb.com.tr/kobi-leasing-and-faktoring,https://www.qnb.com.tr/kobi-leasing-and-faktoring,kobi̇'ler için leasıng ve factoring çözümleri | qnb,eb7afe403e7050fb09a0e2a9e677d8cb78776a6e3e21bf8a36b6743520a7ef97,,,,,,Belirsiz,,Tarih yok; varsayılan kapıdan geçmedi.,False,,,Yok,missing,False,2026-05-01,Tarih yok; varsayılan kapıdan geçmedi,Kampanya,True,Kampanya veya müşteri teklifi sinyali içeriyor.,Good,False,Tarih yok; varsayılan kapıdan geçmedi,,2026-06-16T12:47:35.718748+00:00
RIAUD-3cc75b4ae86b,RUN-20260616124730,QNB Finansbank,REG-066,QNB KOBİ Kredileri,İhtiyaca Özel KOBİ Kredileri | QNB,https://www.qnb.com.tr/kobi-ihtiyac-kredileri,https://www.qnb.com.tr/kobi-ihtiyac-kredileri,i̇htiyaca özel kobi̇ kredileri | qnb,213e20a04ff139f67e811c7e71c0ba0aad897ba355046a75d98aebe794ad6b87,,,,,,Belirsiz,,Tarih yok; varsayılan kapıdan geçmedi.,False,,,Yok,missing,False,2026-05-01,Tarih yok; varsayılan kapıdan geçmedi,Kampanya,True,Kampanya veya müşteri teklifi sinyali içeriyor.,Medium,False,Tarih yok; varsayılan kapıdan geçmedi,,2026-06-16T12:47:35.932011+00:00
RIAUD-287a55d7d2b5,RUN-20260616124730,QNB Finansbank,REG-066,QNB KOBİ Kredileri,KOBİlere Özel Yeşil Dönüşüm Kredisi | QNB,https://www.qnb.com.tr/isim-icin/kobi/krediler/yesili-arttikca-faizi-dusen-kredi,https://www.qnb.com.tr/isim-icin/kobi/krediler/yesili-arttikca-faizi-dusen-kredi,kobi̇lere özel yeşil dönüşüm kredisi | qnb,d7653cbd25787b24f1853995549cf3ed41c2f9244d56cca6ccbd7144a26aac02,,,,,,Belirsiz,,Tarih yok; varsayılan kapıdan geçmedi.,False,,,Yok,missing,False,2026-05-01,Tarih yok; varsayılan kapıdan geçmedi,Kampanya,True,Kampanya veya müşteri teklifi sinyali içeriyor.,Good,False,Tarih yok; varsayılan kapıdan geçmedi,,2026-06-16T12:47:36.106067+00:00
RIAUD-6306d040a4bd,RUN-20260616124730,QNB Finansbank,REG-066,QNB KOBİ Kredileri,İşletmeler İçin Bankacılık Çözümleri | QNB,https://www.qnb.com.tr/isim-icin,https://www.qnb.com.tr/isim-icin,i̇şletmeler i̇çin bankacılık çözümleri | qnb,21ff048b95a6eb200cb4a668848f258c6a0d163a5a1bc64220e2e51f89fcf3fb,,,,,,Belirsiz,,Tarih yok; varsayılan kapıdan geçmedi.,False,,,Yok,missing,False,2026-05-01,Tarih yok; varsayılan kapıdan geçmedi,Kampanya,True,Kampanya veya müşteri teklifi sinyali içeriyor.,Poor,False,detail_text_too_short,,2026-06-16T12:47:36.302641+00:00
RIAUD-54b0152003c0,RUN-20260616124730,QNB Finansbank,REG-066,QNB KOBİ Kredileri,KOBİ | QNB,https://www.qnb.com.tr/isim-icin/kobi,https://www.qnb.com.tr/isim-icin/kobi,kobi̇ | qnb,7dcff5dc90b37717762781121829214a3ecf820fcec3d688c4d33f87e2feb85f,,,,,,Belirsiz,,Tarih yok; varsayılan kapıdan geçmedi.,False,,,Yok,missing,False,2026-05-01,Tarih yok; varsayılan kapıdan geçmedi,Kampanya,True,Kampanya veya müşteri teklifi sinyali içeriyor.,Poor,False,title_too_short,,2026-06-16T12:47:36.773080+00:00
RIAUD-05adfcc59c06,RUN-20260616124730,QNB Finansbank,REG-066,QNB KOBİ Kredileri,KOBİ'lere İnternetten Kredi | QNB,https://www.qnb.com.tr/kobilere-mobil-ve-internetten-kredi,https://www.qnb.com.tr/kobilere-mobil-ve-internetten-kredi,kobi̇'lere i̇nternetten kredi | qnb,5dd11760dc3744ad9a679dae5a1835b2128e52407beb40f4ac53f03768682c03,,,,,,Belirsiz,,Tarih yok; varsayılan kapıdan geçmedi.,False,,,Yok,missing,False,2026-05-01,Tarih yok; varsayılan kapıdan geçmedi,Kampanya,True,Kampanya veya müşteri teklifi sinyali içeriyor.,Good,False,Tarih yok; varsayılan kapıdan geçmedi,,2026-06-16T12:47:36.939199+00:00
RIAUD-4f3768ff9036,RUN-20260616124730,QNB Finansbank,REG-066,QNB KOBİ Kredileri,İpotekli Taksitli Kredi - Teminatlı - 72 Ay Vadeli | QNB,https://www.qnb.com.tr/ipotek-teminatli-taksitli-kobi-ticari-kredi,https://www.qnb.com.tr/ipotek-teminatli-taksitli-kobi-ticari-kredi,i̇potekli taksitli kredi - teminatlı - 72 ay vadeli | qnb,eb204150f6a808c77a9ae82c699d427bc1abfed0ea71f420ff4a4c14d7fc7187,,,,,,Belirsiz,,Tarih yok; varsayılan kapıdan geçmedi.,False,,,Yok,missing,False,2026-05-01,Tarih yok; varsayılan kapıdan geçmedi,Kampanya,True,Kampanya veya müşteri teklifi sinyali içeriyor.,Good,False,Tarih yok; varsayılan kapıdan geçmedi,,2026-06-16T12:47:37.153498+00:00
RIAUD-4014467f25dc,RUN-20260616124730,QNB Finansbank,REG-066,QNB KOBİ Kredileri,Diğer Krediler | QNB,https://www.qnb.com.tr/isim-icin/kobi/krediler/kobi-destek-kredileri/diger-krediler,https://www.qnb.com.tr/isim-icin/kobi/krediler/kobi-destek-kredileri/diger-krediler,diğer krediler | qnb,8e3bcf792ce395ac7d67941d700417a0033cf95ec23f6e6305ee3fbbc639d106,,,,,,Belirsiz,,Tarih yok; varsayılan kapıdan geçmedi.,False,,,Yok,missing,False,2026-05-01,Tarih yok; varsayılan kapıdan geçmedi,Kampanya,True,Kampanya veya müşteri teklifi sinyali içeriyor.,Good,False,Tarih yok; varsayılan kapıdan geçmedi,,2026-06-16T12:47:37.300760+00:00
RIAUD-9ae80e51c15b,RUN-20260616124730,QNB Finansbank,REG-066,QNB KOBİ Kredileri,Nakdi KOBİ Destek Kredileri | QNB,https://www.qnb.com.tr/kobi-nakdi-krediler,https://www.qnb.com.tr/kobi-nakdi-krediler,nakdi kobi̇ destek kredileri | qnb,38fe1c0acc0c58aefef9ce7f55ccaf1fcb1ff6b254a00cdaa859c363ff2611ef,,,,,,Belirsiz,,Tarih yok; varsayılan kapıdan geçmedi.,False,,,Yok,missing,False,2026-05-01,Tarih yok; varsayılan kapıdan geçmedi,Kampanya,True,Kampanya veya müşteri teklifi sinyali içeriyor.,Good,False,Tarih yok; varsayılan kapıdan geçmedi,,2026-06-16T12:47:37.470984+00:00
RIAUD-4399c7fe9b33,RUN-20260616124730,QNB Finansbank,REG-066,QNB KOBİ Kredileri,Gayrinakdi KOBİ Destek Kredileri | QNB,https://www.qnb.com.tr/kobi-gayrinakdi-krediler,https://www.qnb.com.tr/kobi-gayrinakdi-krediler,gayrinakdi kobi̇ destek kredileri | qnb,b4bac3d0333e923ebee16d03a635d150c66aa407927402cb8cd50b7a90bc7b6f,,,,,,Belirsiz,,Tarih yok; varsayılan kapıdan geçmedi.,False,,,Yok,missing,False,2026-05-01,Tarih yok; varsayılan kapıdan geçmedi,Kampanya,True,Kampanya veya müşteri teklifi sinyali içeriyor.,Good,False,Tarih yok; varsayılan kapıdan geçmedi,,2026-06-16T12:47:37.635044+00:00
RIAUD-0c34cbb3168f,RUN-20260616124730,QNB Finansbank,REG-066,QNB KOBİ Kredileri,KOBİNakit Hesap | QNB,https://www.qnb.com.tr/isim-icin/kobi/krediler/kobinakit-hesap,https://www.qnb.com.tr/isim-icin/kobi/krediler/kobinakit-hesap,kobi̇nakit hesap | qnb,29a2eda4ad579147feb588d1d2e592c06532a2922b14d6a7add2ce8c3063d6e8,,,,,,Belirsiz,,Tarih yok; varsayılan kapıdan geçmedi.,False,,,Yok,missing,False,2026-05-01,Tarih yok; varsayılan kapıdan geçmedi,Kampanya,True,Kampanya veya müşteri teklifi sinyali içeriyor.,Good,False,Tarih yok; varsayılan kapıdan geçmedi,,2026-06-16T12:47:37.789255+00:00
RIAUD-d62e3391c82f,RUN-20260616124730,QNB Finansbank,REG-066,QNB KOBİ Kredileri,Mavi Kredi Programı | QNB,https://www.qnb.com.tr/isim-icin/kobi/krediler/mavi-kredi-programi,https://www.qnb.com.tr/isim-icin/kobi/krediler/mavi-kredi-programi,mavi kredi programı | qnb,834dec42500777ffb8488f39869672061647fefd0662e062a97c38a40cd92c6b,,,,,,Belirsiz,,Tarih yok; varsayılan kapıdan geçmedi.,False,,,Yok,missing,False,2026-05-01,Tarih yok; varsayılan kapıdan geçmedi,Kampanya,True,Kampanya veya müşteri teklifi sinyali içeriyor.,Good,False,Tarih yok; varsayılan kapıdan geçmedi,,2026-06-16T12:47:38.393760+00:00
RIAUD-84cafcbed29b,RUN-20260616124730,QNB Finansbank,REG-066,QNB KOBİ Kredileri,Esnaf Kredisi & Esnaf Kredisi Hesaplama | QNB,https://www.qnb.com.tr/isim-icin/kobi/krediler/esnaf-kredileri,https://www.qnb.com.tr/isim-icin/kobi/krediler/esnaf-kredileri,esnaf kredisi & esnaf kredisi hesaplama | qnb,eb2aa3421102013984b51cb7f8e75f9e99bd987062ae559b8b6d5f4861a02040,,,,,,Belirsiz,,Tarih yok; varsayılan kapıdan geçmedi.,False,,,Yok,missing,False,2026-05-01,Tarih yok; varsayılan kapıdan geçmedi,Statik Ürün Sayfası,False,"Statik ürün, yardım, giriş veya navigasyon içeriği gibi görünüyor.",Good,False,Tarih yok; varsayılan kapıdan geçmedi,,2026-06-16T12:47:38.584903+00:00
RIAUD-d1f595fc7121,RUN-20260616124730,QNB Finansbank,REG-065,QNB Yazar Kasa POS,KOBİ Kampanyaları | QNB,https://www.qnb.com.tr/kampanyalar/kobi-kampanyalari,https://www.qnb.com.tr/kampanyalar/kobi-kampanyalari,kobi̇ kampanyaları | qnb,af30b1020adff5b1f34c390163096d1847f7f66c98ef9adf46ed4aadc8a094dd,,,,,,Belirsiz,,Tarih yok; varsayılan kapıdan geçmedi.,False,,,Yok,missing,False,2026-05-01,Tarih yok; varsayılan kapıdan geçmedi,Kampanya,True,Kampanya veya müşteri teklifi sinyali içeriyor.,Medium,False,Tarih yok; varsayılan kapıdan geçmedi,,2026-06-16T12:47:38.786138+00:00
RIAUD-bebfc64fb07c,RUN-20260616124730,QNB Finansbank,REG-065,QNB Yazar Kasa POS,Kobiler İçin Mevduat Hesabı - Yatırım Ürünleri | QNB,https://www.qnb.com.tr/isim-icin/kobi/mevduat-ve-yatirim-urunleri,https://www.qnb.com.tr/isim-icin/kobi/mevduat-ve-yatirim-urunleri,kobiler i̇çin mevduat hesabı - yatırım ürünleri | qnb,683a49f511503622f61e76ebf9a7ba6c5e55f5657e9d13696996d3d451bc4785,,,,,,Belirsiz,,Tarih yok; varsayılan kapıdan geçmedi.,False,,,Yok,missing,False,2026-05-01,Tarih yok; varsayılan kapıdan geçmedi,Kampanya,True,Kampanya veya müşteri teklifi sinyali içeriyor.,Medium,False,Tarih yok; varsayılan kapıdan geçmedi,,2026-06-16T12:47:39.070192+00:00
RIAUD-ef9b124c317f,RUN-20260616124730,QNB Finansbank,REG-065,QNB Yazar Kasa POS,Link POS & Sanal POS Üye İşyeri Giriş Ekranı | QNB,https://www.qnb.com.tr/isim-icin/kobi/kobi-pos-cozumleri/link-pos-and-sanal-pos-uye-isyeri-giris-ekrani,https://www.qnb.com.tr/isim-icin/kobi/kobi-pos-cozumleri/link-pos-and-sanal-pos-uye-isyeri-giris-ekrani,link pos & sanal pos üye i̇şyeri giriş ekranı | qnb,a2ac38e4a19bd66f88cc18e049b9ac2e8c3471391f0a02eaedaf7b0c36fd7667,,,,,,Belirsiz,,Tarih yok; varsayılan kapıdan geçmedi.,False,,,Yok,missing,False,2026-05-01,Tarih yok; varsayılan kapıdan geçmedi,Statik Ürün Sayfası,False,"Statik ürün, yardım, giriş veya navigasyon içeriği gibi görünüyor.",Medium,False,Tarih yok; varsayılan kapıdan geçmedi,,2026-06-16T12:47:39.216509+00:00
RIAUD-859e6689061a,RUN-20260616124730,QNB Finansbank,REG-065,QNB Yazar Kasa POS,POS Başvurusu Şimdi QNB Mobil’de | QNB,https://www.qnb.com.tr/isim-icin/kobi/kobi-pos-cozumleri/pos-basvurusu-qnb-mobilde,https://www.qnb.com.tr/isim-icin/kobi/kobi-pos-cozumleri/pos-basvurusu-qnb-mobilde,pos başvurusu şimdi qnb mobil’de | qnb,c857437d16ebb003123db8d6abcd9c319a95df295472b002b256941f081e648a,,,,,,Belirsiz,,Tarih yok; varsayılan kapıdan geçmedi.,False,,,Yok,missing,False,2026-05-01,Tarih yok; varsayılan kapıdan geçmedi,Kampanya,True,Kampanya veya müşteri teklifi sinyali içeriyor.,Good,False,Tarih yok; varsayılan kapıdan geçmedi,,2026-06-16T12:47:39.696780+00:00
RIAUD-278bd4b47f2d,RUN-20260616124730,QNB Finansbank,REG-065,QNB Yazar Kasa POS,Karekod (QR Kod) ile Ödeme Alma | QNB,https://www.qnb.com.tr/isim-icin/kobi/kobi-pos-cozumleri/pos-qr-kod,https://www.qnb.com.tr/isim-icin/kobi/kobi-pos-cozumleri/pos-qr-kod,karekod (qr kod) ile ödeme alma | qnb,e6663ddf4f4db2ac28aac85388d9a755310b7f562400c4234cff76cc836158d2,,,,,,Belirsiz,,Tarih yok; varsayılan kapıdan geçmedi.,False,,,Yok,missing,False,2026-05-01,Tarih yok; varsayılan kapıdan geçmedi,Kampanya,True,Kampanya veya müşteri teklifi sinyali içeriyor.,Good,False,Tarih yok; varsayılan kapıdan geçmedi,,2026-06-16T12:47:39.860183+00:00
RIAUD-3c524016a3cc,RUN-20260616124730,QNB Finansbank,REG-065,QNB Yazar Kasa POS,Düzenli Tahsilat Kolay | QNB,https://www.qnb.com.tr/isim-icin/kobi/kobi-pos-cozumleri/tahsilat-kolay,https://www.qnb.com.tr/isim-icin/kobi/kobi-pos-cozumleri/tahsilat-kolay,düzenli tahsilat kolay | qnb,c422122e1d4d89a44ef74438b02fcfc4e41482f6ca956956d6638d14b58799fa,,,,,,Belirsiz,,Tarih yok; varsayılan kapıdan geçmedi.,False,,,Yok,missing,False,2026-05-01,Tarih yok; varsayılan kapıdan geçmedi,Kampanya,True,Kampanya veya müşteri teklifi sinyali içeriyor.,Good,False,Tarih yok; varsayılan kapıdan geçmedi,,2026-06-16T12:47:40.027835+00:00
RIAUD-7bd7cb29feab,RUN-20260616124730,QNB Finansbank,REG-065,QNB Yazar Kasa POS,KOBİ Nakit Yönetim ve Tahsilat Ürünleri | QNB,https://www.qnb.com.tr/kobi-nakit-yonetimi-ve-tahsilat-urunleri,https://www.qnb.com.tr/kobi-nakit-yonetimi-ve-tahsilat-urunleri,kobi̇ nakit yönetim ve tahsilat ürünleri | qnb,7d520fda74d321cfdabf71424638a7832837f33bd332310baf5a0ab26bbfe0fa,,,,,,Belirsiz,,Tarih yok; varsayılan kapıdan geçmedi.,False,,,Yok,missing,False,2026-05-01,Tarih yok; varsayılan kapıdan geçmedi,Kampanya,True,Kampanya veya müşteri teklifi sinyali içeriyor.,Good,False,Tarih yok; varsayılan kapıdan geçmedi,,2026-06-16T12:47:40.176536+00:00
RIAUD-e5d68ce5cf03,RUN-20260616124730,QNB Finansbank,REG-065,QNB Yazar Kasa POS,Kobiler İçin Diğer Hizmetler ve Ürünler | QNB,https://www.qnb.com.tr/kobi-diger-hizmetler-ve-urunler,https://www.qnb.com.tr/kobi-diger-hizmetler-ve-urunler,kobiler i̇çin diğer hizmetler ve ürünler | qnb,81a47e6869026212a9af96cee27980725f98573b645ad16972ef5ab2de2a1910,,,,,,Belirsiz,,Tarih yok; varsayılan kapıdan geçmedi.,False,,,Yok,missing,False,2026-05-01,Tarih yok; varsayılan kapıdan geçmedi,Kampanya,True,Kampanya veya müşteri teklifi sinyali içeriyor.,Medium,False,Tarih yok; varsayılan kapıdan geçmedi,,2026-06-16T12:47:40.838041+00:00
RIAUD-64945a3f4dbd,RUN-20260616124730,QNB Finansbank,REG-065,QNB Yazar Kasa POS,Findeks Ticari Paketleri | QNB,https://www.qnb.com.tr/isim-icin/kobi/findeks-ticari-paketleri,https://www.qnb.com.tr/isim-icin/kobi/findeks-ticari-paketleri,findeks ticari paketleri | qnb,002376c5b39a7bf9f307db09bda2ebff44b0fc43b74995a9dd28ce100611ce9d,,,,,,Belirsiz,,Tarih yok; varsayılan kapıdan geçmedi.,False,,,Yok,missing,False,2026-05-01,Tarih yok; varsayılan kapıdan geçmedi,Kampanya,True,Kampanya veya müşteri teklifi sinyali içeriyor.,Good,False,Tarih yok; varsayılan kapıdan geçmedi,,2026-06-16T12:47:41.025127+00:00
RIAUD-fcf40c1af0d2,RUN-20260616124730,QNB Finansbank,REG-065,QNB Yazar Kasa POS,İşletmeler İçin Bankacılık Çözümleri | QNB,https://www.qnb.com.tr/isim-icin,https://www.qnb.com.tr/isim-icin,i̇şletmeler i̇çin bankacılık çözümleri | qnb,21ff048b95a6eb200cb4a668848f258c6a0d163a5a1bc64220e2e51f89fcf3fb,,,,,,Belirsiz,,Tarih yok; varsayılan kapıdan geçmedi.,False,,,Yok,missing,False,2026-05-01,Tarih yok; varsayılan kapıdan geçmedi,Kampanya,True,Kampanya veya müşteri teklifi sinyali içeriyor.,Poor,False,detail_text_too_short,,2026-06-16T12:47:41.550509+00:00
RIAUD-85981c1327c4,RUN-20260616124730,QNB Finansbank,REG-065,QNB Yazar Kasa POS,KOBİ | QNB,https://www.qnb.com.tr/isim-icin/kobi,https://www.qnb.com.tr/isim-icin/kobi,kobi̇ | qnb,7dcff5dc90b37717762781121829214a3ecf820fcec3d688c4d33f87e2feb85f,,,,,,Belirsiz,,Tarih yok; varsayılan kapıdan geçmedi.,False,,,Yok,missing,False,2026-05-01,Tarih yok; varsayılan kapıdan geçmedi,Kampanya,True,Kampanya veya müşteri teklifi sinyali içeriyor.,Poor,False,title_too_short,,2026-06-16T12:47:42.269075+00:00
RIAUD-ca7b2d74b9f1,RUN-20260616124730,QNB Finansbank,REG-065,QNB Yazar Kasa POS,Kobi POS Çözümleri | QNB,https://www.qnb.com.tr/isim-icin/kobi/kobi-pos-cozumleri,https://www.qnb.com.tr/isim-icin/kobi/kobi-pos-cozumleri,kobi pos çözümleri | qnb,b2a52c411997ebfeabd7eca73445bd87184f24bda86fe279ad8887cb77a99f00,,,,,,Belirsiz,,Tarih yok; varsayılan kapıdan geçmedi.,False,,,Yok,missing,False,2026-05-01,Tarih yok; varsayılan kapıdan geçmedi,Kampanya,True,Kampanya veya müşteri teklifi sinyali içeriyor.,Medium,False,Tarih yok; varsayılan kapıdan geçmedi,,2026-06-16T12:47:42.733109+00:00
RIAUD-261e80e62f54,RUN-20260616124730,QNB Finansbank,REG-065,QNB Yazar Kasa POS,Yazarkasa POS | QNB,https://www.qnb.com.tr/isim-icin/kobi/kobi-pos-cozumleri/yazar-kasa-pos#hemen-basvur,https://www.qnb.com.tr/isim-icin/kobi/kobi-pos-cozumleri/yazar-kasa-pos,yazarkasa pos | qnb,cba7c8bab59409b18e109bed06c77e2e31fd77d796fcd461c5ae1da74e1788ed,,,,,,Belirsiz,,Tarih yok; varsayılan kapıdan geçmedi.,False,,,Yok,missing,False,2026-05-01,Tarih yok; varsayılan kapıdan geçmedi,Kampanya,True,Kampanya veya müşteri teklifi sinyali içeriyor.,Poor,False,title_too_short,,2026-06-16T12:47:43.088948+00:00
RIAUD-6f2a66d9c4e3,RUN-20260616124730,QNB Finansbank,REG-065,QNB Yazar Kasa POS,Kobi Kredisi & Kobi Kredisi Hesaplama | QNB,https://www.qnb.com.tr/kobi-kredileri,https://www.qnb.com.tr/kobi-kredileri,kobi kredisi & kobi kredisi hesaplama | qnb,f5e043c2cb9f1a423ababc128bf3b0f44f01f338d8ba3629110300f8f30172e5,,,,,,Belirsiz,,Tarih yok; varsayılan kapıdan geçmedi.,False,,,Yok,missing,False,2026-05-01,Tarih yok; varsayılan kapıdan geçmedi,Statik Ürün Sayfası,False,"Statik ürün, yardım, giriş veya navigasyon içeriği gibi görünüyor.",Good,False,Tarih yok; varsayılan kapıdan geçmedi,,2026-06-16T12:47:43.481676+00:00
RIAUD-ae4b0ebd2932,RUN-20260616124730,QNB Finansbank,REG-065,QNB Yazar Kasa POS,Esnaf Kredisi & Esnaf Kredisi Hesaplama | QNB,https://www.qnb.com.tr/isim-icin/kobi/krediler/esnaf-kredileri,https://www.qnb.com.tr/isim-icin/kobi/krediler/esnaf-kredileri,esnaf kredisi & esnaf kredisi hesaplama | qnb,eb2aa3421102013984b51cb7f8e75f9e99bd987062ae559b8b6d5f4861a02040,,,,,,Belirsiz,,Tarih yok; varsayılan kapıdan geçmedi.,False,,,Yok,missing,False,2026-05-01,Tarih yok; varsayılan kapıdan geçmedi,Statik Ürün Sayfası,False,"Statik ürün, yardım, giriş veya navigasyon içeriği gibi görünüyor.",Good,False,Tarih yok; varsayılan kapıdan geçmedi,,2026-06-16T12:47:43.977163+00:00
RIAUD-fe13b40762fa,RUN-20260616124730,QNB Finansbank,REG-065,QNB Yazar Kasa POS,POS Cihazı Başvurusu | QNB,https://www.qnb.com.tr/isim-icin/kobi/kobi-pos-cozumleri/pos,https://www.qnb.com.tr/isim-icin/kobi/kobi-pos-cozumleri/pos,pos cihazı başvurusu | qnb,f07fd23719a94d17f98a35eed6b0a770a37a85b6d068f385d4354e49dde9e18b,,,,,,Belirsiz,,Tarih yok; varsayılan kapıdan geçmedi.,False,,,Yok,missing,False,2026-05-01,Tarih yok; varsayılan kapıdan geçmedi,Kampanya,True,Kampanya veya müşteri teklifi sinyali içeriyor.,Good,False,Tarih yok; varsayılan kapıdan geçmedi,,2026-06-16T12:47:45.254786+00:00
RIAUD-bcd9198488b9,RUN-20260616124730,QNB Finansbank,REG-065,QNB Yazar Kasa POS,LinkPOS | QNB,https://www.qnb.com.tr/linkpos,https://www.qnb.com.tr/linkpos,linkpos | qnb,f365028ce901fda6b7d66176441931aa1e183263431027326fd32320ebe38d5d,,,,,,Belirsiz,,Tarih yok; varsayılan kapıdan geçmedi.,False,,,Yok,missing,False,2026-05-01,Tarih yok; varsayılan kapıdan geçmedi,Kampanya,True,Kampanya veya müşteri teklifi sinyali içeriyor.,Poor,False,title_too_short,,2026-06-16T12:47:45.446978+00:00
RIAUD-94cdf0b79bc3,RUN-20260616124730,QNB Finansbank,REG-065,QNB Yazar Kasa POS,Sanal POS Başvuru | QNB,https://www.qnb.com.tr/sanal-pos,https://www.qnb.com.tr/sanal-pos,sanal pos başvuru | qnb,27ecea26b58692c0a78696e86899bdbdc5b30480fb9e1b562b84bb6fe03d4431,,,,,,Belirsiz,,Tarih yok; varsayılan kapıdan geçmedi.,False,,,Yok,missing,False,2026-05-01,Tarih yok; varsayılan kapıdan geçmedi,Kampanya,True,Kampanya veya müşteri teklifi sinyali içeriyor.,Good,False,Tarih yok; varsayılan kapıdan geçmedi,,2026-06-16T12:47:45.628460+00:00
RIAUD-0bb20d5b3333,RUN-20260616124730,QNB Finansbank,REG-065,QNB Yazar Kasa POS,CepPOS | QNB,https://www.qnb.com.tr/isim-icin/kobi/kobi-pos-cozumleri/ceppos,https://www.qnb.com.tr/isim-icin/kobi/kobi-pos-cozumleri/ceppos,ceppos | qnb,19deb2829b90602f1b70a9bc8046a984b65d1ca270ce0803edc1feb7adaa85e8,,,,,,Belirsiz,,Tarih yok; varsayılan kapıdan geçmedi.,False,,,Yok,missing,False,2026-05-01,Tarih yok; varsayılan kapıdan geçmedi,Kampanya,True,Kampanya veya müşteri teklifi sinyali içeriyor.,Poor,False,title_too_short,,2026-06-16T12:47:45.815187+00:00
RIAUD-f6b869225c46,RUN-20260616124730,QNB Finansbank,REG-065,QNB Yazar Kasa POS,Mobil POS | QNB,https://www.qnb.com.tr/isim-icin/kobi/kobi-pos-cozumleri/mobil-pos,https://www.qnb.com.tr/isim-icin/kobi/kobi-pos-cozumleri/mobil-pos,mobil pos | qnb,74196b2d10358079ac6cd399701245ee6e44975bd0440082e3cbb68c8ff14832,,,,,,Belirsiz,,Tarih yok; varsayılan kapıdan geçmedi.,False,,,Yok,missing,False,2026-05-01,Tarih yok; varsayılan kapıdan geçmedi,Kampanya,True,Kampanya veya müşteri teklifi sinyali içeriyor.,Poor,False,title_too_short,,2026-06-16T12:47:45.989186+00:00
RIAUD-9d9d8aadb515,RUN-20260616124730,QNB Finansbank,REG-065,QNB Yazar Kasa POS,Temassız POS | QNB,https://www.qnb.com.tr/isim-icin/kobi/kobi-pos-cozumleri/temassiz-taksitli-pos,https://www.qnb.com.tr/isim-icin/kobi/kobi-pos-cozumleri/temassiz-taksitli-pos,temassız pos | qnb,d035dc9bcc58620e8b80b324595cae4aa7a54a4ed29360407b388df3d28a046d,,,,,,Belirsiz,,Tarih yok; varsayılan kapıdan geçmedi.,False,,,Yok,missing,False,2026-05-01,Tarih yok; varsayılan kapıdan geçmedi,Kampanya,True,Kampanya veya müşteri teklifi sinyali içeriyor.,Poor,False,title_too_short,,2026-06-16T12:47:46.163200+00:00
RIAUD-d73d9d933c10,RUN-20260616124730,QNB Finansbank,REG-065,QNB Yazar Kasa POS,POS Kılavuzu | QNB,https://www.qnb.com.tr/isim-icin/kobi/kobi-pos-cozumleri/pos-kilavuzu,https://www.qnb.com.tr/isim-icin/kobi/kobi-pos-cozumleri/pos-kilavuzu,pos kılavuzu | qnb,7a70c61e5b1f4c9e6a0a31681eb1ffe11bb6b55808eac7ab24b1512dae7e6547,,,,,,Belirsiz,,Tarih yok; varsayılan kapıdan geçmedi.,False,,,Yok,missing,False,2026-05-01,Tarih yok; varsayılan kapıdan geçmedi,Kampanya,True,Kampanya veya müşteri teklifi sinyali içeriyor.,Poor,False,title_too_short,,2026-06-16T12:47:46.775375+00:00
RIAUD-c366af68188d,RUN-20260616124730,QNB Finansbank,REG-065,QNB Yazar Kasa POS,Dijital Slip | QNB,https://www.qnb.com.tr/isim-icin/kobi/kobi-pos-cozumleri/dijital-slip,https://www.qnb.com.tr/isim-icin/kobi/kobi-pos-cozumleri/dijital-slip,dijital slip | qnb,0f9f2149d51b79443597117998586a984e64bb7d7358c52a1fee031352c2c921,,,,,,Belirsiz,,Tarih yok; varsayılan kapıdan geçmedi.,False,,,Yok,missing,False,2026-05-01,Tarih yok; varsayılan kapıdan geçmedi,Kampanya,True,Kampanya veya müşteri teklifi sinyali içeriyor.,Poor,False,title_too_short,,2026-06-16T12:47:47.263948+00:00
RIAUD-e2c9c5f8c67a,RUN-20260616124730,QNB Finansbank,REG-065,QNB Yazar Kasa POS,Kartlar | QNB,https://www.qnb.com.tr/isim-icin/kobi/kobi-ticari-kartlar,https://www.qnb.com.tr/isim-icin/kobi/kobi-ticari-kartlar,kartlar | qnb,bf26f622a76c3665fe64b9120d0276630fd52c4654ec9668fbd255b5d6fad2f1,,,,,,Belirsiz,,Tarih yok; varsayılan kapıdan geçmedi.,False,,,Yok,missing,False,2026-05-01,Tarih yok; varsayılan kapıdan geçmedi,Kampanya,True,Kampanya veya müşteri teklifi sinyali içeriyor.,Poor,False,title_too_short,,2026-06-16T12:47:47.419955+00:00
RIAUD-75ca6d2ada3c,RUN-20260616124730,QNB Finansbank,REG-065,QNB Yazar Kasa POS,Kazananlar Kulübü | QNB,https://www.qnb.com.tr/isim-icin/kobi/kazananlar-kulubu,https://www.qnb.com.tr/isim-icin/kobi/kazananlar-kulubu,kazananlar kulübü | qnb,c290176bdbc30d4ad394c28ee403568fde00bc92a04eb9b41988b0804c323ddd,,,,,,Belirsiz,,Tarih yok; varsayılan kapıdan geçmedi.,False,,,Yok,missing,False,2026-05-01,Tarih yok; varsayılan kapıdan geçmedi,Kampanya,True,Kampanya veya müşteri teklifi sinyali içeriyor.,Good,False,Tarih yok; varsayılan kapıdan geçmedi,,2026-06-16T12:47:47.595254+00:00
RIAUD-cb20c2d90aae,RUN-20260616124730,QNB Finansbank,REG-065,QNB Yazar Kasa POS,QNB KOBİ Sigortaları,https://www.qnb.com.tr/kobi-sigortalar,https://www.qnb.com.tr/kobi-sigortalar,qnb kobi̇ sigortaları,d24304b541002879e37fb24183982e801ef21087614a1f146787b2a2330208aa,,,,,,Belirsiz,,Tarih yok; varsayılan kapıdan geçmedi.,False,,,Yok,missing,False,2026-05-01,Tarih yok; varsayılan kapıdan geçmedi,Kampanya,True,Kampanya veya müşteri teklifi sinyali içeriyor.,Good,False,Tarih yok; varsayılan kapıdan geçmedi,,2026-06-16T12:47:47.928418+00:00
RIAUD-29ccb4498954,RUN-20260616124730,QNB Finansbank,REG-065,QNB Yazar Kasa POS,KOBİ'ler için Leasıng ve Factoring Çözümleri | QNB,https://www.qnb.com.tr/kobi-leasing-and-faktoring,https://www.qnb.com.tr/kobi-leasing-and-faktoring,kobi̇'ler için leasıng ve factoring çözümleri | qnb,eb7afe403e7050fb09a0e2a9e677d8cb78776a6e3e21bf8a36b6743520a7ef97,,,,,,Belirsiz,,Tarih yok; varsayılan kapıdan geçmedi.,False,,,Yok,missing,False,2026-05-01,Tarih yok; varsayılan kapıdan geçmedi,Kampanya,True,Kampanya veya müşteri teklifi sinyali içeriyor.,Good,False,Tarih yok; varsayılan kapıdan geçmedi,,2026-06-16T12:47:48.087320+00:00
RIAUD-a224b28e2ab5,RUN-20260616124730,QNB Finansbank,REG-064,QNB POS,KOBİ Kampanyaları | QNB,https://www.qnb.com.tr/kampanyalar/kobi-kampanyalari,https://www.qnb.com.tr/kampanyalar/kobi-kampanyalari,kobi̇ kampanyaları | qnb,af30b1020adff5b1f34c390163096d1847f7f66c98ef9adf46ed4aadc8a094dd,,,,,,Belirsiz,,Tarih yok; varsayılan kapıdan geçmedi.,False,,,Yok,missing,False,2026-05-01,Tarih yok; varsayılan kapıdan geçmedi,Kampanya,True,Kampanya veya müşteri teklifi sinyali içeriyor.,Medium,False,Tarih yok; varsayılan kapıdan geçmedi,,2026-06-16T12:47:48.285632+00:00
RIAUD-ca01127f4dd8,RUN-20260616124730,QNB Finansbank,REG-064,QNB POS,Düzenli Tahsilat Kolay | QNB,https://www.qnb.com.tr/isim-icin/kobi/kobi-pos-cozumleri/tahsilat-kolay,https://www.qnb.com.tr/isim-icin/kobi/kobi-pos-cozumleri/tahsilat-kolay,düzenli tahsilat kolay | qnb,c422122e1d4d89a44ef74438b02fcfc4e41482f6ca956956d6638d14b58799fa,,,,,,Belirsiz,,Tarih yok; varsayılan kapıdan geçmedi.,False,,,Yok,missing,False,2026-05-01,Tarih yok; varsayılan kapıdan geçmedi,Kampanya,True,Kampanya veya müşteri teklifi sinyali içeriyor.,Good,False,Tarih yok; varsayılan kapıdan geçmedi,,2026-06-16T12:47:48.914577+00:00
RIAUD-f4e885143646,RUN-20260616124730,QNB Finansbank,REG-064,QNB POS,Kobiler İçin Mevduat Hesabı - Yatırım Ürünleri | QNB,https://www.qnb.com.tr/isim-icin/kobi/mevduat-ve-yatirim-urunleri,https://www.qnb.com.tr/isim-icin/kobi/mevduat-ve-yatirim-urunleri,kobiler i̇çin mevduat hesabı - yatırım ürünleri | qnb,683a49f511503622f61e76ebf9a7ba6c5e55f5657e9d13696996d3d451bc4785,,,,,,Belirsiz,,Tarih yok; varsayılan kapıdan geçmedi.,False,,,Yok,missing,False,2026-05-01,Tarih yok; varsayılan kapıdan geçmedi,Kampanya,True,Kampanya veya müşteri teklifi sinyali içeriyor.,Medium,False,Tarih yok; varsayılan kapıdan geçmedi,,2026-06-16T12:47:49.173665+00:00
RIAUD-411258556563,RUN-20260616124730,QNB Finansbank,REG-064,QNB POS,Link POS & Sanal POS Üye İşyeri Giriş Ekranı | QNB,https://www.qnb.com.tr/isim-icin/kobi/kobi-pos-cozumleri/link-pos-and-sanal-pos-uye-isyeri-giris-ekrani,https://www.qnb.com.tr/isim-icin/kobi/kobi-pos-cozumleri/link-pos-and-sanal-pos-uye-isyeri-giris-ekrani,link pos & sanal pos üye i̇şyeri giriş ekranı | qnb,a2ac38e4a19bd66f88cc18e049b9ac2e8c3471391f0a02eaedaf7b0c36fd7667,,,,,,Belirsiz,,Tarih yok; varsayılan kapıdan geçmedi.,False,,,Yok,missing,False,2026-05-01,Tarih yok; varsayılan kapıdan geçmedi,Statik Ürün Sayfası,False,"Statik ürün, yardım, giriş veya navigasyon içeriği gibi görünüyor.",Medium,False,Tarih yok; varsayılan kapıdan geçmedi,,2026-06-16T12:47:49.346076+00:00
RIAUD-b2b262a0b3db,RUN-20260616124730,QNB Finansbank,REG-064,QNB POS,POS Başvurusu Şimdi QNB Mobil’de | QNB,https://www.qnb.com.tr/isim-icin/kobi/kobi-pos-cozumleri/pos-basvurusu-qnb-mobilde,https://www.qnb.com.tr/isim-icin/kobi/kobi-pos-cozumleri/pos-basvurusu-qnb-mobilde,pos başvurusu şimdi qnb mobil’de | qnb,c857437d16ebb003123db8d6abcd9c319a95df295472b002b256941f081e648a,,,,,,Belirsiz,,Tarih yok; varsayılan kapıdan geçmedi.,False,,,Yok,missing,False,2026-05-01,Tarih yok; varsayılan kapıdan geçmedi,Kampanya,True,Kampanya veya müşteri teklifi sinyali içeriyor.,Good,False,Tarih yok; varsayılan kapıdan geçmedi,,2026-06-16T12:47:49.534815+00:00
RIAUD-d0e55b56e90f,RUN-20260616124730,QNB Finansbank,REG-064,QNB POS,Karekod (QR Kod) ile Ödeme Alma | QNB,https://www.qnb.com.tr/isim-icin/kobi/kobi-pos-cozumleri/pos-qr-kod,https://www.qnb.com.tr/isim-icin/kobi/kobi-pos-cozumleri/pos-qr-kod,karekod (qr kod) ile ödeme alma | qnb,e6663ddf4f4db2ac28aac85388d9a755310b7f562400c4234cff76cc836158d2,,,,,,Belirsiz,,Tarih yok; varsayılan kapıdan geçmedi.,False,,,Yok,missing,False,2026-05-01,Tarih yok; varsayılan kapıdan geçmedi,Kampanya,True,Kampanya veya müşteri teklifi sinyali içeriyor.,Good,False,Tarih yok; varsayılan kapıdan geçmedi,,2026-06-16T12:47:50.127807+00:00
RIAUD-9cb9adeb66f6,RUN-20260616124730,QNB Finansbank,REG-064,QNB POS,KOBİ Nakit Yönetim ve Tahsilat Ürünleri | QNB,https://www.qnb.com.tr/kobi-nakit-yonetimi-ve-tahsilat-urunleri,https://www.qnb.com.tr/kobi-nakit-yonetimi-ve-tahsilat-urunleri,kobi̇ nakit yönetim ve tahsilat ürünleri | qnb,7d520fda74d321cfdabf71424638a7832837f33bd332310baf5a0ab26bbfe0fa,,,,,,Belirsiz,,Tarih yok; varsayılan kapıdan geçmedi.,False,,,Yok,missing,False,2026-05-01,Tarih yok; varsayılan kapıdan geçmedi,Kampanya,True,Kampanya veya müşteri teklifi sinyali içeriyor.,Good,False,Tarih yok; varsayılan kapıdan geçmedi,,2026-06-16T12:47:50.304771+00:00
RIAUD-830fd233f281,RUN-20260616124730,QNB Finansbank,REG-064,QNB POS,Kobiler İçin Diğer Hizmetler ve Ürünler | QNB,https://www.qnb.com.tr/kobi-diger-hizmetler-ve-urunler,https://www.qnb.com.tr/kobi-diger-hizmetler-ve-urunler,kobiler i̇çin diğer hizmetler ve ürünler | qnb,81a47e6869026212a9af96cee27980725f98573b645ad16972ef5ab2de2a1910,,,,,,Belirsiz,,Tarih yok; varsayılan kapıdan geçmedi.,False,,,Yok,missing,False,2026-05-01,Tarih yok; varsayılan kapıdan geçmedi,Kampanya,True,Kampanya veya müşteri teklifi sinyali içeriyor.,Medium,False,Tarih yok; varsayılan kapıdan geçmedi,,2026-06-16T12:47:50.777089+00:00
RIAUD-4633186bfda0,RUN-20260616124730,QNB Finansbank,REG-064,QNB POS,Findeks Ticari Paketleri | QNB,https://www.qnb.com.tr/isim-icin/kobi/findeks-ticari-paketleri,https://www.qnb.com.tr/isim-icin/kobi/findeks-ticari-paketleri,findeks ticari paketleri | qnb,002376c5b39a7bf9f307db09bda2ebff44b0fc43b74995a9dd28ce100611ce9d,,,,,,Belirsiz,,Tarih yok; varsayılan kapıdan geçmedi.,False,,,Yok,missing,False,2026-05-01,Tarih yok; varsayılan kapıdan geçmedi,Kampanya,True,Kampanya veya müşteri teklifi sinyali içeriyor.,Good,False,Tarih yok; varsayılan kapıdan geçmedi,,2026-06-16T12:47:51.087562+00:00
RIAUD-ffd3a4b094b3,RUN-20260616124730,QNB Finansbank,REG-064,QNB POS,İşletmeler İçin Bankacılık Çözümleri | QNB,https://www.qnb.com.tr/isim-icin,https://www.qnb.com.tr/isim-icin,i̇şletmeler i̇çin bankacılık çözümleri | qnb,21ff048b95a6eb200cb4a668848f258c6a0d163a5a1bc64220e2e51f89fcf3fb,,,,,,Belirsiz,,Tarih yok; varsayılan kapıdan geçmedi.,False,,,Yok,missing,False,2026-05-01,Tarih yok; varsayılan kapıdan geçmedi,Kampanya,True,Kampanya veya müşteri teklifi sinyali içeriyor.,Poor,False,detail_text_too_short,,2026-06-16T12:47:51.629927+00:00
RIAUD-e4f071a4709e,RUN-20260616124730,QNB Finansbank,REG-064,QNB POS,KOBİ | QNB,https://www.qnb.com.tr/isim-icin/kobi,https://www.qnb.com.tr/isim-icin/kobi,kobi̇ | qnb,7dcff5dc90b37717762781121829214a3ecf820fcec3d688c4d33f87e2feb85f,,,,,,Belirsiz,,Tarih yok; varsayılan kapıdan geçmedi.,False,,,Yok,missing,False,2026-05-01,Tarih yok; varsayılan kapıdan geçmedi,Kampanya,True,Kampanya veya müşteri teklifi sinyali içeriyor.,Poor,False,title_too_short,,2026-06-16T12:47:52.026645+00:00
RIAUD-362a9525be88,RUN-20260616124730,QNB Finansbank,REG-064,QNB POS,Kobi POS Çözümleri | QNB,https://www.qnb.com.tr/isim-icin/kobi/kobi-pos-cozumleri,https://www.qnb.com.tr/isim-icin/kobi/kobi-pos-cozumleri,kobi pos çözümleri | qnb,b2a52c411997ebfeabd7eca73445bd87184f24bda86fe279ad8887cb77a99f00,,,,,,Belirsiz,,Tarih yok; varsayılan kapıdan geçmedi.,False,,,Yok,missing,False,2026-05-01,Tarih yok; varsayılan kapıdan geçmedi,Kampanya,True,Kampanya veya müşteri teklifi sinyali içeriyor.,Medium,False,Tarih yok; varsayılan kapıdan geçmedi,,2026-06-16T12:47:52.378062+00:00
RIAUD-af42e519fdbd,RUN-20260616124730,QNB Finansbank,REG-064,QNB POS,Yazarkasa POS | QNB,https://www.qnb.com.tr/isim-icin/kobi/kobi-pos-cozumleri/yazar-kasa-pos,https://www.qnb.com.tr/isim-icin/kobi/kobi-pos-cozumleri/yazar-kasa-pos,yazarkasa pos | qnb,cba7c8bab59409b18e109bed06c77e2e31fd77d796fcd461c5ae1da74e1788ed,,,,,,Belirsiz,,Tarih yok; varsayılan kapıdan geçmedi.,False,,,Yok,missing,False,2026-05-01,Tarih yok; varsayılan kapıdan geçmedi,Kampanya,True,Kampanya veya müşteri teklifi sinyali içeriyor.,Poor,False,title_too_short,,2026-06-16T12:47:52.567981+00:00
RIAUD-19e878abddf6,RUN-20260616124730,QNB Finansbank,REG-064,QNB POS,Mobil POS | QNB,https://www.qnb.com.tr/isim-icin/kobi/kobi-pos-cozumleri/mobil-pos,https://www.qnb.com.tr/isim-icin/kobi/kobi-pos-cozumleri/mobil-pos,mobil pos | qnb,74196b2d10358079ac6cd399701245ee6e44975bd0440082e3cbb68c8ff14832,,,,,,Belirsiz,,Tarih yok; varsayılan kapıdan geçmedi.,False,,,Yok,missing,False,2026-05-01,Tarih yok; varsayılan kapıdan geçmedi,Kampanya,True,Kampanya veya müşteri teklifi sinyali içeriyor.,Poor,False,title_too_short,,2026-06-16T12:47:52.756017+00:00
RIAUD-cbd861f63244,RUN-20260616124730,QNB Finansbank,REG-064,QNB POS,Kobi Kredisi & Kobi Kredisi Hesaplama | QNB,https://www.qnb.com.tr/kobi-kredileri,https://www.qnb.com.tr/kobi-kredileri,kobi kredisi & kobi kredisi hesaplama | qnb,f5e043c2cb9f1a423ababc128bf3b0f44f01f338d8ba3629110300f8f30172e5,,,,,,Belirsiz,,Tarih yok; varsayılan kapıdan geçmedi.,False,,,Yok,missing,False,2026-05-01,Tarih yok; varsayılan kapıdan geçmedi,Statik Ürün Sayfası,False,"Statik ürün, yardım, giriş veya navigasyon içeriği gibi görünüyor.",Good,False,Tarih yok; varsayılan kapıdan geçmedi,,2026-06-16T12:47:52.998532+00:00
RIAUD-2b5b82f46be0,RUN-20260616124730,QNB Finansbank,REG-064,QNB POS,Esnaf Kredisi & Esnaf Kredisi Hesaplama | QNB,https://www.qnb.com.tr/isim-icin/kobi/krediler/esnaf-kredileri,https://www.qnb.com.tr/isim-icin/kobi/krediler/esnaf-kredileri,esnaf kredisi & esnaf kredisi hesaplama | qnb,eb2aa3421102013984b51cb7f8e75f9e99bd987062ae559b8b6d5f4861a02040,,,,,,Belirsiz,,Tarih yok; varsayılan kapıdan geçmedi.,False,,,Yok,missing,False,2026-05-01,Tarih yok; varsayılan kapıdan geçmedi,Statik Ürün Sayfası,False,"Statik ürün, yardım, giriş veya navigasyon içeriği gibi görünüyor.",Good,False,Tarih yok; varsayılan kapıdan geçmedi,,2026-06-16T12:47:53.159735+00:00
RIAUD-7ca5c5b0512a,RUN-20260616124730,QNB Finansbank,REG-064,QNB POS,LinkPOS | QNB,https://www.qnb.com.tr/linkpos,https://www.qnb.com.tr/linkpos,linkpos | qnb,f365028ce901fda6b7d66176441931aa1e183263431027326fd32320ebe38d5d,,,,,,Belirsiz,,Tarih yok; varsayılan kapıdan geçmedi.,False,,,Yok,missing,False,2026-05-01,Tarih yok; varsayılan kapıdan geçmedi,Kampanya,True,Kampanya veya müşteri teklifi sinyali içeriyor.,Poor,False,title_too_short,,2026-06-16T12:47:53.335481+00:00
RIAUD-bcfaa7ad78b6,RUN-20260616124730,QNB Finansbank,REG-064,QNB POS,Sanal POS Başvuru | QNB,https://www.qnb.com.tr/sanal-pos,https://www.qnb.com.tr/sanal-pos,sanal pos başvuru | qnb,27ecea26b58692c0a78696e86899bdbdc5b30480fb9e1b562b84bb6fe03d4431,,,,,,Belirsiz,,Tarih yok; varsayılan kapıdan geçmedi.,False,,,Yok,missing,False,2026-05-01,Tarih yok; varsayılan kapıdan geçmedi,Kampanya,True,Kampanya veya müşteri teklifi sinyali içeriyor.,Good,False,Tarih yok; varsayılan kapıdan geçmedi,,2026-06-16T12:47:53.508073+00:00
RIAUD-e42aae7c37b7,RUN-20260616124730,QNB Finansbank,REG-064,QNB POS,CepPOS | QNB,https://www.qnb.com.tr/isim-icin/kobi/kobi-pos-cozumleri/ceppos,https://www.qnb.com.tr/isim-icin/kobi/kobi-pos-cozumleri/ceppos,ceppos | qnb,19deb2829b90602f1b70a9bc8046a984b65d1ca270ce0803edc1feb7adaa85e8,,,,,,Belirsiz,,Tarih yok; varsayılan kapıdan geçmedi.,False,,,Yok,missing,False,2026-05-01,Tarih yok; varsayılan kapıdan geçmedi,Kampanya,True,Kampanya veya müşteri teklifi sinyali içeriyor.,Poor,False,title_too_short,,2026-06-16T12:47:53.701447+00:00
RIAUD-a2b9fe467146,RUN-20260616124730,QNB Finansbank,REG-064,QNB POS,Temassız POS | QNB,https://www.qnb.com.tr/isim-icin/kobi/kobi-pos-cozumleri/temassiz-taksitli-pos,https://www.qnb.com.tr/isim-icin/kobi/kobi-pos-cozumleri/temassiz-taksitli-pos,temassız pos | qnb,d035dc9bcc58620e8b80b324595cae4aa7a54a4ed29360407b388df3d28a046d,,,,,,Belirsiz,,Tarih yok; varsayılan kapıdan geçmedi.,False,,,Yok,missing,False,2026-05-01,Tarih yok; varsayılan kapıdan geçmedi,Kampanya,True,Kampanya veya müşteri teklifi sinyali içeriyor.,Poor,False,title_too_short,,2026-06-16T12:47:53.896550+00:00
RIAUD-8ac3d0ea87cd,RUN-20260616124730,QNB Finansbank,REG-064,QNB POS,POS Kılavuzu | QNB,https://www.qnb.com.tr/isim-icin/kobi/kobi-pos-cozumleri/pos-kilavuzu,https://www.qnb.com.tr/isim-icin/kobi/kobi-pos-cozumleri/pos-kilavuzu,pos kılavuzu | qnb,7a70c61e5b1f4c9e6a0a31681eb1ffe11bb6b55808eac7ab24b1512dae7e6547,,,,,,Belirsiz,,Tarih yok; varsayılan kapıdan geçmedi.,False,,,Yok,missing,False,2026-05-01,Tarih yok; varsayılan kapıdan geçmedi,Kampanya,True,Kampanya veya müşteri teklifi sinyali içeriyor.,Poor,False,title_too_short,,2026-06-16T12:47:54.107834+00:00
RIAUD-363cb893c2be,RUN-20260616124730,QNB Finansbank,REG-064,QNB POS,Dijital Slip | QNB,https://www.qnb.com.tr/isim-icin/kobi/kobi-pos-cozumleri/dijital-slip,https://www.qnb.com.tr/isim-icin/kobi/kobi-pos-cozumleri/dijital-slip,dijital slip | qnb,0f9f2149d51b79443597117998586a984e64bb7d7358c52a1fee031352c2c921,,,,,,Belirsiz,,Tarih yok; varsayılan kapıdan geçmedi.,False,,,Yok,missing,False,2026-05-01,Tarih yok; varsayılan kapıdan geçmedi,Kampanya,True,Kampanya veya müşteri teklifi sinyali içeriyor.,Poor,False,title_too_short,,2026-06-16T12:47:54.258315+00:00
RIAUD-af682ce5ecc4,RUN-20260616124730,QNB Finansbank,REG-064,QNB POS,Kartlar | QNB,https://www.qnb.com.tr/isim-icin/kobi/kobi-ticari-kartlar,https://www.qnb.com.tr/isim-icin/kobi/kobi-ticari-kartlar,kartlar | qnb,bf26f622a76c3665fe64b9120d0276630fd52c4654ec9668fbd255b5d6fad2f1,,,,,,Belirsiz,,Tarih yok; varsayılan kapıdan geçmedi.,False,,,Yok,missing,False,2026-05-01,Tarih yok; varsayılan kapıdan geçmedi,Kampanya,True,Kampanya veya müşteri teklifi sinyali içeriyor.,Poor,False,title_too_short,,2026-06-16T12:47:54.475257+00:00
RIAUD-181d854b7ba2,RUN-20260616124730,QNB Finansbank,REG-064,QNB POS,Kazananlar Kulübü | QNB,https://www.qnb.com.tr/isim-icin/kobi/kazananlar-kulubu,https://www.qnb.com.tr/isim-icin/kobi/kazananlar-kulubu,kazananlar kulübü | qnb,c290176bdbc30d4ad394c28ee403568fde00bc92a04eb9b41988b0804c323ddd,,,,,,Belirsiz,,Tarih yok; varsayılan kapıdan geçmedi.,False,,,Yok,missing,False,2026-05-01,Tarih yok; varsayılan kapıdan geçmedi,Kampanya,True,Kampanya veya müşteri teklifi sinyali içeriyor.,Good,False,Tarih yok; varsayılan kapıdan geçmedi,,2026-06-16T12:47:54.639558+00:00
RIAUD-4efec23f26f2,RUN-20260616124730,QNB Finansbank,REG-064,QNB POS,QNB KOBİ Sigortaları,https://www.qnb.com.tr/kobi-sigortalar,https://www.qnb.com.tr/kobi-sigortalar,qnb kobi̇ sigortaları,d24304b541002879e37fb24183982e801ef21087614a1f146787b2a2330208aa,,,,,,Belirsiz,,Tarih yok; varsayılan kapıdan geçmedi.,False,,,Yok,missing,False,2026-05-01,Tarih yok; varsayılan kapıdan geçmedi,Kampanya,True,Kampanya veya müşteri teklifi sinyali içeriyor.,Good,False,Tarih yok; varsayılan kapıdan geçmedi,,2026-06-16T12:47:54.956687+00:00
RIAUD-ab9a652b43c2,RUN-20260616124730,QNB Finansbank,REG-064,QNB POS,KOBİ'ler için Leasıng ve Factoring Çözümleri | QNB,https://www.qnb.com.tr/kobi-leasing-and-faktoring,https://www.qnb.com.tr/kobi-leasing-and-faktoring,kobi̇'ler için leasıng ve factoring çözümleri | qnb,eb7afe403e7050fb09a0e2a9e677d8cb78776a6e3e21bf8a36b6743520a7ef97,,,,,,Belirsiz,,Tarih yok; varsayılan kapıdan geçmedi.,False,,,Yok,missing,False,2026-05-01,Tarih yok; varsayılan kapıdan geçmedi,Kampanya,True,Kampanya veya müşteri teklifi sinyali içeriyor.,Good,False,Tarih yok; varsayılan kapıdan geçmedi,,2026-06-16T12:47:55.121937+00:00
RIAUD-38ff2da491f6,RUN-20260616124730,QNB Finansbank,REG-063,QNB KOBİ POS Çözümleri,KOBİ Kampanyaları | QNB,https://www.qnb.com.tr/kampanyalar/kobi-kampanyalari,https://www.qnb.com.tr/kampanyalar/kobi-kampanyalari,kobi̇ kampanyaları | qnb,af30b1020adff5b1f34c390163096d1847f7f66c98ef9adf46ed4aadc8a094dd,,,,,,Belirsiz,,Tarih yok; varsayılan kapıdan geçmedi.,False,,,Yok,missing,False,2026-05-01,Tarih yok; varsayılan kapıdan geçmedi,Kampanya,True,Kampanya veya müşteri teklifi sinyali içeriyor.,Medium,False,Tarih yok; varsayılan kapıdan geçmedi,,2026-06-16T12:47:55.377054+00:00
RIAUD-ebdd596c0697,RUN-20260616124730,QNB Finansbank,REG-063,QNB KOBİ POS Çözümleri,Link POS & Sanal POS Üye İşyeri Giriş Ekranı | QNB,https://www.qnb.com.tr/isim-icin/kobi/kobi-pos-cozumleri/link-pos-and-sanal-pos-uye-isyeri-giris-ekrani,https://www.qnb.com.tr/isim-icin/kobi/kobi-pos-cozumleri/link-pos-and-sanal-pos-uye-isyeri-giris-ekrani,link pos & sanal pos üye i̇şyeri giriş ekranı | qnb,a2ac38e4a19bd66f88cc18e049b9ac2e8c3471391f0a02eaedaf7b0c36fd7667,,,,,,Belirsiz,,Tarih yok; varsayılan kapıdan geçmedi.,False,,,Yok,missing,False,2026-05-01,Tarih yok; varsayılan kapıdan geçmedi,Statik Ürün Sayfası,False,"Statik ürün, yardım, giriş veya navigasyon içeriği gibi görünüyor.",Medium,False,Tarih yok; varsayılan kapıdan geçmedi,,2026-06-16T12:47:55.563165+00:00
RIAUD-efe1a21fb078,RUN-20260616124730,QNB Finansbank,REG-063,QNB KOBİ POS Çözümleri,POS Başvurusu Şimdi QNB Mobil’de | QNB,https://www.qnb.com.tr/isim-icin/kobi/kobi-pos-cozumleri/pos-basvurusu-qnb-mobilde,https://www.qnb.com.tr/isim-icin/kobi/kobi-pos-cozumleri/pos-basvurusu-qnb-mobilde,pos başvurusu şimdi qnb mobil’de | qnb,c857437d16ebb003123db8d6abcd9c319a95df295472b002b256941f081e648a,,,,,,Belirsiz,,Tarih yok; varsayılan kapıdan geçmedi.,False,,,Yok,missing,False,2026-05-01,Tarih yok; varsayılan kapıdan geçmedi,Kampanya,True,Kampanya veya müşteri teklifi sinyali içeriyor.,Good,False,Tarih yok; varsayılan kapıdan geçmedi,,2026-06-16T12:47:55.722374+00:00
RIAUD-742e7439369a,RUN-20260616124730,QNB Finansbank,REG-063,QNB KOBİ POS Çözümleri,Karekod (QR Kod) ile Ödeme Alma | QNB,https://www.qnb.com.tr/isim-icin/kobi/kobi-pos-cozumleri/pos-qr-kod,https://www.qnb.com.tr/isim-icin/kobi/kobi-pos-cozumleri/pos-qr-kod,karekod (qr kod) ile ödeme alma | qnb,e6663ddf4f4db2ac28aac85388d9a755310b7f562400c4234cff76cc836158d2,,,,,,Belirsiz,,Tarih yok; varsayılan kapıdan geçmedi.,False,,,Yok,missing,False,2026-05-01,Tarih yok; varsayılan kapıdan geçmedi,Kampanya,True,Kampanya veya müşteri teklifi sinyali içeriyor.,Good,False,Tarih yok; varsayılan kapıdan geçmedi,,2026-06-16T12:47:55.897140+00:00
RIAUD-17dbf42086bb,RUN-20260616124730,QNB Finansbank,REG-063,QNB KOBİ POS Çözümleri,Düzenli Tahsilat Kolay | QNB,https://www.qnb.com.tr/isim-icin/kobi/kobi-pos-cozumleri/tahsilat-kolay,https://www.qnb.com.tr/isim-icin/kobi/kobi-pos-cozumleri/tahsilat-kolay,düzenli tahsilat kolay | qnb,c422122e1d4d89a44ef74438b02fcfc4e41482f6ca956956d6638d14b58799fa,,,,,,Belirsiz,,Tarih yok; varsayılan kapıdan geçmedi.,False,,,Yok,missing,False,2026-05-01,Tarih yok; varsayılan kapıdan geçmedi,Kampanya,True,Kampanya veya müşteri teklifi sinyali içeriyor.,Good,False,Tarih yok; varsayılan kapıdan geçmedi,,2026-06-16T12:47:56.091969+00:00
RIAUD-f676e07d7f69,RUN-20260616124730,QNB Finansbank,REG-063,QNB KOBİ POS Çözümleri,İşletmeler İçin Bankacılık Çözümleri | QNB,https://www.qnb.com.tr/isim-icin,https://www.qnb.com.tr/isim-icin,i̇şletmeler i̇çin bankacılık çözümleri | qnb,21ff048b95a6eb200cb4a668848f258c6a0d163a5a1bc64220e2e51f89fcf3fb,,,,,,Belirsiz,,Tarih yok; varsayılan kapıdan geçmedi.,False,,,Yok,missing,False,2026-05-01,Tarih yok; varsayılan kapıdan geçmedi,Kampanya,True,Kampanya veya müşteri teklifi sinyali içeriyor.,Poor,False,detail_text_too_short,,2026-06-16T12:47:56.293975+00:00
RIAUD-2651936bce6c,RUN-20260616124730,QNB Finansbank,REG-063,QNB KOBİ POS Çözümleri,KOBİ | QNB,https://www.qnb.com.tr/isim-icin/kobi,https://www.qnb.com.tr/isim-icin/kobi,kobi̇ | qnb,7dcff5dc90b37717762781121829214a3ecf820fcec3d688c4d33f87e2feb85f,,,,,,Belirsiz,,Tarih yok; varsayılan kapıdan geçmedi.,False,,,Yok,missing,False,2026-05-01,Tarih yok; varsayılan kapıdan geçmedi,Kampanya,True,Kampanya veya müşteri teklifi sinyali içeriyor.,Poor,False,title_too_short,,2026-06-16T12:47:56.764776+00:00
RIAUD-e7424c8f87aa,RUN-20260616124730,QNB Finansbank,REG-063,QNB KOBİ POS Çözümleri,POS Cihazı Başvurusu | QNB,https://www.qnb.com.tr/isim-icin/kobi/kobi-pos-cozumleri/pos,https://www.qnb.com.tr/isim-icin/kobi/kobi-pos-cozumleri/pos,pos cihazı başvurusu | qnb,f07fd23719a94d17f98a35eed6b0a770a37a85b6d068f385d4354e49dde9e18b,,,,,,Belirsiz,,Tarih yok; varsayılan kapıdan geçmedi.,False,,,Yok,missing,False,2026-05-01,Tarih yok; varsayılan kapıdan geçmedi,Kampanya,True,Kampanya veya müşteri teklifi sinyali içeriyor.,Good,False,Tarih yok; varsayılan kapıdan geçmedi,,2026-06-16T12:47:57.080753+00:00
RIAUD-b156259daa2f,RUN-20260616124730,QNB Finansbank,REG-063,QNB KOBİ POS Çözümleri,Yazarkasa POS | QNB,https://www.qnb.com.tr/isim-icin/kobi/kobi-pos-cozumleri/yazar-kasa-pos,https://www.qnb.com.tr/isim-icin/kobi/kobi-pos-cozumleri/yazar-kasa-pos,yazarkasa pos | qnb,cba7c8bab59409b18e109bed06c77e2e31fd77d796fcd461c5ae1da74e1788ed,,,,,,Belirsiz,,Tarih yok; varsayılan kapıdan geçmedi.,False,,,Yok,missing,False,2026-05-01,Tarih yok; varsayılan kapıdan geçmedi,Kampanya,True,Kampanya veya müşteri teklifi sinyali içeriyor.,Poor,False,title_too_short,,2026-06-16T12:47:57.407555+00:00
RIAUD-ff01d44ab4f6,RUN-20260616124730,QNB Finansbank,REG-063,QNB KOBİ POS Çözümleri,LinkPOS | QNB,https://www.qnb.com.tr/linkpos,https://www.qnb.com.tr/linkpos,linkpos | qnb,f365028ce901fda6b7d66176441931aa1e183263431027326fd32320ebe38d5d,,,,,,Belirsiz,,Tarih yok; varsayılan kapıdan geçmedi.,False,,,Yok,missing,False,2026-05-01,Tarih yok; varsayılan kapıdan geçmedi,Kampanya,True,Kampanya veya müşteri teklifi sinyali içeriyor.,Poor,False,title_too_short,,2026-06-16T12:47:57.702455+00:00
RIAUD-a2f55bcc42b2,RUN-20260616124730,QNB Finansbank,REG-063,QNB KOBİ POS Çözümleri,Sanal POS Başvuru | QNB,https://www.qnb.com.tr/sanal-pos,https://www.qnb.com.tr/sanal-pos,sanal pos başvuru | qnb,27ecea26b58692c0a78696e86899bdbdc5b30480fb9e1b562b84bb6fe03d4431,,,,,,Belirsiz,,Tarih yok; varsayılan kapıdan geçmedi.,False,,,Yok,missing,False,2026-05-01,Tarih yok; varsayılan kapıdan geçmedi,Kampanya,True,Kampanya veya müşteri teklifi sinyali içeriyor.,Good,False,Tarih yok; varsayılan kapıdan geçmedi,,2026-06-16T12:47:58.014934+00:00
RIAUD-b013031169ca,RUN-20260616124730,QNB Finansbank,REG-063,QNB KOBİ POS Çözümleri,CepPOS | QNB,https://www.qnb.com.tr/isim-icin/kobi/kobi-pos-cozumleri/ceppos,https://www.qnb.com.tr/isim-icin/kobi/kobi-pos-cozumleri/ceppos,ceppos | qnb,19deb2829b90602f1b70a9bc8046a984b65d1ca270ce0803edc1feb7adaa85e8,,,,,,Belirsiz,,Tarih yok; varsayılan kapıdan geçmedi.,False,,,Yok,missing,False,2026-05-01,Tarih yok; varsayılan kapıdan geçmedi,Kampanya,True,Kampanya veya müşteri teklifi sinyali içeriyor.,Poor,False,title_too_short,,2026-06-16T12:47:58.307621+00:00
RIAUD-402dfdb038db,RUN-20260616124730,QNB Finansbank,REG-063,QNB KOBİ POS Çözümleri,CepPOS | QNB,https://www.qnb.com.tr/isim-icin/kobi/kobi-pos-cozumleri/ceppos#pos_basvuru,https://www.qnb.com.tr/isim-icin/kobi/kobi-pos-cozumleri/ceppos,ceppos | qnb,19deb2829b90602f1b70a9bc8046a984b65d1ca270ce0803edc1feb7adaa85e8,,,,,,Belirsiz,,Tarih yok; varsayılan kapıdan geçmedi.,False,,,Yok,missing,False,2026-05-01,Tarih yok; varsayılan kapıdan geçmedi,Kampanya,True,Kampanya veya müşteri teklifi sinyali içeriyor.,Poor,False,title_too_short,,2026-06-16T12:47:58.491213+00:00
RIAUD-5064b7a23de6,RUN-20260616124730,QNB Finansbank,REG-063,QNB KOBİ POS Çözümleri,Mobil POS | QNB,https://www.qnb.com.tr/isim-icin/kobi/kobi-pos-cozumleri/mobil-pos,https://www.qnb.com.tr/isim-icin/kobi/kobi-pos-cozumleri/mobil-pos,mobil pos | qnb,74196b2d10358079ac6cd399701245ee6e44975bd0440082e3cbb68c8ff14832,,,,,,Belirsiz,,Tarih yok; varsayılan kapıdan geçmedi.,False,,,Yok,missing,False,2026-05-01,Tarih yok; varsayılan kapıdan geçmedi,Kampanya,True,Kampanya veya müşteri teklifi sinyali içeriyor.,Poor,False,title_too_short,,2026-06-16T12:47:58.657809+00:00
RIAUD-d2f86a148067,RUN-20260616124730,QNB Finansbank,REG-063,QNB KOBİ POS Çözümleri,Temassız POS | QNB,https://www.qnb.com.tr/isim-icin/kobi/kobi-pos-cozumleri/temassiz-taksitli-pos,https://www.qnb.com.tr/isim-icin/kobi/kobi-pos-cozumleri/temassiz-taksitli-pos,temassız pos | qnb,d035dc9bcc58620e8b80b324595cae4aa7a54a4ed29360407b388df3d28a046d,,,,,,Belirsiz,,Tarih yok; varsayılan kapıdan geçmedi.,False,,,Yok,missing,False,2026-05-01,Tarih yok; varsayılan kapıdan geçmedi,Kampanya,True,Kampanya veya müşteri teklifi sinyali içeriyor.,Poor,False,title_too_short,,2026-06-16T12:47:58.828497+00:00
RIAUD-22f5a29dbe2c,RUN-20260616124730,QNB Finansbank,REG-063,QNB KOBİ POS Çözümleri,POS Kılavuzu | QNB,https://www.qnb.com.tr/isim-icin/kobi/kobi-pos-cozumleri/pos-kilavuzu,https://www.qnb.com.tr/isim-icin/kobi/kobi-pos-cozumleri/pos-kilavuzu,pos kılavuzu | qnb,7a70c61e5b1f4c9e6a0a31681eb1ffe11bb6b55808eac7ab24b1512dae7e6547,,,,,,Belirsiz,,Tarih yok; varsayılan kapıdan geçmedi.,False,,,Yok,missing,False,2026-05-01,Tarih yok; varsayılan kapıdan geçmedi,Kampanya,True,Kampanya veya müşteri teklifi sinyali içeriyor.,Poor,False,title_too_short,,2026-06-16T12:47:59.019549+00:00
RIAUD-680dd48493da,RUN-20260616124730,QNB Finansbank,REG-063,QNB KOBİ POS Çözümleri,Dijital Slip | QNB,https://www.qnb.com.tr/isim-icin/kobi/kobi-pos-cozumleri/dijital-slip,https://www.qnb.com.tr/isim-icin/kobi/kobi-pos-cozumleri/dijital-slip,dijital slip | qnb,0f9f2149d51b79443597117998586a984e64bb7d7358c52a1fee031352c2c921,,,,,,Belirsiz,,Tarih yok; varsayılan kapıdan geçmedi.,False,,,Yok,missing,False,2026-05-01,Tarih yok; varsayılan kapıdan geçmedi,Kampanya,True,Kampanya veya müşteri teklifi sinyali içeriyor.,Poor,False,title_too_short,,2026-06-16T12:47:59.172805+00:00
RIAUD-89cee3f4ad7d,RUN-20260616124730,QNB Finansbank,REG-062,QNB Card KOBİ Ticari Kredi Kartı Kampanyaları,Dijital Kanallarımız Üzerinden İlk Kez Ticari Kredi Kartı Alan Müşterilerimize Her Yerde 3 Taksit Fırsatı! | QNB Kredi Kartı,https://www.qnbcard.com.tr/kartlar/ticari-kartlar/qnb-kobi-ticari-kredi-karti/qnb-kobi-ticari-kredi-karti-kampanyalari/dijital-kanallarimiz-uzerinden-ilk-kez-ticari-kredi-karti-alan-musterilerimize-her-yerde-3-taksit-firsati,https://www.qnbcard.com.tr/kartlar/ticari-kartlar/qnb-kobi-ticari-kredi-karti/qnb-kobi-ticari-kredi-karti-kampanyalari/dijital-kanallarimiz-uzerinden-ilk-kez-ticari-kredi-karti-alan-musterilerimize-her-yerde-3-taksit-firsati,dijital kanallarımız üzerinden i̇lk kez ticari kredi kartı alan müşterilerimize her yerde 3 taksit fırsatı! | qnb kredi kartı,dc9bef03f3eb956ad458d71508ae02184398f6e0590d2008d8a4e4939151d0c4,30 Haziran 2026,,,,2026-06-30,Kampanya Bitiş Tarihi,2026-06-30,Sadece kampanya bitiş tarihi bulundu; varsayılan recency kanıtı sayılmadı.,True,Kampanya bitiş tarihi kesim tarihinden sonra; aktif eski kampanya olabilir.,2026-06-30,Yüksek,campaign_end_date,False,2026-05-01,Sadece kampanya bitiş tarihi bulundu; yeni gelişme kanıtı değil,Kampanya,True,Kampanya veya müşteri teklifi sinyali içeriyor.,Good,False,Sadece kampanya bitiş tarihi bulundu; yeni gelişme kanıtı değil,,2026-06-16T12:47:59.361964+00:00
RIAUD-8fc017d6e5be,RUN-20260616124730,QNB Finansbank,REG-062,QNB Card KOBİ Ticari Kredi Kartı Kampanyaları,Dijital Kanallarımız Üzerinden İlk Kez Ticari Kredi Kartı Alan Müşterilerimiz İlk Yıl Ticari Kart Yıllık Üyelik Ücreti Ödemiyor! | QNB Kredi Kartı,https://www.qnbcard.com.tr/kartlar/ticari-kartlar/qnb-kobi-ticari-kredi-karti/qnb-kobi-ticari-kredi-karti-kampanyalari/dijital-kanallarimiz-uzerinden-ilk-kez-ticari-kredi-karti-alan-musterilerimiz-ilk-yil-ticari-kart-yillik-uyelik-ucreti-odemiyor,https://www.qnbcard.com.tr/kartlar/ticari-kartlar/qnb-kobi-ticari-kredi-karti/qnb-kobi-ticari-kredi-karti-kampanyalari/dijital-kanallarimiz-uzerinden-ilk-kez-ticari-kredi-karti-alan-musterilerimiz-ilk-yil-ticari-kart-yillik-uyelik-ucreti-odemiyor,dijital kanallarımız üzerinden i̇lk kez ticari kredi kartı alan müşterilerimiz i̇lk yıl ticari kart yıllık üyelik ücreti ödemiyor! | qnb kredi kartı,8b36cd9102ddb3054db30f16cf8018cdf57b3bd56423fdc07837a1e7546fbdd0,30 Haziran 2026,,,,2026-06-30,Kampanya Bitiş Tarihi,2026-06-30,Sadece kampanya bitiş tarihi bulundu; varsayılan recency kanıtı sayılmadı.,True,Kampanya bitiş tarihi kesim tarihinden sonra; aktif eski kampanya olabilir.,2026-06-30,Yüksek,campaign_end_date,False,2026-05-01,Sadece kampanya bitiş tarihi bulundu; yeni gelişme kanıtı değil,Kampanya,True,Kampanya veya müşteri teklifi sinyali içeriyor.,Good,False,Sadece kampanya bitiş tarihi bulundu; yeni gelişme kanıtı değil,,2026-06-16T12:47:59.537505+00:00
RIAUD-ec0b6769c881,RUN-20260616124730,QNB Finansbank,REG-062,QNB Card KOBİ Ticari Kredi Kartı Kampanyaları,Mastercard X Galataport Otopark 1TL Kampanyası | QNB Kredi Kartı,https://www.qnbcard.com.tr/kartlar/ticari-kartlar/qnb-kobi-ticari-kredi-karti/qnb-kobi-ticari-kredi-karti-kampanyalari/mastercard-x-galataport-otopark-1tl-kampanyasi,https://www.qnbcard.com.tr/kartlar/ticari-kartlar/qnb-kobi-ticari-kredi-karti/qnb-kobi-ticari-kredi-karti-kampanyalari/mastercard-x-galataport-otopark-1tl-kampanyasi,mastercard x galataport otopark 1tl kampanyası | qnb kredi kartı,dd722abee5e6b755f240f6a76047b6657750aa40d5f3717b0c82b928faa587ab,13 Kasım 2025 – 30 Haziran 2026,,,2025-11-13,2026-06-30,Kampanya Başlangıç Tarihi,2025-11-13,Kampanya başlangıç tarihi bulundu; recency için kullanıldı.,True,Recency baz tarihi eski; kampanya bitiş tarihi kesim tarihinden sonra görünüyor.,2025-11-13,Yüksek,campaign_start_date,False,2026-05-01,Kesim tarihinden eski: 2025-11-13 < 2026-05-01,Kampanya,True,Kampanya veya müşteri teklifi sinyali içeriyor.,Good,False,Kesim tarihinden eski: 2025-11-13 < 2026-05-01,,2026-06-16T12:47:59.723541+00:00
RIAUD-261dec5c17c2,RUN-20260616124730,QNB Finansbank,REG-062,QNB Card KOBİ Ticari Kredi Kartı Kampanyaları,Workinton Sanal Ofis Pratik Paket’te %50 İndirim Fırsatı! | QNB Kredi Kartı,https://www.qnbcard.com.tr/kartlar/ticari-kartlar/qnb-kobi-ticari-kredi-karti/qnb-kobi-ticari-kredi-karti-kampanyalari/workinton-sanal-ofis-pratik-pakette-50-indirim-firsati,https://www.qnbcard.com.tr/kartlar/ticari-kartlar/qnb-kobi-ticari-kredi-karti/qnb-kobi-ticari-kredi-karti-kampanyalari/workinton-sanal-ofis-pratik-pakette-50-indirim-firsati,workinton sanal ofis pratik paket’te %50 i̇ndirim fırsatı! | qnb kredi kartı,3071169a2e637ebd01e6cd0a0b46e85501bd3344ff4e045d3394cfefe4582b62,25.05.2026 – 01.07.2026,,,2026-05-25,2026-07-01,Kampanya Başlangıç Tarihi,2026-05-25,Kampanya başlangıç tarihi bulundu; recency için kullanıldı.,True,Kampanya tarih aralığı bulundu.,2026-05-25,Yüksek,campaign_start_date,True,2026-05-01,Kesim tarihi ve tarih güveni uygun: 2026-05-25,Kampanya,True,Kampanya veya müşteri teklifi sinyali içeriyor.,Good,True,,,2026-06-16T12:47:59.897673+00:00
RIAUD-1871b9042a5e,RUN-20260616124730,QNB Finansbank,REG-062,QNB Card KOBİ Ticari Kredi Kartı Kampanyaları,Silver Logolu Mastercard Sahiplerine Özel Sabiha Gökçen İç Hatlar Terminali'nde Geçerli Ücretsiz Hızlı Geçiş! | QNB Kredi Kartı,https://www.qnbcard.com.tr/kartlar/ticari-kartlar/qnb-kobi-ticari-kredi-karti/qnb-kobi-ticari-kredi-karti-kampanyalari/silver-logolu-mastercard-sahiplerine-ozel-sabiha-gokcen-ic-hatlar-terminalinde-gecerli-ucretsiz-hizli-gecis,https://www.qnbcard.com.tr/kartlar/ticari-kartlar/qnb-kobi-ticari-kredi-karti/qnb-kobi-ticari-kredi-karti-kampanyalari/silver-logolu-mastercard-sahiplerine-ozel-sabiha-gokcen-ic-hatlar-terminalinde-gecerli-ucretsiz-hizli-gecis,silver logolu mastercard sahiplerine özel sabiha gökçen i̇ç hatlar terminali'nde geçerli ücretsiz hızlı geçiş! | qnb kredi kartı,36c25b8d4d3faaca72a3235dfd8d7aabe52188bf3f0967012de0390eb5bfd07b,31 Aralık 2026,,,,2026-12-31,Kampanya Bitiş Tarihi,2026-12-31,Sadece kampanya bitiş tarihi bulundu; varsayılan recency kanıtı sayılmadı.,True,Kampanya bitiş tarihi kesim tarihinden sonra; aktif eski kampanya olabilir.,2026-12-31,Yüksek,campaign_end_date,False,2026-05-01,Sadece kampanya bitiş tarihi bulundu; yeni gelişme kanıtı değil,Kampanya,True,Kampanya veya müşteri teklifi sinyali içeriyor.,Good,False,Sadece kampanya bitiş tarihi bulundu; yeni gelişme kanıtı değil,,2026-06-16T12:48:00.070328+00:00
RIAUD-a05abb14b721,RUN-20260616124730,QNB Finansbank,REG-062,QNB Card KOBİ Ticari Kredi Kartı Kampanyaları,Folio AI üyeliklerinde %25 indirim! | QNB Kredi Kartı,https://www.qnbcard.com.tr/kartlar/ticari-kartlar/qnb-kobi-ticari-kredi-karti/qnb-kobi-ticari-kredi-karti-kampanyalari/folio-ai-uyeliklerinde-25-indirim,https://www.qnbcard.com.tr/kartlar/ticari-kartlar/qnb-kobi-ticari-kredi-karti/qnb-kobi-ticari-kredi-karti-kampanyalari/folio-ai-uyeliklerinde-25-indirim,folio ai üyeliklerinde %25 indirim! | qnb kredi kartı,74cdce3945bc520a3d105c1827da37c82b023ce8cb9c37e7922c9684ab381ed4,01.06.2026 - 01.07.2026,,,2026-06-01,2026-07-01,Kampanya Başlangıç Tarihi,2026-06-01,Kampanya başlangıç tarihi bulundu; recency için kullanıldı.,True,Kampanya tarih aralığı bulundu.,2026-06-01,Yüksek,campaign_start_date,True,2026-05-01,Kesim tarihi ve tarih güveni uygun: 2026-06-01,Kampanya,True,Kampanya veya müşteri teklifi sinyali içeriyor.,Good,True,,,2026-06-16T12:48:00.254170+00:00
RIAUD-bad089380b67,RUN-20260616124730,QNB Finansbank,REG-062,QNB Card KOBİ Ticari Kredi Kartı Kampanyaları,Silver Logolu Mastercard Sahiplerine Özel Sabiha Gökçen Dış Hatlar Terminali'nde Geçerli Ücretsiz Hızlı Geçiş! | QNB Kredi Kartı,https://www.qnbcard.com.tr/kartlar/ticari-kartlar/qnb-kobi-ticari-kredi-karti/qnb-kobi-ticari-kredi-karti-kampanyalari/silver-logolu-mastercard-sahiplerine-ozel-sabiha-gokcen-dis-hatlar-terminalinde-gecerli-ucretsiz-hizli-gecis,https://www.qnbcard.com.tr/kartlar/ticari-kartlar/qnb-kobi-ticari-kredi-karti/qnb-kobi-ticari-kredi-karti-kampanyalari/silver-logolu-mastercard-sahiplerine-ozel-sabiha-gokcen-dis-hatlar-terminalinde-gecerli-ucretsiz-hizli-gecis,silver logolu mastercard sahiplerine özel sabiha gökçen dış hatlar terminali'nde geçerli ücretsiz hızlı geçiş! | qnb kredi kartı,d1669cc174d8349a5a4e6d9a3cca49f4b90aa7b1bb6804c715f299ab16171100,31 Aralık 2026,,,,2026-12-31,Kampanya Bitiş Tarihi,2026-12-31,Sadece kampanya bitiş tarihi bulundu; varsayılan recency kanıtı sayılmadı.,True,Kampanya bitiş tarihi kesim tarihinden sonra; aktif eski kampanya olabilir.,2026-12-31,Yüksek,campaign_end_date,False,2026-05-01,Sadece kampanya bitiş tarihi bulundu; yeni gelişme kanıtı değil,Kampanya,True,Kampanya veya müşteri teklifi sinyali içeriyor.,Good,False,Sadece kampanya bitiş tarihi bulundu; yeni gelişme kanıtı değil,,2026-06-16T12:48:00.437603+00:00
RIAUD-5cd3ab52a796,RUN-20260616124730,QNB Finansbank,REG-061,QNB Finansbank Kampanyalar,Dijital Köprü’den Ömür Boyu Ücretsiz eFatura Desteği! | QNB,https://www.qnb.com.tr/kampanyalar/kobi-kampanyalari/dijital-kopruden-omur-boyu-ucretsiz-efatura-destegi-16586,https://www.qnb.com.tr/kampanyalar/kobi-kampanyalari/dijital-kopruden-omur-boyu-ucretsiz-efatura-destegi-16586,dijital köprü’den ömür boyu ücretsiz efatura desteği! | qnb,cf5450100220716160861156269be32e92715034d355f1d8fa55a881fb4724b9,20.12.2023,,,2023-12-20,,Kampanya Başlangıç Tarihi,2023-12-20,Kampanya başlangıç tarihi bulundu; recency için kullanıldı.,False,,2023-12-20,Orta,campaign_start_date,False,2026-05-01,Kesim tarihinden eski: 2023-12-20 < 2026-05-01,Kampanya,True,Kampanya veya müşteri teklifi sinyali içeriyor.,Poor,False,detail_text_too_short,,2026-06-16T12:48:00.794193+00:00
